Index,English,Russian
0,10-fold cross validation,10-кратная кросс-валидация
1,1D convolution,1D свертка
2,2 norm,2-норма
3,2D convolution,2D свертка
4,2D image,2D изображение
5,2D image synthesis,Синтез 2D-изображений
6,2D-3D correspondence,2D-3D соответствие
7,3D bounding box,3D-ограничивающая коробка
8,3D computer vision,3D-компьютерное зрение
9,3D convolutional network,3D-сверточная сеть
10,3D geometry,3D геометрия
11,3D human pose estimation,оценка 3D позы человека
12,3D localization,3D локализация
13,3D mesh,3D сетка
14,3D model,3D модель
15,3D object detection,обнаружение 3D-объектов
16,3D point,3D-точка
17,3D point cloud,3D-точечное облако
18,3D pose,3D-поза
19,3D reconstruction,3D-реконструкция
20,3D scene,3D сцена
21,3D scene geometry,геометрия 3D сцены
22,3D structure,3D структура
23,5-fold cross validation,5-кратная кросс-валидация
24,A * algorithm,алгоритм A*
25,A/B test,A/B тест
26,A2C,A2C
27,AI,AI
28,AI-programming,ИИ-программирование
29,AND/OR graph,И/ИЛИ граф
30,API,API
31,AQA,AQA
32,ARENA,ARENA
33,Ablation study,исследование абляции
34,Adafactor,Адафактор
35,Adam,Адам
36,Adam algorithm,алгоритм Adam
37,Adam optimiser,оптимизатор Adam
38,Adam optimization,Оптимизация Адама
39,Adam optimization algorithm,Алгоритм оптимизации Адама
40,Adam optimizer,оптимизатор Adam
41,Adapter,адаптер
43,AmbigQA,AmbigQA
44,Answer Set Programming,Программирование на основе множеств ответов
45,Apriori,Априори
46,Apriori algorithm,Алгоритм Apriori
47,Arcade Learning Environment,Аркадная обучающая среда
49,Autonomous Systems,Автономные системы
50,Average Pool,среднее pooling
51,Average Precision,средняя точность
52,Azuma-Hoeffding inequality,неравенство Азумы-Хёффдинга
53,B-spline,B-сплайн
54,BART,BART
55,BERT,BERT
56,BERTs,BERTs
57,BETO,BETO
58,BIO,BIO
59,BLEU,BLEU
60,BPE,BPE
61,BSARD,BSARD
62,Backbone,Основная модель
63,Backpropagation,Обратное распространение ошибки
64,Basis Pursuit,Поиск по базису
65,Baum-Welch algorithm,Алгоритм Баум-Уэлча
66,Bayes,Байес
67,Bayes classifier,Байесовский классификатор
68,Bayes factor,фактор Байеса
69,Bayes formula,формула Байеса
70,Bayes net,сеть Байеса
71,Bayes optimal classifier,оптимальный классификатор Байеса
72,Bayes risk,риск Байеса
73,Bayes risk decoding,декодирование минимального байесовского риска
74,Bayes rule,правило Байеса
75,Bayes theorem,теорема Байеса
76,Bayes-Nash equilibrium,байесовско-Нэшевское равновесие
77,Bayesian Information Criterion,Байесовский информационный критерий
78,Bayesian active learning,Байесовское активное обучение
79,Bayesian analysis,Байесовский анализ
80,Bayesian approach,подход байесовский
81,Bayesian clustering,Байесовская кластеризация
82,Bayesian decision,Байесовское решение
83,Bayesian deep learning,Байесовское глубокое обучение
84,Bayesian evidence,Байесовские доказательства
85,Bayesian framework,Байесовский подход
86,Bayesian game,Байесовская игра
87,Bayesian inference,Байесовский вывод
88,Bayesian learning,байесовское обучение
89,Bayesian method,байесовский метод
90,Bayesian model,байесовская модель
91,Bayesian network,Байесовская сеть
92,Bayesian optimization,байесовская оптимизация
93,Bayesian perspective,байесовская перспектива
94,Bayesian probabilistic model,байесовская вероятностная модель
95,Bayesian update,байесовское обновление
96,Bellman,Беллман
97,Bellman backup,оператор Беллмана
98,Bellman equation,уравнение Беллмана
99,Bellman error,ошибка Беллмана
100,Bellman operator,оператор Беллмана
101,Berkeley parser,парсер Беркли
102,Berkeley segmentation dataset,набор данных сегментации Беркли
103,Bernoulli,Бернулли
104,Bernoulli distribution,распределение Бернулли
105,Bernoulli likelihood,правдоподобие Бернулли
106,Bernoulli random variable,случайная величина Бернулли
107,Bernoulli sampling,Сэмплирование по Бернулли
108,Bernoulli trial,испытание Бернулли
109,Bernoulli variable,переменная Бернулли
110,Bernstein's inequality,неравенство Бернштейна
111,Bethe approximation,Аппроксимация Бете
112,Bhattacharyya coefficient,Коэффициент Бхаттачарии
113,Bloom filter,Фильтр Блума
114,Boltzmann distribution,распределение Больцмана
115,Boltzmann exploration,исследование по Больцману
116,Bonferroni correction,коррекция Бонферрони
117,Boolean formula,булева формула
118,Boolean function,булева функция
119,Boolean variable,булева переменная
120,Borda scores,оценки Борда
121,Bradley-Terry Model,модель Брэдли-Терри
122,Branch and Bound,метод ветвей и границ
123,Bregman divergence,дивергенция Брегмана
124,Bregman's method,Метод Брегмана
125,Bundle adjustment,Оптимизация по методу связок
126,Byte-Pair Encoding,Кодирование пар байтов
127,CAS,CAS
128,CDA,CDA
129,CEAS,CEAS
130,CLIP,CLIP
131,CLS,CLS
132,CONLL,CoNLL
133,CRF,CRF
134,Caltech-101,Caltech-101
135,CamemBERT,CamemBERT
136,Canny detector,детектор Кэнни
137,Canny edge detector,детектор краев Кэнни
138,Chamfer Distance,расстояние Шамфера
139,Charniak parser,парсер Чарняка
140,Chebyshev acceleration,ускорение Чебышева
141,Chebyshev polynomial,многочлен Чебышева
142,Chernoff bound,неравенство Чернова
143,Cholesky decomposition,разложение Холецкого
144,Cholesky factor,фактор Холецкого
145,Cholesky factorization,Факторизация Холецкого
146,Chomsky normal form,нормальная форма Хомского
147,Chu-Liu-Edmonds algorithm,алгоритм Чу-Лю-Эдмондса
148,Chung-Lu model,Модель Чунг-Лу
149,Church thesis,тезис Черча
150,CodeBERT,CodeBERT
151,Cohen's kappa,каппа Коэна
152,Cohen's kappa coefficient,Коэффициент каппы Коэна
153,Cohen's κ,κ Коэна
154,Combinatory Categorial Grammar,Комбинаторная категориальная грамматика
155,Commonsense Reasoning,здравый смысл рассуждений
156,Compressed sensing,Сжатое сенсирование
157,Computational linguistic,вычислительная лингвистика
158,Condition 1,Условие 1
159,Conditional Generation,Условная генерация
160,Condorcet winner,победитель Кондорсе
161,Contrastive Learning,Контрастивное обучение
162,Coreference Resolution,Разрешение кореференций
163,Coreset,коerset
164,Corpora,корпуса
165,Cosine distance,косинусное расстояние
166,Counterfactual Regret Minimization,Минимизация контрфактического сожаления
167,Cross Entropy Loss,Потеря кросс-энтропии
168,Datalog,Даталог
169,Datalog program,программа Datalog
170,Dataset,набор данных
171,Decentralized optimization,децентрализованная оптимизация
172,Decision Transformer,Transformer для принятия решений
173,Decomposable Attention,Разложимое внимание
174,Decomposable Attention Model,Модель разлагаемого внимания
175,Demographic Parity,Демографический паритет
177,Detectron,Detectron
178,Determinantal Point process,Процесс детерминантных точек
180,Dialogue State Tracking,Отслеживание состояния диалога
181,Dice coefficient,Коэффициент Дайса
182,Dice loss,Функция потерь Дайса
183,Dijkstra's algorithm,Алгоритм Дейкстры
184,Dirac distribution,Распределение Дирака
185,Dirac measure,мера Дирака
186,Dirichlet,Дирихле
187,Dirichlet Process,процесс Дирихле
188,Dirichlet distribution,распределение Дирихле
189,Dirichlet prior,априорное распределение Дирихле
190,Disentanglement,Разделение
191,Dropout distribution,распределение Dropout
192,E-step,E-шаг
193,Elastic Net,Эластичная сеть
194,Electra,Electra
196,Entity Linking,Связывание сущностей
197,Epanechnikov kernel,ядро Эпанечникова
198,Euclidean,евклидово
199,Euclidean distance,евклидово расстояние
200,Euclidean divergence,евклидова дивергенция
201,Euclidean loss,евклидова потеря
202,Euclidean norm,евклидова норма
203,Euclidean plane,евклидова плоскость
204,Euclidean projection,евклидово проецирование
205,Euclidean space,евклидово пространство
206,Euclidean transformation,евклидова трансформация
207,Euler angle,углы Эйлера
208,Euler step,шаг Эйлера
209,Exact Match,точное совпадение
210,Extended Kalman Filter,Расширенный фильтр Калмана
211,F-measure,F-мера
212,F-score,F-оценка
213,F1 measure,F1-мера
214,F1 metric,метрика F1
215,F1 score,оценка F1
216,FLR,FLR
217,Fairseq,Fairseq
218,Fano's inequality,неравенство Фано
219,Fast Fourier Transform,Быстрое преобразование Фурье
220,FeSTE,FeSTE
221,Feature Pyramid Network,Сеть пирамиды признаков
222,Federated Learning,Федеративное обучение
223,Fillmor case,падеж Филлмора
224,Fisher information matrix,Матрица информации Фишера
225,Fisher score,оценка Фишера
226,Fleiss' kappa,Каппа Флейсса
227,Floyd-Warshall algorithm,Алгоритм Флойда-Уоршалла
228,Focal Loss,Фокальная функция потерь
229,Fokker-Planck equation,уравнение Фоккера-Планка
231,Fourier basis function,Функция базиса Фурье
232,Fourier coefficient,Коэффициент Фурье
233,Fourier feature,Признак Фурье
234,Fourier frequency,частота Фурье
235,Fourier transform,Преобразование Фурье
237,Frobenius inner product,внутреннее произведение Фробениуса
238,Frobenius norm,норма Фробениуса
239,Fréchet,Фреше
241,GLUE,GLUE
242,GPT,GPT
243,Gamma prior,Приоритет Гамма
244,Gauss-Newton algorithm,алгоритм Гаусса-Ньютона
245,Gauss-Seidel method,метод Гаусса-Сейделя
246,Gaussian blur,гауссово размытие
247,Gaussian complexity,гауссовская сложность
248,Gaussian component,гауссов компонент
249,Gaussian conditional random field,гауссовское условное случайное поле
250,Gaussian density,гауссовская плотность
251,Gaussian distribution,гауссово распределение
252,Gaussian elimination,метод Гаусса
253,Gaussian filter,гауссов фильтр
254,Gaussian function,гауссова функция
255,Gaussian initialization,гауссовская инициализация
256,Gaussian kernel,гауссово ядро
257,Gaussian likelihood,гауссовское правдоподобие
258,Gaussian matrix,гауссовская матрица
259,Gaussian mixture,гауссовская смесь
260,Gaussian mixture model,модель гауссовой смеси
261,Gaussian model,гауссовская модель
262,Gaussian noise,гауссов шум
263,Gaussian prior,гауссов приоритет
264,Gaussian process,гауссов процесс
265,Gaussian process model,модель гауссовского процесса
266,Gaussian process regression,Регрессия гауссовского процесса
267,Gaussian random variable,гауссовская случайная величина
268,Gaussian smoothing,гауссово сглаживание
269,Gaussian variable,гауссовская переменная
270,Gaussian weight,Гауссов вес
271,Gene Ontology,Онтология генов
272,Gensim,Gensim
273,Gibbs iteration,Итерация Гиббса
274,Gibbs sampler,сэмплер Гиббса
275,Gibbs sampling,Выборка по Гиббсу
276,Gini coefficient,коэффициент Джини
277,Good-Turing estimate,оценка Гуд-Тюринга
278,GoogLeNet,GoogLeNet
279,Gram matrix,матрица Грама
280,Graph Transformer,графовый трансформер
281,Gröbner basis,базис Грёбнера
282,Gumbel,Гумбелевское распределение
283,Gumbel distribution,распределение Гумбеля
284,Gumbel noise,шум Гумбеля
285,Gumbel-softmax distribution,распределение Гумбеля-софтмакс
286,Haar wavelet,вейвлет Хаара
287,Hadamard matrix,матрица Адамара
288,Hadamard product,произведение Адамара
289,Hamiltonian Monte Carlo,Гамильтонианский метод Монте-Карло
290,Hamming distance,расстояние Хэмминга
291,Hamming loss,Потери Хэмминга
292,Hankel matrix,матрица Ханкеля
293,Hausdorff distance,расстояние Хаусдорфа
294,Hedge algorithm,алгоритм Hedge
295,Hellinger distance,расстояние Хеллингера
296,Helmholtz machine,машина Гельмгольца
298,Herbrand universum,универсум Эрбрана
299,Hessian matrix,матрица Гессе
300,Hessian-vector product,произведение Гессе-вектор
301,Hiero system,Система Hiero
302,Hodge decomposition,Разложение Ходжа
303,Hoeffding's inequality,Неравенство Хёффдинга
304,Homography,гомография
305,Horn clause,дизъюнкт Хорна
306,Horn theory,теория Хорна
307,HowTo100M,HowTo100M
308,Huber loss,Функция потерь Хубера
309,Huber norm,норма Хубера
310,Hungarian loss,венгерская потеря
311,Hyper-parameter,гиперпараметр
312,Hyperband,Hyperband
313,Hyperparameter search,поиск гиперпараметров
314,ICLR,ICLR
315,IDF,IDF
316,In-context Learning,Обучение в контексте
317,Inception network,Сеть Inception
318,Independent Cascade,Независимый каскад
319,Independent Cascade Model,Модель независимого каскада
320,Influence Maximization,Максимизация влияния
321,Information Extraction,Извлечение информации
322,Informer model,модель Informer
323,Inside-Outside algorithm,алгоритм Inside-Outside
324,Instance Normalization,Нормализация по экземпляру
325,Ising model,модель Изинга
326,Iverson bracket,скобка Айверсона
327,Jaccard,индекс Жаккара
328,Jaccard index,индекс Жаккара
329,Jaccard similarity,сходство Жаккара
330,Jaccard similarity coefficient,коэффициент сходства Жаккара
331,Jacobian matrix,матрица Якоби
332,Jensen's inequality,неравенство Дженсена
333,Jensen-Shannon,дивергенция Дженсена-Шеннона
334,Jensen-Shannon divergence,дивергенция Дженсена-Шеннона
335,K-L divergence,дивергенция Кульбака-Лейблера
336,K-means,K-средних
337,K-means algorithm,алгоритм K-средних
338,K-means clustering,кластеризация методом K-средних
339,Kalman filter,фильтр Калмана
340,Kelly construct,конструкт Келли
341,Kendall's τ,τ Кендалла
342,Keras,Keras
343,Kernel,Ядро
344,KinyaBERT,KinyaBERT
345,Kleene closure,замыкание Клини
346,Kneser-Ney smoothing,сглаживание Кнезера-Нея
347,Kolmogorov-Smirnov test,тест Колмогорова-Смирнова
348,Kripke model,модель Крипке
349,Krippendorff's α,α Криппендорфа
350,Kronecker delta,дельта Кронекера
351,Kronecker product,произведение Кронекера
352,Kullback Leibler divergence,дивергенция Кульбака-Лейблера
353,L 1 -norm,L₁-норма
354,L 1 distance,L₁-расстояние
355,L 2 -norm,L₂-норма
356,L 2 distance,L₂-расстояние
357,L 2 loss,L₂-потеря
358,L 2 regularization,Регуляризация L2
359,L ∞ norm,норма L∞
360,L1 bound,граница L1
361,L1 difference,разность L1
362,L1 loss,L1-потери
363,L1 penalty,L1 штраф
364,L1 regularization,регуляризация L1
365,L1 term,Член L1
366,L2 error,ошибка L2
367,L2 regularisation,регуляризация L2
368,L2 regularizer,регуляризатор L2
369,L2 weight decay,L2-регуляризация весов
370,L2-normalization,L2-нормализация
371,LXMert,LXMert
372,Lagrange multiplier,множитель Лагранжа
373,Lagrangian duality,лагранжева двойственность
374,Lagrangian multiplier,множитель Лагранжа
375,Lagrangian relaxation,Лагранжева релаксация
376,Lambertian reflectance,Ламбертова отражательность
377,Lanczos iteration,итерация Ланцоша
378,Langevin dynamic,динамика Ланжевена
379,Language Modeling Toolkit,Инструментарий для языкового моделирования
380,Laplace approximation,аппроксимация Лапласа
381,Laplace distribution,распределение Лапласа
382,Laplace noise,шум Лапласа
383,Laplace smoothing,сглаживание Лапласа
384,Laplace-Beltrami operator,оператор Лапласа-Бельтрамми
385,Laplacian distribution,распределение Лапласа
386,Laplacian matrix,матрица Лапласа
387,Laplacian smoothing,сглаживание Лапласа
388,Lasso,Лассо
389,Lasso penalty,Штраф Лассо
390,Lemma,Лемма
391,Levenberg-Marquardt algorithm,Алгоритм Левенберга-Марквардта
392,Levenshtein distance,Расстояние Левенштейна
393,Levenshtein edit distance,расстояние редактирования Левенштейна
394,Lexical Functional Grammar,Лексико-функциональная грамматика
395,Libratus,Libratus
396,Lie algebra,алгебра Ли
397,Likert scale,шкала Лайкерта
398,LinCE,LinCE
399,Linear Threshold,линейный порог
400,Linear Threshold Model,модель линейного порога
401,Linear Transformer,Линейный трансформер
402,Linformer,Линформер
403,Lipschitz,Липшиц
404,Lipschitz constant,Константа Липшица
405,Lipschitz continuity,Непрерывность Липшица
406,Lipschitz continuous,непрерывный по Липшицу
407,Lipschitz function,функция Липшица
408,Lipschitzness,свойство Липшица
409,Local Consistency,локальная согласованность
410,Log Gaussian Cox Process,лог-гауссовский процесс Кокса
411,Longformer,Longformer
412,Lucene,Lucene
413,Lyapunov function,Функция Ляпунова
414,M-estimation,M-оценка
415,M-step,M-шаг
416,MAWPS,MAWPS
417,MIMD architecture,МИМД архитектура
418,MTDNN,MTDNN
419,Machine Comprehension,Машинное понимание
420,Machine Learning Repository,Репозиторий машинного обучения
421,Machine Reading Comprehension,Машинное чтение с пониманием
422,Mahalanobis distance,Расстояние Махаланобиса
423,Mahalanobis distance function,Функция расстояния Махаланобиса
424,Mahalanobis matrix,матрица Махаланобиса
425,Mahalanobis metric,метрика Махаланобиса
426,Manhattan distance,расстояние Манхэттена
427,Marching Cubes,алгоритм Marching Cubes
428,Markov,Марков
429,Markov assumption,Предположение Маркова
430,Markov blanket,марковское одеяло
431,Markov chain,Цепь Маркова
432,Markov chain Monte Carlo,Метод Монте-Карло на основе цепей Маркова
433,Markov chain model,модель марковской цепи
434,Markov decision process,Процесс принятия решений Маркова
435,Markov game,марковская игра
436,Markov kernel,марковское ядро
437,Markov logic,марковская логика
438,Markov logic network,Сеть логики Маркова
439,Markov model,Модель Маркова
440,Markov network,Сеть Маркова
441,Markov process,Процесс Маркова
442,Markov property,Свойство Маркова
443,Markov random field,Случайное поле Маркова
444,Markov state,марковское состояние
445,Markov transition,марковский переход
446,Markov transition matrix,матрица переходов Маркова
447,Markov's inequality,неравенство Маркова
448,MatConvNet,MatConvNet
449,Matching Network,Сеть сопоставления
450,MathQA,MathQA
451,Matrix factorization,Факторизация матрицы
452,Matérn kernel,Ядро Матерна
453,Maximum Satisfiability,Максимальная удовлетворимость
454,Mechanical Turk,Механический турок
455,Metropolis Hastings,Метрополис-Гастингс
456,Metropolis algorithm,алгоритм Метрополиса
457,Metropolis method,метод Метрополиса
458,Metropolis-Hasting,алгоритм Метрополиса-Хастингса
459,Metropolis-Hastings acceptance ratio,коэффициент принятия Метрополиса-Хастингса
460,Metropolis-Hastings algorithm,алгоритм Метрополиса-Хастингса
461,Metropolis-Hastings sampler,Сэмплер Метрополиса-Хастингса
462,Mixup,Mixup
464,Monotonicity,Монотонность
465,Monte Carlo,Метод Монте-Карло
466,Monte Carlo Dropout,Метод Монте-Карло с дроп-аутом
467,Monte Carlo algorithm,Алгоритм Монте-Карло
468,Monte Carlo approximation,аппроксимация методом Монте-Карло
469,Monte Carlo estimate,оценка методом Монте-Карло
470,Monte Carlo estimation,оценка методом Монте-Карло
471,Monte Carlo estimator,оценщик методом Монте-Карло
472,Monte Carlo method,метод Монте-Карло
473,Monte Carlo sample,выборка методом Монте-Карло
474,Monte Carlo search,поиск методом Монте-Карло
475,Monte Carlo simulation,моделирование методом Монте-Карло
476,Monte Carlo tree search,Поиск по дереву Монте-Карло
477,Monte-Carlo return,возврат методом Монте-Карло
478,Moore-Penrose pseudo-inverse,псевдообратная матрица Мура-Пенроуза
480,Morfessor,Morfessor
482,Multi-Task Learning,Обучение с несколькими задачами
483,Multidimensional Quality metric,Многомерная метрика качества
484,Multidimensional Scaling,Многомерное шкалирование
485,Multiple Choice,Множественный выбор
486,NLI,NLI
487,NLP,NLP
488,Nadaraya-Watson estimator,оценщик Надарая-Уотсона
489,Nash equilibria,равновесия Нэша
490,Nash welfare,благосостояние Нэша
491,Natural Language Inference,вывод на основе естественного языка
492,Natural Language Understanding,понимание естественного языка
493,Natural question,Естественные вопросы
494,Naïve Bayes,Наивный Байес
495,Nesterov momentum,Моментум Нестерова
496,Neural Information Processing Systems,Системы обработки нейронной информации
497,Neural Radiance field,Нейронное поле радиации
498,Neural volume,Нейронный объем
499,Newton method,Метод Ньютона
500,Newton's method,Метод Ньютона
501,Nom-Bank,Nom-Bank
502,Non-maximum suppression,Подавление ненамаксимумов
503,Nucleus Sampling,выборка из ядра
504,Nyström approximation,аппроксимация Нюстрёма
505,OOV,OOV
506,Object Localization,локализация объектов
507,Open Information Extraction,открытое извлечение информации
508,Optimization Problem,Задача оптимизации
509,Ornstein-Uhlenbeck,Процесс Орнштейна-Уленбека
510,Osgood scale,шкала Осгуда
511,Osgood space,пространство Осгуда
512,PaLM,PaLM
513,Pareto dominated,сильно доминируемое по Парето
514,Pareto frontier,граница Парето
515,Pareto optimal,Парето-оптимальный
516,Pareto optimality,Парето-оптимальность
517,Pareto-efficient,Парето-эффективный
518,Partially Observable Markov Decision Process,Частично наблюдаемая марковская процессия принятия решений
519,Parzen window,Окно Парзена
520,Pearson correlation,корреляция Пирсона
521,Pearson correlation coefficient,коэффициент корреляции Пирсона
522,Pearson's correlation,корреляция Пирсона
523,Pearson's correlation coefficient,коэффициент корреляции Пирсона
524,Pearson's r,r Пирсона
525,Pearson's r correlation,Корреляция Пирсона r
526,Penn English Treebank,Корпус Penn English Treebank
527,Penn Treebank corpus,Корпус Penn Treebank
528,Perron-Frobenius theorem,Теорема Перрона-Фробениуса
529,Petri network,сеть Петри
530,Pinsker's inequality,Неравенство Пинскера
531,Pitman-Yor Process,Процесс Питмана-Йора
532,Platt scaling,Масштабирование Платта
533,Pointwise Mutual Information,Точечная взаимная информация
534,Poisson distribution,распределение Пуассона
535,Poisson matting,матирование Пуассона
536,Poisson model,модель Пуассона
537,Poisson point process,процесс точек Пуассона
538,Poisson process,процесс Пуассона
539,Poisson random variable,Случайная величина Пуассона
540,Poisson rate,скорость Пуассона
541,Poisson regression,регрессия Пуассона
542,Poisson sampling,выборка по распределению Пуассона
543,Post machine,машина Поста
544,Potts model,модель Поттса
545,Prop-Bank,Проп-Банк
546,Proposition,высказывание
547,Proximal Policy Optimization,Оптимизация проксимальной политики
548,PubMed,ПабМед
549,Py-Torch,PyTorch
550,Q function,Q-функция
551,Q value,Q-значение
552,Q-learning,Q-обучение
553,Q-network,Q-сеть
554,QA,Контроль качества
555,QED,QED
556,QUOREF,QUOREF
557,Quality Estimation,Оценка качества
558,Query expansion,расширение запроса
559,Question Answering,Ответ на вопрос
560,R-Precision,R-точность
561,REALM,REALM
562,RGF,RGF
563,RISC-architecture,РИСК-архитектура
564,RNSum,RNSum
565,ROUGE,ROUGE
566,Rademacher average,среднее значение Радемахера
567,Rademacher complexity,сложность Радемахера
568,Radon-Nikodym derivative,производная Радона-Никодима
569,Random Forest classifier,Классификатор случайного леса
570,Rao-Blackwellization,Рао-Блэквеллизация
571,Reading Comprehension,Понимание прочитанного
572,Receiver Operating Characteristic Curve,Кривая рабочих характеристик приемника
573,Recognizing Textual Entailment,распознавание текстуальных выводов
574,Recurrent layer,Рекуррентный слой
575,Reformer,Реформер
576,Regressor,Регрессор
577,ResNeXt,ResNeXt
578,Retrieval-Augmented Generation,Поисково-дополненная генерация
579,Rhetorical Structure Theory,Теория риторических структур
580,Riemannian geometry,риманова геометрия
581,Riemannian gradient,риманов градиент
582,Riemannian manifold,риманова многообразие
583,Robertson-Webb model,модель Робертсона-Уэбба
584,Routing Transformer,Routing Transformer
585,Runge-Kutta,метод Рунге-Кутта
586,Runge-Kutta method,метод Рунге-Кутты
587,Rényi entropy,энтропия Реньи
588,S node,узел S
589,S-expression,S-выражение
590,SIMD-architecture,СИМД-архитектура
591,SMCalFlow,SMCalFlow
592,SR-model (stimulus-reaction model),модель стимул-реакция
593,SUTD,SUTD
594,SVAMP,SVAMP
595,Schur complement,Комплемент Шура
596,Scikit-learn,Scikit-learn
597,Self-supervised learning,Самостоятельное обучение
599,Semantic Scholar,Semantic Scholar
600,Semantic Web,Семантическая паутина
601,Sentence-Piece,Sentence-Piece — SentencePiece
602,Seq2Seq,Seq2Seq
603,Set Cover,Покрытие множеств
604,Shannon entropy,Энтропия Шеннона
605,Sherman-Morrison formula,Формула Шермана-Моррисона
606,Sherman-Morrison-Woodbury formula,Формула Шермана-Моррисона-Вудбери
607,Siamese architecture,Сиамская архитектура
608,Siamese network,Сиамская сеть
610,Sinkhorn algorithm,Алгоритм Синкхорна
611,Skolem function,функция Сколема
612,Socratic dialogue,беседа сократическая
613,Softmax layer,Слой Softmax
614,Sparse Transformer,разреженный трансформер
615,Sparse reconstruction,разреженная реконструкция
616,Sparsemax,Sparsemax
617,Spearman correlation,корреляция Спирмена
618,Spearman rank correlation,коэффициент ранговой корреляции Спирмена
619,Spearman's correlation,корреляция Спирмена
620,Spearman's correlation coefficient,коэффициент корреляции Спирмена
621,Spearman's rank correlation coefficient,коэффициент ранговой корреляции Спирмена
622,Squared Exponential kernel,квадратично экспоненциальное ядро
623,Stanford Parser,Парсер Стэнфорда
624,Stanford Question Answering Dataset,Стэнфордский набор данных для ответов на вопросы
625,Stanford Sentiment Treebank,Стэнфордское дерево настроений
626,Stanford dependency,Зависимость Стэнфорда
627,Stanford dependency framework,Фреймворк зависимостей Стэнфорда
628,Stanford dependency parser,Стэнфордский парсер зависимостей
629,State-of-the-art,Современный
630,Statistical Machine Translation,Статистический машинный перевод
631,Story Cloze Test,Тест на завершение истории
632,Structure from motion,Структура из движения
633,Subgraph,Подграф
634,Submodularity,Подмодульность
635,Swin-S,Swin-S
636,T5 model,модель T5
637,T5-11B,T5-11B
638,T5-11B model,модель T5-11B
639,T5-Large,T5-Large
640,T5-base,T5-base - T5-base
641,T5-base model,модель T5-base
642,T5-large model,модель T5-large
643,Tanh,Tanh
644,Taylor approximation,аппроксимация Тейлора
645,Text Classification,Классификация текста
646,Text Summarization,Резюмирование текста
647,Text-to-Text Transfer Transformer,Трансформер переноса текста в текст
648,Theano,Theano
650,Toeplitz matrix,матрица Тёплица
651,Topic Detection and Tracking,обнаружение и отслеживание тем
652,Transformer architecture,архитектура Transformer
653,Transformer block,блок Transformer
654,Transformer decoder,декодер Transformer
655,Transformer encoder,энкодер Transformer
656,Transformer-based language model,модель языка на основе трансформеров
657,Transformer-based model,модель на основе трансформеров
658,Transformer-like,"модель, подобная трансформеру"
659,Traveling Salesman Problem,задача коммивояжера
660,TreeDST,TreeDST
661,Triggering Model,Модель триггеров
662,Tucker decomposition,Разложение Такера
663,Turing machine,машина Тьюринга
664,Turing reduction,редукция Тьюринга
665,Turing test,Тест Тьюринга
666,U-statistic,U-статистика
667,Universal dependency,Универсальная зависимость
668,Upper Confidence Bound,Верхняя доверительная граница
669,VALSE,VALSE
670,VFL,VFL
671,Vandermonde matrix,матрица Вандермонда
672,Vertex Cover,Покрытие вершин
673,ViLBERT,ViLBERT
674,Vision Transformer,Vision Transformer
675,Visual Question Answering,Визуальный вопросно-ответный процессинг
676,VisualBERT,VisualBERT
677,Viterbi,Витерби
678,Viterbi algorithm,алгоритм Витерби
679,Viterbi decoding,декодирование Витерби
680,Wasserstein distance,расстояние Васерштейна
681,Weibull,Вейбулла
682,Weisfeiler-Lehman test,тест Вейсфейлера-Лемана
683,Wiener process,процесс Винера
685,Wilcoxon signed-rank test,критерий знаковых рангов Уилкоксона
686,Winograd Schema,Схема Винограда
687,Winograd Schema Challenge,Задача Винограда
688,Winogrande,Winogrande
689,Woodbury matrix identity,тождество матрицы Вудбери
690,Word Mover's Distance,Расстояние перемещения слов
691,Word2Vec,Word2Vec
692,XLM,XLM
693,XLNet,XLNet
694,Z-score,Z-оценка
695,Zipf,Ципф
696,Zipf distribution,Распределение Ципфа
697,Zipf's law,Закон Ципфа
698,abduction,абдукция
699,abductive explanation,абдуктивное объяснение
700,abductive inference,вывод абдуктивный
701,ablation,абляция
702,ablation analysis,анализ абляции
703,ablation experiment,эксперимент по абляции
704,absolute inconsistency,противоречивость абсолютная
705,absolute scale,шкала абсолютная
706,abstract data type,тип данных абстрактный
707,abstract machine,машина абстрактная
708,abstraction,абстракция
709,abstraction heuristic,эвристика абстракции
710,abstractive summarization,абстрактивное суммирование
711,accelerated gradient descent,ускоренный градиентный спуск
712,acceptance function,функция принятия
713,acceptance probability,вероятность принятия
714,accumulated error,накопленная ошибка
715,accuracy,Точность
717,acoustic feature,акустическая характеристика
718,acoustic model,акустическая модель
719,acquisition function,функция приобретения
720,action,действие
721,action classification,классификация действий
722,action embedding,встраивание действий
723,action recognition,распознавание действий
724,action relation,отношение действия
725,action sequence,последовательность действий
726,action set,множество действий
727,action space,пространство действий
728,action-value function,функция ценности действия
729,actionability,исполняемость
730,activation,активация
731,activation function,функция активации
732,activation matrix,матрица активации
733,activation vector,вектор активации
734,active learning,Активное обучение
735,active learning loop,цикл активного обучения
736,active set,активный набор
737,activity detection,обнаружение активности
738,activity planning,планирование деятельности
739,activity recognition,распознавание активности
740,actor,актор
741,actor critic algorithm,алгоритм актёр-критик
742,actor network,сеть актёра
743,actor-critic framework,фреймворк актёр-критик
744,actor-critic method,метод актор-критик
745,adapter-based fine-tuning,настройка на основе адаптеров
746,adaptive boosting algorithm,алгоритм адаптивного бустинга
747,adaptive thresholding,адаптивная пороговая обработка
748,additive Gaussian noise,аддитивный гауссов шум
749,additive noise,аддитивный шум
750,adjacency,смежность
751,adjacency matrix,матрица смежности
752,advantage function,функция преимущества
753,advcl,advcl
755,adversarial attack,адверсариальная атака
756,adversarial dataset,адверсариальный датасет
757,adversarial example,адверсариальный пример
758,adversarial filtering,адверсариальная фильтрация
759,adversarial input,враждебный ввод
760,adversarial learning,состязательное обучение
761,adversarial loss,адверсариальная потеря
762,adversarial network,адверсариальная сеть
763,adversarial perturbation,противодействующее возмущение
764,adversarial prompt,адверсариальный запрос
765,adversarial robustness,адверсариальная устойчивость
766,adversarial training,противодействующее обучение
767,adversary,противник
768,advmod,наречный модификатор
769,affine,аффинный
770,affine subspace,аффинное подпространство
771,affine transform,аффинное преобразование
772,affine transformation,аффинное преобразование
773,affinity matrix,матрица аффинностей
774,affinity measure,мера сродства
775,agent architecture,архитектура агента
776,agent learning,обучение агента
777,agent policy,политика агента
778,agent's policy,политика агента
779,agent-based model,Модель на основе агентов
780,aggregate function,агрегатная функция
781,aggregation,агрегация
782,aggregation function,функция агрегации
783,aleatoric uncertainty,алеаторическая неопределенность
785,algorithm class,класс алгоритмов
786,algorithm design,проектирование алгоритмов
787,algorithmic approach,алгоритмический подход
788,algorithmic bias,алгоритмическая предвзятость
789,algorithmic fairness,алгоритмическая справедливость
790,algorithmic nonresolvability,неразрешимость алгоритмическая
791,algorithmic resolvability,разрешимость алгоритмическая
792,algorithmic stability,алгоритмическая стабильность
794,alias table,таблица псевдонимов
795,alignment algorithm,алгоритм выравнивания
796,alignment model,модель выравнивания
797,alpha compositing,альфа-композитинг
798,alphabet size,размер алфавита
799,alternating least square,альтернирующий метод наименьших квадратов
800,alternating minimization,попеременная минимизация
801,ambient space,окружающее пространство
802,analogy,аналогия
804,anaphora,анафора
805,anaphora resolution,разрешение анафоры
806,anaphoric reference,ссылка анафорическая
807,ancestral sampling,анцестральная выборка
808,anchor,якорь
809,anchor box,якорная рамка
810,animation,графика динамическая
812,annotated corpus,аннотированный корпус
813,annotated datum,аннотированное данное
815,annotation artifact,артефакт аннотации
816,annotation projection,проекция аннотации
818,annotator,аннотатор
819,annotator bias,предвзятость аннотатора
821,anomaly detection,обнаружение аномалий
822,anomaly score,оценка аномалии
824,answer set,множество ответов
825,answer set solver,решатель множеств ответов
826,answer span,диапазон ответа
827,answer variable,переменная ответа
828,antecedent,антецедент
829,antireflexive relation,отношение антирефлексивное
830,antisymmetric relation,отношение антисимметричное
831,antithetic sampling,антитетическое семплирование
832,antitransitive relation,отношение антитранзитивное
833,anytime algorithm,алгоритм с возможностью остановки в любое время
834,aperture problem,проблема апертуры
835,appearance model,модель внешности
836,apprenticeship learning,обучение через наставничество
838,approximate inference,приближённый вывод
839,approximate inference algorithm,алгоритм приближённого вывода
840,approximate posterior,приближённое апостериорное распределение
841,approximate posterior distribution,приближённое апостериорное распределение
842,approximate similarity search,приближенный поиск по сходству
843,approximation,аппроксимация
844,approximation algorithm,алгоритм приближения
845,approximation bound,аппроксимационная граница
846,approximation error,ошибка аппроксимации
847,approximation factor,коэффициент аппроксимации
848,approximation guarantee,гарантия аппроксимации
849,approximation ratio,коэффициент аппроксимации
850,approximator,аппроксиматор
851,arc-factored model,модель с факторизацией по дугам
852,architectural modification,архитектурные модификации
853,architecture,архитектура
854,architecture search,поиск архитектуры
855,arg max,аргмакс
856,arg min,аргмин
857,argument,обоснование
858,argument identification,идентификация аргументов
859,argument relation,аргументные отношения
860,argument structure,структура аргументов
861,argumentation,аргументация
862,argumented transition network,сеть переходов расширенная
863,arity,арность
864,artificial agent,искусственный агент
865,artificial intelligence,интеллект искусственный
866,artificial intelligence system,система искусственного интеллекта
867,artificial neural network,искусственная нейронная сеть
870,assignment problem,задача назначения
871,association,ассоциация
872,association rule,правило ассоциации
873,association rule mining,добыча правил ассоциации
874,associative list,список ассоциативный
875,associative memory,память ассоциативная
876,associative model,модель ассоциативная
877,associative network,сеть ассоциативная
878,associative processor,процессор ассоциативный
879,associative search,поиск ассоциативный
880,asymmetric transformation,асимметричное преобразование
881,asymptotic bias,асимптотическое смещение
882,asymptotic notation,асимптотическая нотация
883,asymptotic variance,асимптотическая дисперсия
884,asynchronous process,процесс асинхронный
885,atom,атом
886,atomic formula,формула атомарная
887,atomic proposition,высказывание атомарное
888,attached procedure,процедура присоединенная
889,attack success rate,показатель успешности атаки
890,attention,Внимание
891,attention distribution,распределение внимания
892,attention function,функция внимания
893,attention head,голова внимания
894,attention layer,слой внимания
895,attention map,карта внимания
896,attention mask,маска внимания
897,attention matrix,матрица внимания
898,attention mechanism,механизм внимания
899,attention model,модель внимания
900,attention module,модуль внимания
901,attention operation,операция внимания
902,attention pattern,шаблон внимания
903,attention score,оценка внимания
904,attention value,значение внимания
905,attention weight,вес внимания
906,attention-based model,модель на основе внимания
907,attribute,атрибут
908,attribute value,значение атрибута
909,attribution,атрибуция
910,augmentation,увеличение
912,augmented state space,расширенное пространство состояний
913,auto-regressive language model,авторегрессионная языковая модель
914,auto-regressive model,авторегрессивная модель
915,auto-regressive process,авторегрессионный процесс
916,autocalibration,автокалибровка
917,autocorrelation,автокорреляция
918,autodiff,автодифференцирование
919,autoencoder,Автокодировщик
920,autoepistemic reasoning,рассуждение автоэпистемическое
921,automata,автоматы
922,automated hypothesis generation,порождение гипотез автоматическое
923,automated mechanism design,автоматизированное проектирование механизмов
924,automated program synthesis,синтез программ автоматический
926,automatic differentiation,автоматическое дифференцирование
927,automatic evaluation,автоматическая оценка
928,automatic post-editing,автоматическое постредактирование
929,automatic speech recognition,Автоматическое распознавание речи
931,automaton,автомат
932,automorphism,автоморфизм
933,autonomous agent,автономный агент
934,autonomous robot,робот автономный
935,autonomous vehicle,автономное транспортное средство
936,autoregressive decoder,авторегрессивный декодер
937,autoregressive generation,авторегрессивная генерация
938,auxiliary classifier,вспомогательный классификатор
939,auxiliary loss,вспомогательная потеря
940,auxiliary task,вспомогательная задача
941,auxiliary variable,вспомогательная переменная
942,auxillary loss,вспомогательная потеря
943,average loss,средняя потеря
944,averaged perceptron,усреднённый перцептрон
945,averaged perceptron algorithm,алгоритм усреднённого перцептрона
946,axiom,аксиома
947,axiomatic system,система аксиоматическая
948,axiomatic theory,теория аксиоматическая
949,axis-aligned rectangle,"прямоугольник, выровненный по осям"
950,back-off strategy,стратегия понижения доверия
951,back-propagate,обратное распространение
952,back-propagated gradient,обратнораспространённый градиент
953,back-propagation algorithm,алгоритм обратного распространения
954,back-translation,обратный перевод
955,backbone model,базовая модель
956,backbone network,основная сеть
957,backdoor,уязвимость
958,backdoor adjustment,корректировка через заднюю дверь
959,backdoor attack,бэкдор-атака
960,backdoor sample,образец бэкдора
961,background model,модель фона
962,background subtraction,вычитание фона
963,backoff model,модель отката
964,backpointer,обратный указатель
965,backprojection,обратная проекция
966,backprop,обратное распространение
967,backtracking,бектрекинг
968,backtracking line search,метод линейного поиска с возвратом
969,backward pass,обратный проход
970,bag of feature,мешок признаков
971,bag-of-word,мешок слов
972,bag-of-word model,модель мешка слов
973,bag-of-word representation,представление мешка слов
974,bandit,бандит
975,bandit feedback,обратная связь от бандита
976,bandit learning,обучение с бандитом
977,bandwidth parameter,параметр ширины полосы
978,bart-base,bart-base
979,bart-large,bart-large
980,barycentric coordinate,барицентрическая координата
981,base classifier,базовый классификатор
982,base distribution,базовое распределение
983,base learner,базовый обучающий алгоритм
984,base model,базовая модель
985,baseline,Базовая модель
986,baseline algorithm,базовый алгоритм
987,baseline method,базовый метод
988,baseline model,базовая модель
989,baseline parser,базовый парсер
990,baseline policy,базовая политика
991,baseline system,базовая система
993,basis function,базисная функция
994,basis vector,базисный вектор
995,batch algorithm,пакетный алгоритм
996,batch dimension,размерность пакета
997,batch element,элемент пакета
998,batch learning,пакетное обучение
999,batch mode,пакетный режим
1000,batch normalization,Нормализация по мини-батчам
1001,batch optimization,пакетная оптимизация
1002,batch processing,пакетная обработка
1003,batch setting,пакетная настройка
1004,batch training,пакетное обучение
1005,beam search,поиск с лучом
1006,beam search algorithm,алгоритм поиска луча
1007,beam search decoding,декодирование с использованием поиска по лучам
1008,beam search decoding algorithm,алгоритм декодирования поиска луча
1009,beam size,размер луча
1010,beam width,ширина луча
1011,behavior cloning,клонирование поведения
1012,behavior policy,политика поведения
1013,behaviourism,бихейвиоризм
1014,belief function,функция доверия
1015,belief logic,логика веры
1016,belief propagation,распространение убеждений
1017,belief state,состояние веры
1018,belief system,система доверия
1019,benchmark,эталон
1020,benchmark dataset,эталонный набор данных
1021,benchmark task,эталонная задача
1022,best-first search,"поиск по принципу ""сперва лучше"""
1023,best-first search algorithm,алгоритм поиска с наилучшим первым
1024,beta distribution,Распределение Бета
1025,beta1,бета1
1026,between-class variance,дисперсия между классами
1027,betweenness,центральность
1028,bi-gram,биграмма
1029,bi-level optimization,двухуровневая оптимизация
1030,bias,смещение
1031,bias mitigation,смягчение предвзятости
1032,bias parameter,параметр смещения
1033,bias term,член смещения
1034,bias vector,вектор смещения
1035,bias-variance tradeoff,компромисс между смещением и дисперсией
1036,biased estimator,смещённый оцениватель
1038,bibliographic coupling,библиографическая связь
1039,bicubic interpolation,бикубическая интерполяция
1041,bidirectional Transformer,двунаправленный трансформер
1042,bidirectional encoder,двунаправленный энкодер
1043,bidirectional heuristic search,двунаправленный эвристический поиск
1044,bidirectional model,двунаправленная модель
1045,bidirectional search,двунаправленный поиск
1046,bidirectionality,двунаправленность
1047,big-O notation,нотация большого O
1048,bigram count,количество биграмм
1049,bigram language model,биграммная языковая модель
1050,bijective function,биективная функция
1051,bijective mapping,биективное отображение
1052,bilateral filtering,билинейная фильтрация
1053,bilinear,билинейный
1054,bilinear form,билинейная форма
1055,bilinear interpolation,билинейная интерполяция
1056,bilinear model,билинейная модель
1057,bilingual model,билингвальная модель
1058,binarization,бинаризация
1060,binary atom,бинарный атом
1061,binary classification,бинарная классификация
1062,binary classification head,голова бинарной классификации
1063,binary classification problem,задача бинарной классификации
1064,binary classification task,задача бинарной классификации
1065,binary classifier,бинарный классификатор
1066,binary constraint,бинарное ограничение
1067,binary cross entropy,бинарная кросс-энтропия
1068,binary cross-entropy loss,потеря бинарной кросс-энтропии
1069,binary decision tree,бинарное дерево решений
1070,binary feature,двоичный признак
1071,binary label,бинарная метка
1072,binary matrix,бинарная матрица
1073,binary predicate,бинарный предикат
1074,binary relation,бинарное отношение
1075,binary search,двоичный поиск
1076,binary segmentation,двоичная сегментация
1077,binary tree,дерево двоичное
1078,binary variable,двоичная переменная
1079,binary vector,двоичный вектор
1080,binomial distribution,Биномиальное распределение
1081,bioinformatic,биоинформатический
1082,biological neural network,биологическая нейронная сеть
1083,bipartite,двудольный
1084,bipartite graph,двудольный граф
1085,bipartite matching,двудольное соответствие
1086,bipartite structure,двудольная структура
1087,birth-death process,процесс рождения-смерти
1088,bisection method,метод бисекции
1089,bisimulation,бисимуляция
1090,bitext,битекст
1091,bitvector,битовый вектор
1092,black box,ящик черный
1093,black-box,черный ящик
1094,black-box model,модель черного ящика
1095,blackboard,доска объявлений
1096,block coordinate descent,блочный координатный спуск
1097,block matrix,блочная матрица
1098,block-diagonal matrix,блочно-диагональная матрица
1099,blur kernel,ядро размытия
1100,boosting algorithm,алгоритм бустинга
1101,boosting approach,подход бустинга
1102,bootstrap learning,обучение с использованием бутстрэппинга
1103,bootstrap resampling,бутстрэп-ресемплирование
1104,bootstrap sample,бутстрэп-выборка
1105,bottleneck,узкое место
1106,bottleneck layer,слой узкого места
1107,bottom-up,снизу вверх
1108,bottom-up learning,обучение снизу вверх
1109,bottom-up module,модуль снизу вверх
1110,bottom-up parsing,восходящий синтаксический анализ
1111,bound variable,переменная связанная
1112,bounded rationality,ограниченная рациональность
1113,bounding box,ограничивающая рамка
1114,bounding box detection,обнаружение ограничивающих рамок
1115,bounding box regression,регрессия ограничивающих рамок
1116,bounding box regressor,регрессор ограничивающих рамок
1117,branch and bound algorithm,алгоритм ветвей и границ
1118,branch-and-bound method,метод ветвей и границ
1119,branching factor,фактор разветвления
1120,breadth-first order,порядок обхода в ширину
1121,breadth-first search,поиск в ширину
1122,brute force search,поиск перебором
1123,burn-in,период разогрева
1124,calculus,исчисления
1125,calculus of variation,вариационное исчисление
1126,calibration,калибровка
1127,calibration method,метод калибровки
1128,call by pattern,вызов по образцу
1129,camera calibration,калибровка камеры
1130,camera intrinsic,внутренние параметры камеры
1131,camera matrix,матрица камеры
1132,camera parameter,параметры камеры
1133,camera pose estimation,оценка позы камеры
1134,candidate generation,генерация кандидатов
1135,candidate set,множество кандидатов
1136,canonical basis,каноническое основание
1137,canonical correlation analysis,канонический корреляционный анализ
1138,canonical form,каноническая форма
1139,canonical frame,каноническая система координат
1140,canonical space,каноническое пространство
1141,canonicalization,канонизация
1142,capsule network,капсульная сеть
1144,cardinality,кардинальность
1145,cardinality constraint,ограничение по кардинальности
1146,cascade model,каскадная модель
1147,case frame,фрейм падежный
1148,case grammar,грамматика падежная
1149,case structure,структура падежная
1150,catastrophic forgetting,катастрофическое забывание
1151,categorial grammar,категориальная грамматика
1152,categorical cross-entropy,категориальная кросс-энтропия
1153,categorical distribution,категориальное распределение
1154,categorical feature,категориальная переменная
1155,causal effect,причинный эффект
1156,causal effect estimation,оценка причинного эффекта
1157,causal entropy,причинная энтропия
1158,causal graph,причинный граф
1159,causal inference,причинно-следственная инференция
1160,causal intervention,каузальная интервенция
1161,causal language model,каузальная языковая модель
1162,causal logic,логика каузальная
1163,causal model,каузальная модель
1164,causal network,сеть каузальная
1165,causal reasoning,каузальное рассуждение
1166,causal relation,отношение каузальное
1167,causal rule,каузальное правило
1168,causal theory,каузальная теория
1169,causation,каузация
1170,cell state,состояние ячейки
1171,cellular automaton,автомат клеточный
1172,center crop,центральная обрезка
1173,center of projection,центр проекции
1174,centrality measure,мера центральности
1175,centroid,центроид
1176,chain rule,правило цепочки
1177,change of basis,смена базиса
1178,character embedding,встраивание символов
1179,character n-gram,Символьные n-граммы
1180,characteristic function,характеристическая функция
1181,characteristic polynomial,характеристический многочлен
1182,characteristic vector,характеристический вектор
1183,chart parser,парсер диаграмм
1184,chart parsing,парсинг диаграмм
1185,chatbot,чат-бот
1186,checkpoint,контрольная точка
1187,chemoinformatic,хемоинформатика
1188,chi-square distribution,распределение хи-квадрат
1189,chi-square test,тест хи-квадрат
1190,child node,дочерний узел
1191,chromosome,хромосома
1192,chunk size,размер блока
1193,citation network,сеть цитирования
1194,class,класс
1195,class balance,баланс классов
1196,class distribution,распределение классов
1197,class imbalance,дисбаланс классов
1198,class label,метка класса
1199,class prior,априорное распределение класса
1200,classical planning,классическое планирование
1201,classification,классификация
1202,classification accuracy,точность классификации
1203,classification algorithm,алгоритм классификации
1204,classification approach,классификационный подход
1205,classification error,ошибка классификации
1206,classification head,классификационная голова
1207,classification loss,ошибка классификации
1208,classification margin,классификационная маржа
1209,classification method,метод классификации
1210,classification metric,метрика классификации
1211,classification model,модель классификации
1212,classification network,сеть классификации
1213,classification objective,цель классификации
1214,classification problem,задача классификации
1215,classification score,оценка классификации
1216,classification task,задача классификации
1217,classification token,токен классификации
1221,clause learning,обучение на клауза́х
1222,click model,модель кликов
1223,clip range,диапазон обрезки
1224,clipping factor,коэффициент отсечения
1225,clipping threshold,порог обрезки
1226,clique potential,потенциал клики
1227,closed formula,формула замкнутая
1228,closed frequent itemset,замкнутое частое множество
1229,closed knowledge base,база знаний замкнутая
1230,closed model,модель замкнутая
1231,closed-book model,модель без доступа к информации
1232,closed-world,замкнутый мир
1233,cloze prompt,задание с пропусками
1234,cloze task,задание с пропусками
1235,cluster analisys,анализ кластерный
1236,cluster assignment,назначение кластера
1237,cluster center,центр кластера
1238,cluster centroid,центроид кластера
1239,cluster feature,признак кластера
1240,cluster label,метка кластера
1241,cluster size,размер кластера
1242,clustering,кластеризация
1243,clustering algorithm,алгоритм кластеризации
1244,clustering criterion,критерий кластеризации
1245,clustering method,метод кластеризации
1246,clustering problem,задача кластеризации
1247,clusterization,кластеризация
1248,co-occurrence,совместное появление
1249,co-occurrence matrix,матрица совместных вхождений
1250,co-occurrence statistic,статистика совместной встречаемости
1251,co-reference,ко-референция
1252,co-training,совместное обучение
1253,coarse correlated equilibria,грубые скоррелированные равновесия
1254,coarse correlated equilibrium,грубое скоррелированное равновесие
1255,coarse layer,грубый слой
1256,coarse-to-fine,грубый к тонкому
1257,coarse-to-fine approach,подход от грубого к тонкому
1258,coarse-to-fine cascade,каскад от грубого к тонкому
1259,coarse-to-fine strategy,стратегия от грубого к тонкому
1260,codebook,кодовая книга
1261,codomain,кодомен
1262,coefficient matrix,матрица коэффициентов
1263,cogitology,когитология
1264,cognitive dissonance,диссонанс когнитивный
1265,cognitive graphics,графика когнитинвная
1266,cognitive map,карта когнитивная
1267,cognitive model,модель когнитивная
1268,cognitive psychology,психология когнитивная
1269,cognitive science,когнитивная наука
1270,cognitive structure,структура когнитивная
1271,cold start,холодный старт
1272,collaborative filtering,коллаборативная фильтрация
1273,collaborative learning,коллаборативное обучение
1274,collective inference,коллективное инференцирование
1275,color channel,цветовой канал
1276,color constancy,цветовая постоянство
1277,colorization,Колоризация
1278,column space,пространство столбцов
1279,column vector,столбцовый вектор
1280,combination of evidences,объединение свидетельств
1281,combinator,комбинатор
1282,combinatorial explosion,комбинаторный взрыв
1283,combinatorial optimization,комбинаторная оптимизация
1284,combinatorial optimization problem,задача комбинаторной оптимизации
1285,command logic,логика команд
1286,common-sense inference,вывод естественный
1287,common-sense logic,логика здравого смысла
1288,common-sense reasoning,рассуждение здравого смысла
1289,commonsense inference,инференция здравого смысла
1290,commonsense knowledge,знания здравого смысла
1291,commonsense knowledge graph,граф здравого смысла
1292,communication,общение
1293,communication complexity,сложность коммуникации
1294,communication graph,граф коммуникации
1295,communication model,модель общения
1296,compactness hypothesis,гипотеза компактности
1298,compatibility function,функция совместимости
1299,compatibility graph,граф совместимости
1300,competitive ratio,конкурентное соотношение
1301,complete induction (mathematical),индукция полная (математическая)
1302,composition function,функция композиции
1303,compositional generalization,композиционная обобщаемость
1304,compositional inference rule,правило вывода композиционное
1305,compositional semantic,композиционная семантика
1306,compositionality,Композициональность
1307,compressive sensing,компрессивное восприятие
1308,computation,вычисление
1309,computation complexity,вычислительная сложность
1310,computation graph,граф вычислений
1312,computational argumentation,вычислительная аргументация
1313,computational budget,вычислительный бюджет
1314,computational complexity,вычислительная сложность
1315,computational experiment,вычислительный эксперимент
1316,computational graph,вычислительный граф
1317,computational linguistics,лингвистика вычислительная
1318,computational model,модель вычислительная
1319,compute budget,вычислительный бюджет
1320,computer architecture,архитектура компьютера
1321,computer art,творчество машинное
1322,computer linguistics,лингвистика компьютерная
1323,computer vision,зрение машинное
1324,computer vision model,модель компьютерного зрения
1325,computer-aided control system,система управления автоматизированная
1326,computer-aided design,система автоматизированного проектирования
1328,concatenation operation,операция конкатенации
1329,concentration inequality,неравенство концентрации
1330,concentration parameter,параметр концентрации
1331,concept,концепт
1332,concept assertion,утверждение концепта
1333,concept atom,атом концепта
1334,concept class,класс концептов
1335,concept drift,дрейф концепции
1336,concept inclusion,включение концепта
1337,concept name,имя концепта
1338,conceptual model,модель концептуальная
1339,conceptual scheme,схема концептуальная
1340,condition number,число обусловленности
1341,conditional computation,условные вычисления
1342,conditional density,условная плотность
1343,conditional distribution,условное распределение
1344,conditional effect,условный эффект
1345,conditional entropy,условная энтропия
1346,conditional expectation,условное ожидание
1347,conditional gradient,условный градиент
1348,conditional independence,условная независимость
1349,conditional independency,условная независимость
1350,conditional likelihood,условная вероятность
1351,conditional log likelihood,условная логарифмическая вероятность
1352,conditional log probability,условная логарифмическая вероятность
1353,conditional maximum entropy,условная максимальная энтропия
1354,conditional model,условная модель
1355,conditional probability,условная вероятность
1356,conditional probability distribution,распределение условной вероятности
1357,conditional random field,Условное случайное поле
1358,conditional sampling,условная выборка
1359,conditional text generation,условная генерация текста
1360,conditioning,кондиционирование
1361,conditioning vector,условный вектор
1362,confidence,достоверность
1363,confidence bound,доверительная граница
1364,confidence interval,доверительный интервал
1365,confidence map,карта уверенности
1366,confidence score,оценка уверенности
1367,confidence threshold,порог уверенности
1368,configuration,конфигурация
1369,confusion matrix,матрица ошибок
1370,confusion network,сеть путаницы
1371,conjugate gradient,сопряженный градиент
1372,conjugate gradient descent,сопряжённый градиентный спуск
1373,conjugate gradient method,метод сопряжённых градиентов
1374,conjunct,конъюнкт
1375,conjunction,конъюнкция
1376,conjunctive normal form,конъюнктивная нормальная форма
1377,conjunctive query,конъюнктивный запрос
1378,connected component,связная компонента
1379,connection machine,машина связей
1380,connectional network,сеть соединительная
1381,connectionist model,коннекционистская модель
1382,connectivity matrix,матрица связности
1383,consensus network decoding,декодирование консенсусной сети
1384,consequent,следствие
1385,consistency tree,дерево составляющих
1386,consistent estimator,состоятельный оцениватель
1387,constellation model,модель созвездия
1388,constituency parser,парсер конституентов
1389,constituency parsing,разбор конституентов
1390,constituency tree,дерево составляющих
1391,constituent parsing,анализ конституэнтных структур
1392,constituent structure,конституэнтная структура
1393,constrained beam search,ограниченный лучевой поиск
1394,constrained decoding,ограниченное декодирование
1395,constrained optimization,ограниченная оптимизация
1396,constrained optimization problem,задача ограниченной оптимизации
1397,constraint,ограничение
1398,constraint generation,генерация ограничений
1399,constraint programming,программирование ограничений
1400,constraint propagation,распространение ограничений
1401,constraint satisfaction,удовлетворение ограничений
1402,constraint satisfaction problem,задача удовлетворения ограничений
1403,constraint set,множество ограничений
1404,constructive logic,логика конструктивная
1405,constructive proof,доказательство конструктивное
1406,content model,модель содержания
1407,content selection,выбор содержания
1409,context encoder,кодировщик контекста
1410,context free grammar,контекстно-свободная грамматика
1411,context model,контекстная модель
1412,context vector,вектор контекста
1413,context window,контекстное окно
1414,context-free language,контекстно-свободный язык
1416,contextual embedding,контекстное встраивание
1417,contextual feature,контекстная характеристика
1418,contextual information,контекстная информация
1419,contextual model,контекстная модель
1420,contextual representation,контекстуальное представление
1421,contextual vector,контекстный вектор
1422,contextual word embedding,контекстное встраивание слов
1424,contextualized embedding,контекстуализированное векторное представление
1425,contextualized representation,контекстуализированное представление
1426,contextualized word vector,контекстуализированный вектор слова
1427,contingency table,контингентная таблица
1428,continual learning,непрерывное обучение
1429,continuous normalizing flow,непрерывный нормализующий поток
1430,contrastive approach,контрастный подход
1431,contrastive fine-tuning,контрастивное дообучение
1432,contrastive loss,контрастная потеря
1433,contrastive objective,контрастная цель
1434,control variate,контрольная переменная
1435,controllable text generation,управляемая генерация текста
1436,conv layer,сверточный слой
1437,convergence,сходимость
1438,convergence analysis,анализ сходимости
1439,convergence bound,граница сходимости
1440,convergence criterion,критерий сходимости
1441,convergence rate,скорость сходимости
1442,convergence time,время сходимости
1443,conversation history,история разговора
1445,conversational agent,разговорный агент
1446,conversational dialogue system,разговорная диалоговая система
1447,convex,выпуклый
1448,convex combination,выпуклая комбинация
1449,convex conjugate,выпуклый сопряжённый
1450,convex constraint,выпуклое ограничение
1451,convex decomposition,выпуклая декомпозиция
1452,convex function,выпуклая функция
1453,convex hull,выпуклая оболочка
1454,convex loss,выпуклая функция потерь
1455,convex objective,выпуклая цель
1456,convex objective function,выпуклая целевая функция
1457,convex optimization,выпуклая оптимизация
1458,convex optimization problem,задача выпуклой оптимизации
1459,convex problem,выпуклая задача
1460,convex program,выпуклая задача
1461,convex proxy,выпуклый прокси
1462,convex quadratic program,выпуклая квадратичная задача
1463,convex relaxation,выпуклая релаксация
1464,convex risk minimization,минимизация выпуклого риска
1465,convex set,выпуклое множество
1466,convex surrogate,выпуклый суррогат
1467,convex-concave,выпукло-вогнутый
1468,convexity,выпуклость
1469,convolution,Свёртка
1470,convolution kernel,ядро свертки
1471,convolution layer,сверточный слой
1472,convolution neural network,сверточная нейронная сеть
1473,convolution operation,операция свертки
1474,convolution operator,сверточный оператор
1475,convolutional,сверточный
1476,convolutional architecture,свёрточная архитектура
1477,convolutional block,сверточный блок
1478,convolutional decoder,свёрточный декодер
1479,convolutional encoder,свёрточный энкодер
1480,convolutional feature,сверточный признак
1481,convolutional filter,свёрточный фильтр
1482,convolutional kernel,свёрточное ядро
1483,convolutional layer,свёрточный слой
1484,convolutional network,свёрточная сеть
1485,convolutional neural net,свёрточная нейронная сеть
1486,convolutional neural network,свёрточная нейронная сеть
1487,convolutional representation,свёрточное представление
1488,cooling schedule,график охлаждения
1489,coordinate ascent,метод подъёма по координатам
1490,coordinate descent,спуск по координатам
1491,coordinate descent algorithm,алгоритм координатного спуска
1492,coordinate frame,координатная система
1493,copy mechanism,механизм копирования
1494,core tensor,основной тензор
1495,coreference,корреляция
1496,coreference annotation,аннотация кореференции
1497,coreference chain,цепочка кореференции
1498,coreference resolution model,модель разрешения кореференции
1499,coreference resolution system,система разрешения кореференции
1500,coreferent,кореферент
1501,corpus,корпус
1502,correlated equilibria,скоррелированные равновесия
1503,correlated equilibrium,скоррелированное равновесие
1504,correlation coefficient,коэффициент корреляции
1506,correspondence matrix,матрица соответствия
1508,cosine,косинус
1509,cosine decay,косинусное затухание
1510,cosine decay schedule,график косинусного затухания
1511,cosine learning rate schedule,расписание косинусной скорости обучения
1512,cosine measure,косинусная мера
1513,cosine schedule,косинусное расписание
1514,cosine similarity,косинусное сходство
1515,cosine similarity measure,мера косинусного сходства
1516,cost function,функция стоимости
1517,cost vector,вектор стоимости
1518,cost volume,объем стоимости
1519,cost-sensitive learning,обучение с учетом стоимости
1520,counterexample,контрпример
1522,counterfactual datum,контрфактические данные
1523,counterfactual example,контрфактический пример
1524,counterfactual fairness,контрфактическая справедливость
1525,counterfactual reasoning,контрфактическое рассуждение
1526,covariance,Ковариация
1527,covariance function,функция ковариации
1528,covariance kernel,ядро ковариации
1529,covariance matrix,матрица ковариации
1530,covariance model,модель ковариации
1531,covariance operator,оператор ковариации
1532,covariance parameter,параметр ковариации
1533,covariance structure,структура ковариации
1534,covariant derivative,ковариантная производная
1535,covariate,ковариата
1536,covariate shift,смещение ковариат
1537,credit assignment,распределение заслуг
1538,credit assignment problem,проблема распределения заслуг
1539,criterion,критерий
1540,critic,критик
1541,critic loss,потери критика
1542,critic network,сеть критика
1543,cross attention,перекрестное внимание
1544,cross entropy,кросс-энтропия
1545,cross entropy error,ошибка кросс-энтропии
1546,cross validation,кросс-валидация
1547,cross-attention layer,слой перекрестного внимания
1548,cross-attention module,модуль кросс-внимания
1549,cross-correlation,кросс-корреляция
1550,cross-entropy loss function,функция потерь кросс-энтропии
1551,cross-entropy objective,целевая функция кросс-энтропии
1552,cross-lingual benchmark,кросс-лингвистический бенчмарк
1553,cross-lingual embedding,кросс-языковое встраивание
1554,cross-lingual feature,кросс-языковая особенность
1555,cross-lingual knowledge transfer,кросс-языковой перенос знаний
1556,cross-lingual model,кросс-языковая модель
1557,cross-lingual representation,кросс-языковое представление
1558,cross-lingual transfer,кросс-лингвальный перенос
1559,cross-modal,кросс-модальный
1560,cross-validating,кросс-проверка
1561,cumulant generating function,функция генерации кумулянт
1562,cumulative density function,кумулятивная функция распределения
1563,cumulative distribution function,кумулятивная функция распределения
1564,cumulative regret,кумулятивное сожаление
1565,cumulative reward,накопительное вознаграждение
1566,curriculum learning,обучение по принципу куррикулума
1567,curse of dimensionality,проклятие размерности
1568,cutting plane,отсекательная плоскость
1569,cutting plane algorithm,алгоритм отсекущих плоскостей
1570,cutting plane method,метод аналитического центра отсекательных плоскостей
1571,cycle consistency,циклическая согласованность
1572,cycle consistency loss,потеря циклической согласованности
1573,cycle inequality,циклическая неравенство
1574,d-separation,d-разделение
1575,d_model,d_модель
1577,data abstraction,абстракция данных
1578,data augmentation,Увеличение данных
1579,data base,база данных
1580,data base machine,машина баз данных
1581,data base management system,система управления базой данных
1582,data base processor,процессор базы данных
1583,data distribution,распределение данных
1584,data flow,поток данных
1585,data flow architecture,архитектура потоковая
1586,data flow machine,"машина, управляемая потоком данных"
1587,data imbalance,дисбаланс данных
1588,data manifold,многообразие данных
1589,data mining,добыча данных
1590,data point,точка данных
1591,data processing inequality,неравенство обработки данных
1592,data representation,представление данных
1593,data sparseness,разреженность данных
1594,data sparsity,разреженность данных
1595,data structure,структура данных
1596,data type,тип данных
1597,data vector,вектор данных
1598,data-to-text generation,генерация текста на основе данных
1599,dataset augmentation,расширение датасета
1600,dataset bias,предвзятость набора данных
1601,dataset size,размер набора данных
1603,datasheet,таблица данных
1604,datum bias,смещение данных
1605,datum clustering,кластеризация данных
1606,datum contamination,загрязнение данных
1607,datum dependency,зависимость данных
1608,datum fidelity,точность данных
1609,datum filtering,фильтрация данных
1610,datum generative process,генеративный процесс данных
1611,datum matrix,матрица данных
1612,datum mining algorithm,алгоритм добычи данных
1613,datum parallelism,параллелизм данных
1614,datum perturbation,возмущение данных
1615,davinci,davinci
1616,de Morgan rules,правила де Моргана
1617,decay parameter,параметр затухания
1618,decentralized algorithm,децентрализованный алгоритм
1619,decision boundary,граница решения
1620,decision function,функция принятия решения
1621,decision node,узел решения
1622,decision policy,политика принятия решений
1623,decision problem,задача принятия решений
1624,decision rule,правило принятия решений
1625,decision space,пространство решений
1626,decision stumps,решающие пни
1627,decision theory,теория принятия решений
1628,decision tree,дерево решений
1629,decision variable,переменная решения
1630,declarative component,компонента декларативная
1631,declarative knowledge,знания декларативные
1632,decoder,декодер
1633,decoder hidden state,скрытое состояние декодера
1634,decoder layer,слой декодера
1635,decoder network,сеть декодера
1636,decoder output,выход декодера
1637,decoder state,состояние декодера
1638,decoder-only transformer,трансформер только для декодера
1639,decoding,расшифровка
1640,decoding algorithm,алгоритм декодирования
1641,decoding problem,задача декодирования
1642,decoding step,шаг декодирования
1643,decoding strategy,стратегия декодирования
1644,decomposition,декомпозиция
1645,decomposition method,метод декомпозиции
1646,deconvolution,деконволюция
1647,deconvolution layer,деконволюционный слой
1648,deconvolutional layer,деконволюционный слой
1649,deductive system,система дедуктивная
1650,deep Q-learning,глубокое Q-обучение
1651,deep Q-network,глубокая Q-сеть
1652,deep architecture,глубокая архитектура
1653,deep belief network,Глубокая сеть убеждений
1654,deep case,падеж глубинный
1655,deep convolutional network,глубокая свёрточная сеть
1656,deep convolutional neural network,глубокая свёрточная нейронная сеть
1657,deep feature,глубокая характеристика
1658,deep generative model,глубокая генеративная модель
1659,deep layer,глубокий слой
1660,deep learning,Глубокое обучение
1661,deep learning architecture,архитектура глубокого обучения
1662,deep learning framework,фреймворк глубокого обучения
1663,deep learning model,модель глубокого обучения
1664,deep learning system,система глубокого обучения
1665,deep model,глубокая модель
1666,deep net,глубокая сеть
1667,deep network,глубокая нейронная сеть
1668,deep network architecture,глубокая сетевая архитектура
1669,deep neural model,глубокая нейронная модель
1670,deep neural net,глубокая нейронная сеть
1671,deep neural network,глубокая нейронная сеть
1672,deep reinforcement learning,глубокое обучение с подкреплением
1673,deep structure,структура глубинная
1674,deep supervision,глубокое наблюдение
1675,deeply-supervised net,глубоко контролируемая сеть
1676,default,дефолт
1677,default logic,логика рассуждений по умолчанию
1678,default reasoning,рассуждение по умолчанию
1679,default value,значение по умолчанию
1680,deformable template,деформируемый шаблон
1681,deformation field,поле деформации
1682,degree distribution,распределение степеней
1683,delayed reward,запаздывающее вознаграждение
1684,delexicalization,делексикализация
1685,delta kernel,дельта-ядро
1686,dendrogram,дендрограмма
1687,denoiser,денойзер
1688,denoising autoencoder,Автоэнкодер с шумоподавлением
1689,denoising diffusion probabilistic model,Модель вероятностного диффузионного денойзинга
1690,denoising network,сеть денойзинга
1691,denoising objective,задача шумоподавления
1692,denoising process,процесс денойзинга
1693,denoising score matching,денойзинг-скор-матчинг
1694,denoising score matching loss,функция потерь сопоставления оценок с шумоподавлением
1695,denotation,обозначение
1696,denotatum,денотат
1697,dense,плотный
1698,dense attention,плотное внимание
1699,dense depth map,плотная карта глубины
1700,dense feature,плотная особенность
1701,dense layer,плотный слой
1702,dense matrix,плотная матрица
1703,dense network,плотная сеть
1704,dense prediction,плотное предсказание
1705,dense representation,плотное представление
1706,dense vector,плотный вектор
1707,density estimate,оценка плотности
1708,density estimation,оценка плотности
1709,density estimator,оцениватель плотности
1710,density field,поле плотности
1711,density function,функция плотности
1712,density gradient,градиент плотности
1713,density ratio,отношение плотностей
1714,deontic logic,логика деонтическая
1717,dependency arc,дуга зависимости
1718,dependency feature,зависимостная характеристика
1719,dependency graph,граф зависимостей
1720,dependency label,метка зависимости
1721,dependency model,модель зависимости
1722,dependency parse,разбор зависимостей
1723,dependency parse tree,дерево разбора зависимостей
1724,dependency parser,парсер зависимостей
1725,dependency parsing model,модель парсинга зависимостей
1726,dependency path,путь зависимости
1727,dependency relation,отношение зависимостей
1728,dependency representation,представление зависимостей
1729,dependency structure,структура зависимостей
1730,dependency tree,дерево зависимостей
1731,dependency treebank,корпус деревьев зависимостей
1732,dependent variable,зависимая переменная
1733,depth estimation,оценка глубины
1734,depth estimator,оцениватель глубины
1735,depth image,изображение глубины
1736,depth map,карта глубины
1737,depth prediction,предсказание глубины
1738,depth-first search,поиск в глубину
1739,description logic,логика описаний
1740,descriptor,дескриптор
1741,design matrix,матрица проектирования
1742,design space,пространство проектирования
1743,designator,десигнат
1744,det,определитель
1746,detection algorithm,алгоритм обнаружения
1747,detection model,модель обнаружения
1748,detection score,оценка обнаружения
1749,detection window,окно обнаружения
1750,detector,детектор
1751,deterministic algorithm,детерминированный алгоритм
1752,deterministic annealing,детерминированный отжиг
1753,deterministic automaton,детерминированный автомат
1754,deterministic baseline,детерминированная база
1755,deterministic finite automaton,детерминированный конечный автомат
1756,deterministic policy,детерминированная политика
1757,deterministic rule,детерминированное правило
1758,dev set,валидационный набор
1759,development set,набор для разработки
1760,diagonal matrix,диагональная матрица
1761,dialog system,диалоговая система
1762,dialogue act,акт диалога
1763,dialogue context,контекст диалога
1764,dialogue generation,генерация диалога
1765,dialogue history,история диалога
1766,dialogue management,управление диалогом
1767,dialogue state,состояние диалога
1768,dialogue state tracker,трекер состояния диалога
1769,dialogue system,диалоговая система
1770,dialogue turn,диалоговый ход
1771,dictionary learning,обучение словарю
1772,dictionary matrix,словарная матрица
1773,diffeomorphism,диффеоморфизм
1774,differentiable function,дифференцируемая функция
1775,differentiable renderer,дифференцируемый рендерер
1776,differentiable rendering,дифференцируемый рендеринг
1777,differentiable rendering function,дифференцируемая функция рендеринга
1778,differential entropy,дифференциальная энтропия
1779,differential privacy,дифференциальная приватность
1780,diffusion matrix,матрица диффузии
1781,diffusion model,модель диффузии
1782,diffusion tensor,тензор диффузии
1783,digamma function,дигамма-функция
1784,digit classification,классификация цифр
1785,dilated convolution,расширенная свертка
1786,dilation,дилатация
1787,dim,размерность
1788,dimension,размерность
1789,dimension reduction,уменьшение размерности
1790,dimensional vector,d-мерный вектор
1791,dimensionality,размерность
1792,dimensionality reduction,уменьшение размерности
1793,direct inference,вывод прямой
1794,directed acyclic graph,направленный ациклический граф
1795,directed edge,направленное ребро
1796,directed graph,направленный граф
1797,directed graphical model,направленная графическая модель
1798,directed tree,направленное дерево
1799,disambiguation,разрешение неоднозначности
1800,discount factor,коэффициент дисконтирования
1801,discount parameter,параметр дисконтирования
1802,discounted cumulative reward,дисконтированная кумулятивная награда
1803,discounted return,дисконтированное вознаграждение
1804,discounted reward,дисконтированное вознаграждение
1805,discounted state distribution,дисконтированное распределение состояний
1806,discourse,дискурс
1807,discrete distribution,дискретное распределение
1808,discrete graphical model,дискретная графическая модель
1809,discrete random variable,дискретная случайная величина
1810,discretization,Дискретизация
1811,discriminant analysis,дискриминантный анализ
1812,discriminant function,дискриминантная функция
1813,discriminative,дискриминативный
1814,discriminative approach,дискриминативный подход
1815,discriminative feature,дискриминативная особенность
1816,discriminative method,дискриминативный метод
1817,discriminative model,дискриминативная модель
1818,discriminative training,дискриминативное обучение
1819,discriminator,Дискриминатор
1820,discriminator network,дискриминаторная сеть
1821,disentangle,разделять
1822,disentangled representation,разделённое представление
1823,disjunction,дизъюнкция
1824,disparity estimation,оценка диспаратности
1825,disparity map,карта диспаратности
1826,distance function,функция расстояния
1827,distance matrix,матрица расстояний
1828,distance measure,мера расстояния
1829,distance metric,метрика расстояния
1830,distance transform,преобразование расстояния
1831,distant supervision,удалённое аннотирование
1832,distillation,дистилляция
1833,distributed information retrieval,распределённый информационный поиск
1834,distributed learning,распределённое обучение
1835,distributed learning system,система распределённого обучения
1836,distributed planning,планирование распределенное
1837,distributed representation,распределённое представление
1838,distribution shift,смещение распределения
1839,distribution vector,вектор распределения
1840,distributional,распределительный
1841,distributional feature,распределительная характеристика
1842,distributional hypothesis,распределительная гипотеза
1843,distributional model,распределительная модель
1844,distributional representation,распределительное представление
1845,distributional semantic,распределительная семантика
1846,distributional semantic model,распределительная семантическая модель
1847,distributional similarity,распределительное сходство
1848,distributional word representation,распределительное представление слов
1849,distributionally robust optimization,распределительно-робастная оптимизация
1851,divergence operator,оператор дивергенции
1852,diversity score,оценка разнообразия
1853,do-calculus,do-калькуляс
1855,document classification,классификация документов
1856,document clustering,кластеризация документов
1857,document corpus,корпус документов
1858,document retrieval,извлечение документов
1859,document summarization,суммирование документов
1860,document vector,вектор документа
1861,document-level,уровень документа
1862,document-topic assignment,присвоение темы документу
1865,domain adaptation,Адаптация домена
1866,domain element,элемент домена
1867,domain gap,доменный разрыв
1868,domain generalization,обобщение домена
1869,domain knowledge,предметные знания
1870,domain mismatch,несоответствие доменов
1871,domain ontology,онтология домена
1872,domain shift,сдвиг домена
1873,domain transfer,перенос домена
1874,domain-specific,специфичный для области
1876,dot product,скалярное произведение
1877,dot-product attention,внимание с использованием скалярного произведения
1878,down-sampling,понижение дискретизации
1879,down-sampling layer,слой понижающей дискретизации
1880,downsampling block,блок уменьшения дискретизации
1881,downsampling factor,коэффициент понижающей дискретизации
1882,downsampling layer,слой понижающей дискретизации
1884,downstream dataset,набор данных для задач нижнего уровня
1885,downstream model,downstream-модель
1886,downstream performance,результаты работы на целевой задаче
1887,downstream task,downstream-задача
1888,dropout,Дропаут
1889,dropout layer,слой дропаута
1890,dropout probability,вероятность дропаута
1891,dropout rate,коэффициент дропаута
1892,dropout ratio,коэффициент дропаута
1893,dual decomposition,двойная декомпозиция
1894,dual encoder model,модель двойного кодировщика
1895,dual norm,двойная норма
1896,dual objective,двойственная цель
1897,dual optimization problem,двойственная задача оптимизации
1898,dual parameter,двойственный параметр
1899,dual problem,двойственная задача
1900,dual program,двойная программа
1901,dual solution,двойное решение
1902,dual variable,двойственная переменная
1903,duality gap,разрыв двойственности
1904,dynamic Bayesian network,динамическая байесовская сеть
1905,dynamic logic,логика динамическая
1906,dynamic model,динамическая модель
1907,dynamic programming,Динамическое программирование
1908,dynamic programming algorithm,алгоритм динамического программирования
1909,dynamic time warping,динамическое временное выравнивание
1910,dynamical model,динамическая модель
1911,dynamical system,динамическая система
1912,early fusion,раннее слияние
1913,early stopping,ранняя остановка
1914,earth-mover distance,расстояние перемещателя земли
1915,edge detection,обнаружение краев
1916,edge feature,краевая характеристика
1917,edge label,метка ребра
1918,edge prediction,предсказание ребра
1919,edge set,множество рёбер
1920,edge weight,вес ребра
1922,edit distance,расстояние редактирования
1923,effective receptive field,эффективное рецептивное поле
1924,ego-motion,эго-движение
1925,eigen-decomposition,деккомпозиция по собственным значениям
1926,eigenbasis,собственный базис
1927,eigendecay,собственное затухание
1928,eigenfunction,собственная функция
1929,eigenspace,собственное пространство
1930,eigenspectrum,собственный спектр
1931,eigenvalue,собственное значение
1932,eigenvalue decomposition,разложение на собственные значения
1933,eigenvector,собственный вектор
1934,elastic net regularization,регуляризация эластичной сети
1935,element-wise,поэлементный
1936,element-wise multiplication,поэлементное умножение
1937,element-wise product,поэлементное произведение
1938,elementary tree,элементарное дерево
1939,eligibility trace,след правомочности
1940,embedded deformation graph,встроенный граф деформаций
1942,embedding dimension,размерность встраивания
1943,embedding dimensionality,размерность встраивания
1944,embedding feature,Эмбеддинг-признак
1945,embedding layer,слой встраивания
1946,embedding matrix,матрица встраивания
1947,embedding model,модель встраивания
1948,embedding parameter,параметр встраивания
1949,embedding size,размер встраивания
1950,embedding space,пространство встраивания
1951,embedding vector,вектор встраивания
1952,embedding-based metric,метрика на основе встраиваний
1954,embodied agent,воплощённый агент
1955,emission probability,вероятность эмиссии
1956,emotion classification,классификация эмоций
1957,empirical Bayes,эмпирический Байес
1958,empirical distribution,эмпирическое распределение
1959,empirical estimate,эмпирическая оценка
1960,empirical estimator,эмпирический оцениватель
1961,empirical frequency,эмпирическая частота
1962,empirical induction,индукция неполная (эмпирическая)
1963,empirical loss,эмпирический риск
1964,empirical mean,эмпирическое среднее
1965,empirical measure,эмпирическая мера
1966,empirical minimizer,эмпирический минимизатор
1967,empirical process theory,теория эмпирических процессов
1968,empirical risk,эмпирический риск
1969,empirical risk minimization,минимизация эмпирического риска
1970,empirical risk minimizer,минимизатор эмпирического риска
1971,empirical variance,эмпирическая дисперсия
1972,empty clause,дизъюнкт пустой
1973,emulator,эмулятор
1974,encode,кодировать
1976,encoder layer,слой кодировщика
1977,encoder model,модель кодировщика
1978,encoder network,сеть кодировщика
1979,encoder states,состояния кодировщика
1980,encoder-decoder,Энкодер-Декодер
1981,encoder-decoder architecture,архитектура кодировщик-декодер
1982,encoder-decoder framework,фреймворк кодировщик-декодировщик
1983,encoder-decoder model,модель энкодер-декодер
1985,encoding,кодировка
1986,end-of-sequence token,токен конца последовательности
1987,end-to-end learning,обучение от начала до конца
1988,end-to-end model,сквозная модель
1989,end-to-end neural model,сквозная нейронная модель
1990,end-to-end pipeline,сквозной конвейер
1991,end-to-end system,сквозная система
1992,end-to-end training,сквозное обучение
1993,energy function,функция энергии
1994,energy minimization,минимизация энергии
1995,energy minimization framework,рамка минимизации энергии
1996,energy minimization problem,задача минимизации энергии
1997,ensemble classification,ансамблевое классифицирование
1998,ensemble classifier,ансамблевый классификатор
1999,ensemble learning,ансамблевое обучение
2000,ensemble method,метод ансамбля
2001,ensemble model,модель ансамбля
2002,ensemble of classifier,ансамбль классификаторов
2003,ensemble size,размер ансамбля
2004,entail,влечь за собой
2005,entailment,логическое следствие
2006,entailment detection,обнаружение следования
2009,entity coreference,разрешение кореференции сущностей
2010,entity description,описание сущности
2011,entity detection,обнаружение сущностей
2012,entity embedding,встраивание сущностей
2013,entity extraction,извлечение сущностей
2014,entity linker,Связыватель сущностей
2015,entity mention,упоминание сущности
2016,entity recognition,распознавание сущностей
2017,entity representation,представление сущности
2018,entity resolution,разрешение сущностей
2019,entity set,множество сущностей
2020,entity type,тип сущности
2021,entropy,Энтропия
2022,entropy estimation,оценка энтропии
2023,entropy function,функция энтропии
2024,entropy loss,потеря энтропии
2025,entropy regularization,регуляризация энтропии
2026,enumeration algorithm,алгоритм перечисления
2027,envy-freeness,отсутствие зависти
2028,eos,<eos>
2029,epipolar constraint,эпиполярное ограничение
2030,epipolar geometry,эпиполярная геометрия
2031,epipolar line,эпиполярная линия
2032,epipole,эпиполь
2033,episodic return,эпизодическое вознаграждение
2034,epistemic uncertainty,эпистемическая неопределенность
2035,epistemiological logic,логика эпистемиологическая
2036,epoch,эпоха
2037,equalized odd,уравновешенные шансы
2038,equivalence class,класс эквивалентности
2039,equivalence query,запрос на эквивалентность
2040,equivalence relation,отношение эквивалентности
2041,equivariance,эквивариантность
2042,equivariant,эквивариантный
2043,error,ошибка
2044,error analysis,анализ ошибок
2045,error bound,граница ошибки
2046,error function,функция ошибки
2047,error probability,вероятность ошибки
2048,error rate,частота ошибок
2049,error tolerance,допустимая ошибка
2050,estimation error,ошибка оценки
2051,estimator,оцениватель
2052,evaluation,оценка
2053,evaluation function,функция оценки
2054,evaluation metric,метрика оценки
2055,evaluation set,набор для оценки
2057,event calculus,исчисление событий
2058,event coreference,кореференция событий
2059,event detection,обнаружение событий
2060,event extraction,извлечение событий
2061,evidence,свидетельство
2062,evidence lower bound,нижняя граница доказательства
2063,evidence maximization,максимизация правдоподобия
2064,exact inference,точное вывод
2065,excess loss,избыточная потеря
2066,exchangeability,обменяемость
2067,existential quantifier,квантор существования
2069,expectation maximization,Метод максимизации ожидания
2070,expectation maximization algorithm,Алгоритм максимизации ожидания
2071,expected loss,ожидаемая потеря
2072,expected reward,ожидаемое вознаграждение
2073,expected utility,ожидаемая полезность
2074,experience replay,воспроизведение опыта
2075,expert demonstration,демонстрация эксперта
2076,expert knowledge,знания экспертные
2077,expert system,система экспертная
2078,explanation,объяснение
2079,explanatory system,система объяснения
2080,explicit-state search,поиск с явным состоянием
2081,exploding gradient,взрывающийся градиент
2082,exploitability,эксплуатируемость
2083,exploration rate,коэффициент исследования
2084,exploratory data analysis,исследовательский анализ данных
2085,exponential complexity,экспоненциальная сложность
2086,exponential decay,экспоненциальное затухание
2087,exponential distribution,Экспоненциальное распределение
2088,exponential family,экспоненциальное семейство
2089,exponential loss,экспоненциальная потеря
2090,exponential map,экспоненциальная карта
2091,exponential moving average,экспоненциальное скользящее среднее
2092,exposure bias,предвзятость экспозиции
2093,extensional data base,база данных экстенсиональная
2094,extensional relation,отношение экстенсиональное
2095,extensional representation,представление экстенсиональное
2096,extensional semantic network,сеть семантическая экстенсиональная
2097,extensive-form game,игра в расширенной форме
2100,extraction,Извлечение
2102,extractive question answering,экстрактивный ответ на вопросы
2103,extractive summarization,экстрактивное резюмирование
2104,extractor,извлекатель
2105,f-divergence,f-дивергенция
2106,face detection,обнаружение лиц
2107,face detector,детектор лиц
2108,face recognition,распознавание лиц
2109,facet,фасет
2110,facial landmark,ключевая точка лица
2111,facial recognition,распознавание лиц
2112,fact verification,проверка фактов
2113,factor analysis,факторный анализ
2114,factor graph,граф факторов
2115,factor matrix,факторная матрица
2116,factor of variation,фактор вариации
2117,factorization,факторизация
2118,factorization algorithm,алгоритм факторизации
2119,factorization method,метод факторизации
2120,failure probability,вероятность отказа
2121,fairness criterion,критерий справедливости
2122,fairness loss,потери на справедливость
2123,fairness notion,понятие справедливости
2124,faithfulness score,оценка верности
2125,false negative,ложноотрицательный результат
2126,false negative rate,уровень ложных отрицательных срабатываний
2127,false positive rate,коэффициент ложных положительных результатов
2128,fanout,разветвление
2129,fc layer,полносвязный слой
2130,feasible set,допустимое множество
2131,feature,признак
2132,feature channel,канал признаков
2133,feature correspondence,соответствие признаков
2134,feature count,количество признаков
2135,feature descriptor,дескриптор признаков
2136,feature detection,обнаружение признаков
2137,feature detector,детектор признаков
2138,feature dimension,размерность признаков
2139,feature dimensionality,размерность признаков
2140,feature embedding,встраивание признаков
2141,feature encoder,кодировщик признаков
2142,feature engineering,инженерия признаков
2143,feature extraction,извлечение признаков
2144,feature extractor,извлекатель признаков
2145,feature function,функция признаков
2146,feature hashing,хеширование признаков
2147,feature hierarchy,иерархия признаков
2148,feature map,карта признаков
2149,feature mapping function,функция отображения признаков
2150,feature matching,сопоставление признаков
2151,feature matrix,матрица признаков
2152,feature model,модель признаков
2153,feature normalization,нормализация признаков
2154,feature point,точка признака
2155,feature pyramid,пирамидальная структура признаков
2156,feature representation,представление признаков
2157,feature representation learning,обучение представлению признаков
2158,feature selection,отбор признаков
2159,feature selector,выборщик признаков
2160,feature set,множество признаков
2161,feature space,пространство признаков
2162,feature template,шаблон признаков
2163,feature vector,вектор признаков
2164,feature weight,вес признака
2166,featurization,извлечение признаков
2167,featurized representation,представление с извлечёнными признаками
2168,feed forward,прямое распространение
2169,feed forward network,сеть прямого распространения
2170,feed forward neural network,нейронная сеть прямого распространения
2171,feed-forward layer,слой прямой связи
2172,feedback loop,петля обратной связи
2173,few shot learning,обучение на малом количестве примеров
2174,few-shot classification,классификация с несколькими примерами
2175,few-shot example,пример с несколькими примерами
2176,few-shot fine-tuning,дообучение с малым количеством примеров
2177,few-shot in-context learning,обучение в контексте с малым количеством примеров
2178,few-shot prompting,prompting с малым количеством примеров
2179,few-shot setting,настройка с несколькими примерами
2180,fifth generation computer system,система пятого поколения вычислительная
2181,filter bank,банк фильтров
2182,filter weight,вес фильтра
2183,fine-grained sentiment classification,детализированная классификация настроений
2184,fine-tune,дообучение
2185,fine-tuned model,дообученная модель
2186,finetuning,тонкая настройка
2187,finite automaton,автомат конечный
2188,finite horizon,конечный горизонт
2189,finite-state automata,автоматы с конечным числом состояний
2190,first order logic,логика первого порядка
2191,first order method,метод первого порядка
2192,first order predicate calculus,исчисление предикатов первого порядка
2193,first-order,первого порядка
2194,first-order language,язык первого порядка
2195,first-order logic,логика первого порядка
2196,first-order model,модель первого порядка
2197,first-order parsing,парсинг первого порядка
2198,fitness function,функция приспособленности
2199,five-fold cross-validation,пятикратная кросс-валидация
2200,fixed point,фиксированная точка
2201,fixed-parameter tractable,решаемо для фиксированных параметров
2202,fixed-point iteration,итерация по фиксированной точке
2203,fixpoint,фиксированная точка
2204,float16,float16
2205,float32,float32
2206,flow field,поле потока
2207,flow model,модель потока
2208,focus,фокус
2209,forall,для всех
2210,forecasting,прогнозирование
2211,foreground segmentation,сегментация переднего плана
2212,forget gate,ворота забывания
2213,formal grammar,грамматика формальная
2214,formal model,модель формальная
2215,formal system,система формальная
2216,forward algorithm,алгоритм прямого прохода
2217,forward model,прямой модель
2218,forward pass,прямой проход
2219,forward process,прямой процесс
2220,forward propagation,прямое распространение
2221,forward-backward algorithm,алгоритм прямого и обратного проходов
2222,foundation model,фундаментальная модель
2223,fp,кадров в секунду
2224,fp16,fp16
2225,fp32,fp32
2226,fractail,фрактал
2227,fractional program,дробная программа
2228,frame,фрейм
2229,frame language,язык фреймовый
2230,frame system,система фреймов
2231,frame-example,фрейм-экземпляр
2232,frame-prototype,протофрейм
2233,free variable,свободная переменная
2234,frequency penalty,штраф за частоту
2235,frequency vector,вектор частот
2236,frequent closed itemset,частое закрытое множество предметов
2237,frequent item set,часто встречающееся множество
2238,frequent pattern,частый паттерн
2239,frequent pattern mining,добыча частых паттернов
2240,fully connected graph,полносвязный граф
2241,fully connected layer,полносвязный слой
2242,fully connected network,полносвязная сеть
2243,fully connected neural network,полносвязная нейронная сеть
2244,fully convolutional network,полносвёрточная сеть
2245,fully convolutional neural network,полностью свёрточная нейронная сеть
2246,fully-supervised model,полностью контролируемая модель
2247,function approximation,аппроксимация функции
2248,function approximator,аппроксиматор функции
2249,function class,класс функций
2250,function space,пространство функций
2251,functional relation,отношение функциональное
2252,functionality assertion,утверждение функциональности
2253,fundamental matrix,фундаментальная матрица
2254,fusion module,модуль слияния
2255,fuzzy inference,вывод нечеткий
2256,fuzzy logic,логика нечетная
2257,fuzzy matching,нечеткое сопоставление
2258,fuzzy modelling relation,отношение моделирования нечетко
2259,fuzzy scale,шкала размытая
2260,fuzzy set,множество нечеткое
2261,g-value,g-значение
2262,game program,программа игровая
2263,game tree,игровое дерево
2264,game-theoretic analysis,теоретико-игровой анализ
2265,gamma distribution,Распределение Гамма
2266,garbage collection,сборка мусора
2267,gate,затвор
2268,gating function,функция управления
2269,generalisation,обобщение
2270,generalization,обобщение
2271,generalization ability,способность к обобщению
2272,generalization bound,граница обобщения
2273,generalization error,ошибка обобщения
2274,generalization gap,разрыв обобщения
2275,generalization guarantee,гарантия обобщения
2276,generalization performance,производительность обобщения
2278,generalized eigenvector,обобщённый собственный вектор
2279,generalized linear mixed model,обобщённая линейная смешанная модель
2280,generalized linear model,обобщённая линейная модель
2284,generation model,модель генерации
2285,generative,генеративный
2286,generative adversarial network,генеративная состязательная сеть
2287,generative adversarial networks,Генеративные состязательные сети
2288,generative approach,генеративный подход
2289,generative model,Генеративная модель
2290,generative network,генеративная сеть
2291,generative parser,генеративный парсер
2292,generative pre-training,генеративное предварительное обучение
2293,generative probabilistic model,генеративная вероятностная модель
2294,generative process,генеративный процесс
2295,generator,Генератор
2296,generator architecture,архитектура генератора
2297,generator network,сеть генератора
2298,genetic algorithm,алгоритм генетический
2299,geodesic,геодезическая
2300,geodesic distance,геодезическое расстояние
2301,geometric consistency,геометрическая согласованность
2302,geometric distribution,геометрическое распределение
2303,geometric invariant,геометрическая инвариантность
2304,geometric transformation,геометрическое преобразование
2305,geometry processing,обработка геометрии
2306,gibb distribution,распределение Гиббса
2307,gist descriptor,дескриптор общей картины
2308,global average pooling,глобальное среднее объединение
2309,global average pooling layer,глобальный слой усреднения
2310,global coordinate frame,глобальная система координат
2311,global illumination,глобальное освещение
2312,global minima,глобальные минимумы
2313,global minimum,глобальный минимум
2314,global model,глобальная модель
2315,global objective,глобальная цель
2316,global optima,глобальные оптимумы
2317,global optimization,глобальная оптимизация
2318,global optimum,глобальный оптимум
2319,global pooling,глобальная агрегация
2320,global reward,глобальная награда
2321,goal space,пространство целевое
2322,goal state,целевое состояние
2323,goal tree,дерево целей
2324,gold label,эталонная метка
2325,gold parse,эталонный разбор
2326,gossip algorithm,алгоритм распространения информации
2327,gradient,градиент
2328,gradient accumulation,накопление градиентов
2329,gradient accumulation step,шаг накопления градиентов
2330,gradient ascent,градиентный подъём
2331,gradient boosted tree,градиентное бустирование деревьев
2332,gradient clipping,усечение градиента
2333,gradient computation,вычисление градиента
2334,gradient descent,градиентный спуск
2335,gradient descent algorithm,алгоритм градиентного спуска
2336,gradient estimate,оценка градиента
2337,gradient estimation,оценка градиента
2338,gradient estimator,оцениватель градиента
2339,gradient explosion,взрыв градиента
2340,gradient flow,поток градиента
2341,gradient information,информация о градиенте
2342,gradient method,Градиентный метод
2343,gradient norm,Норма градиента
2344,gradient operator,оператор градиента
2345,gradient penalty,градиентный штраф
2346,gradient signal,градиентный сигнал
2347,gradient step,градиентный шаг
2348,gradient term,градиентный член
2349,gradient update,обновление градиента
2350,gradient variance,дисперсия градиента
2351,gradient vector,градиентный вектор
2352,gradient-based approach,подход на основе градиентов
2353,gradient-based learning,обучение на основе градиента
2354,gradient-based method,метод на основе градиентов
2355,gradient-based optimization,градиентная оптимизация
2357,grammar inducer,индуктор грамматики
2358,grammar induction,индукция грамматики
2360,grammatical error detection,обнаружение грамматических ошибок
2361,grandparent dependency,зависимость от предков
2363,graph Laplacian,графовый Лапласиан
2364,graph Laplacian matrix,матрица лапласиана графа
2365,graph adjacency matrix,матрица смежности графа
2366,graph attention,внимание графа
2367,graph attention mechanism,механизм графового внимания
2368,graph attention network,сеть графового внимания
2369,graph classification,классификация графов
2370,graph clustering,кластеризация графов
2371,graph construction,построение графа
2372,graph contrastive learning,графовое контрастивное обучение
2373,graph convolution,графовая свертка
2374,graph convolution network,графовая свертка сети
2375,graph convolutional network,графовая сверточная сеть
2376,graph cut,графовый разрез
2377,graph cut algorithm,алгоритм разреза графа
2378,graph dataset,Набор данных графа
2379,graph datum,данные графа
2380,graph diameter,диаметр графа
2381,graph embedding,встраивание графа
2382,graph generator,генератор графов
2383,graph isomorphism,изоморфизм графов
2384,graph kernel,ядро графа
2385,graph learning,обучение графов
2386,graph matching,сопоставление графов
2387,graph mining,майнинг графов
2388,graph model,графовая модель
2389,graph neural network,графовая нейронная сеть
2390,graph neural networks,графовые нейронные сети
2391,graph node,узел графа
2392,graph partitioning,разбиение графа
2393,graph pattern,шаблон графа
2394,graph representation,графовое представление
2395,graph sampling,Сэмплирование графа
2396,graph structure,графовая структура
2397,graph theory,Теория графов
2398,graph topology,топология графа
2399,graph traversal,обход графа
2400,graph-based approach,подход на основе графов
2401,graph-based dependency parsing,разбор зависимостей на основе графа
2402,graph-based learning,обучение на основе графов
2403,graph-based method,метод на основе графов
2404,graph-based model,модель на основе графов
2405,graph-based representation,графовая репрезентация
2406,graph-level task,задача на уровне графа
2407,graphical model,графическая модель
2408,graphlet,графлет
2409,graphlet kernel,графлетное ядро
2411,greedy,жадный
2412,greedy algorithm,жадный алгоритм
2413,greedy approach,жадный подход
2414,greedy decoding,жадное декодирование
2415,greedy inference,жадная инференция
2416,greedy maximization,жадная максимизация
2417,greedy method,жадный метод
2418,greedy optimization,жадная оптимизация
2419,greedy policy,жадная политика
2420,greedy search,жадный поиск
2421,greedy strategy,жадная стратегия
2422,grid cell,ячейка сетки
2423,grid search,поиск по сетке
2424,grid-world,сетчатый мир
2425,ground atom,конкретный атом
2426,ground set,базовое множество
2427,ground truth,эталонные данные
2428,ground truth label,истинная метка
2429,ground-truth box,ограничивающий прямоугольник истинной метки
2430,grounded language learning,обучение языку с привязкой к контексту
2431,grounded supervision,обоснованное руководство
2433,group normalization,групповая нормализация
2434,group sparsity,групповая разреженность
2435,half-space,полупространство
2436,hand pose estimation,оценка позы руки
2437,hard attention,жесткое внимание
2438,hash,хеш
2439,hash function,хеш-функция
2440,hash table,хеш-таблица
2441,hashing algorithm,алгоритм хеширования
2442,hate speech classifier,классификатор ненавистнической речи
2443,hate speech detection,Обнаружение ненавистной речи
2444,head entity,главная сущность
2445,head word,головное слово
2446,heap structure,структура кучи
2447,heatmap,тепловая карта
2448,held-out data,отложенные данные
2449,hermeneutics,герменевтика
2450,hermeneutics reasoning,рассуждение герменевтическое
2452,heuristic algorithm,эвристический алгоритм
2453,heuristic function,эвристическая функция
2454,heuristic knowledge,знания эвристические
2455,heuristic program,программа эвристическая
2456,heuristic programming,программирование эвристическое
2457,heuristic search,эвристический поиск
2458,heuristic search algorithm,эвристический поисковый алгоритм
2459,heuristic value,эвристическое значение
2460,heuristics,эвристика
2461,hidden Markov model,Скрытая модель Маркова
2462,hidden dimension,скрытое измерение
2463,hidden dimension size,размер скрытого измерения
2464,hidden dimensionality,скрытая размерность
2465,hidden embedding,скрытое представление
2466,hidden feature,скрытая особенность
2467,hidden layer,скрытый слой
2468,hidden representation,скрытое представление
2469,hidden size,размер скрытого слоя
2470,hidden state,скрытое состояние
2471,hidden state dimension,размерность скрытого состояния
2472,hidden state representation,представление скрытого состояния
2473,hidden state vector,вектор скрытого состояния
2474,hidden unit,скрытая единица
2475,hidden variable,скрытая переменная
2476,hierarchical agglomerative clustering,иерархическая агломеративная кластеризация
2477,hierarchical clustering,иерархическая кластеризация
2478,hierarchical data base,база данных иерархическая
2479,hierarchical decoder,иерархический декодер
2480,hierarchical feature,иерархическая характеристика
2481,hierarchical inference,иерархическое вывод
2482,hierarchical method,иерархический метод
2483,hierarchical model,иерархическая модель
2484,hierarchical planning,планирование иерархическое
2485,hierarchical reinforcement learning,иерархическое обучение с подкреплением
2486,hierarchical representation,иерархическое представление
2487,hierarchical structure,иерархическая структура
2488,hierarchical topic model,иерархическая тематическая модель
2489,hierarchy,иерархия
2490,high-dimensional datum,данные высокой размерности
2491,high-dimensional space,высокоразмерное пространство
2492,high-dimensionality,высокая размерность
2493,higher-order feature,признак высшего порядка
2494,higher-order model,модель высшего порядка
2495,hill-climbing,метод подъема на холм
2496,hinge loss,потери на основе шарнира
2497,hinge loss function,функция потерь на основе шарнира
2498,hireditance,наследование
2499,histogram of oriented gradient,гистограмма ориентированных градиентов
2500,homogeneous coordinate,однородные координаты
2501,homogeneous structure,структура однородная
2502,homographie,гомография
2503,homography matrix,матрица гомографии
2504,homomorphism,гомоморфизм
2506,human annotation,человеческая аннотация
2507,human pose,поза человека
2508,human pose estimation,Оценка позы человека
2509,human-computer interaction,взаимодействие человека с компьютером
2510,human-in-the-loop,человек в цикле
2511,human-machine interaction,взаимодействие человека и машины
2512,hybrid model,гибридная модель
2513,hyper-event,гиперсобытие
2514,hyper-graph,гиперграф
2515,hyper-parameter tuning,настройка гиперпараметров
2516,hyperbolic space,гиперболическое пространство
2517,hyperedge,гиперребро
2518,hypernym,гипероним
2519,hypernymy,гиперонимия
2520,hyperparameter optimization,оптимизация гиперпараметров
2521,hyperparameter selection,выбор гиперпараметров
2522,hyperparameter setting,настройка гиперпараметров
2523,hyperparameter space,пространство гиперпараметров
2524,hyperplane,гиперплоскость
2525,hyperprior,гиперприор
2526,hyponym,гипоним
2527,hyponymy,гипонимия
2528,hypothesis,гипотеза
2529,hypothesis class,класс гипотез
2530,hypothesis set,множество гипотез
2531,hypothesis space,пространство гипотез
2532,hypothesis test,тест гипотез
2533,i.i.d,независимые и одинаково распределённые
2534,i.i.d. sample,независимая и одинаково распределенная выборка
2535,iconic memory,память иконическая
2536,idempotent,идемпотентный
2537,identification,идентификация
2539,identity function,тождественная функция
2540,identity mapping,тождественное отображение
2541,identity matrix,единичная матрица
2542,identity transformation,тождественное преобразование
2543,ill-structered subject area,область предметная плохо структурированная
2544,illocution,иллокуция
2546,image analysis,анализ изображений
2547,image captioning,генерация описаний изображений
2548,image classification,классификация изображений
2549,image compression,сжатие изображений
2550,image denoising,удаление шума с изображений
2551,image diffusion model,модель диффузии изображений
2552,image embedding,встраивание изображения
2553,image encoder,кодировщик изображения
2554,image feature,особенность изображения
2555,image generation,генерация изображений
2556,image inpainting,восстановление изображения
2557,image patch,фрагмент изображения
2558,image plane,плоскость изображения
2559,image processing,обработка изображений
2560,image pyramid,пирамидальная структура изображения
2561,image recognition,распознавание изображений
2562,image representation,представление изображения
2563,image restoration,восстановление изображения
2564,image segmentation,сегментация изображения
2565,image super-resolution,суперразрешение изображения
2566,image synthesis,синтез изображения
2567,image translation,перевод изображений
2568,image-based rendering,рендеринг на основе изображений
2569,image-text pre-training,предварительное обучение на изображениях и текстах
2570,image-to-image translation,перевод изображений в изображения
2571,imitation learning,Обучение имитацией
2572,immediate consequence operator,оператор непосредственного следствия
2573,imperfect information,неполная информация
2574,implication,импликация
2575,implicit differentiation,неявное дифференцирование
2576,implicit function,неявная функция
2577,implicit representation,неявное представление
2578,implicit surface,неявная поверхность
2579,importance sampling,метод выборки по важности
2580,importance sampling estimator,оцениватель выборки по важности
2581,importance weight,вес важности
2582,in-context demonstration,демонстрация в контексте
2583,in-context example,пример в контексте
2584,in-context learner,обучающийся в контексте
2585,in-degree distribution,распределение входной степени
2586,in-distribution,внутри распределения
2587,in-domain,в рамках домена
2588,in-domain text,внутридоменный текст
2589,in-neighbor,входящий сосед
2590,in-order traversal,обход в симметричном порядке
2591,inception score,оценка инцепции
2592,incompleteness,неполнота
2593,incremental learning,инкрементальное обучение
2594,incremental parsing,инкрементальный парсинг
2595,independent component analysis,Анализ независимых компонент
2596,independent set,независимое множество
2597,independent variable,независимая переменная
2598,indicator matrix,матрица индикаторов
2599,indicator variable,индикаторная переменная
2600,indicator vector,вектор индикаторов
2601,induced subgraph,индуцированный подграф
2602,inducing variable,индуцирующая переменная
2603,induction,индукция
2604,induction hypothesis,гипотеза индукции
2605,inductive bias,индуктивное смещение
2606,inductive generalization,обобщение индуктивное
2607,inductive inference,вывод индуктивный
2608,inductive learning,индуктивное обучение
2609,inductive logic,логика индуктивная
2610,inductive program synthesis,синтез программ дедуктивный
2611,inductive system,система индуктивная
2612,inf,инф
2613,inference,вывод
2614,inference algorithm,алгоритм вывода
2615,inference by analogy,вывод по аналогии
2616,inference chain,цепочка вывода
2617,inference control strategy,стратегия управления выводом
2618,inference machinery,механизм вывода
2619,inference mechanism,механизм вывода
2620,inference method,метод вывода
2621,inference network,сеть вывода
2622,inference problem,задача вывода
2623,inference procedure,процедура вывода
2624,inference process,процесс вывода
2625,inference processor,процессор логического вывода
2626,inference rule,правило вывода
2627,inference stage,этап вывода
2628,inference task,задача вывода
2629,inference time,время вывода
2630,inference tree,дерево вывода
2631,infinite-horizon,бесконечный горизонт
2632,influence diagram,диаграмма влияния
2633,influence function,функция влияния
2635,information bottleneck,узкое место информации
2636,information content,информационное содержание
2637,information gain,прирост информации
2638,information retrieval,Извлечение информации
2639,information retrieval system,система поиска информации
2640,information search,поиск информационный
2641,information set,информационный набор
2642,information theoretic,информационно-теоретический
2643,information theoretic measure,информационно-теоретическая мера
2644,infoset,информационный набор
2645,inheritance mechanism,механизм наследования
2646,inhomogeneous Poisson process,неоднородный процесс Пуассона
2647,initial distribution,начальное распределение
2648,initial state,начальное состояние
2649,initial state distribution,распределение начального состояния
2650,initialization,инициализация
2651,injective function,инъективная функция
2652,inlier,внутренний элемент
2653,inner layer,внутренний слой
2654,inner loop,внутренний цикл
2655,inner node,внутренний узел
2656,inner product,скалярное произведение
2658,input context,входной контекст
2659,input datum,входные данные
2660,input embedding,входное встраивание
2661,input feature,входная особенность
2662,input feature vector,вектор входных признаков
2663,input filter,входной фильтр
2664,input formula,входная формула
2665,input gate,входной шлюз
2666,input graph,входной граф
2667,input image,входное изображение
2668,input layer,входной слой
2669,input length,длина входа
2670,input matrix,входная матрица
2671,input point,входная точка
2672,input position,входная позиция
2673,input representation,входное представление
2674,input resolution,входное разрешение
2675,input sequence,входная последовательность
2676,input space,пространство входных данных
2677,input tensor,входной тензор
2678,input text,входной текст
2679,input token,входной токен
2680,input vector,входной вектор
2681,input-output pair,пара вход-выход
2682,instance,экземпляр
2683,instance level,уровень экземпляра
2684,instance segmentation,сегментация экземпляров
2685,instance selection,выбор экземпляров
2686,instance space,пространство экземпляров
2687,instruction tuning,настройка инструкций
2688,integer linear program,целочисленная линейная программа
2689,integer program,целочисленная программа
2690,integral image,интегральное изображение
2691,integral operator,интегральный оператор
2692,integral probability metric,интегральная вероятностная метрика
2693,integral robot,робот интегральный
2694,integrity constraint,ограничение целостности
2695,intelligent agent,интеллектуальный агент
2696,intelligent interface,интерфейс интеллектуальный
2697,intelligent learning system,система интеллектуальная обучающаяся
2698,intelligent robot,робот интеллектуальный
2699,intelligent system,система интеллектуальная
2700,intelligent teaching system,система интеллектуальная обучающая
2701,intensional knowledge base,база знаний интенсиональная
2702,intensional relation,отношение интенсиональное
2703,intensional semantic network,сеть семантическая интенсиональная
2704,intensity function,функция интенсивности
2705,intent,намерение
2706,inter-annotator agreement,согласие аннотаторов
2707,interaction matrix,матрица взаимодействия
2708,interactive system,система интерактивная
2709,interest point,ключевая точка
2710,interior point method,метод внутренних точек
2711,intermediate layer,промежуточный слой
2712,intermediate representation,промежуточное представление
2713,internal edge,внутреннее ребро
2714,internal node,внутренний узел
2715,internal regret,внутренний регрет
2716,internal representation,внутреннее представление
2717,internal state,внутреннее состояние
2719,interpolation,интерполяция
2720,interpretability,интерпретируемость
2722,interpretation,интерпретация
2723,interpretation function,функция интерпретации
2724,intersection-over-union,пересечение-над-объединением
2725,interval estimate,интервальная оценка
2726,interview,интервью
2727,interview method,метод интервью
2728,intractability,неразрешимость
2729,intrinsic,внутренний
2730,intrinsic camera parameter,внутренние параметры камеры
2731,intrinsic dimension subspace,подпространство внутренней размерности
2732,intrinsic dimensionality,внутренняя размерность
2733,intrinsic evaluation,внутренняя оценка
2734,intrinsic image,внутреннее изображение
2735,intrinsic parameter,внутренний параметр
2736,intuitionistic inference,вывод интуиционисткий
2737,intuitionistic logic,логика интуиционисткая
2738,inverse document frequency,обратная частота документа
2739,inverse dynamic model,обратная динамическая модель
2740,inverse problem,обратная задача
2741,inverse reinforcement learning,Обратное обучение с подкреплением
2742,inverse rendering,обратная визуализация
2743,inverse role,обратная роль
2744,inverse square root learning rate schedule,расписание скорости обучения с обратным квадратным корнем
2745,inverse square root learning rate scheduler,планировщик скорости обучения с обратным квадратным корнем
2746,inverse transform sampling,выборка методом обратного преобразования
2747,inverted index,обратный индекс
2748,inverted list,обратный список
2749,invertible map,обратимое отображение
2750,invertible matrix,обратимая матрица
2751,iobj,косвенное дополнение
2752,iso-surface extraction,извлечение изоповерхностей
2753,isotropic Gaussians,изотропные гауссианы
2754,itemset,набор элементов
2755,iterate,итерация
2756,iterated conditional mode,итеративный метод условных режимов
2757,iteration,итерация
2758,iteration complexity,сложность итерации
2759,iteration counter,счетчик итераций
2760,iterative algorithm,итеративный алгоритм
2761,iterative deepening,итеративное углубление
2762,iterative optimization,итеративная оптимизация
2763,iterative optimization algorithm,итеративный алгоритм оптимизации
2764,iterative training algorithm,итеративный алгоритм обучения
2765,iteratively reweighted least square,итеративно взвешенные наименьшие квадраты
2766,joint density,совместная плотность
2767,joint distribution,совместное распределение
2768,joint embedding space,совместное пространство встраивания
2769,joint encoding,совместное кодирование
2770,joint entropy,совместная энтропия
2771,joint inference,совместное вывод
2772,joint learning,совместное обучение
2773,joint learning algorithm,алгоритм совместного обучения
2774,joint likelihood,совместная вероятность
2775,joint model,совместная модель
2776,joint policy,совместная политика
2777,joint probability,совместная вероятность
2778,joint probability distribution,совместное распределение вероятностей
2779,joint probability matrix,матрица совместных вероятностей
2780,joint probability table,таблица совместных вероятностей
2781,joint semantic space,совместное семантическое пространство
2782,judgement,суждение
2783,junction tree,дерево связей
2784,junction tree algorithm,алгоритм дерева связей
2785,justification,оправдание
2786,k nearest neighbor,k ближайших соседей
2787,k-Center,k-центр
2788,k-best list,k-лучший список
2789,k-best parsing,k-лучший разбор
2790,k-d tree,k-d дерево
2791,k-hop neighbor,соседи на расстоянии k шагов
2792,k-means clustering algorithm,алгоритм кластеризации k-средних
2793,k-nearest neighbor,k-ближайших соседей
2794,k-nearest neighbor classifier,классификатор k-ближайших соседей
2795,k-nearest neighbor graph,граф k-ближайших соседей
2796,kernel approximation,аппроксимация ядра
2797,kernel bandwidth,ширина ядра
2798,kernel classifier,классификатор на основе ядра
2799,kernel density,оценка плотности ядра
2800,kernel density estimate,оценка ядерной плотности
2801,kernel density estimation,оценка плотности ядра
2802,kernel evaluation,оценка ядра
2803,kernel function,функция ядра
2804,kernel learning,метод обучения с ядрами
2805,kernel learning problem,задача обучения с использованием ядра
2806,kernel machine,машина на основе ядра
2807,kernel matrix,матрица ядра
2808,kernel method,метод ядра
2809,kernel operation,ядерная операция
2810,kernel operator,ядерный оператор
2811,kernel parameter,параметр ядра
2812,kernel regression,ядерная регрессия
2813,kernel ridge regression,ядерная ридж-регрессия
2814,kernel size,размер ядра
2815,kernel smoothing,сглаживание ядром
2816,kernel space,пространство ядра
2817,kernel spectrum,спектр ядра
2818,kernel trick,Трюк с ядром
2819,kernel value,значение ядра
2820,kernel weight,вес ядра
2821,kernel width,ширина ядра
2822,kernel-based classification,классификация на основе ядра
2823,key,ключ
2824,keypoint,ключевая точка
2825,keypoint detection,обнаружение ключевых точек
2826,keypoint detector,детектор ключевых точек
2827,keypoint location,расположение ключевых точек
2828,keypoint match,сопоставление ключевых точек
2829,knapsack problem,задача о рюкзаке
2830,knoledge-based inference,вывод на знаниях
2832,knowledge acquisition,извлечение знаний
2833,knowledge base,база знаний
2834,knowledge base debugging,отладка базы знаний
2835,knowledge base machine,машина баз знаний
2836,knowledge base management system,система управления базой знаний
2837,knowledge compilation,компиляция знаний
2838,knowledge distillation,дистилляция знаний
2839,knowledge element,элемент знания
2840,knowledge engineer,инженер по знаниям
2841,knowledge engineering,инженерия знаний
2842,knowledge engineering tools,средства инженерии знаний инструментальные
2843,knowledge graph,граф знаний
2844,knowledge graph completion,завершение графа знаний
2845,knowledge identification,идентификация знаний
2846,knowledge model,модель знаний
2847,knowledge representation,представление знаний
2848,knowledge representation language,язык представления знаний
2849,knowledge representation system,система представления знаний
2850,knowledge source,источник знаний
2851,knowledge transfer,передача знаний
2852,knowledge-based system,"система, основанная на знаниях"
2853,label,метка
2854,label distribution,распределение меток
2855,label embedding,встраивание меток
2856,label noise,шум меток
2857,label sequence,последовательность меток
2858,label smoothing,сглаживание меток
2859,label space,пространство меток
2860,label token,токен метки
2861,label vector,вектор меток
2863,labeled datum,размеченный датум
2864,labeled example,размеченный пример
2865,labeled graph,помеченный граф
2866,labeled training datum,размеченный обучающий пример
2867,labyrinth model,модель лабиринтная
2868,lambda calculus,λ-исчисление
2869,lambda-calculus,"""лямбда""-исчисление"
2870,landmark,ориентир
2871,landmark point,опорная точка
2873,language drift,языковой дрейф
2874,language encoder,языковой энкодер
2875,language generation,генерация языка
2876,language generation model,модель генерации языка
2877,language identification,определение языка
2878,language model,модель языка
2879,language model pre-training,предобучение языковой модели
2880,language pair,языковая пара
2881,language representation,языковое представление
2882,language transfer,Языковой перенос
2883,language understanding,понимание языка
2886,large language model,большая языковая модель
2887,large-margin learning,обучение с большой маржей
2888,latent Dirichlet allocation,латентное распределение Дирихле
2889,latent code,скрытый код
2890,latent dimension,скрытое измерение
2891,latent distribution,скрытое распределение
2892,latent dynamic model,скрытая динамическая модель
2893,latent embedding,скрытое встраивание
2894,latent factor,скрытый фактор
2895,latent feature,латентная особенность
2896,latent function,скрытая функция
2897,latent group,скрытая группа
2898,latent parameter,скрытый параметр
2899,latent representation,скрытое представление
2900,latent reward function,скрытая функция вознаграждения
2901,latent semantic,скрытая семантика
2902,latent semantic analysis,Латентный семантический анализ
2903,latent space,скрытое пространство
2904,latent state,скрытое состояние
2905,latent topic,скрытая тема
2906,latent variable,скрытая переменная
2907,latent variable model,модель скрытых переменных
2908,latent vector,скрытый вектор
2909,layer,слой
2910,layer activation,активация слоя
2911,layer normalization,Нормализация слоя
2912,layer-wise learning rate decay,затухание скорости обучения по слоям
2913,lazy grounding,ленивое связывание
2914,leaf node,листовой узел
2915,learnability,обучаемость
2916,learnable parameter,обучаемый параметр
2917,learnable vector,обучаемый вектор
2918,learned model,обученная модель
2919,learned representation,обученное представление
2920,learner,обучающийся
2922,learning agent,обучающий агент
2923,learning algorithm,алгоритм обучения
2924,learning from examples,обучение на примерах
2925,learning method,метод обучения
2926,learning model,модель обучения
2927,learning paradigm,парадигма обучения
2928,learning problem,проблема обучения
2929,learning rate,Скорость обучения
2930,learning rate decay,уменьшение скорости обучения
2931,learning rate decay schedule,график уменьшения темпа обучения
2932,learning rate schedule,график скорости обучения
2933,learning rate scheduler,планировщик скорости обучения
2934,learning rate warmup,разогрев скорости обучения
2935,learning system,система обучающаяся
2936,learning-to-rank algorithm,алгоритм обучения ранжированию
2937,least square,метод наименьших квадратов
2938,least square criterion,критерий наименьших квадратов
2939,least square minimization,минимизация наименьших квадратов
2940,least square problem,задача наименьших квадратов
2941,least square regression,регрессия наименьших квадратов
2942,least square solution,решение методом наименьших квадратов
2943,leave-one-out,метод исключения одного наблюдения
2944,left-to-right model,модель слева направо
2945,lemmatization,лемматизация
2946,length normalization,нормализация длины
2947,length penalty,штраф за длину
2948,lexeme,лексема
2950,lexical acquisition,лексическое приобретение
2951,lexical acquisition algorithm,алгоритм лексического приобретения
2952,lexical ambiguity,лексическая неоднозначность
2953,lexical entry,лексическая единица
2954,lexical exposure,лексическое воздействие
2955,lexical feature,лексическая особенность
2956,lexical head,лексическая голова
2957,lexical item,лексическая единица
2958,lexical knowledge,лексическое знание
2959,lexical model,лексическая модель
2960,lexical overlap,лексическое совпадение
2961,lexicalization,лексикализация
2962,lexicalized grammar,лексикализованная грамматика
2963,lexicalized parsing model,лексикализованная модель парсинга
2964,lexicon,лексикон
2965,lexicon induction,индукция лексикона
2966,lifelong learning,Обучение на протяжении всей жизни
2967,light field,световое поле
2968,light field interpolation,интерполяция светового поля
2969,likelihood function,функция правдоподобия
2970,likelihood ratio test,тест отношения правдоподобия
2971,likelihood score,оценка правдоподобия
2972,line search,поиск по линии
2974,linear activation function,линейная функция активации
2975,linear algebra,линейная алгебра
2976,linear classification,линейная классификация
2977,linear classification layer,линейный классификационный слой
2978,linear classifier,линейный классификатор
2979,linear combination,линейная комбинация
2980,linear complexity,линейная сложность
2981,linear constraint,линейное ограничение
2982,linear decay,линейное затухание
2983,linear decoder,линейный декодер
2984,linear discriminant analysis,линейный дискриминантный анализ
2985,linear equation,линейное уравнение
2986,linear evaluation,линейная оценка
2987,linear function,линейная функция
2988,linear function approximation,аппроксимация линейной функции
2989,linear inequality,линейное неравенство
2990,linear inference,вывод линейный
2991,linear interpolation,линейная интерполяция
2992,linear kernel,линейное ядро
2993,linear layer,линейный слой
2994,linear learning rate decay,линейное уменьшение скорости обучения
2995,linear learning rate schedule,линейный график скорости обучения
2996,linear map,линейное отображение
2997,linear model,линейная модель
2998,linear predictor,линейный предсказатель
2999,linear probe,линейный зонд
3000,linear program,линейная программа
3001,linear programming relaxation,релаксация линейного программирования
3002,linear projection,линейная проекция
3003,linear regression,линейная регрессия
3004,linear regression model,линейная регрессионная модель
3005,linear regressor,линейный регрессор
3006,linear scaling,линейное масштабирование
3007,linear scheduler,линейный планировщик
3008,linear separability,линейная разделимость
3009,linear system,линейная система
3010,linear transform,линейное преобразование
3011,linear transformation,линейное преобразование
3012,linear transformation matrix,матрица линейного преобразования
3013,linear warm-up,линейный разогрев
3014,linear-bounded automaton,автомат линейно-ограниченный
3015,linear-chain,линейная цепь
3016,linear-quadratic regulator,линейно-квадратический регулятор
3017,linearization,линеаризация
3019,linguistic model,модель лингвистическая
3020,linguistic processor,процессор лингвистический
3021,linguistic uncertainty,неопределенность лингвистическая
3022,linguistic variable,переменная лингвистическая
3023,linguistics,языкознания
3024,link function,функция связи
3025,link prediction,предсказание связей
3027,lips,липс
3028,literal,литера
3029,local basis function,локальная базисная функция
3030,local coherence,локальная когерентность
3031,local context,локальный контекст
3032,local coordinate frame,локальная система координат
3033,local feature,локальная особенность
3034,local geometry,локальная геометрия
3035,local image feature,локальная особенность изображения
3036,local maxima,локальные максимумы
3037,local maximum,локальный максимум
3038,local minima,локальные минимумы
3039,local minimizer,локальный минимизатор
3040,local minimum,локальный минимум
3041,local model,локальная модель
3042,local optima,локальные оптимумы
3043,local optimum,локальный оптимум
3044,local parameter,локальный параметр
3045,local search,локальный поиск
3046,local search method,метод локального поиска
3047,local variable,локальная переменная
3048,local window,локальное окно
3049,locality-sensitive hashing,"хэширование, чувствительное к локальности"
3050,localization,локализация
3051,location parameter,параметр положения
3052,locution,локуция
3053,log,логарифм
3054,log likelihood,логарифмическая правдоподобие
3055,log loss,логарифмическая потеря
3056,log marginal likelihood,логарифмическое маргинальное правдоподобие
3057,log p,логарифм вероятности
3058,log partition function,логарифм функции разбиения
3059,log perplexity,логарифм перплексии
3060,log probability,логарифм вероятности
3061,log-likelihood function,функция логарифма правдоподобия
3062,log-likelihood loss,логарифмическая потеря правдоподобия
3063,log-likelihood ratio,логарифмическое отношение правдоподобия
3064,log-linear model,лог-линейная модель
3065,log-linear translation model,лог-линейная модель перевода
3066,log-log plot,лог-лог график
3067,log-normal distribution,логнормальное распределение
3068,log-odd score,лог-оддсовый балл
3069,log-prob,лог-вероятность
3070,log-sum-exp,логарифм суммы экспонент
3071,logic,логика
3072,logical calculus,исчисление логическое
3073,logical connective,логическая связка
3074,logical consequence,следствие логическое
3075,logical form,логическая форма
3076,logical inference,вывод логический
3077,logical knowledge representation language,язык представления знаний логический
3078,logical model,модель логическая
3079,logical negation,отрицание логическое
3080,logical processor,процессор логический
3081,logical programming,программирование логическое
3082,logical theory,теория логическая
3083,logical-linquistic model,модель логико-лингвистическая
3084,logistic function,логистическая функция
3085,logistic loss,логистическая потеря
3086,logistic regression,Логистическая регрессия
3087,logistic regression classifier,классификатор логистической регрессии
3088,logistic regression model,модель логистической регрессии
3089,logit,логит
3090,logit model,логит-модель
3091,long-range dependency,долгосрочная зависимость
3092,lookup table,таблица поиска
3093,loop closure,замыкание цикла
3094,loopy belief propagation,петлевая передача убеждений
3095,loss,ошибка
3096,loss distribution,распределение потерь
3097,loss function,функция потерь
3098,loss landscape,ландшафт потерь
3099,loss minimization,минимизация потерь
3100,loss term,слагаемое потерь
3101,lossy compression,сжатие с потерями
3102,lottery ticket hypothesis,гипотеза лотерейного билета
3103,low rank,низкий ранг
3104,low rank approximation,приближение низкого ранга
3105,low-data regime,режим с ограниченным количеством данных
3106,low-dimensional embedding,низкоразмерное встраивание
3107,low-dimensional representation,низкоразмерное представление
3108,low-pass filter,низкочастотный фильтр
3109,low-rank factorization,факторизация низкого ранга
3110,low-rank matrix approximation,аппроксимация матрицы низкого ранга
3111,lower bound,нижняя граница
3112,mIoU,mIoU
3113,mT5,mT5
3114,machine learning,Машинное обучение
3115,machine learning algorithm,алгоритм машинного обучения
3116,machine learning classifier,классификатор машинного обучения
3117,machine learning model,модель машинного обучения
3118,machine learning system,система машинного обучения
3119,machine reading,машинное чтение
3120,machine translation,перевод машинный
3121,machine translation model,модель машинного перевода
3122,machine translation system,система машинного перевода
3123,machine vision,машинное зрение
3124,machine-generated text,"текст, сгенерированный машиной"
3125,machine-in-the-loop,машина в цикле
3126,macro-F1,макро-F1
3127,macro-action,макро-действие
3128,macro-average,макро-среднее
3129,majority voting,голосование большинства
3130,manifold,многообразие
3131,manifold hypothesis,гипотеза многообразия
3132,manifold learning,обучение многомерностей
3133,manifold projection,проекция многообразия
3134,manifold structure,структура многообразия
3135,manifold-valued datum,"данные, принимающие значения на многообразии"
3137,margin parameter,параметр маржи
3138,marginal density,маргинальная плотность
3139,marginal distribution,маргинальное распределение
3140,marginal inference,маргинальное инференцирование
3141,marginal likelihood,маргинальная правдоподобие
3142,marginal log-likelihood,маргинальное логарифмическое правдоподобие
3143,marginal polytope,маргинальный политоп
3144,marginal probability,маргинальная вероятность
3145,marginalization,маргинализация
3146,mask,маска
3147,mask token,токен маски
3148,mask vector,вектор маски
3149,masked input,входные данные с маской
3150,masked language model,маскированная языковая модель
3151,masked token,замаскированный токен
3152,masking function,функция маскирования
3153,matching algorithm,алгоритм сопоставления
3154,matching loss,функция потерь сопоставления
3155,mathematical logic,логика математическая
3156,matrix,матрица
3157,matrix approximation,аппроксимация матрицы
3158,matrix completion,Восстановление матрицы
3159,matrix decomposition,разложение матрицы
3160,matrix form,матричная форма
3161,matrix grammar,грамматика матричная
3162,matrix inversion,инверсия матрицы
3163,matrix multiplication,умножение матриц
3164,matrix norm,норма матрицы
3165,matrix processor,процессор матричный
3166,matrix sketching,эскизирование матрицы
3167,matrix vector product,произведение матрицы на вектор
3168,matrix-vector multiplication,умножение матрицы на вектор
3169,matroid,матроид
3170,matroid constraint,матроидное ограничение
3171,max norm,норма максимума
3172,max pooling,макс-пулинг
3173,max-margin,макс-маржа
3174,max-margin learning,обучение с максимальной маржей
3175,max-pool,макспулинг
3176,max-pooling layer,слой макс-пулинга
3177,max-product semiring,полукольцо максимального произведения
3178,maximal clique,максимальный клика
3179,maximal frequent itemset,максимальный частый набор элементов
3180,maximal frequent pattern,максимальный частотный шаблон
3181,maximization problem,задача максимизации
3182,maximum a posteriori,максимальное апостериорное
3183,maximum a posteriori estimation,максимальная апостериорная оценка
3184,maximum clique,максимальная клика
3185,maximum entropy,максимальная энтропия
3186,maximum entropy model,модель максимальной энтропии
3187,maximum entropy principle,принцип максимальной энтропии
3188,maximum flow,максимальный поток
3189,maximum likelihood,Метод максимального правдоподобия
3190,maximum likelihood estimate,оценка максимального правдоподобия
3191,maximum likelihood estimation,оценка максимального правдоподобия
3192,maximum likelihood estimator,оцениватель максимального правдоподобия
3193,maximum likelihood learning,обучение методом максимального правдоподобия
3194,maximum mean discrepancy,максимальное среднее расхождение
3195,mean average precision,средняя точность
3196,mean field,среднее поле
3197,mean function,средняя функция
3198,mean pooling,усреднение
3199,mean reciprocal rank,средний обратный ранг
3200,mean shape,средняя форма
3201,mean square error,среднеквадратичная ошибка
3202,mean vector,вектор среднего значения
3203,mean-field approximation,приближение среднего поля
3205,measurable space,измеримое пространство
3206,measurement matrix,матрица измерений
3207,measurement noise,шум измерений
3208,medical imaging,медицинская визуализация
3209,medoid,медоид
3210,membership function,функция переходов
3211,membership inference attack,атака на вывод о принадлежности
3212,membership query,запрос на членство
3213,memory bank,банк памяти
3214,memory capacity,ёмкость памяти
3215,memory cell,ячейка памяти
3216,memory complexity,сложность памяти
3217,mention detection,обнаружение упоминаний
3218,menu,меню
3219,meronymy,меронимия
3220,message passing,передача сообщений
3221,message passing algorithm,алгоритм передачи сообщений
3222,meta,мета
3223,meta-algorithm,мета-алгоритм
3224,meta-classifier,мета-классификатор
3225,meta-dataset,мета-набор данных
3226,meta-evaluation,мета-оценка
3227,meta-knowledge,метазнание
3228,meta-language,метаязык
3229,meta-learn,мета-обучение
3230,meta-learner,мета-обучающий агент
3231,meta-learning,Метаобучение
3232,meta-loss,мета-потеря
3233,meta-parameter,мета-параметр
3234,meta-production,метапродукция
3235,meta-testing,мета-тестирование
3236,meta-training,мета-обучение
3237,metadata,метаданные
3238,metaphor,метафора
3241,metric learning,обучение метрик
3242,metric learning algorithm,алгоритм обучения метрик
3243,metric scale,шкала метрическая
3244,metric score,метрическая оценка
3245,metric space,метрическое пространство
3247,micro-average,микро-среднее
3248,microarray datum,данные микромассива
3249,mini-batch,мини-пакет
3250,mini-batch size,размер мини-пакета
3251,mini-batch training,обучение с использованием мини-пакетов
3252,minima,минимумы
3253,minimax,минимакс
3254,minimax game,минимаксная игра
3255,minimax optimization problem,задача минимаксной оптимизации
3256,minimax problem,задача минимакса
3257,minimization problem,задача минимизации
3258,minimizer,минимизатор
3259,minimum baye risk decoding,декодирование с минимальным байесовским риском
3260,minimum cut,минимальный разрез
3261,minimum description length,минимальная длина описания
3262,minimum support,минимальная поддержка
3263,mirror descent,зеркальный спуск
3264,misclassification error,ошибка классификации
3265,misclassification loss,потери при неправильной классификации
3266,misinformation detection,обнаружение дезинформации
3267,mixed integer programming,смешанное целочисленное программирование
3268,mixed precision,смешанная точность
3269,mixed precision training,обучение с использованием смешанной точности
3270,mixed strategy,смешанная стратегия
3271,mixed-integer program,смешанно-целочисленная программа
3272,mixing matrix,матрица смешивания
3273,mixing time,время смешивания
3274,mixing weight,веса смешивания
3275,mixture component,компонент смеси
3276,mixture distribution,распределение смеси
3277,mixture model,модель смеси
3278,mixture of Gaussians,смесь гауссиан
3279,mixture weight,веса смеси
3280,mocap,захват движения
3282,modality,модальность
3283,mode,модус
3284,mode collapse,коллапс режимов
3286,model M,модель M
3287,model accuracy,точность модели
3288,model architecture,архитектура модели
3289,model averaging,усреднение моделей
3290,model bias,смещение модели
3291,model capacity,емкость модели
3292,model card,карточка модели
3293,model checking,проверка модели
3294,model class,класс моделей
3295,model comparison,сравнение моделей
3296,model complexity,сложность модели
3297,model compression,сжатие модели
3298,model convergence,сходимость модели
3299,model development,разработка модели
3300,model distillation,дистилляция модели
3301,model distribution,распределение модели
3302,model estimation,оценка модели
3303,model evaluation,оценка модели
3304,model family,семейство моделей
3305,model fine-tuning,дообучение модели
3306,model generalization,обобщение модели
3307,model hyperparameter,гиперпараметр модели
3308,model inconsistency,противоречивость модельная
3309,model inference,вывод модели
3310,model initialization,инициализация модели
3311,model interpretability,интерпретируемость модели
3312,model interpretation,интерпретация модели
3313,model layer,слой модели
3314,model output,вывод модели
3315,model parallelism,параллелизм модели
3316,model parameter,параметр модели
3317,model performance,производительность модели
3318,model precision,точность модели
3319,model prediction,предсказание модели
3320,model predictive control,модельное предсказательное управление
3321,model representation,представление модели
3322,model robustness,робастность модели
3323,model score,оценка модели
3324,model selection,выбор модели
3325,model size,размер модели
3326,model specification,спецификация модели
3327,model structure,структура модели
3328,model training,обучение модели
3329,model update,обновление модели
3330,model variant,вариант модели
3331,model weight,веса модели
3332,model's parameter,параметры модели
3333,model-based approach,подход на основе модели
3334,model-based reinforcement learning,обучение с подкреплением на основе модели
3335,model-free approach,подход без модели
3337,modular,модульный
3338,modular architecture,модульная архитектура
3339,module,модуль
3340,modus ponens,модус поненс
3341,modus tollens,модус толленс
3342,moment matching,сопоставление моментов
3343,momentum,моментум
3344,momentum coefficient,коэффициент моментума
3345,momentum encoder,Моментум-энкодер
3346,momentum term,член моментума
3347,monocular,монокулярный
3348,monocular reconstruction,монокулярная реконструкция
3350,monolingual baseline,монолингвальная базовая модель
3351,monolingual corpora,монолингвальные корпуса
3352,monolingual corpus,одноязычный корпус
3353,monolingual dataset,одноязычный набор данных
3354,monolingual datum,монолингвальные данные
3355,monolingual embedding,моноязыковое встраивание
3356,monolingual model,монолингвальная модель
3357,monolingual training,монолингвальное обучение
3358,monotone,монотонный
3359,monotonic,монотонный
3360,monotonic logic,логика монотонная
3362,morphologic analisys,анализ морфологический
3364,morphological analysis,морфологический анализ
3365,morphological analyzer,морфологический анализатор
3366,morphological feature,морфологическая особенность
3367,morphological information,морфологическая информация
3368,morphological operation,морфологическая операция
3369,morphological segmentation,морфологическая сегментация
3371,most general unifier,унификатор наибольший общий
3372,motion analysis,анализ движения
3373,motion estimation,оценка движения
3374,motion matrix,матрица движения
3375,motion planning,планирование движения
3376,motion segmentation,сегментация движения
3378,moving average,скользящее среднее
3379,multi-agent,многоагентный
3380,multi-agent interaction,взаимодействие между агентами
3381,multi-agent learning,многоагентное обучение
3382,multi-agent reinforcement learning,многоагентное обучение с подкреплением
3383,multi-agent system,многоагентная система
3384,multi-armed bandit,многорукий бандит
3385,multi-armed bandit problem,задача многорукого бандита
3386,multi-class,многоклассовый
3387,multi-class classification,многоклассовая классификация
3388,multi-class logistic regression,многоклассовая логистическая регрессия
3389,multi-class problem,многоклассовая задача
3390,multi-classification,многоклассовая классификация
3391,multi-document summarization,многодокументное суммирование
3392,multi-domain,многодоменный
3393,multi-head,многоголовый
3394,multi-head attention,многоголовое внимание
3395,multi-head attention layer,слой многоголового внимания
3396,multi-head self-attention,многоголовое самовнимание
3397,multi-head self-attention mechanism,механизм многоголового самовнимания
3398,multi-head self-attention module,модуль многоголового самовнимания
3399,multi-headed self-attention,многоголовое самовнимание
3400,multi-label,многометочный
3401,multi-label classification,многометочная классификация
3402,multi-label classification loss,потери многометочной классификации
3403,multi-label classifier,классификатор с несколькими метками
3404,multi-label datum,данные с несколькими метками
3405,multi-label learning,обучение с несколькими метками
3406,multi-label text classification,многометочная классификация текстов
3407,multi-layer neural network,многослойная нейронная сеть
3408,multi-layer perceptron,многослойный перцептрон
3409,multi-modal,многомодальный
3410,multi-modal input,мультимодальные входные данные
3411,multi-modal learning,многомодальное обучение
3412,multi-modal model,многомодальная модель
3413,multi-object detection,обнаружение нескольких объектов
3414,multi-objective optimization,многокритериальная оптимизация
3415,multi-processor system,система мультипроцессорная
3416,multi-scale,многоуровневый
3417,multi-scale architecture,многоуровневая архитектура
3418,multi-scale training,многоуровневая тренировка
3419,multi-task,многозадачный
3420,multi-task fine-tuning,многозадачная точная настройка
3421,multi-task model,многозадачная модель
3422,multi-task regression,многозадачная регрессия
3423,multi-task setting,многозадачная настройка
3424,multi-valued logic,логика многозначная
3425,multi-view,мультипросмотр
3426,multi-view datum,многовидовые данные
3427,multi-view geometry,многовидовая геометрия
3428,multi-view learning,многопросмотровое обучение
3429,multi-view stereo,многопросмотровое стерео
3430,multi-view system,многопросмотровая система
3431,multiclass classifier,многоклассовый классификатор
3432,multiclass hinge loss,многоклассовая потеря шарнира
3433,multiclass model,многоклассовая модель
3434,multiclass object detection,многоклассовое обнаружение объектов
3436,multilingual embedding,многоязычное встраивание
3437,multilingual language model,многоязычная языковая модель
3438,multilingual model,многоязычная модель
3439,multilingual representation,многоязычное представление
3440,multilingual training,многоязычное обучение
3441,multilinguality,многоязычность
3442,multimodal task,мультимодальная задача
3443,multinomial distribution,мультиномиальное распределение
3444,multinomial model,мультиномиальная модель
3445,multiple kernel learning,множественное обучение ядра
3446,multiple linear regression,множественная линейная регрессия
3447,multiscale modeling,многомасштабное моделирование
3448,multiset,мультимножество
3449,multitask,Многозадачность
3450,multitask training,многозадачное обучение
3451,multivariate,многомерный
3452,multivariate Gaussian,многомерное гауссово распределение
3453,multivariate Gaussian distribution,многомерное гауссово распределение
3454,multivariate normal,многомерное нормальное
3455,multivariate normal distribution,многомерное нормальное распределение
3456,multivariate time series,многомерный временной ряд
3457,mutex,мьютекс
3458,mutexe,мьютекс
3459,mutual entropy,взаимная энтропия
3460,mutual information,Взаимная информация
3461,n-best list,список из n лучших вариантов
3462,n-gram,N-грамма
3463,n-gram feature,n-граммный признак
3464,n-gram language model,n-граммная языковая модель
3465,n-gram model,n-граммная модель
3466,n-step returns,n-шаговые вознаграждения
3467,naive Bayes,Наивный Байес
3468,naive Bayes classifier,Наивный байесовский классификатор
3469,naive Bayes model,наивная байесовская модель
3471,named entity,именованная сущность
3472,named entity recognition,Распознавание именованных сущностей
3473,named entity recognizer,распознаватель именованных сущностей
3476,natural image statistic,статистика естественных изображений
3477,natural language,естественный язык
3478,natural language generation,генерация естественного языка
3479,natural language interface,интерфейс естественно-языковый
3480,natural language processing,обработка естественного языка
3481,natural language query,запрос на естественном языке
3482,natural language system,система естественно-языковая
3483,natural logic,естественная логика
3484,natural logic inference,Вывод на основе естественной логики
3485,natural parameter,натуральный параметр
3486,near-optimality,близкая оптимальность
3487,nearest neighbor,Ближайший сосед
3488,nearest neighbor classifier,классификатор ближайших соседей
3489,nearest neighbor search,поиск ближайших соседей
3490,nearest-neighbor algorithm,алгоритм ближайших соседей
3491,negation,отрицание
3492,negative log-likelihood,отрицательная логарифмическая функция правдоподобия
3493,negative pair,отрицательная пара
3494,negative sample,отрицательный образец
3495,negative transfer,отрицательный перенос
3496,neighborhood function,функция соседства
3497,neighborhood system,система соседства
3498,net,сеть
3499,network,сеть
3500,network architecture,архитектура сети
3501,network feature,сетевые признаки
3502,network grammar,грамматика сетевая
3503,network model,модель сетевая
3504,network parameter,параметр сети
3505,network structure,структура сети
3506,network topology,топология сети
3507,network weight,веса сети
3509,neural activity,нейронная активность
3510,neural approach,нейронный подход
3511,neural architecture,нейронная архитектура
3512,neural architecture search,поиск нейронной архитектуры
3513,neural embedding,нейронное встраивание
3514,neural generation model,нейронная модель генерации
3515,neural implicit representation,нейронное неявное представление
3516,neural language model,нейронная языковая модель
3517,neural machine translation,Нейронный машинный перевод
3518,neural machinery,нейронные механизмы
3519,neural mapping,нейронное отображение
3520,neural method,нейронный метод
3521,neural model,нейронная модель
3522,neural module,нейронный модуль
3523,neural net,нейронная сеть
3524,neural network,Нейронная сеть
3525,neural network architecture,архитектура нейронной сети
3526,neural network classifier,классификатор нейронной сети
3527,neural network language model,языковая модель нейронной сети
3528,neural network layer,слой нейронной сети
3529,neural network model,модель нейронной сети
3530,neural operator,нейронный оператор
3531,neural parser,нейронный парсер
3532,neural renderer,нейронный рендерер
3533,neural rendering,нейронный рендеринг
3534,neural representation,нейронное представление
3535,neural retrieval,нейронный поиск
3536,neural scaling law,закон масштабирования нейронных сетей
3537,neural scene representation,нейронное представление сцены
3538,neural sequence model,нейронная модель последовательностей
3539,neural text generation,нейронная генерация текста
3540,neural volumetric representation,нейронное объемное представление
3541,neural word embedding,нейронное встраивание слов
3542,neuro-symbolic system,нейро-символическая система
3543,neurobionical computer,ЭВМ нейробионические
3544,neurobionics,нейробионика
3545,neuron,нейрон
3548,next sentence prediction,предсказание следующего предложения
3549,next token prediction,предсказание следующего токена
3550,nmod,nmod
3551,no-regret algorithm,алгоритм без сожалений
3552,no-regret dynamic,динамика без сожалений
3553,no-regret learning algorithm,алгоритм обучения без сожалений
3554,node,узел
3555,node attribute,атрибут узла
3556,node classification,классификация узлов
3557,node degree,степень узла
3558,node embedding,векторное представление узла
3559,node feature,характеристика узла
3560,node feature matrix,матрица признаков узлов
3561,node label,метка узла
3562,node representation,представление узла
3563,node set,множество узлов
3564,node-disjoint path,"пути, не имеющие общих узлов"
3566,noise distribution,распределение шума
3567,noise level,уровень шума
3568,noise model,модель шума
3569,noise schedule,график шума
3570,noise-contrastive estimation,оценка контрастивного шума
3571,noisy channel,шумный канал
3572,nominal mention,номинальное упоминание
3573,non-Euclidean space,неевклидово пространство
3574,non-Markov process,немарковский процесс
3575,non-convex objective,невыпуклая цель
3576,non-convex optimization,невыпуклая оптимизация
3577,non-convex problem,неконвексная задача
3578,non-convexity,неконвексность
3579,non-linear least square,нелинейные наименьшие квадраты
3580,non-linear optimization,нелинейная оптимизация
3581,non-linearity,нелинейность
3582,non-local feature,нелокальная характеристика
3583,non-max suppression,подавление немаксимумов
3584,non-maxima suppression,подавление немаксимумов
3585,non-maximal suppression,Подавление немаксимумов
3586,non-monotonic inference,вывод немонотонный
3587,non-monotonic logic,логика немонотонная
3588,non-monotonic reasoning,рассуждение немонотонное
3589,non-negative matrix factorization,неотрицательная матричная факторизация
3590,non-parametric setting,непараметрическая установка
3591,non-projective parsing,непроективный синтаксический анализ
3592,non-reflexive relation,отношение нерефлексивное
3593,non-submodular energy,несубмодулярная энергия
3594,non-symmetric relation,отношение несимметричное
3595,non-transitive relation,отношение нетранзитивное
3596,non-tree model,недревовидная модель
3597,nonconvex function,невыпуклая функция
3598,nonlinear optimisation,нелинейная оптимизация
3599,nonmonotonic reasoning,немонотонное рассуждение
3600,nonterminal symbol,нетерминальный символ
3601,norm,норма
3602,normal,нормаль
3603,normal distribution,нормальное распределение
3604,normal form,нормальная форма
3605,normal vector,нормальный вектор
3606,normal-form game,игра в нормальной форме
3607,normalisation,нормализация
3608,normalization,Нормализация
3609,normalization constant,константа нормализации
3610,normalization factor,коэффициент нормализации
3611,normalization function,Функция нормализации
3612,normalization layer,слой нормализации
3613,normalization method,метод нормализации
3614,normalization strategy,стратегия нормализации
3615,normalize,нормализовать
3616,normalized cross correlation,Нормализованная кросс-корреляция
3617,normalized cut,нормализованное разбиение
3618,normalized cut algorithm,алгоритм нормализованного разреза
3619,normalized edit distance,нормализованное расстояние редактирования
3620,normalizing factor,нормализующий фактор
3621,normalizing flow,нормализующий поток
3623,noun phrase,именная фраза
3625,novel view synthesis,синтез новых видов
3626,nsubj,nsubj
3627,nsubjpass,nsubjpass
3628,nuclear norm,ядерная норма
3629,nuclear norm relaxation,релаксация ядерной нормы
3630,null distribution,нулевое распределение
3631,null space,нулевое пространство
3633,numerical linear algebra,численная линейная алгебра
3634,object bounding box,ограничивающий прямоугольник объекта
3635,object categorization,категоризация объектов
3636,object category,категория объекта
3637,object category recognition,распознавание категории объекта
3638,object class,класс объекта
3639,object classification,классификация объектов
3640,object detection,обнаружение объектов
3641,object detector,детектор объектов
3642,object domain,область объектов
3643,object embedding,встраивание объекта
3644,object instance segmentation,сегментация экземпляров объектов
3645,object model,модель объекта
3646,object proposal,предложение объекта
3647,object recognition,распознавание объектов
3648,object segmentation,сегментация объектов
3649,object tracking,отслеживание объектов
3650,object-oriented programming,программирование объектно-ориентированное
3651,objective function,целевая функция
3652,objective value,значение цели
3653,objectness,объектность
3654,observation function,функция наблюдения
3655,observation model,модель наблюдения
3656,observation space,пространство наблюдений
3657,observational datum,наблюдательное данное
3658,occlusion handling,обработка окклюзий
3659,occlusion reasoning,рассуждение об окклюзиях
3660,occupancy grid,сетка оккупации
3661,occupancy map,карта занятости
3662,occupancy measure,мера занятости
3663,odometry,одометрия
3664,off-diagonal element,внедиагональный элемент
3665,off-policy,вне политики
3666,office automation,автоматизация делопроизводства
3667,offline algorithm,оффлайн-алгоритм
3668,offline learning,оффлайн-обучение
3669,on-policy,в режиме текущей политики
3670,one-against-all reduction,редукция один-против-всех
3671,one-hot encoded,кодирование в формате one-hot
3672,one-hot representation,представление в формате one-hot
3673,one-hot vector,one-hot вектор
3674,one-shot learning,обучение с одним примером
3675,one-shot setting,настройка с одним примером
3676,one-stage detector,одностадийный детектор
3677,one-versus-all,один против всех
3679,online algorithm,онлайн-алгоритм
3680,online convex optimization,онлайн выпуклая оптимизация
3681,online gradient descent,онлайн градиентный спуск
3682,online learning,онлайн-обучение
3683,online learning algorithm,алгоритм онлайн-обучения
3684,online learning method,метод онлайн-обучения
3685,online learning theory,теория онлайн-обучения
3686,ontology,онтология
3687,ontology language,язык онтологий
3688,ontology-mediated query,"запрос, опосредованный онтологией"
3689,open knowledge base,база знаний открытая
3690,open model,модель открытая
3691,open set,открытое множество
3692,open-ended text generation,генерация текста с открытым концом
3693,open-loop,разомкнутый контур
3694,operational logic,логика действий
3695,operator norm,норма оператора
3696,operator sequence,последовательность операторов
3697,optical character recognition,оптическое распознавание символов
3698,optical flow,оптический поток
3699,optical flow estimation,оценка оптического потока
3700,optimal control theory,теория оптимального управления
3701,optimal experimental design,оптимальное экспериментальное проектирование
3702,optimal policy,оптимальная политика
3703,optimal solution,оптимальное решение
3704,optimality,оптимальность
3705,optimality condition,условие оптимальности
3706,optimisation,оптимизация
3707,optimisation problem,задача оптимизации
3708,optimiser,оптимизатор
3709,optimization,оптимизация
3710,optimization algorithm,алгоритм оптимизации
3711,optimization framework,фреймворк оптимизации
3712,optimization function,функция оптимизации
3713,optimization method,метод оптимизации
3714,optimization objective,цель оптимизации
3715,optimization procedure,процедура оптимизации
3716,optimization step,шаг оптимизации
3717,optimization theory,теория оптимизации
3718,optimizer,оптимизатор
3719,option,опция
3720,oracle,оракул
3721,oracle policy,политика оракула
3722,ordinal embedding,порядковое встраивание
3723,ordinal regression,ординальная регрессия
3724,orientation loss,потеря ориентации
3725,orthogonal basis,ортогональный базис
3726,orthogonal matrix,ортогональная матрица
3727,orthogonal projection matrix,матрица ортогональной проекции
3728,orthographic camera model,ортографическая камера
3729,orthographic projection,ортографическая проекция
3730,orthonormal decomposition,ортонормальное разложение
3731,orthonormal matrix,ортонормальная матрица
3732,orthonormal row,ортонормальная строка
3733,orthonormality,ортонормальность
3734,out-of-distribution,вне распределения
3735,out-of-domain,вне области
3736,out-of-domain evaluation,оценка вне области
3737,outlier,выброс
3738,outlier detection,обнаружение выбросов
3739,outlier exposure,выявление аномалий
3740,outlier rejection,отсечение выбросов
3741,output,выход
3742,output gate,выходной шлюз
3743,output layer,выходной слой
3744,output space,пространство выходных значений
3745,output token,выходной токен
3746,output vector,выходной вектор
3747,output vocabulary,выходной словарь
3749,over-fitting,переобучение
3750,over-segmentation,чрезмерная сегментация
3751,over-smoothing,переусреднение
3752,paired t-test,парный t-тест
3754,pairwise classifier,попарный классификатор
3755,pairwise clique,попарная клика
3756,pairwise comparison,попарное сравнение
3757,pairwise constraint,попарное ограничение
3758,pairwise flow,попарный поток
3759,pairwise learning,парное обучение
3760,pairwise potential,парный потенциал
3761,pairwise word similarity,попарное сходство слов
3762,panoptic segmentation,паноптическая сегментация
3764,parallel,параллельный
3765,parallel architecture,архитектура параллельная
3766,parallel corpora,параллельные корпуса
3767,parallel corpus,параллельный корпус
3768,parallel datum,параллельные данные
3769,parallel inference machine,машина параллельного вывода
3770,parallel processing,обработка параллельная
3772,parameter count,количество параметров
3773,parameter estimation,оценка параметров
3774,parameter learning,обучение параметров
3775,parameter matrix,матрица параметров
3776,parameter model,модель с параметрами
3777,parameter regularization,регуляризация параметров
3778,parameter sharing,совместное использование параметров
3779,parameter size,размер параметров
3780,parameter space,пространство параметров
3781,parameter tuning,настройка параметров
3782,parameter tying,связывание параметров
3783,parameter update,обновление параметров
3784,parameter vector,вектор параметров
3785,parameter-efficient fine-tuning,эффективная настройка параметров
3786,parameterisation,параметризация
3787,parameterization,параметризация
3788,parameterized model,параметризованная модель
3789,parametric,параметрический
3790,parametric family,параметрическое семейство
3791,parametric knowledge,параметрическое знание
3792,parametric model,параметрическая модель
3793,parametrization,параметризация
3794,paraphrase,перефразирование
3795,paraphrase generation,генерация парафраз
3796,paraphrase generator,генератор перефразов
3797,paraphrase identification,идентификация парафразов
3798,paraphrase model,модель парафраз
3799,parent node,родительский узел
3800,parse,анализ
3801,parse chart,граф разбора
3802,parse forest,лес разбора
3803,parse score,оценка разбора
3804,parse structure,структура разбора
3805,parse tree,дерево разбора
3806,parser,парсер
3808,parsing accuracy,точность разбора
3809,parsing algorithm,алгоритм разбора
3810,parsing model,модель разбора
3811,parsing performance,производительность синтаксического анализа
3812,part of speech,часть речи
3813,part of speech tag,тег части речи
3814,part of speech tagger,теггер частей речи
3815,partial assignment,частичное назначение
3816,partial derivation,частичное деривационное преобразование
3817,partial evaluation,частичная оценка
3818,partial observability,частичная наблюдаемость
3819,partial order,частичный порядок
3820,particle filter,фильтр частиц
3821,partition,разбиение
3822,partition function,функция распределения
3823,patch,патч
3824,path integration,интеграция пути
3825,path planning,Планирование пути
3826,pattern,образец
3827,pattern profile,профиль шаблона
3828,pattern recognition,Распознавание образов
3829,pattern summarization,суммаризация паттернов
3830,pattern-matching,поиск по образцу
3831,pattern-recognition,распознавание образов
3832,pattern-verbalizer pair,"пара ""шаблон-вербализатор"""
3833,payoff function,функция вознаграждения
3834,payoff matrix,матрица вознаграждений
3835,pedestrian detection,обнаружение пешеходов
3836,penalty function,функция штрафа
3837,penalty parameter,параметр штрафа
3838,penalty term,штрафное слагаемое
3839,per-pixel,попиксельный
3840,perception,восприятие
3841,perceptron,перцептрон
3842,perceptron algorithm,алгоритм перцептрона
3843,perceptual feature,перцептивная особенность
3844,perceptual loss,перцептивные потери
3845,perfect matching,совершенное соответствие
3846,performance difference lemma,лемма о разнице производительности
3847,perlocution,перлокуция
3848,permutation,перестановка
3849,permutation invariance,инвариантность перестановок
3850,permutation matrix,матрица перестановок
3851,permutation test,тест на перестановки
3852,permutohedral lattice,пермутоэдральная решётка
3853,perplexity,перплексность
3854,perplexity score,перплексность
3855,perspective projection,перспективная проекция
3856,perspective projection matrix,матрица перспективной проекции
3857,perturbation,возмущение
3858,perturbation analysis,анализ возмущений
3859,perturbation variance,дисперсия возмущений
3860,phase retrieval,восстановление фазы
3861,phoneme,фонема
3862,phoneme segmentation,сегментация фонем
3863,photoconsistency,фотосогласованность
3864,photometric consistency,фотометрическая согласованность
3865,photometric error,фотометрическая ошибка
3866,photometric loss,фотометрическая потеря
3867,photometric stereo,фотометрическая стерео
3869,phrase structure tree,дерево фразовой структуры
3870,phrase table,таблица фраз
3871,piecewise linear,кусочно-линейный
3872,piecewise planar,кусочно-планарный
3873,pipeline,конвейер
3874,pipeline architecture,архитектура конвейерная
3875,pixel,пиксел
3876,pixel labeling,разметка пикселей
3877,pixel-level,на уровне пикселей
3878,pixel-wise,попиксельно
3879,place recognition,распознавание местоположений
3880,placeholder,заполнитель
3881,planner,планировщик
3882,planning,планирование
3883,planning problem,задача планирования
3884,planning task,задача планирования
3885,plausibility measure,мера правдоподобия
3886,plausible inference,вывод правдоподобный
3887,plausible reasoning,рассуждение правдоподобное
3888,plug-in estimator,оцениватель с подстановкой
3889,pobj,объект предлога
3890,point cloud,облако точек
3891,point correspondence,соответствие точек
3892,point estimate,точечная оценка
3893,point match,соответствие точек
3894,pointwise,точечно
3895,pointwise multiplication,поэлементное умножение
3896,policy,политика
3897,policy class,класс политик
3898,policy distribution,распределение политик
3899,policy entropy,энтропия политики
3900,policy evaluation,оценка политики
3901,policy gradient,градиент политики
3902,policy gradient algorithm,алгоритм градиента политики
3903,policy gradient estimator,оцениватель градиента политики
3904,policy gradient method,метод градиента политики
3905,policy gradient theorem,теорема градиента политики
3906,policy improvement,улучшение политики
3907,policy iteration,итерация политики
3908,policy learning,обучение политики
3909,policy network,сеть политики
3910,policy optimization,оптимизация политики
3911,policy parameter,параметр политики
3912,policy representation,представление политики
3913,policy sketch,эскиз политики
3914,policy space,пространство политик
3915,polygon mesh,полигональная сетка
3916,polylog,полилогарифмический
3917,polylogarithmic,полилогарифмический
3918,polynomial,полиномиальный
3919,polynomial delay,полиномиальная задержка
3920,polynomial kernel,полиномиальное ядро
3921,polynomial time,полиномиальное время
3922,polynomial time algorithm,алгоритм с полиномиальным временем
3923,pool-based active learning,активное обучение на основе пула
3924,pooling layer,слой подвыборки
3925,pooling operation,операция подвыборки
3926,pose estimation,оценка позы
3927,pose parameter,параметр позы
3928,pose prior,предварительное распределение позы
3929,pose space,пространство поз
3930,position bias,Смещение по позиции
3931,position embedding,позиционное встраивание
3932,positional bias,позиционное смещение
3933,positional embedding,позиционное встраивание
3934,positional encoding,позиционное кодирование
3935,positive definite,положительно определённый
3936,positive pair,положительная пара
3937,positive semidefinite,положительно полупределённый
3938,positive semidefinite kernel,положительно полупределённое ядро
3939,positive semidefinite matrix,положительно полуопределённая матрица
3940,post-editing,постредактирование
3941,post-hoc,постфактум
3942,post-hoc analysis,постфактумный анализ
3943,post-processing,постобработка
3944,posterior,апостериорное распределение
3945,posterior approximation,апостериорное приближение
3946,posterior density,апостериорная плотность
3947,posterior distribution,апостериорное распределение
3948,posterior entropy,апостериорная энтропия
3949,posterior estimation,апостериорная оценка
3950,posterior inference,апостериорное вывод
3951,posterior mean,апостериорное среднее
3952,posterior mean function,функция апостериорного среднего
3953,posterior probability,апостериорная вероятность
3954,posterior probability distribution,апостериорное распределение вероятностей
3955,posterior sample,апостериорная выборка
3956,posterior variance,апостериорная дисперсия
3957,potential function,потенциальная функция
3958,potential heuristic,потенциальная эвристика
3959,power iteration method,метод степенной итерации
3960,power law distribution,распределение по степенному закону
3961,power method,метод степенной итерации
3962,pragmatic knowledge,знания прагматические
3963,pre-logit,предлогит
3964,pre-processing,предварительная обработка
3965,pre-terminals,предтерминалы
3966,pre-train,предобучение
3967,pre-trained checkpoint,предобученная контрольная точка
3968,pre-trained embedding,предобученное векторное представление
3969,pre-trained language model,предварительно обученная языковая модель
3970,pre-trained model,предобученная модель
3971,pre-trained parameter,предобученный параметр
3972,pre-trained weight,предобученные веса
3973,pre-training corpus,Корпус предобучения
3974,pre-training datum,данные предобучения
3975,pre-training objective,цель предварительного обучения
3976,pre-training task,задача предварительного обучения
3977,precision,Точность
3978,precision matrix,матрица точности
3979,precision-at-10,точность на 10
3980,precision-recall curve,кривая точности и полноты
3981,precision-recall graph,граф точности и полноты
3982,precondition,предусловие
3983,preconditioner,предобуславливатель
3985,predicate calculus,исчисление предикатов
3986,predicate logic,логика предикатов
3987,predicate symbol,предикатный символ
3988,predicate-argument relation,отношение предикат-аргумент
3989,predicate-argument structure,структура предикат-аргумент
3991,prediction,предсказание
3992,prediction accuracy,точность предсказания
3993,prediction entropy,энтропия предсказания
3994,prediction error,ошибка предсказания
3995,prediction head,голова предсказания
3996,prediction invariance,инвариантность предсказания
3997,prediction model,модель предсказания
3998,prediction network,сеть предсказания
3999,prediction variance,дисперсия предсказания
4000,predictive coding,предсказательное кодирование
4001,predictive distribution,предсказательное распределение
4002,predictive likelihood,предсказательная вероятность
4003,predictive model,предсказательная модель
4004,predictive performance,предсказательная производительность
4005,predictor,предсказатель
4006,prefix,префикс
4007,prefix normal form,форма префиксная нормальная
4008,prefix sum,префиксная сумма
4009,prefix tree,префиксное дерево
4010,preimage,прообраз
4011,prepositional phrase,предложная фраза
4012,preprocessing phase,фаза предварительной обработки
4013,presence penalty,штраф за присутствие
4014,presupposition,пресуппозиция
4016,pretrained multilingual model,предобученная многоязычная модель
4019,primal objective function,первичная целевая функция
4020,primal optimization,первичная оптимизация
4021,primal problem,первичная задача
4022,primal variable,первичная переменная
4023,primal-dual algorithm,первично-двойственный алгоритм
4024,primal-dual method,праймаль-дуальный метод
4025,primitive,примитив
4026,principal component,главная компонента
4027,principal component analysis,Анализ главных компонент
4028,prior distribution,априорное распределение
4029,prior hyperparameter,априорный гиперпараметр
4030,prior knowledge,априорные знания
4031,prior mean,априорное среднее
4032,prior probability,априорная вероятность
4033,prior probability distribution,априорное распределение вероятностей
4034,prior variance,априорная дисперсия
4035,priority queue,очередь с приоритетом
4036,privacy budget,бюджет конфиденциальности
4037,privacy-preserving data mining,добыча данных с обеспечением конфиденциальности
4038,probabilistic context-free grammar,вероятностная контекстно-свободная грамматика
4039,probabilistic distribution,вероятностное распределение
4040,probabilistic formulation,вероятностная формулировка
4041,probabilistic framework,вероятностная структура
4042,probabilistic generative model,вероятностная генеративная модель
4043,probabilistic graphical model,вероятностная графическая модель
4044,probabilistic inference,вероятностное вывод
4045,probabilistic logic,вероятностная логика
4046,probabilistic method,вероятностный метод
4047,probabilistic model,вероятностная модель
4048,probabilistic relational model,вероятностная реляционная модель
4049,probabilistic representation,вероятностное представление
4050,probabilistic semantic,вероятностная семантика
4051,probabilistic topic modeling,вероятностное моделирование тем
4052,probabilistic tree,вероятностное дерево
4053,probabilitic inference,вывод вероятностный
4054,probabilitic logic,логика вероятностная
4055,probability density,плотность вероятности
4056,probability density function,функция плотности вероятности
4057,probability distribution,распределение вероятностей
4058,probability flow,поток вероятностей
4059,probability map,карта вероятностей
4060,probability mass,масса вероятности
4061,probability mass function,функция массы вероятности
4062,probability matrix,матрица вероятностей
4063,probability measure,вероятностная мера
4064,probability model,вероятностная модель
4065,probability multiset,вероятностное мультимножество
4066,probability simplex,вероятностный симплекс
4067,probability space,вероятностное пространство
4068,probability threshold,порог вероятности
4069,probability transition matrix,матрица переходных вероятностей
4070,probability vector,вектор вероятностей
4071,probing classifier,классификатор зондирования
4073,problem area,область проблемная
4074,problem area knowledge,знания о предметной области
4075,problem decomposition,декомпозиция задач
4076,problem solver,решатель задач
4077,problem space,пространство задачи
4078,procedural knowledge,знания процедурные
4079,product distribution,распределение произведения
4080,product-of-expert,произведение экспертов
4081,production,продукция
4082,production language,язык продукционный
4083,production system,система продукций
4084,program induction,индукция программ
4085,programming,программирование
4086,projection algorithm,алгоритм проекции
4087,projection layer,слой проекции
4088,projection matrix,матрица проекции
4089,projection operator,оператор проекции
4090,projection step,шаг проекции
4091,projective camera,проективная камера
4092,projective dependency parsing,Проективный разбор зависимостей
4093,projective dependency tree,проективное дерево зависимостей
4094,projective parsing,проективный парсинг
4095,projective transformation,проективное преобразование
4096,prompt,подсказка
4097,prompt engineering,инженерия запросов
4098,prompt learning,обучение с подсказками
4099,prompt tuning,настройка подсказок
4100,pronoun resolution,разрешение местоимений
4102,proof complexity,сложность доказательства
4103,proof number,номер доказательства
4104,proof tree,дерево доказательства
4105,propensity score,оценка склонности
4106,proposal distribution,распределение предложений
4107,proposal probability,вероятность предложения
4109,propositional,пропозициональный
4110,propositional calculus,исчисление высказываний
4111,propositional formula,пропозициональная формула
4112,propositional language,пропозициональный язык
4113,propositional logic,логика пропозициональная
4114,propositional variable,переменная пропозициональная
4115,protected attribute,защищённый атрибут
4116,protein folding,сворачивание белка
4117,protocol analysis,анализ протокольный
4118,prototype embedding,встраивание прототипа
4119,prototype frame,фрейм-прототип
4120,proximal operator,проксимальный оператор
4121,pruning algorithm,алгоритм обрезки
4123,pseudo-inverse,псевдообратный
4124,pseudophysical logic,логика псевдофизическая
4125,pure strategy,чистая стратегия
4126,push-down automaton,автомат магазинный
4127,pyramid level,уровень пирамиды
4128,quadratic assignment problem,квадратичная задача о назначениях
4129,quadratic loss,квадратичная ошибка
4130,quadratic program,квадратичная программа
4131,quadratic regularizer,квадратичный регуляризатор
4134,quantal response equilibrium,равновесие квантильных откликов
4135,quantification,квантификация
4136,quantified variable,квантифицированная переменная
4137,quantifier,квантификатор
4138,quantile,квантиль
4139,quantization,квантование
4140,quantization function,функция квантования
4141,quantizer,квантователь
4142,quasi-Newton method,метод квази-Ньютона
4143,quaternion,кватернион
4146,query answering,ответ на запрос
4147,query complexity,сложность запроса
4148,query context,контекст запроса
4149,query embedding,вектор запроса
4150,query image,изображение запроса
4151,query language,язык запросов
4152,query phase,фаза запроса
4153,query point,точка запроса
4154,query processing,обработка запросов
4155,query reformulation,переформулирование запросов
4156,query representation,представление запроса
4157,query strategy,стратегия запроса
4158,query time,время запроса
4159,query vector,вектор запроса
4160,query-document pair,пара запрос-документ
4162,question-answering system,система вопросно-ответная
4164,radiance field,поле радианса
4165,random crop,случайное обрезание
4166,random feature,случайные признаки
4167,random forest,Случайный лес
4168,random matrix theory,теория случайных матриц
4169,random policy,случайная политика
4170,random projection,случайное проецирование
4171,random projection algorithm,алгоритм случайного проекцирования
4172,random sampling,случайная выборка
4173,random seed,случайное семя
4174,random variable,случайная величина
4175,random vector,случайный вектор
4176,random walk model,модель случайного блуждания
4177,randomization,рандомизация
4178,randomized algorithm,рандомизированный алгоритм
4179,randomized smoothing,рандомизированное сглаживание
4180,range query,запрос диапазона
4181,rank,Ранг
4182,rank-one update,обновление ранга-один
4183,ranking algorithm,алгоритм ранжирования
4184,ranking function,функция ранжирования
4185,ranking model,модель ранжирования
4187,reachable state,достижимое состояние
4188,readout function,функция считывания
4189,reasoning,рассуждение
4190,reasoning by analogy,рассуждение по аналогии
4191,reasoning by association,рассуждение по ассоциации
4192,recall,Полнота
4193,receptive field,рецептивное поле
4194,recognition,распознавание
4195,recognition model,модель распознавания
4196,recommendation algorithm,алгоритм рекомендаций
4197,recommendation model,модель рекомендаций
4198,recommendation system,система рекомендаций
4199,recommender,рекомендатель
4200,recommender system,рекомендательная система
4201,reconstruction algorithm,алгоритм реконструкции
4202,reconstruction error,ошибка реконструкции
4203,reconstruction loss,потеря реконструкции
4204,recovery algorithm,алгоритм восстановления
4205,rectified linear unit,выпрямленная линейная единица
4206,rectified stereo pair,ректифицированная стереопара
4207,recurrent,рекуррентный
4208,recurrent architecture,рекуррентная архитектура
4209,recurrent autoencoder,рекуррентный автоэнкодер
4210,recurrent connection,рекуррентное соединение
4211,recurrent dynamic,рекуррентная динамика
4212,recurrent model,рекуррентная модель
4213,recurrent network,рекуррентная сеть
4214,recurrent neural network,Рекуррентная нейронная сеть
4215,recurrent state,рекуррентное состояние
4216,recursion,рекурсия
4217,recursive call,рекурсивный вызов
4218,recursive neural model,рекурсивная нейронная модель
4219,recursive neural network,рекурсивная нейронная сеть
4220,reference distribution,эталонное распределение
4221,reference resolution,разрешение ссылок
4222,reference text,эталонный текст
4223,reference-based metric,"метрика, основанная на эталонах"
4224,refinement network,сеть уточнения
4225,reflexive relation,отношение рефлексивное
4226,refutation procedure,процедура опровержения
4227,regression,Регрессия
4228,regression analysis,регрессионный анализ
4229,regression coefficient,регрессионный коэффициент
4230,regression function,регрессионная функция
4231,regression model,регрессионная модель
4232,regression problem,регрессионная задача
4233,regression task,задача регрессии
4234,regression tree,регрессионное дерево
4235,regret bound,граница сожаления
4236,regret matching,сопоставление сожалений
4237,regret minimization,минимизация сожаления
4238,regret minimization algorithm,алгоритм минимизации сожалений
4239,regret minimizer,минимизатор сожалений
4240,regular expression,регулярное выражение
4241,regularisation,регуляризация
4242,regularization,регуляризация
4243,regularization constant,константа регуляризации
4244,regularization function,функция регуляризации
4245,regularization loss,потеря регуляризации
4246,regularization parameter,параметр регуляризации
4247,regularization path,путь регуляризации
4248,regularization penalty,штраф регуляризации
4249,regularization strength,сила регуляризации
4250,regularization term,член регуляризации
4251,regularization weight,вес регуляризации
4252,regularization-based method,метод на основе регуляризации
4253,regularizer,регуляризатор
4254,reinforcement learning,Обучение с подкреплением
4255,reinforcement learning algorithm,алгоритм обучения с подкреплением
4256,rejection sampling,Выборка с отбраковкой
4258,relation extraction,извлечение отношений
4259,relation type,тип отношения
4260,relational data base,база данных реляционная
4261,relational model,модель реляционная
4262,relational tuple,реляционный кортеж
4264,relative entropy,относительная энтропия
4265,relative positional embedding,относительное позиционное встраивание
4266,relative scale,шкала относительная
4267,relevance relation,отношение релевантности
4268,relevance score,оценка релевантности
4269,rendering network,сеть рендеринга
4270,renormalization,перенормировка
4271,reparameterization,репараметризация
4272,reparameterization trick,трюк репараметризации
4273,repertoire lattice of Kelly,решетка Келли репертуарная
4274,replay buffer,буфер воспроизведения
4275,replay memory,память воспроизведения
4277,representation learning,обучение представлениям
4278,representation matrix,матрица представлений
4279,representation space,пространство представлений
4280,representation vector,вектор представления
4282,representer theorem,теорема представителя
4283,reproducing kernel Hilbert space,воспроизводящее ядровое гильбертово пространство
4284,reproducing property,Воспроизводящее свойство
4285,reprojection,репроекция
4286,reprojection error,ошибка репроекции
4287,reranker,повторный ранжировщик
4288,reranking model,модель повторного ранжирования
4289,reranking parser,переранжирующий парсер
4291,reservoir sampling,выборка с использованием резервуара
4292,residual block,остаточный блок
4293,residual branch,остаточная ветвь
4294,residual connection,остаточная связь
4295,residual error,остаточная ошибка
4296,residual function,остаточная функция
4297,residual graph,остаточный граф
4298,residual learning,остаточное обучение
4299,residual network,остаточная сеть
4300,resolution,резолюция
4301,resolution principle,принцип резолюции
4302,resolvent,резольвента
4304,restricted isometry property,свойство ограниченной изометрии
4305,retrieval,извлечение
4306,retrieval function,функция поиска
4307,retrieval method,метод извлечения
4308,retrieval model,модель поиска
4309,retrieval system,поисковая система
4311,reverse-mode,обратный режим
4312,reward,вознаграждение
4313,reward function,Функция вознаграждения
4314,reward model,модель вознаграждения
4315,reward shaping,формирование вознаграждения
4316,reward signal,сигнал вознаграждения
4317,reward-maximizing policy,политика максимизации вознаграждения
4318,ridge regression,Регрессия с регуляризацией по Тихонову
4319,ridge regularization,регуляризация гребня
4320,right-to-left model,модель справа налево
4321,rigid body transformation,трансформация твердого тела
4322,rigid transformation,жесткая трансформация
4323,risk minimization,минимизация риска
4324,roberta-large,roberta-large
4325,robotic,робототехнический
4326,robust optimization,робастная оптимизация
4327,robust risk,робастный риск
4328,robustness,устойчивость
4329,role assertion,утверждение роли
4330,role atom,атом роли
4331,role classification,классификация ролей
4332,role name,имя роли
4333,roll-out policy,политика развертывания
4334,rollout,развертывание
4335,rollout length,длина развертывания
4336,root mean square error,среднеквадратическая ошибка
4337,root node,корневой узел
4338,rotation angle,угол поворота
4339,rotation invariance,инвариантность к повороту
4340,rotation matrix,матрица поворота
4341,row vector,строковый вектор
4342,rule,правило
4343,rule body,тело правила
4344,rule-based system,"система, основанная на правилах"
4345,runtime complexity,сложность времени выполнения
4346,saddle-point problem,задача седловой точки
4347,saliency,заметность
4348,saliency map,карта заметности
4349,sample complexity,сложность выборки
4350,sample complexity bound,граница сложности выборки
4351,sample covariance matrix,матрица ковариации выборки
4352,sample efficiency,эффективность выборки
4353,sample selection,отбор выборки
4354,sample space,пространство выборки
4355,sample variance,дисперсия выборки
4356,sample-efficient,эффективный по выборке
4357,sampler,сэмплер
4358,sampling algorithm,алгоритм выборки
4359,sampling-based inference,инференция на основе выборки
4360,satisfiability,удовлетворимость
4361,satisfiability problem,задача удовлетворимости
4362,scalability,масштабируемость
4363,scalar,скаляр
4364,scalar product,скалярное произведение
4365,scalarization,скаляризация
4366,scale invariance,инвариантность к масштабу
4367,scale parameter,параметр масштаба
4368,scaled dot-product,масштабированное скалярное произведение
4369,scaled dot-product attention,внимание масштабированного скалярного произведения
4370,scaling factor,коэффициент масштабирования
4371,scanning window detector,детектор сканирующего окна
4372,scenary analysis,анализ сцен
4373,scene category,категория сцены
4374,scene classification,классификация сцены
4375,scene classifier,классификатор сцен
4376,scene flow,поток сцены
4377,scene flow estimation,оценка потока сцены
4378,scene geometry,геометрия сцены
4379,scene graph,граф сцены
4380,scene parsing,анализ сцены
4381,scene recognition,распознавание сцены
4382,scene reconstruction,реконструкция сцены
4383,scene representation,представление сцены
4384,scene understanding,понимание сцены
4385,scheduled sampling,Запланированное выборочное обучение
4386,scheduler,планировщик
4387,schema item,элемент схемы
4388,score function,функция оценки
4389,score matching,сопоставление оценок
4390,score vector,вектор оценок
4391,score-based model,модель на основе оценок
4392,scoring function,функция оценки
4393,script,сценарий
4395,search algorithm,алгоритм поиска
4396,search in problem space,поиск в пространстве задач
4397,search in state space,поиск в пространстве состояний
4398,search problem,задача поиска
4399,search procedure,процедура поиска
4400,search space,пространство поиска
4401,search tree,дерево поиска
4402,second order,второй порядок
4403,second order logic,логика второго порядка
4404,second order statistic,статистика второго порядка
4405,second-order optimization,оптимизация второго порядка
4406,second-order potential,потенциал второго порядка
4407,segmentation,сегментация
4408,segmentation algorithm,алгоритм сегментации
4409,segmentation map,карта сегментации
4410,segmentation mask,маска сегментации
4411,selection bias,предвзятость отбора
4412,selectional preference,предпочтение выбора
4413,self-attention,Самовнимание
4414,self-attention head,голова самовнимания
4415,self-attention layer,слой самовнимания
4416,self-attention matrix,матрица самовнимания
4417,self-attention mechanism,механизм самовнимания
4418,self-attention model,модель самовнимания
4419,self-attention module,модуль самовнимания
4420,self-learning,самообучение
4421,self-loop,самопетля
4422,self-play,самоигра
4423,self-supervised method,самоконтролируемый метод
4424,self-supervised model,самообучающаяся модель
4425,self-supervised representation learning,самообучение представлений
4426,self-supervised signal,самообучающий сигнал
4427,self-supervised training,обучение под самоконтролем
4428,self-supervision,самообучение
4429,self-training,самостоятельное обучение
4430,semantic alignment,семантическое выравнивание
4431,semantic analysis,семантический анализ
4432,semantic annotation,семантическая аннотация
4433,semantic category,семантическая категория
4434,semantic class,семантический класс
4435,semantic constraint,семантическое ограничение
4436,semantic distance,расстояние семантическое
4437,semantic encoder,семантический энкодер
4438,semantic equivalence,семантическое эквивалентность
4439,semantic feature,семантическая особенность
4440,semantic graph,семантический граф
4441,semantic information,семантическая информация
4442,semantic interpretation,семантическая интерпретация
4443,semantic label,семантическая метка
4444,semantic memory,семантическая память
4445,semantic model,семантическая модель
4446,semantic network,сеть семантическая
4447,semantic object,семантический объект
4448,semantic operator,семантический оператор
4449,semantic parse,семантический разбор
4450,semantic parser,семантический парсер
4451,semantic priming,семантическое праймирование
4452,semantic relation,отношение семантическое
4453,semantic representation,семантическое представление
4454,semantic role,семантическая роль
4455,semantic role label,семантическая роль
4456,semantic search,семантический поиск
4457,semantic segmentation,семантическая сегментация
4458,semantic similarity,семантическое сходство
4459,semantic similarity measure,мера семантического сходства
4460,semantic space,пространство семантическое
4461,semantic structure,семантическая структура
4462,semantic symbol,семантический символ
4463,semantic textual similarity,семантическое текстовое сходство
4464,semantic unit,семантическая единица
4465,semantic vector,семантический вектор
4466,semantic vector space,семантическое векторное пространство
4469,semi-Markov,полу-Марковский
4470,semi-definite programming,полуопределённое программирование
4471,semi-supervised clustering,полуконтролируемая кластеризация
4472,semi-supervised learning,полуконтролируемое обучение
4473,semi-supervision,полу supervised обучение
4474,semidefinite program,полуопределённая программа
4475,semiotics,семиотика
4477,sense disambiguation,разрешение многозначности
4478,sensitive attribute,чувствительный атрибут
4479,sensitivity analysis,анализ чувствительности
4481,sentence classification,классификация предложений
4482,sentence compression,сжатие предложений
4483,sentence embedding,векторное представление предложений
4484,sentence encoder,кодировщик предложений
4485,sentence representation,представление предложений
4486,sentence segmentation,сегментация предложений
4487,sentence vector,вектор предложения
4488,sentence-level,уровень предложения
4489,sentence-level classification,классификация на уровне предложений
4490,sentence-level representation,представление на уровне предложений
4492,sentiment,Настроение
4493,sentiment analysis,Анализ настроений
4494,sentiment analysis model,модель анализа настроений
4495,sentiment classification,классификация настроений
4496,sentiment classifier,классификатор настроений
4497,sentiment detection,определение тональности
4498,sentiment transfer,перенос настроений
4499,separation oracle,оракул разделения
4500,separation parameter,параметр разделения
4501,separator token,токен-разделитель
4502,seq2seq model,модель seq2seq
4504,sequence alignment,выравнивание последовательностей
4505,sequence classification,классификация последовательностей
4506,sequence database,база данных последовательностей
4507,sequence generation,генерация последовательностей
4508,sequence labeling,разметка последовательностей
4509,sequence labeling model,модель разметки последовательностей
4510,sequence length,длина последовательности
4511,sequence model,модель последовательностей
4512,sequence prediction,прогнозирование последовательностей
4513,sequence tagging,тегирование последовательностей
4514,sequence transduction,трансдукция последовательностей
4515,sequence-to-sequence,последовательность-в-последовательность
4516,sequence-to-sequence architecture,архитектура последовательность-в-последовательность
4517,sequence-to-sequence generation,генерация последовательность-в-последовательность
4518,sequence-to-sequence model,модель последовательность-в-последовательность
4519,sequence-to-sequence transduction,трансдукция из последовательности в последовательность
4521,sequent,секвенция
4522,sequential automaton,автомат секвенциальный
4523,sequential datum,последовательные данные
4524,sequential decision making,последовательное принятие решений
4525,sequential decision-making process,процесс последовательного принятия решений
4526,sequential sampler,последовательный сэмплер
4527,sequential tagging,последовательная разметка
4528,set cover problem,задача покрытия множества
4529,set function,функция множества
4530,shallow network,поверхностная сеть
4531,shape matching,сопоставление форм
4532,shape prior,априорное распределение формы
4534,shell,оболочка
4535,shift invariant,инвариантный к сдвигу
4536,shift reduce parser,Парсер сдвига и редукции
4537,shortest path,кратчайший путь
4538,shortest path algorithm,алгоритм поиска кратчайшего пути
4539,shortest path kernel,ядро кратчайшего пути
4540,shortest path length,длина кратчайшего пути
4541,sibling model,модель сиблингов
4542,sigmoid,Сигмоида
4543,sigmoid activation,сигмоидная активация
4544,sigmoid activation function,сигмоидная функция активации
4545,sigmoid function,Сигмоидная функция
4546,signal processing,обработка сигналов
4547,signal-to-noise ratio,отношение сигнал/шум
4548,sim,сходство
4549,simbolic processor,процессор символьный
4550,similarity,сходство
4551,similarity function,функция сходства
4552,similarity graph,граф сходства
4553,similarity matrix,матрица сходства
4554,similarity measure,мера сходства
4555,similarity metric,метрика сходства
4556,similarity score,оценка сходства
4557,similarity search,поиск по сходству
4558,simplicial complex,симплициальный комплекс
4559,simulated annealing,имитационное отжигание
4561,single task learning,обучение на одной задаче
4562,single-label classification,одноярлыковая классификация
4563,single-view data,данные с одним представлением
4564,singleton,синглтон
4565,singular value,сингулярное значение
4566,singular value decomposition,Сингулярное разложение
4567,singular vector,сингулярный вектор
4568,situational calculus,исчисление ситуационное
4569,situational control,управление ситуационное
4570,situational model,модель ситуаций
4571,situational semantics,семантика ситуативная
4572,skip connection,пропускное соединение
4573,skip-gram,скип-грам
4574,skip-gram model,модель skip-gram
4575,slack variable,вспомогательная переменная
4576,sliding window,скользящее окно
4577,sliding window classifier,классификатор со скользящим окном
4578,slot,слот
4579,slot filling,заполнение слотов
4580,slot value,значение слота
4581,slot-value pair,пара слот-значение
4582,smoothing parameter,параметр сглаживания
4583,smoothness term,терм сглаживания
4585,social bias,социальная предвзятость
4586,social network analysis,анализ социальных сетей
4587,soft margin,Мягкая маржа
4588,softmax,софтмакс
4589,softmax activation,активация софтмакс
4590,softmax activation function,функция активации софтмакс
4591,softmax classifier,классификатор софтмакс
4592,softmax distribution,распределение softmax
4593,softmax function,функция softmax
4594,softmax loss,Функция потерь softmax
4595,softplus,софтплюс
4596,softplus activation,активация softplus
4597,softplus function,функция softplus
4598,solution space,пространство решений
4599,solver,решатель
4600,source,источник
4601,source domain,исходная область
4602,source model,исходная модель
4603,source node,исходный узел
4604,source sequence,исходная последовательность
4605,source token,исходный токен
4606,source word,исходное слово
4607,space carving,вырезание пространства
4608,space complexity,сложность по памяти
4609,space partitioning,разбиение пространства
4610,spam detection,обнаружение спама
4611,spam filtering,фильтрация спама
4612,span,Пространство
4614,sparse,разреженный
4615,sparse approximation,разреженное приближение
4616,sparse attention,разреженное внимание
4617,sparse attention pattern,шаблон разреженного внимания
4618,sparse graph,разрежённый граф
4619,sparse matrix,разрежённая матрица
4620,sparse model,разрежённая модель
4621,sparse recovery,разрежённое восстановление
4622,sparse representation,разрежённое представление
4623,sparse sampling,разреженная выборка
4624,sparse vector,разреженный вектор
4625,sparsification,разрежение
4626,sparsity,разреженность
4627,sparsity level,уровень разреженности
4628,sparsity regularization,регуляризация разреженности
4630,spatial domain,пространственная область
4631,spatial gradient,пространственный градиент
4632,spatial logic,логика пространственная
4633,spatial pooling,пространственное объединение
4634,spatial pyramid,пространственная пирамида
4635,spatial relation,отношение пространственное
4636,special token,специальный токен
4637,spectral algorithm,спектральный алгоритм
4638,spectral clustering,спектральная кластеризация
4639,spectral decomposition,спектральное разложение
4640,spectral embedding,спектральное вложение
4641,spectral gap,спектральный разрыв
4642,spectral learning,спектральное обучение
4643,spectral matching,спектральное соответствие
4644,spectral method,спектральный метод
4645,spectral norm,спектральная норма
4646,spectral property,спектральное свойство
4647,spectrogram,спектрограмма
4648,speech,речь
4649,speech act,акт речевой
4650,speech act theory,теория речевых актов
4651,speech recognition,распознавание речи
4652,speech recognizer,распознаватель речи
4653,speech synthesis model,модель синтеза речи
4654,speech synthesizer,синтезатор речи
4656,spoken dialogue system,голосовая диалоговая система
4657,spurious correlation,ложная корреляция
4658,squared Euclidean distance,квадратное евклидово расстояние
4659,squared error loss,квадратичная ошибка потери
4660,stable model,стабильная модель
4661,stable model semantic,семантика стабильной модели
4662,stance detection,определение позиции
4663,standard normal distribution,стандартное нормальное распределение
4664,start token,токен начала
4665,state,состояние
4666,state action pair,пара состояние-действие
4667,state distribution,распределение состояний
4668,state estimation,оценка состояния
4669,state machine,конечный автомат
4670,state matrix,матрица состояния
4671,state of the art algorithm,передовой алгоритм
4672,state representation,представление состояния
4673,state sequence,последовательность состояний
4674,state space,пространство состояний
4675,state trajectory,траектория состояния
4676,state transition,переход состояния
4677,state transition function,функция перехода состояний
4678,state transition matrix,матрица перехода состояний
4679,state transition model,модель перехода состояний
4680,state transition probability,вероятность перехода состояния
4681,state value function,функция ценности состояния
4682,state variable,переменная состояния
4683,state vector,вектор состояния
4684,state-action distribution,распределение состояний и действий
4685,state-action space,пространство состояний и действий
4686,state-action value,ценность состояния-действия
4687,state-action value function,функция ценности состояния-действия
4688,state-of-the-art baseline,передовой эталон
4689,state-of-the-art method,современный метод
4690,state-of-the-art model,модель передового уровня
4691,state-of-the-art system,система передового уровня
4692,static analysis,статический анализ
4693,stationarity,стационарность
4694,stationary distribution,стационарное распределение
4695,stationary kernel,стационарное ядро
4696,stationary policy,стационарная политика
4698,statistical analysis,статистический анализ
4699,statistical independence,статистическая независимость
4700,statistical learning,статистическое обучение
4701,statistical learning algorithm,алгоритм статистического обучения
4702,statistical learning theory,статистическая теория обучения
4703,statistical machine translation system,статистическая система машинного перевода
4704,statistical measure,статистическая мера
4705,statistical model,статистическая модель
4706,statistical translation model,статистическая модель перевода
4707,steepest descent,наискорейший спуск
4708,steerable filter,управляемый фильтр
4709,stemmer,стеммер
4710,stereo algorithm,стереоалгоритм
4711,stereo benchmark,стерео-бенчмарк
4712,stereo disparity,стереодиспаритет
4713,stereo image,стереоизображение
4714,stereo matching,стереосопоставление
4715,stereo pair,стереопара
4716,stereo reconstruction,стереореконструкция
4717,stereo vision,стереозрение
4718,stochastic algorithm,стохастический алгоритм
4719,stochastic approximation,стохастическое приближение
4720,stochastic automaton,автомат стохастический
4721,stochastic depth,стохастическая глубина
4722,stochastic differential equation,стохастическое дифференциальное уравнение
4723,stochastic dynamic,стохастическая динамика
4724,stochastic environment,стохастическая среда
4725,stochastic game,стохастическая игра
4726,stochastic gradient,стохастический градиент
4727,stochastic gradient algorithm,алгоритм стохастического градиента
4728,stochastic gradient ascent,стохастический градиентный подъём
4729,stochastic gradient descent,Стохастический градиентный спуск
4730,stochastic gradient method,стохастический градиентный метод
4731,stochastic grammar,стохастическая грамматика
4732,stochastic matrix,стохастическая матрица
4733,stochastic model,стохастическая модель
4734,stochastic objective,стохастическая цель
4735,stochastic optimization,стохастическая оптимизация
4736,stochastic policy,стохастическая политика
4737,stochastic process,стохастический процесс
4738,stochastic sampling,стохастическая выборка
4739,stochastic search algorithm,стохастический алгоритм поиска
4740,stochastic subgradient descent,стохастический субградиентный спуск
4741,stochastic transition matrix,стохастическая матрица переходов
4742,stochastic variational inference,стохастическая вариационная инференция
4743,stochasticity,стохастичность
4744,stop word,стоп-слово
4745,stop-gradient,остановка градиента
4746,stop-gradient operation,операция остановки градиента
4747,stopping condition,условие остановки
4748,stopping criterion,критерий остановки
4749,strategic planning,планирование стратегическое
4750,stratified sampling,стратифицированная выборка
4751,streaming algorithm,потоковый алгоритм
4752,streaming datum,потоковые данные
4753,streaming model,потоковая модель
4754,stride,шаг
4755,string kernel metric,метрика строкового ядра
4756,structural learning,структурное обучение
4757,structural risk minimization,минимизация структурного риска
4758,structure,структура
4759,structure learning,структурное обучение
4761,structured datum,структурированные данные
4762,structured output,структурированный вывод
4763,structured perceptron,структурированный перцептрон
4764,structured prediction,структурированное предсказание
4765,structured prediction model,модель структурированного предсказания
4766,structured prediction problem,задача структурированного предсказания
4767,structured support vector machine,структурированная опорная векторная машина
4768,student model,модель студента
4769,style transfer,перенос стиля
4770,sub-gradient,субградиент
4771,sub-gradient descent,спуск по субградиенту
4772,sub-networks,подсети
4773,sub-population,субпопуляция
4774,sub-word,субслово
4775,sub-word tokenization,токенизация подслов
4776,subgame,подигра
4777,subgradient method,метод субградиента
4778,subgraph isomorphism,изоморфизм подграфов
4779,subgraph selection,выбор подграфа
4780,subject area,область предметная
4781,submatrice,подматрица
4782,submatrix,подматрица
4783,submodular,субмодульный
4784,submodular function,субмодульная функция
4785,submodular function optimization,оптимизация субмодульных функций
4786,submodular influence function,субмодулярная функция влияния
4787,submodular optimization,субмодулярная оптимизация
4788,submodular polyhedron,субмодулярный многогранник
4789,submodular set function,субмодулярная функция множества
4790,subnetwork,подсеть
4791,suboptimal,субоптимальный
4792,subpixel,субпиксельный
4793,subsample,подвыборка
4794,subsampling factor,коэффициент подсэмплирования
4795,subspace learning,Обучение в подпространстве
4796,subspace method,метод подпространств
4797,subspace projection,проекция на подпространство
4798,substitution,подстановка
4799,subsumption,подчинение
4800,subsumption relation,отношение подчинения
4801,subtree,поддерево
4802,subwindow,подокно
4803,subword,подсловие
4804,subword token,токен подслова
4805,subword unit,единица подслова
4806,successor function,функция преемника
4807,successor state,состояние преемника
4808,successor state axiom,аксиома состояния преемника
4809,sufficient statistic,достаточная статистика
4810,suffix tree,суффиксное дерево
4811,summarization,резюмирование
4812,summarization algorithm,алгоритм суммаризации
4813,summarization model,модель резюмирования
4814,summarization system,система резюмирования
4816,super-pixel,суперпиксель
4817,super-resolution,суперразрешение
4818,supergradient,суперградиент
4819,supertag,супертег
4820,supervised classification,супервизированная классификация
4821,supervised classification model,модель супервизированной классификации
4822,supervised classifier,контролируемый классификатор
4823,supervised contrastive learning,контролируемое контрастивное обучение
4824,supervised datum,обучающие данные с учителем
4825,supervised finetuning,супервизированная донастройка
4826,supervised learning,обучение с учителем
4827,supervised manner,супервизированный способ
4828,supervised method,Метод с учителем
4829,supervised model,модель с учителем
4830,supervised multi-task learning,супервизированное многозадачное обучение
4831,supervised setting,обучение с учителем
4832,supervised system,супервизированная система
4833,supervised training,супервизированное обучение
4834,support,поддержка
4835,support set,набор поддержки
4836,support threshold,порог поддержки
4837,support vector,опорный вектор
4838,support vector machine,Метод опорных векторов
4839,surface normal,нормаль поверхности
4840,surface normal estimator,оцениватель нормалей поверхности
4841,surface normal prediction,предсказание нормалей поверхности
4842,surface realization,реализация поверхности
4843,surrogate,заместитель
4844,surrogate function,суррогатная функция
4845,surrogate loss,суррогатная потеря
4846,surrogate loss function,суррогатная функция потерь
4847,surrogate model,суррогатная модель
4848,syllogism,силлогизм
4849,symbol grounding problem,проблема с заземлением символа
4850,symbolic representation,символическое представление
4851,symmetric matrix,симметрическая матрица
4852,symmetric positive semidefinite matrix,симметричная положительно полуопределённая матрица
4853,symmetric relation,отношение симметричное
4854,symmetrization,симметризация
4855,synchronous context-free grammar,синхронная контекстно-свободная грамматика
4856,synonymy,синонимия
4857,synset,синсет
4859,syntactic analysis,анализ синтаксический
4860,syntactic category,синтаксическая категория
4861,syntactic constraint,синтаксическое ограничение
4862,syntactic dependency,синтаксическая зависимость
4863,syntactic dependency parsing,синтаксический анализ зависимостей
4864,syntactic dependency tree,синтаксическое дерево зависимостей
4865,syntactic feature,синтаксическая особенность
4866,syntactic information,синтаксическая информация
4867,syntactic parse,синтаксический анализ
4868,syntactic parser,анализатор синтаксический
4869,syntactic regularity,синтаксическая регулярность
4870,syntactic representation,синтаксическое представление
4871,syntactic rule,правило синтаксическое
4872,syntactic similarity,синтаксическое сходство
4873,syntactic structure,синтаксическая структура
4874,syntactic tree,синтаксическое дерево
4876,syntax tree,синтаксическое дерево
4877,synthetic dataset,синтетический набор данных
4879,system identification,идентификация системы
4881,t-test,t-тест
4882,tactic planning,планирование тактическое
4883,tactile perception,восприятие тактильной информации
4884,tag recommendation,рекомендация тегов
4885,tag sequence,последовательность тегов
4886,tagger,теггер
4888,tagset,набор тегов
4889,tail entity,хвостовая сущность
4890,tangent space,касательное пространство
4891,tanh activation function,функция активации tanh
4892,target,целевая переменная
4893,target classifier,целевой классификатор
4894,target distribution,целевое распределение
4895,target domain,целевая область
4896,target function,целевая функция
4897,target instance,целевой экземпляр
4898,target model,целевая модель
4899,target network,целевая сеть
4900,target node,целевой узел
4901,target policy,целевая политика
4902,target sentence,целевое предложение
4903,target sequence,целевая последовательность
4904,target task,целевая задача
4905,target token,целевой токен
4906,target variable,целевая переменная
4907,target vector,целевой вектор
4908,target vocabulary,целевой словарь
4909,target word,целевое слово
4910,target-to-source model,модель перевода с целевого языка на исходный язык
4912,task adaptation,адаптация задачи
4913,task model,модель задачи
4914,task-oriented dialog system,ориентированная на задачу диалоговая система
4915,task-oriented dialogue system,Ориентированная на задачу диалоговая система
4916,task-specific model,"модель, специфичная для задачи"
4918,taxonomy,таксономия
4919,teacher forcing,обучение с учителем
4920,teacher network,сеть учителя
4921,teaching selection,выборка обучающая
4922,temperature parameter,параметр температуры
4923,temperature scaling,масштабирование температуры
4924,template,шаблон
4925,template model,модель шаблона
4926,template-matching,сопоставление шаблонов
4927,temporal derivative,временная производная
4928,temporal difference,временная разница
4929,temporal difference learning,обучение с временными различиями
4930,temporal drift,временной дрейф
4931,temporal fusion,временная фузия
4932,temporal locality,временная локальность
4933,temporal logic,логика временная
4934,temporal reasoning,временное рассуждение
4935,temporal relation,отношение временное
4936,temporal variable,временная переменная
4937,tensor,тензор
4938,tensor decomposition,разложение тензора
4939,tensor factorization,факторизация тензора
4940,tensor field,тензорное поле
4941,tensor product,тензорное произведение
4942,term,терм
4943,term frequency,частотность термина
4944,terminal node,терминальный узел
4945,terminal state,терминальное состояние
4946,termination condition,условие завершения
4947,termination criterion,критерий завершения
4948,terminology,терминология
4949,test accuracy,точность тестирования
4950,test dataset,тестовый набор данных
4951,test datum,тестовый экземпляр
4952,test domain,тестовая область
4953,test error,ошибка на тестовой выборке
4954,test loss,потери на тестовых данных
4955,test set,тестовый набор
4956,test split,тестовая выборка
4957,test time,время тестирования
4958,testing set,тестовая выборка
4960,text categorization,категоризация текста
4961,text corpus,текстовый корпус
4962,text embedding,текстовое встраивание
4963,text encoder,текстовый энкодер
4964,text generation,генерация текста
4965,text generation model,модель генерации текста
4966,text mining,текстовая аналитика
4967,text segmentation,сегментация текста
4968,text simplification,упрощение текста
4969,text-davinci-002,text-davinci-002
4970,text-davinci-003,text-davinci-003
4971,text-to-image diffusion model,модель диффузии текста в изображение
4972,text-to-image generation,генерация изображений из текста
4973,text-to-image model,модель текста в изображение
4974,text-to-image synthesis,синтез изображений по тексту
4976,textual entailment,текстовая импликация
4977,tf-idf,tf-idf
4978,theorem proving,доказательство теоремы
4979,threat model,модель угроз
4980,threshold,порог
4981,threshold function,пороговая функция
4982,threshold parameter,пороговый параметр
4983,threshold policy,пороговая политика
4984,time complexity,временная сложность
4985,time series,временной ряд
4986,time series analysis,анализ временных рядов
4987,time series forecasting,прогнозирование временных рядов
4988,time step,временной шаг
4989,time-series datum,данные временного ряда
4990,time-series model,модель временных рядов
4991,time/space complexity,временная/пространственная сложность
4993,token classification,классификация токенов
4994,token embedding,встраивание токенов
4995,token frequency,частота токенов
4996,token length,длина токена
4997,token representation,представление токена
4998,token sequence,последовательность токенов
4999,token space,пространство токенов
5000,token vector,вектор токена
5001,token vocabulary,словарь токенов
5002,token-level,уровень токенов
5003,token-level attention,внимание на уровне токенов
5004,token-level feature,особенность на уровне токенов
5005,tokenisation,токенизация
5006,tokenization,токенизация
5007,tokenization scheme,схема токенизации
5008,tokenizer,токенизатор
5010,tolerance relation,отношение толерантности
5011,tool expert system,система экспертная пустая
5012,top-1 accuracy,точность top-1
5013,top-down segmentation,сегментация сверху вниз
5014,top-k,топ-k
5015,top-k sampling,топ-k выборка
5016,top-p sampling,выборка по топ-p
5017,topic assignment,назначение темы
5018,topic classification,классификация тем
5019,topic distribution,распределение тем
5020,topic model,тематическая модель
5021,topic proportion,пропорция тем
5022,topic weight,вес темы
5023,topological scale,шкала топологическая
5024,total variation,тотальная вариация
5025,total variation distance,расстояние полной вариации
5026,toxicity detection,обнаружение токсичности
5027,trace norm,норма следа
5028,tracking algorithm,алгоритм отслеживания
5029,train,обучение
5030,train / test / dev split,разделение на обучающую/тестовую/валидационную выборки
5031,train set,обучающая выборка
5032,train-test split,разделение на обучающую и тестовую выборки
5033,train/test,обучение/тестирование
5034,trainable parameter,настраиваемый параметр
5035,trainable weight,настраиваемый вес
5036,training,обучение
5037,training accuracy,точность обучения
5038,training algorithm,алгоритм обучения
5039,training batch,обучающая партия
5040,training corpora,обучающие корпуса
5041,training corpus,обучающий корпус
5042,training dataset,обучающий набор данных
5043,training datum,обучающий пример
5044,training distribution,распределение обучения
5045,training dynamic,динамика обучения
5046,training epoch,эпоха обучения
5047,training error,ошибка обучения
5048,training example,обучающий пример
5049,training loss,потери на обучении
5050,training objective,цель обучения
5051,training phase,фаза обучения
5052,training procedure,процедура обучения
5053,training process,процесс обучения
5054,training sample,обучающий образец
5055,training set,обучающая выборка
5056,training stability,стабильность обучения
5057,training step,шаг обучения
5058,training task,задача обучения
5059,training time,время обучения
5060,training token,токен обучения
5061,trajectory forecasting,прогнозирование траектории
5062,trajectory optimization,оптимизация траектории
5063,transaction database,транзакционная база данных
5064,transductive learning,трансдуктивное обучение
5065,transfer function,передаточная функция
5066,transfer learning,переносное обучение
5067,transformation function,функция преобразования
5068,transformation matrix,матрица преобразования
5070,transformer language model,трансформерная языковая модель
5071,transformer layer,трансформерный слой
5072,transformer model,модель Transformer
5073,transformer variant,вариант трансформера
5074,transformer-based architecture,архитектура на основе трансформеров
5076,transition distribution,распределение переходов
5077,transition dynamic,динамика переходов
5078,transition function,функция перехода
5079,transition graph,граф переходов
5080,transition kernel,ядро переходов
5081,transition matrix,матрица переходов
5082,transition model,модель переходов
5083,transition probability,вероятность перехода
5084,transition probability model,модель вероятностей перехода
5085,transition system,система переходов
5086,transition-based dependency parsing,парсинг зависимостей на основе переходов
5087,transition-based model,модель на основе переходов
5088,transition-based parser,парсер на основе переходов
5089,transition-based parsing,синтаксический анализ на основе переходов
5090,transitive closure,транзитивное замыкание
5091,transitive relation,отношение транзитивное
5093,translation invariance,трансляционная инвариантность
5094,translation model,модель перевода
5095,translation system,система перевода
5096,translation vector,вектор трансляции
5098,transliteration,транслитерация
5099,transpose,транспонирование
5100,transposition table,таблица транспозиций
5101,tree data structure,деревовидная структура данных
5102,tree decomposition,древовидная декомпозиция
5103,tree depth,глубина дерева
5104,tree ensemble,ансамбль деревьев
5105,tree search,поиск в дереве
5106,tree structure,древовидная структура
5107,tree width,ширина дерева
5108,tree-based model,модель на основе дерева
5109,treebank,Трибанк
5110,treebank annotation,аннотация дерева
5111,tri-gram,триграмма
5112,triangle inequality,неравенство треугольника
5113,trifocal tensor,трифокальный тензор
5114,trigram language model,триграммная языковая модель
5115,trigram model,триграммная модель
5116,trilinear interpolation,трилинейная интерполяция
5117,trimap,тримап
5118,triple,тройка
5119,triplet,тройка
5120,triplet loss,потери триплета
5121,true positive rate,доля истинных положительных результатов
5122,truth assignment,присвоение истинности
5123,tuple,кортеж
5124,tuplex,туплекс
5125,two-class classification,бинарная классификация
5126,two-player zero-sum game,игра с нулевой суммой для двух игроков
5127,type embedding,векторное представление типа
5128,unary atom,унарный атом
5129,unary constraint,унарное ограничение
5130,unary feature,унарная особенность
5131,unary potential,унарный потенциал
5132,unary predicate,унарный предикат
5133,unary production,унарное правило
5134,unbiased estimate,Несмещённая оценка
5135,unbiased estimator,несмещённый оцениватель
5136,uncertainty,неопределенность
5137,uncertainty measure,мера неопределенности
5138,uncertainty modeling,моделирование неопределенности
5139,uncertainty sampling,выборка на основе неопределенности
5140,undirected graph,неориентированный граф
5141,undirected graphical model,неориентированная графическая модель
5142,unification,унификация
5143,unifier,унификатор
5144,uniform convergence,равномерная сходимость
5145,uniform distribution,равномерное распределение
5146,uniform information density hypothesis,гипотеза равномерной плотности информации
5147,uniform sampling,равномерная выборка
5148,unigram,униграмма
5149,unigram counts,частоты униграмм
5150,unigram distribution,униграммное распределение
5151,unigram language model,униграммная языковая модель
5152,unigram model,униграммная модель
5153,union bound,верхняя граница объединения
5154,union of conjunctive query,объединение конъюнктивных запросов
5155,unit propagation,пропагация единичных утверждений
5156,unit sphere,единичная сфера
5157,universal approximation,универсальная аппроксимация
5158,universal approximator,универсальный аппроксиматор
5159,universal model,универсальная модель
5160,universal quantifier,квантор общности
5161,universal scale,шкала универсальная
5162,universum,универсум
5163,unlabeled datum,неразмеченные данные
5164,unlexicalized grammar,нелексикализованная грамматика
5165,unnormalized probability,ненормализованная вероятность
5167,unsolvability,неразрешимость
5169,unsupervised algorithm,неконтролируемый алгоритм
5170,unsupervised approach,неконтролируемый подход
5171,unsupervised classification,неконтролируемая классификация
5172,unsupervised clustering,неконтролируемая кластеризация
5173,unsupervised datum,несупервизированные данные
5174,unsupervised discovery,неконтролируемое открытие
5175,unsupervised disentanglement,несупервизированное разделение
5176,unsupervised domain adaptation,несупервизированная адаптация домена
5177,unsupervised feature learning,неконтролируемое обучение признаков
5178,unsupervised image segmentation,неконтролируемая сегментация изображений
5179,unsupervised learning,неконтролируемое обучение
5180,unsupervised method,неконтролируемый метод
5181,unsupervised model,неконтролируемая модель
5182,unsupervised morphological segmentation,неконтролируемая морфологическая сегментация
5183,unsupervised parsing,неконтролируемый синтаксический разбор
5184,unsupervised pre-training,неконтролируемое предварительное обучение
5185,unsupervised representation,неконтролируемое представление
5186,unsupervised representation learning,неконтролируемое обучение представлений
5187,unsupervised segmentation,неконтролируемая сегментация
5188,unsupervised system,неконтролируемая система
5189,unsupervised word clustering,неконтролируемая кластеризация слов
5190,unweighted graph,неориентированный граф
5191,update function,функция обновления
5192,update rule,правило обновления
5194,user embedding,встраивание пользователя
5195,user model,модель пользователя
5196,user utterance,высказывание пользователя
5197,user-item matrix,матрица пользователь-объект
5198,utility,полезность
5199,utility function,функция полезности
5201,utterance encoder,кодировщик высказываний
5203,valid formula,формула общезначимая
5204,validation,валидация
5205,validation accuracy,точность валидации
5206,validation dataset,валидационный набор данных
5207,validation datum,валидационный датум
5208,validation loss,потери на валидации
5209,validation performance,производительность на валидационном наборе
5210,validation set,валидационный набор
5211,validation split,валидационное разбиение
5212,value estimate,оценка значения
5213,value function,функция ценности
5214,value function approximation,аппроксимация функции ценности
5215,value iteration,итерация ценности
5216,value iteration algorithm,алгоритм итерации по ценностям
5217,value network,сеть ценности
5218,value-based reinforcement learning,обучение с подкреплением на основе ценностей
5219,vanilla Transformer,стандартный трансформер
5220,vanishing gradient,исчезающий градиент
5221,vanishing gradient problem,проблема исчезающего градиента
5222,variable assignment,присвоение переменных
5223,variable selection,выбор переменных
5224,variance reduction,уменьшение дисперсии
5225,variance regularization,регуляризация дисперсии
5226,variational Bayes,вариационный Байес
5227,variational approach,вариационный подход
5228,variational approximation,вариационное приближение
5229,variational autoencoder,Вариационный автокодировщик
5230,variational bound,вариационная граница
5231,variational distribution,вариационное распределение
5232,variational formulation,вариационная формулировка
5233,variational framework,вариационная структура
5234,variational inference,вариационное выводу
5235,variational lower bound,вариационная нижняя граница
5236,variational method,вариационный метод
5237,variational model,вариационная модель
5238,variational objective,вариационная цель
5239,variational parameter,вариационные параметры
5240,variational posterior,вариационный апостериор
5242,vector arithmetic,векторная арифметика
5243,vector concatenation,конкатенация векторов
5244,vector embedding,векторное представление
5245,vector field,векторное поле
5246,vector graphic,векторная графика
5247,vector normalization,нормализация векторов
5248,vector quantization,векторная квантизация
5249,vector representation,векторное представление
5250,vector space,векторное пространство
5251,vector space embedding,вложение векторного пространства
5252,vector space model,модель векторного пространства
5253,vector space representation,векторное представление
5254,vector-valued function,векторная функция
5255,vectorization,векторизация
5256,vectorization operator,оператор векторизации
5257,vectorize,векторизовать
5260,verbalizer,вербализатор
5262,verification,верификация
5263,vertex label,метка вершины
5264,vertex set,множество вершин
5265,victim model,модель жертвы
5266,video-processor,видеопроцессор
5267,view synthesis,синтез вида
5268,virtual camera,виртуальная камера
5269,virtual machine,машина виртуальная
5270,virtual memory,память виртуальная
5271,virtual relation,отношение виртуальное
5272,vision model,модель зрения
5273,vision system,система технического зрения
5274,vision-language model,визуально-языковая модель
5276,visual attention,визуальное внимание
5277,visual attribute,визуальный атрибут
5278,visual context,визуальный контекст
5279,visual cortex,зрительная кора
5280,visual feature,визуальная особенность
5281,visual grounding,визуальная привязка
5282,visual hull,визуальная оболочка
5283,visual localization,визуальная локализация
5284,visual odometry,визуальная одометрия
5285,visual perception,восприятие зрительной информации
5286,visual recognition system,система визуального распознавания
5287,vocabulary,словарь
5288,vocabulary size,размер словаря
5289,vocoder,вокодер
5290,volume rendering,объемная визуализация
5291,von Mises-Fisher distribution,распределение фон Мизеса-Фишера
5292,voting rule,правило голосования
5293,voxel,воксель
5294,voxel grid,воксельная сетка
5295,voxel grid representation,представление воксельной сетки
5296,voxel occupancy,заполняемость вокселей
5297,voxel representation,воксельное представление
5298,voxel-based representation,представление на основе вокселей
5299,warp function,функция искажения
5300,wav2vec,wav2vec
5301,wave algorithm,алгоритм волновой
5302,wavelet,вейвлет
5303,wavelet transform,вейвлет-преобразование
5304,weak classifier,слабый классификатор
5305,weak learner,слабый обучающий алгоритм
5306,weak learning,слабое обучение
5307,weak learning assumption,предположение о слабом обучении
5308,weak supervision,слабая супервизия
5309,weakly supervised,слабо контролируемый
5310,weakly supervised learning,слабо контролируемое обучение
5311,web graph,веб-граф
5312,weight,вес
5313,weight decay,затухание веса
5314,weight initialization,инициализация весов
5315,weight matrix,матрица весов
5316,weight parameter,параметр веса
5317,weight regularization,регуляризация весов
5318,weight tensor,тензор весов
5319,weight update,обновление весов
5320,weight vector,вектор весов
5321,weight-sharing,разделение весов
5322,weighted adjacency matrix,взвешенная матрица смежности
5323,weighted average,взвешенное среднее
5324,weighted directed graph,взвешенный ориентированный граф
5325,weighted graph,взвешенный граф
5326,weighted sum,взвешенная сумма
5327,weighting function,функция взвешивания
5329,well-structured subject area,область предметная хорошо структурированная
5330,white-box,белый ящик
5331,white-box attack,атака с полным доступом
5332,window size,размер окна
5333,within-class variance,внутриклассовая дисперсия
5335,word alignment,выравнивание слов
5336,word dropout,случайное исключение слов
5337,word embedding,векторное представление слов
5338,word embedding model,модель векторного представления слов
5339,word representation,представление слов
5340,word segmentation,сегментация слов
5341,word sense disambiguation,разрешение многозначности слова
5342,word similarity,сходство слов
5343,word surprisal,непредсказуемость слова
5344,word token,токен слова
5345,word vector,вектор слова
5346,word vector representation,векторное представление слов
5347,word-aligned corpus,корпус с выровненными словами
5348,word-level,уровень слов
5349,word-level vocabulary,словарь на уровне слов
5350,word2vec embedding,векторное представление word2vec
5352,world model,модель мира
5353,world state,состояние мира
5354,worst case,худший случай
5355,worst-case regret,регрет в наихудшем случае
5357,zero-one loss,нулево-единичный убыток
5358,zero-shot classification,классификация без примеров
5359,zero-shot cross-lingual setting,нулевая кросс-языковая настройка
5360,zero-shot generalization,обобщение без примеров
5361,zero-shot learning,обучение без примеров
5362,zero-shot prediction,предсказание без примеров
5363,zero-shot prompting,запрос без примеров
5364,zero-shot reasoning,рассуждение без примеров
5365,zero-shot setting,Настройка без примеров
5366,zero-shot transfer,нулевой перенос
5367,zero-shot transfer learning,нулевое обучение с переносом
