,English,English_human
0,10-fold cross validation,10-fold cross validation
1,1d convolution,1D convolution
2,2 norm,2 norm
3,2d convolution,2D convolution
4,2d image,2D image
5,2d image synthesis,2D image synthesis
6,2d-3d correspondence,2D-3D correspondence
7,3d bounding box,3D bounding box
8,3d computer vision,3D computer vision
9,3d convolutional network,3D convolutional network
10,3d geometry,3D geometry
11,3d human pose estimation,3D human pose estimation
12,3d localization,3D localization
13,3d mesh,3D mesh
14,3d model,3D model
15,3d object detection,3D object detection
16,3d point,3D point
17,3d point cloud,3D point cloud
18,3d pose,3D pose
19,3d reconstruction,3D reconstruction
20,3d scene,3D scene
21,3d scene geometry,3D scene geometry
22,3d structure,3D structure
23,5-fold cross validation,5-fold cross validation
24,a * algorithm,A * algorithm
25,a/b test,A/B test
26,a2c,A2C
27,abductive explanation,abductive explanation
28,ablation analysis,ablation analysis
29,ablation experiment,ablation experiment
30,ablation study,Ablation study
31,abstraction,abstraction
32,abstraction heuristic,abstraction heuristic
33,abstractive summarization,abstractive summarization
34,acceptance function,acceptance function
35,acceptance probability,acceptance probability
36,accuracy,accuracy
37,acoustic feature,acoustic feature
38,acoustic model,acoustic model
39,acquisition function,acquisition function
40,action classification,action classification
41,action embedding,action embedding
42,action recognition,action recognition
43,action sequence,action sequence
44,action set,action set
45,action space,action space
46,action-value function,action-value function
47,actionability,actionability
48,activation,activation
49,activation function,activation function
50,activation matrix,activation matrix
51,activation vector,activation vector
52,active learning,active learning
53,active learning loop,active learning loop
54,active set,active set
55,activity detection,activity detection
56,activity recognition,activity recognition
57,actor,actor
58,actor critic algorithm,actor critic algorithm
59,actor network,actor network
60,actor-critic framework,actor-critic framework
61,actor-critic method,actor-critic method
62,adapter,Adapter
63,adaptive boosting algorithm,adaptive boosting algorithm
64,adaptive thresholding,adaptive thresholding
65,additive gaussian noise,additive Gaussian noise
66,additive noise,additive noise
67,adjacency,adjacency
68,adjacency matrix,adjacency matrix
69,advantage function,advantage function
70,advcl,advcl
71,adversarial attack,adversarial attack
72,adversarial dataset,adversarial dataset
73,adversarial example,adversarial example
74,adversarial filtering,adversarial filtering
75,adversarial input,adversarial input
76,adversarial learning,adversarial learning
77,adversarial loss,adversarial loss
78,adversarial network,adversarial network
79,adversarial perturbation,adversarial perturbation
80,adversarial prompt,adversarial prompt
81,adversarial robustness,adversarial robustness
82,adversarial training,adversarial training
83,adversary,adversary
84,advmod,advmod
85,affine,affine
86,affine subspace,affine subspace
87,affine transform,affine transform
88,affine transformation,affine transformation
89,affinity matrix,affinity matrix
90,affinity measure,affinity measure
91,agent architecture,agent architecture
92,agent learning,agent learning
93,agent policy,agent policy
94,agent's policy,agent's policy
95,aggregate function,aggregate function
96,aggregation,aggregation
97,aggregation function,aggregation function
98,aleatoric uncertainty,aleatoric uncertainty
99,algorithm class,algorithm class
100,algorithm design,algorithm design
101,algorithmic approach,algorithmic approach
102,algorithmic bias,algorithmic bias
103,algorithmic fairness,algorithmic fairness
104,algorithmic stability,algorithmic stability
105,alias table,alias table
106,alignment algorithm,alignment algorithm
107,alignment model,alignment model
108,alpha compositing,alpha compositing
109,alphabet size,alphabet size
110,ambient space,ambient space
111,anaphora resolution,anaphora resolution
112,anaphoric reference,anaphoric reference
113,ancestral sampling,ancestral sampling
114,anchor,anchor
115,anchor box,anchor box
116,annotated corpus,annotated corpus
117,annotated datum,annotated datum
118,annotation artifact,annotation artifact
119,annotation projection,annotation projection
120,annotator,annotator
121,annotator bias,annotator bias
122,anomaly detection,anomaly detection
123,anomaly score,anomaly score
124,answer set,answer set
125,answer set programming,Answer Set Programming
126,answer set solver,answer set solver
127,answer span,answer span
128,answer variable,answer variable
129,antecedent,antecedent
130,antithetic sampling,antithetic sampling
131,anytime algorithm,anytime algorithm
132,aperture problem,aperture problem
133,appearance model,appearance model
134,apprenticeship learning,apprenticeship learning
135,approximate inference,approximate inference
136,approximate inference algorithm,approximate inference algorithm
137,approximate posterior,approximate posterior
138,approximate posterior distribution,approximate posterior distribution
139,approximate similarity search,approximate similarity search
140,approximation,approximation
141,approximation algorithm,approximation algorithm
142,approximation error,approximation error
143,approximation factor,approximation factor
144,approximation guarantee,approximation guarantee
145,approximation ratio,approximation ratio
146,approximator,approximator
147,apriori algorithm,Apriori algorithm
148,arcade learning environment,Arcade Learning Environment
149,architectural modification,architectural modification
150,architecture,architecture
151,architecture search,architecture search
152,arg max,arg max
153,arg min,arg min
154,argument,argument
155,argument identification,argument identification
156,argument relation,argument relation
157,argument structure,argument structure
158,arity,arity
159,artificial agent,artificial agent
160,artificial intelligence system,artificial intelligence system
161,artificial neural network,artificial neural network
162,assignment problem,assignment problem
163,association rule,association rule
164,association rule mining,association rule mining
165,asymmetric transformation,asymmetric transformation
166,asymptotic bias,asymptotic bias
167,asymptotic notation,asymptotic notation
168,asymptotic variance,asymptotic variance
169,attack success rate,attack success rate
170,attention,attention
171,attention distribution,attention distribution
172,attention function,attention function
173,attention head,attention head
174,attention layer,attention layer
175,attention map,attention map
176,attention mask,attention mask
177,attention matrix,attention matrix
178,attention mechanism,attention mechanism
179,attention model,attention model
180,attention module,attention module
181,attention operation,attention operation
182,attention pattern,attention pattern
183,attention score,attention score
184,attention value,attention value
185,attention weight,attention weight
186,attribute,attribute
187,attribution,attribution
188,augmentation,augmentation
189,augmented state space,augmented state space
190,auto-regressive language model,auto-regressive language model
191,auto-regressive model,auto-regressive model
192,auto-regressive process,auto-regressive process
193,autocalibration,autocalibration
194,autocorrelation,autocorrelation
195,autodiff,autodiff
196,automata,automata
197,automated mechanism design,automated mechanism design
198,automatic differentiation,automatic differentiation
199,automatic evaluation,automatic evaluation
200,automatic post-editing,automatic post-editing
201,automatic speech recognition,automatic speech recognition
202,automorphism,automorphism
203,autonomous agent,autonomous agent
204,autonomous vehicle,autonomous vehicle
205,autoregressive decoder,autoregressive decoder
206,autoregressive generation,autoregressive generation
207,auxiliary classifier,auxiliary classifier
208,auxiliary loss,auxiliary loss
209,auxiliary task,auxiliary task
210,auxiliary variable,auxiliary variable
211,auxillary loss,auxillary loss
212,average loss,average loss
213,average pool,Average Pool
214,average precision,Average Precision
215,averaged perceptron,averaged perceptron
216,averaged perceptron algorithm,averaged perceptron algorithm
217,back-off strategy,back-off strategy
218,back-propagate,back-propagate
219,back-propagation algorithm,back-propagation algorithm
220,back-translation,back-translation
221,backbone,Backbone
222,backbone model,backbone model
223,backbone network,backbone network
224,backdoor,backdoor
225,backdoor adjustment,backdoor adjustment
226,backdoor attack,backdoor attack
227,backdoor sample,backdoor sample
228,background model,background model
229,background subtraction,background subtraction
230,backoff model,backoff model
231,backpointer,backpointer
232,backprojection,backprojection
233,backprop,backprop
234,backpropagation,Backpropagation
235,backtracking line search,backtracking line search
236,backward pass,backward pass
237,bag of feature,bag of feature
238,bag-of-word,bag-of-word
239,bag-of-word model,bag-of-word model
240,bag-of-word representation,bag-of-word representation
241,bandit,bandit
242,bandit feedback,bandit feedback
243,bandit learning,bandit learning
244,bandwidth parameter,bandwidth parameter
245,bart-base,bart-base
246,bart-large,bart-large
247,barycentric coordinate,barycentric coordinate
248,base classifier,base classifier
249,base distribution,base distribution
250,base learner,base learner
251,base model,base model
252,baseline algorithm,baseline algorithm
253,baseline method,baseline method
254,baseline model,baseline model
255,baseline parser,baseline parser
256,baseline policy,baseline policy
257,baseline system,baseline system
258,basis function,basis function
259,basis vector,basis vector
260,batch algorithm,batch algorithm
261,batch dimension,batch dimension
262,batch element,batch element
263,batch learning,batch learning
264,batch mode,batch mode
265,batch normalization,batch normalization
266,batch optimization,batch optimization
267,batch processing,batch processing
268,batch setting,batch setting
269,batch training,batch training
270,bayesian active learning,Bayesian active learning
271,bayesian analysis,Bayesian analysis
272,bayesian approach,Bayesian approach
273,bayesian clustering,Bayesian clustering
274,bayesian decision,Bayesian decision
275,bayesian deep learning,Bayesian deep learning
276,bayesian evidence,Bayesian evidence
277,bayesian framework,Bayesian framework
278,bayesian game,Bayesian game
279,bayesian inference,Bayesian inference
280,bayesian learning,Bayesian learning
281,bayesian method,Bayesian method
282,bayesian model,Bayesian model
283,bayesian optimization,Bayesian optimization
284,bayesian perspective,Bayesian perspective
285,bayesian probabilistic model,Bayesian probabilistic model
286,bayesian update,Bayesian update
287,beam search algorithm,beam search algorithm
288,beam search decoding,beam search decoding
289,beam search decoding algorithm,beam search decoding algorithm
290,beam size,beam size
291,beam width,beam width
292,behavior cloning,behavior cloning
293,behavior policy,behavior policy
294,belief propagation,belief propagation
295,belief state,belief state
296,benchmark,benchmark
297,benchmark dataset,benchmark dataset
298,benchmark task,benchmark task
299,beta distribution,beta distribution
300,beta1,beta1
301,between-class variance,between-class variance
302,betweenness,betweenness
303,bi-gram,bi-gram
304,bi-level optimization,bi-level optimization
305,bias,bias
306,bias mitigation,bias mitigation
307,bias parameter,bias parameter
308,bias term,bias term
309,bias vector,bias vector
310,bias-variance tradeoff,bias-variance tradeoff
311,biased estimator,biased estimator
312,bibliographic coupling,bibliographic coupling
313,bicubic interpolation,bicubic interpolation
314,bidirectional encoder,bidirectional encoder
315,bidirectional heuristic search,bidirectional heuristic search
316,bidirectional model,bidirectional model
317,bidirectional search,bidirectional search
318,bidirectionality,bidirectionality
319,big-o notation,big-O notation
320,bigram count,bigram count
321,bigram language model,bigram language model
322,bijective function,bijective function
323,bijective mapping,bijective mapping
324,bilateral filtering,bilateral filtering
325,bilinear,bilinear
326,bilinear form,bilinear form
327,bilinear interpolation,bilinear interpolation
328,bilinear model,bilinear model
329,bilingual model,bilingual model
330,binarization,binarization
331,binary atom,binary atom
332,binary classification,binary classification
333,binary classification head,binary classification head
334,binary classification problem,binary classification problem
335,binary classification task,binary classification task
336,binary classifier,binary classifier
337,binary constraint,binary constraint
338,binary cross entropy,binary cross entropy
339,binary cross-entropy loss,binary cross-entropy loss
340,binary decision tree,binary decision tree
341,binary feature,binary feature
342,binary label,binary label
343,binary matrix,binary matrix
344,binary predicate,binary predicate
345,binary relation,binary relation
346,binary search,binary search
347,binary segmentation,binary segmentation
348,binary tree,binary tree
349,binary variable,binary variable
350,binary vector,binary vector
351,binomial distribution,binomial distribution
352,bioinformatic,bioinformatic
353,biological neural network,biological neural network
354,bipartite,bipartite
355,bipartite graph,bipartite graph
356,bipartite matching,bipartite matching
357,bipartite structure,bipartite structure
358,birth-death process,birth-death process
359,bisection method,bisection method
360,bisimulation,bisimulation
361,bitext,bitext
362,bitvector,bitvector
363,black-box,black-box
364,black-box model,black-box model
365,block coordinate descent,block coordinate descent
366,block matrix,block matrix
367,block-diagonal matrix,block-diagonal matrix
368,bloom filter,Bloom filter
369,blur kernel,blur kernel
370,boolean formula,Boolean formula
371,boolean function,Boolean function
372,boolean variable,Boolean variable
373,bootstrap learning,bootstrap learning
374,bootstrap resampling,bootstrap resampling
375,bootstrap sample,bootstrap sample
376,bottleneck,bottleneck
377,bottleneck layer,bottleneck layer
378,bottom-up,bottom-up
379,bottom-up learning,bottom-up learning
380,bottom-up module,bottom-up module
381,bottom-up parsing,bottom-up parsing
382,bound variable,bound variable
383,bounding box detection,bounding box detection
384,bounding box regression,bounding box regression
385,bounding box regressor,bounding box regressor
386,breadth-first order,breadth-first order
387,breadth-first search,breadth-first search
388,bregman divergence,Bregman divergence
389,brute force search,brute force search
390,bundle adjustment,Bundle adjustment
391,burn-in,burn-in
392,byte-pair encoding,Byte-Pair Encoding
393,calculus of variation,calculus of variation
394,calibration,calibration
395,calibration method,calibration method
396,caltech-101,Caltech-101
397,camera calibration,camera calibration
398,camera intrinsic,camera intrinsic
399,camera matrix,camera matrix
400,camera parameter,camera parameter
401,camera pose estimation,camera pose estimation
402,candidate generation,candidate generation
403,candidate set,candidate set
404,canny detector,Canny detector
405,canny edge detector,Canny edge detector
406,canonical basis,canonical basis
407,canonical correlation analysis,canonical correlation analysis
408,canonical form,canonical form
409,canonical frame,canonical frame
410,canonical space,canonical space
411,canonicalization,canonicalization
412,capsule network,capsule network
413,cardinality,cardinality
414,cardinality constraint,cardinality constraint
415,cascade model,cascade model
416,catastrophic forgetting,catastrophic forgetting
417,categorial grammar,categorial grammar
418,categorical cross-entropy,categorical cross-entropy
419,categorical distribution,categorical distribution
420,categorical feature,categorical feature
421,causal effect,causal effect
422,causal effect estimation,causal effect estimation
423,causal entropy,causal entropy
424,causal graph,causal graph
425,causal inference,causal inference
426,causal intervention,causal intervention
427,causal language model,causal language model
428,causal model,causal model
429,causal reasoning,causal reasoning
430,causal rule,causal rule
431,causal theory,causal theory
432,cell state,cell state
433,center crop,center crop
434,center of projection,center of projection
435,centrality measure,centrality measure
436,centroid,centroid
437,chain rule,chain rule
438,change of basis,change of basis
439,character embedding,character embedding
440,character n-gram,character n-gram
441,characteristic function,characteristic function
442,characteristic polynomial,characteristic polynomial
443,characteristic vector,characteristic vector
444,chart parser,chart parser
445,chart parsing,chart parsing
446,chatbot,chatbot
447,checkpoint,checkpoint
448,chemoinformatic,chemoinformatic
449,chi-square distribution,chi-square distribution
450,chi-square test,chi-square test
451,child node,child node
452,cholesky decomposition,Cholesky decomposition
453,cholesky factor,Cholesky factor
454,cholesky factorization,Cholesky factorization
455,chromosome,chromosome
456,chunk size,chunk size
457,citation network,citation network
458,class,class
459,class balance,class balance
460,class distribution,class distribution
461,class imbalance,class imbalance
462,class label,class label
463,class prior,class prior
464,classical planning,classical planning
465,classification,classification
466,classification accuracy,classification accuracy
467,classification algorithm,classification algorithm
468,classification approach,classification approach
469,classification error,classification error
470,classification head,classification head
471,classification loss,classification loss
472,classification margin,classification margin
473,classification method,classification method
474,classification metric,classification metric
475,classification model,classification model
476,classification network,classification network
477,classification objective,classification objective
478,classification problem,classification problem
479,classification score,classification score
480,classification task,classification task
481,classification token,classification token
482,clause learning,clause learning
483,click model,click model
484,clip range,clip range
485,clipping factor,clipping factor
486,clipping threshold,clipping threshold
487,clique potential,clique potential
488,cloze prompt,cloze prompt
489,cloze task,cloze task
490,cluster assignment,cluster assignment
491,cluster center,cluster center
492,cluster centroid,cluster centroid
493,cluster feature,cluster feature
494,cluster label,cluster label
495,cluster size,cluster size
496,co-occurrence,co-occurrence
497,co-occurrence matrix,co-occurrence matrix
498,co-occurrence statistic,co-occurrence statistic
499,co-reference,co-reference
500,co-training,co-training
501,coarse correlated equilibria,coarse correlated equilibria
502,coarse correlated equilibrium,coarse correlated equilibrium
503,coarse layer,coarse layer
504,coarse-to-fine,coarse-to-fine
505,coarse-to-fine approach,coarse-to-fine approach
506,coarse-to-fine cascade,coarse-to-fine cascade
507,coarse-to-fine strategy,coarse-to-fine strategy
508,codebook,codebook
509,codomain,codomain
510,coefficient matrix,coefficient matrix
511,cognitive model,cognitive model
512,cognitive science,cognitive science
513,cold start,cold start
514,collaborative filtering,collaborative filtering
515,collaborative learning,collaborative learning
516,collective inference,collective inference
517,color channel,color channel
518,color constancy,color constancy
519,colorization,colorization
520,column space,column space
521,column vector,column vector
522,combinator,combinator
523,combinatorial explosion,combinatorial explosion
524,combinatorial optimization,combinatorial optimization
525,combinatorial optimization problem,combinatorial optimization problem
526,combinatory categorial grammar,Combinatory Categorial Grammar
527,commonsense inference,commonsense inference
528,commonsense knowledge,commonsense knowledge
529,commonsense knowledge graph,commonsense knowledge graph
530,commonsense reasoning,Commonsense Reasoning
531,communication complexity,communication complexity
532,communication graph,communication graph
533,compatibility function,compatibility function
534,compatibility graph,compatibility graph
535,competitive ratio,competitive ratio
536,composition function,composition function
537,compositional generalization,compositional generalization
538,compositional semantic,compositional semantic
539,compositionality,compositionality
540,compressed sensing,Compressed sensing
541,compressive sensing,compressive sensing
542,computation complexity,computation complexity
543,computation graph,computation graph
544,computational argumentation,computational argumentation
545,computational budget,computational budget
546,computational complexity,computational complexity
547,computational experiment,computational experiment
548,computational graph,computational graph
549,computational linguistic,Computational linguistic
550,computational model,computational model
551,compute budget,compute budget
552,computer vision,computer vision
553,computer vision model,computer vision model
554,concatenation operation,concatenation operation
555,concentration inequality,concentration inequality
556,concentration parameter,concentration parameter
557,concept,concept
558,concept assertion,concept assertion
559,concept atom,concept atom
560,concept class,concept class
561,concept drift,concept drift
562,concept inclusion,concept inclusion
563,concept name,concept name
564,condition 1,Condition 1
565,condition number,condition number
566,conditional computation,conditional computation
567,conditional density,conditional density
568,conditional distribution,conditional distribution
569,conditional effect,conditional effect
570,conditional entropy,conditional entropy
571,conditional expectation,conditional expectation
572,conditional generation,Conditional Generation
573,conditional gradient,conditional gradient
574,conditional independence,conditional independence
575,conditional independency,conditional independency
576,conditional likelihood,conditional likelihood
577,conditional log likelihood,conditional log likelihood
578,conditional log probability,conditional log probability
579,conditional maximum entropy,conditional maximum entropy
580,conditional model,conditional model
581,conditional probability,conditional probability
582,conditional probability distribution,conditional probability distribution
583,conditional sampling,conditional sampling
584,conditional text generation,conditional text generation
585,conditioning,conditioning
586,conditioning vector,conditioning vector
587,confidence,confidence
588,confidence interval,confidence interval
589,confidence map,confidence map
590,confidence score,confidence score
591,confidence threshold,confidence threshold
592,configuration,configuration
593,confusion matrix,confusion matrix
594,confusion network,confusion network
595,conjugate gradient,conjugate gradient
596,conjugate gradient descent,conjugate gradient descent
597,conjugate gradient method,conjugate gradient method
598,conjunct,conjunct
599,conjunctive normal form,conjunctive normal form
600,conjunctive query,conjunctive query
601,connected component,connected component
602,connectionist model,connectionist model
603,connectivity matrix,connectivity matrix
604,consensus network decoding,consensus network decoding
605,consequent,consequent
606,consistent estimator,consistent estimator
607,constellation model,constellation model
608,constituency parser,constituency parser
609,constituency parsing,constituency parsing
610,constituency tree,constituency tree
611,constituent parsing,constituent parsing
612,constituent structure,constituent structure
613,constrained beam search,constrained beam search
614,constrained decoding,constrained decoding
615,constrained optimization,constrained optimization
616,constrained optimization problem,constrained optimization problem
617,constraint,constraint
618,constraint generation,constraint generation
619,constraint programming,constraint programming
620,constraint propagation,constraint propagation
621,constraint satisfaction,constraint satisfaction
622,constraint satisfaction problem,constraint satisfaction problem
623,constraint set,constraint set
624,content model,content model
625,content selection,content selection
626,context encoder,context encoder
627,context free grammar,context free grammar
628,context model,context model
629,context vector,context vector
630,context window,context window
631,context-free language,context-free language
632,contextual embedding,contextual embedding
633,contextual feature,contextual feature
634,contextual information,contextual information
635,contextual model,contextual model
636,contextual representation,contextual representation
637,contextual vector,contextual vector
638,contextual word embedding,contextual word embedding
639,contingency table,contingency table
640,continual learning,continual learning
641,contrastive approach,contrastive approach
642,contrastive fine-tuning,contrastive fine-tuning
643,contrastive loss,contrastive loss
644,contrastive objective,contrastive objective
645,control variate,control variate
646,controllable text generation,controllable text generation
647,conv layer,conv layer
648,convergence,convergence
649,convergence analysis,convergence analysis
650,convergence bound,convergence bound
651,convergence criterion,convergence criterion
652,convergence rate,convergence rate
653,convergence time,convergence time
654,conversation history,conversation history
655,conversational agent,conversational agent
656,conversational dialogue system,conversational dialogue system
657,convex,convex
658,convex combination,convex combination
659,convex conjugate,convex conjugate
660,convex constraint,convex constraint
661,convex decomposition,convex decomposition
662,convex function,convex function
663,convex hull,convex hull
664,convex loss,convex loss
665,convex objective,convex objective
666,convex objective function,convex objective function
667,convex optimization,convex optimization
668,convex optimization problem,convex optimization problem
669,convex problem,convex problem
670,convex program,convex program
671,convex proxy,convex proxy
672,convex quadratic program,convex quadratic program
673,convex relaxation,convex relaxation
674,convex risk minimization,convex risk minimization
675,convex set,convex set
676,convex surrogate,convex surrogate
677,convex-concave,convex-concave
678,convexity,convexity
679,convolution,convolution
680,convolution kernel,convolution kernel
681,convolution layer,convolution layer
682,convolution neural network,convolution neural network
683,convolution operation,convolution operation
684,convolution operator,convolution operator
685,convolutional,convolutional
686,convolutional architecture,convolutional architecture
687,convolutional block,convolutional block
688,convolutional decoder,convolutional decoder
689,convolutional encoder,convolutional encoder
690,convolutional feature,convolutional feature
691,convolutional filter,convolutional filter
692,convolutional kernel,convolutional kernel
693,convolutional layer,convolutional layer
694,convolutional network,convolutional network
695,convolutional neural net,convolutional neural net
696,convolutional neural network,convolutional neural network
697,convolutional representation,convolutional representation
698,cooling schedule,cooling schedule
699,coordinate ascent,coordinate ascent
700,coordinate descent,coordinate descent
701,coordinate descent algorithm,coordinate descent algorithm
702,coordinate frame,coordinate frame
703,copy mechanism,copy mechanism
704,core tensor,core tensor
705,coreference annotation,coreference annotation
706,coreference chain,coreference chain
707,coreference resolution,Coreference Resolution
708,coreference resolution model,coreference resolution model
709,coreference resolution system,coreference resolution system
710,coreferent,coreferent
711,correlated equilibria,correlated equilibria
712,correlation coefficient,correlation coefficient
713,correspondence matrix,correspondence matrix
714,cosine,cosine
715,cosine decay,cosine decay
716,cosine decay schedule,cosine decay schedule
717,cosine learning rate schedule,cosine learning rate schedule
718,cosine measure,cosine measure
719,cosine schedule,cosine schedule
720,cosine similarity measure,cosine similarity measure
721,cost function,cost function
722,cost vector,cost vector
723,cost volume,cost volume
724,cost-sensitive learning,cost-sensitive learning
725,counterexample,counterexample
726,counterfactual datum,counterfactual datum
727,counterfactual example,counterfactual example
728,counterfactual fairness,counterfactual fairness
729,counterfactual reasoning,counterfactual reasoning
730,counterfactual regret minimization,Counterfactual Regret Minimization
731,covariance function,covariance function
732,covariance kernel,covariance kernel
733,covariance matrix,covariance matrix
734,covariance model,covariance model
735,covariance operator,covariance operator
736,covariance parameter,covariance parameter
737,covariance structure,covariance structure
738,covariant derivative,covariant derivative
739,covariate,covariate
740,covariate shift,covariate shift
741,credit assignment,credit assignment
742,credit assignment problem,credit assignment problem
743,criterion,criterion
744,critic,critic
745,critic loss,critic loss
746,critic network,critic network
747,cross attention,cross attention
748,cross entropy,cross entropy
749,cross entropy error,cross entropy error
750,cross entropy loss,Cross Entropy Loss
751,cross validation,cross validation
752,cross-attention layer,cross-attention layer
753,cross-attention module,cross-attention module
754,cross-correlation,cross-correlation
755,cross-entropy loss function,cross-entropy loss function
756,cross-entropy objective,cross-entropy objective
757,cross-lingual benchmark,cross-lingual benchmark
758,cross-lingual embedding,cross-lingual embedding
759,cross-lingual feature,cross-lingual feature
760,cross-lingual knowledge transfer,cross-lingual knowledge transfer
761,cross-lingual model,cross-lingual model
762,cross-lingual representation,cross-lingual representation
763,cross-lingual transfer,cross-lingual transfer
764,cross-modal,cross-modal
765,cumulant generating function,cumulant generating function
766,cumulative density function,cumulative density function
767,cumulative distribution function,cumulative distribution function
768,cumulative regret,cumulative regret
769,cumulative reward,cumulative reward
770,curriculum learning,curriculum learning
771,curse of dimensionality,curse of dimensionality
772,cycle consistency,cycle consistency
773,cycle consistency loss,cycle consistency loss
774,cycle inequality,cycle inequality
775,d-separation,d-separation
776,d_model,d_model
777,data augmentation,data augmentation
778,data distribution,data distribution
779,data imbalance,data imbalance
780,data manifold,data manifold
781,data mining,data mining
782,data point,data point
783,data processing inequality,data processing inequality
784,data sparseness,data sparseness
785,data sparsity,data sparsity
786,data structure,data structure
787,data vector,data vector
788,data-to-text generation,data-to-text generation
789,datalog program,Datalog program
790,dataset augmentation,dataset augmentation
791,dataset bias,dataset bias
792,dataset size,dataset size
793,datasheet,datasheet
794,datum bias,datum bias
795,datum clustering,datum clustering
796,datum contamination,datum contamination
797,datum dependency,datum dependency
798,datum fidelity,datum fidelity
799,datum filtering,datum filtering
800,datum generative process,datum generative process
801,datum matrix,datum matrix
802,datum mining algorithm,datum mining algorithm
803,datum parallelism,datum parallelism
804,datum perturbation,datum perturbation
805,davinci,davinci
806,decay parameter,decay parameter
807,decentralized algorithm,decentralized algorithm
808,decentralized optimization,Decentralized optimization
809,decision boundary,decision boundary
810,decision function,decision function
811,decision node,decision node
812,decision policy,decision policy
813,decision problem,decision problem
814,decision rule,decision rule
815,decision space,decision space
816,decision theory,decision theory
817,decision tree,decision tree
818,decision variable,decision variable
819,decoder hidden state,decoder hidden state
820,decoder layer,decoder layer
821,decoder network,decoder network
822,decoder output,decoder output
823,decoder state,decoder state
824,decoder-only transformer,decoder-only transformer
825,decoding problem,decoding problem
826,decoding step,decoding step
827,decomposable attention,Decomposable Attention
828,decomposable attention model,Decomposable Attention Model
829,decomposition,decomposition
830,decomposition method,decomposition method
831,deconvolution,deconvolution
832,deconvolution layer,deconvolution layer
833,deconvolutional layer,deconvolutional layer
834,deep architecture,deep architecture
835,deep convolutional network,deep convolutional network
836,deep convolutional neural network,deep convolutional neural network
837,deep feature,deep feature
838,deep generative model,deep generative model
839,deep layer,deep layer
840,deep learning architecture,deep learning architecture
841,deep learning framework,deep learning framework
842,deep learning model,deep learning model
843,deep learning system,deep learning system
844,deep model,deep model
845,deep net,deep net
846,deep network,deep network
847,deep network architecture,deep network architecture
848,deep neural model,deep neural model
849,deep neural net,deep neural net
850,deep neural network,deep neural network
851,deep q-learning,deep Q-learning
852,deep q-network,deep Q-network
853,deep reinforcement learning,deep reinforcement learning
854,deep supervision,deep supervision
855,default logic,default logic
856,deformable template,deformable template
857,deformation field,deformation field
858,degree distribution,degree distribution
859,delexicalization,delexicalization
860,delta kernel,delta kernel
861,demographic parity,Demographic Parity
862,dendrogram,dendrogram
863,denoiser,denoiser
864,denotation,denotation
865,dense,dense
866,dense attention,dense attention
867,dense depth map,dense depth map
868,dense feature,dense feature
869,dense layer,dense layer
870,dense matrix,dense matrix
871,dense network,dense network
872,dense prediction,dense prediction
873,dense representation,dense representation
874,dense vector,dense vector
875,density estimate,density estimate
876,density estimation,density estimation
877,density estimator,density estimator
878,density field,density field
879,density function,density function
880,density gradient,density gradient
881,density ratio,density ratio
882,dependency arc,dependency arc
883,dependency feature,dependency feature
884,dependency graph,dependency graph
885,dependency label,dependency label
886,dependency model,dependency model
887,dependency parse,dependency parse
888,dependency parse tree,dependency parse tree
889,dependency parser,dependency parser
890,dependency parsing model,dependency parsing model
891,dependency path,dependency path
892,dependency relation,dependency relation
893,dependency representation,dependency representation
894,dependency structure,dependency structure
895,dependency tree,dependency tree
896,dependency treebank,dependency treebank
897,dependent variable,dependent variable
898,depth estimation,depth estimation
899,depth estimator,depth estimator
900,depth image,depth image
901,depth map,depth map
902,depth prediction,depth prediction
903,depth-first search,depth-first search
904,description logic,description logic
905,descriptor,descriptor
906,design matrix,design matrix
907,design space,design space
908,det,det
909,detection algorithm,detection algorithm
910,detection model,detection model
911,detection score,detection score
912,detection window,detection window
913,detector,detector
914,determinantal point process,Determinantal Point process
915,deterministic algorithm,deterministic algorithm
916,deterministic annealing,deterministic annealing
917,deterministic automaton,deterministic automaton
918,deterministic baseline,deterministic baseline
919,deterministic finite automaton,deterministic finite automaton
920,deterministic policy,deterministic policy
921,deterministic rule,deterministic rule
922,dev set,dev set
923,development set,development set
924,diagonal matrix,diagonal matrix
925,dialog system,dialog system
926,dialogue act,dialogue act
927,dialogue context,dialogue context
928,dialogue generation,dialogue generation
929,dialogue history,dialogue history
930,dialogue management,dialogue management
931,dialogue state,dialogue state
932,dialogue state tracker,dialogue state tracker
933,dialogue state tracking,Dialogue State Tracking
934,dialogue system,dialogue system
935,dialogue turn,dialogue turn
936,dice coefficient,Dice coefficient
937,dice loss,Dice loss
938,dictionary learning,dictionary learning
939,dictionary matrix,dictionary matrix
940,diffeomorphism,diffeomorphism
941,differentiable function,differentiable function
942,differentiable renderer,differentiable renderer
943,differentiable rendering,differentiable rendering
944,differentiable rendering function,differentiable rendering function
945,differential entropy,differential entropy
946,differential privacy,differential privacy
947,diffusion matrix,diffusion matrix
948,diffusion model,diffusion model
949,diffusion tensor,diffusion tensor
950,digamma function,digamma function
951,digit classification,digit classification
952,dilation,dilation
953,dim,dim
954,dimension,dimension
955,dimension reduction,dimension reduction
956,dimensional vector,dimensional vector
957,dimensionality,dimensionality
958,dimensionality reduction,dimensionality reduction
959,dirac distribution,Dirac distribution
960,dirichlet distribution,Dirichlet distribution
961,dirichlet process,Dirichlet Process
962,disambiguation,disambiguation
963,discount factor,discount factor
964,discount parameter,discount parameter
965,discrete distribution,discrete distribution
966,discrete graphical model,discrete graphical model
967,discrete random variable,discrete random variable
968,discretization,discretization
969,discriminant analysis,discriminant analysis
970,discriminant function,discriminant function
971,discriminative,discriminative
972,discriminative approach,discriminative approach
973,discriminative feature,discriminative feature
974,discriminative method,discriminative method
975,discriminative model,discriminative model
976,discriminative training,discriminative training
977,discriminator,discriminator
978,discriminator network,discriminator network
979,disentangle,disentangle
980,disentangled representation,disentangled representation
981,disentanglement,Disentanglement
982,disparity estimation,disparity estimation
983,disparity map,disparity map
984,distance function,distance function
985,distance matrix,distance matrix
986,distance measure,distance measure
987,distance metric,distance metric
988,distance transform,distance transform
989,distant supervision,distant supervision
990,distillation,distillation
991,distributed information retrieval,distributed information retrieval
992,distribution shift,distribution shift
993,distribution vector,distribution vector
994,distributional,distributional
995,distributional feature,distributional feature
996,distributional hypothesis,distributional hypothesis
997,distributional model,distributional model
998,distributional representation,distributional representation
999,distributional semantic,distributional semantic
1000,distributional semantic model,distributional semantic model
1001,distributional similarity,distributional similarity
1002,distributional word representation,distributional word representation
1003,distributionally robust optimization,distributionally robust optimization
1004,divergence operator,divergence operator
1005,diversity score,diversity score
1006,do-calculus,do-calculus
1007,document classification,document classification
1008,document clustering,document clustering
1009,document corpus,document corpus
1010,document retrieval,document retrieval
1011,document summarization,document summarization
1012,document vector,document vector
1013,document-level,document-level
1014,document-topic assignment,document-topic assignment
1015,domain adaptation,domain adaptation
1016,domain element,domain element
1017,domain gap,domain gap
1018,domain generalization,domain generalization
1019,domain knowledge,domain knowledge
1020,domain mismatch,domain mismatch
1021,domain ontology,domain ontology
1022,domain shift,domain shift
1023,domain transfer,domain transfer
1024,domain-specific,domain-specific
1025,dot product,dot product
1026,dot-product attention,dot-product attention
1027,down-sampling,down-sampling
1028,downsampling block,downsampling block
1029,downsampling factor,downsampling factor
1030,downsampling layer,downsampling layer
1031,downstream dataset,downstream dataset
1032,downstream model,downstream model
1033,downstream performance,downstream performance
1034,downstream task,downstream task
1035,dropout distribution,Dropout distribution
1036,dropout layer,dropout layer
1037,dropout probability,dropout probability
1038,dropout rate,dropout rate
1039,dropout ratio,dropout ratio
1040,dual decomposition,dual decomposition
1041,dual encoder model,dual encoder model
1042,dual norm,dual norm
1043,dual objective,dual objective
1044,dual optimization problem,dual optimization problem
1045,dual parameter,dual parameter
1046,dual problem,dual problem
1047,dual program,dual program
1048,dual solution,dual solution
1049,dual variable,dual variable
1050,duality gap,duality gap
1051,dynamic bayesian network,dynamic Bayesian network
1052,dynamic model,dynamic model
1053,dynamic programming algorithm,dynamic programming algorithm
1054,dynamical model,dynamical model
1055,dynamical system,dynamical system
1056,e-step,E-step
1057,early fusion,early fusion
1058,earth-mover distance,earth-mover distance
1059,edge detection,edge detection
1060,edge feature,edge feature
1061,edge label,edge label
1062,edge prediction,edge prediction
1063,edge set,edge set
1064,edge weight,edge weight
1065,edit distance,edit distance
1066,effective receptive field,effective receptive field
1067,ego-motion,ego-motion
1068,eigen-decomposition,eigen-decomposition
1069,eigenbasis,eigenbasis
1070,eigendecay,eigendecay
1071,eigenfunction,eigenfunction
1072,eigenspace,eigenspace
1073,eigenspectrum,eigenspectrum
1074,eigenvalue,eigenvalue
1075,eigenvalue decomposition,eigenvalue decomposition
1076,eigenvector,eigenvector
1077,elastic net regularization,elastic net regularization
1078,element-wise,element-wise
1079,element-wise multiplication,element-wise multiplication
1080,element-wise product,element-wise product
1081,elementary tree,elementary tree
1082,eligibility trace,eligibility trace
1083,embedded deformation graph,embedded deformation graph
1084,embedding dimension,embedding dimension
1085,embedding dimensionality,embedding dimensionality
1086,embedding feature,embedding feature
1087,embedding layer,embedding layer
1088,embedding matrix,embedding matrix
1089,embedding model,embedding model
1090,embedding parameter,embedding parameter
1091,embedding size,embedding size
1092,embedding space,embedding space
1093,embedding vector,embedding vector
1094,embodied agent,embodied agent
1095,emission probability,emission probability
1096,emotion classification,emotion classification
1097,empirical distribution,empirical distribution
1098,empirical estimate,empirical estimate
1099,empirical estimator,empirical estimator
1100,empirical frequency,empirical frequency
1101,empirical loss,empirical loss
1102,empirical mean,empirical mean
1103,empirical measure,empirical measure
1104,empirical minimizer,empirical minimizer
1105,empirical process theory,empirical process theory
1106,empirical risk,empirical risk
1107,empirical risk minimization,empirical risk minimization
1108,empirical risk minimizer,empirical risk minimizer
1109,empirical variance,empirical variance
1110,emulator,emulator
1111,encoder layer,encoder layer
1112,encoder model,encoder model
1113,encoder network,encoder network
1114,encoder-decoder architecture,encoder-decoder architecture
1115,encoder-decoder framework,encoder-decoder framework
1116,encoder-decoder model,encoder-decoder model
1117,end-of-sequence token,end-of-sequence token
1118,end-to-end learning,end-to-end learning
1119,end-to-end model,end-to-end model
1120,end-to-end neural model,end-to-end neural model
1121,end-to-end pipeline,end-to-end pipeline
1122,end-to-end system,end-to-end system
1123,end-to-end training,end-to-end training
1124,energy function,energy function
1125,energy minimization,energy minimization
1126,energy minimization framework,energy minimization framework
1127,energy minimization problem,energy minimization problem
1128,ensemble classification,ensemble classification
1129,ensemble classifier,ensemble classifier
1130,ensemble learning,ensemble learning
1131,ensemble method,ensemble method
1132,ensemble model,ensemble model
1133,ensemble of classifier,ensemble of classifier
1134,ensemble size,ensemble size
1135,entail,entail
1136,entailment,entailment
1137,entailment detection,entailment detection
1138,entity coreference,entity coreference
1139,entity description,entity description
1140,entity detection,entity detection
1141,entity embedding,entity embedding
1142,entity extraction,entity extraction
1143,entity linker,entity linker
1144,entity linking,Entity Linking
1145,entity mention,entity mention
1146,entity recognition,entity recognition
1147,entity representation,entity representation
1148,entity resolution,entity resolution
1149,entity set,entity set
1150,entity type,entity type
1151,entropy,entropy
1152,entropy estimation,entropy estimation
1153,entropy function,entropy function
1154,entropy loss,entropy loss
1155,entropy regularization,entropy regularization
1156,enumeration algorithm,enumeration algorithm
1157,envy-freeness,envy-freeness
1158,eos,eos
1159,epipolar constraint,epipolar constraint
1160,epipolar geometry,epipolar geometry
1161,epipolar line,epipolar line
1162,epipole,epipole
1163,episodic return,episodic return
1164,epistemic uncertainty,epistemic uncertainty
1165,epoch,epoch
1166,equivalence class,equivalence class
1167,equivalence query,equivalence query
1168,equivariance,equivariance
1169,equivariant,equivariant
1170,error,error
1171,error analysis,error analysis
1172,error function,error function
1173,error probability,error probability
1174,error rate,error rate
1175,error tolerance,error tolerance
1176,estimation error,estimation error
1177,estimator,estimator
1178,euclidean distance,Euclidean distance
1179,euclidean divergence,Euclidean divergence
1180,euclidean loss,Euclidean loss
1181,euclidean norm,Euclidean norm
1182,euclidean plane,Euclidean plane
1183,euclidean projection,Euclidean projection
1184,euclidean space,Euclidean space
1185,euclidean transformation,Euclidean transformation
1186,euler angle,Euler angle
1187,evaluation function,evaluation function
1188,evaluation metric,evaluation metric
1189,evaluation set,evaluation set
1190,event calculus,event calculus
1191,event coreference,event coreference
1192,event detection,event detection
1193,event extraction,event extraction
1194,evidence maximization,evidence maximization
1195,exact inference,exact inference
1196,exact match,Exact Match
1197,excess loss,excess loss
1198,exchangeability,exchangeability
1199,existential quantifier,existential quantifier
1200,expectation maximization,expectation maximization
1201,expectation maximization algorithm,expectation maximization algorithm
1202,experience replay,experience replay
1203,expert demonstration,expert demonstration
1204,explicit-state search,explicit-state search
1205,exploitability,exploitability
1206,exploration rate,exploration rate
1207,exploratory data analysis,exploratory data analysis
1208,exponential complexity,exponential complexity
1209,exponential decay,exponential decay
1210,exponential distribution,exponential distribution
1211,exponential family,exponential family
1212,exponential loss,exponential loss
1213,exponential map,exponential map
1214,exposure bias,exposure bias
1215,extensive-form game,extensive-form game
1216,extractive summarization,extractive summarization
1217,extractor,extractor
1218,f-divergence,f-divergence
1219,f-measure,F-measure
1220,f-score,F-score
1221,f1 measure,F1 measure
1222,f1 metric,F1 metric
1223,f1 score,F1 score
1224,face detection,face detection
1225,face detector,face detector
1226,face recognition,face recognition
1227,facial landmark,facial landmark
1228,facial recognition,facial recognition
1229,fact verification,fact verification
1230,factor analysis,factor analysis
1231,factor graph,factor graph
1232,factor matrix,factor matrix
1233,factor of variation,factor of variation
1234,factorization,factorization
1235,factorization algorithm,factorization algorithm
1236,factorization method,factorization method
1237,failure probability,failure probability
1238,fairness criterion,fairness criterion
1239,fairness loss,fairness loss
1240,fairness notion,fairness notion
1241,faithfulness score,faithfulness score
1242,false negative,false negative
1243,false negative rate,false negative rate
1244,false positive rate,false positive rate
1245,fanout,fanout
1246,fast fourier transform,Fast Fourier Transform
1247,fc layer,fc layer
1248,feasible set,feasible set
1249,feature,feature
1250,feature channel,feature channel
1251,feature correspondence,feature correspondence
1252,feature count,feature count
1253,feature descriptor,feature descriptor
1254,feature detection,feature detection
1255,feature detector,feature detector
1256,feature dimension,feature dimension
1257,feature dimensionality,feature dimensionality
1258,feature embedding,feature embedding
1259,feature encoder,feature encoder
1260,feature engineering,feature engineering
1261,feature extraction,feature extraction
1262,feature extractor,feature extractor
1263,feature function,feature function
1264,feature hashing,feature hashing
1265,feature hierarchy,feature hierarchy
1266,feature map,feature map
1267,feature mapping function,feature mapping function
1268,feature matching,feature matching
1269,feature matrix,feature matrix
1270,feature model,feature model
1271,feature normalization,feature normalization
1272,feature point,feature point
1273,feature pyramid,feature pyramid
1274,feature representation,feature representation
1275,feature representation learning,feature representation learning
1276,feature selection,feature selection
1277,feature selector,feature selector
1278,feature set,feature set
1279,feature space,feature space
1280,feature template,feature template
1281,feature vector,feature vector
1282,feature weight,feature weight
1283,featurization,featurization
1284,featurized representation,featurized representation
1285,feed forward,feed forward
1286,feed forward network,feed forward network
1287,feed forward neural network,feed forward neural network
1288,feed-forward layer,feed-forward layer
1289,feedback loop,feedback loop
1290,few shot learning,few shot learning
1291,few-shot classification,few-shot classification
1292,few-shot example,few-shot example
1293,few-shot fine-tuning,few-shot fine-tuning
1294,few-shot in-context learning,few-shot in-context learning
1295,few-shot prompting,few-shot prompting
1296,few-shot setting,few-shot setting
1297,filter bank,filter bank
1298,filter weight,filter weight
1299,fine-grained sentiment classification,fine-grained sentiment classification
1300,fine-tune,fine-tune
1301,finite horizon,finite horizon
1302,finite-state automata,finite-state automata
1303,first order method,first order method
1304,first-order,first-order
1305,first-order language,first-order language
1306,first-order logic,first-order logic
1307,first-order model,first-order model
1308,first-order parsing,first-order parsing
1309,fisher information matrix,Fisher information matrix
1310,fisher score,Fisher score
1311,fitness function,fitness function
1312,five-fold cross-validation,five-fold cross-validation
1313,fixed point,fixed point
1314,fixed-parameter tractable,fixed-parameter tractable
1315,fixed-point iteration,fixed-point iteration
1316,fixpoint,fixpoint
1317,float16,float16
1318,float32,float32
1319,flow field,flow field
1320,flow model,flow model
1321,focal loss,Focal Loss
1322,forall,forall
1323,forecasting,forecasting
1324,foreground segmentation,foreground segmentation
1325,forget gate,forget gate
1326,forward algorithm,forward algorithm
1327,forward model,forward model
1328,forward pass,forward pass
1329,forward process,forward process
1330,forward propagation,forward propagation
1331,forward-backward algorithm,forward-backward algorithm
1332,foundation model,foundation model
1333,fourier coefficient,Fourier coefficient
1334,fourier feature,Fourier feature
1335,fourier frequency,Fourier frequency
1336,fp,fp
1337,fp16,fp16
1338,fp32,fp32
1339,fractional program,fractional program
1340,frame,frame
1341,free variable,free variable
1342,frequency penalty,frequency penalty
1343,frequency vector,frequency vector
1344,frequent item set,frequent item set
1345,frequent pattern,frequent pattern
1346,frequent pattern mining,frequent pattern mining
1347,fully connected network,fully connected network
1348,fully convolutional network,fully convolutional network
1349,fully convolutional neural network,fully convolutional neural network
1350,function approximation,function approximation
1351,function approximator,function approximator
1352,function class,function class
1353,function space,function space
1354,functionality assertion,functionality assertion
1355,fundamental matrix,fundamental matrix
1356,fusion module,fusion module
1357,fuzzy matching,fuzzy matching
1358,g-value,g-value
1359,game tree,game tree
1360,game-theoretic analysis,game-theoretic analysis
1361,gamma distribution,gamma distribution
1362,gate,gate
1363,gating function,gating function
1364,gaussian blur,Gaussian blur
1365,gaussian complexity,Gaussian complexity
1366,gaussian component,Gaussian component
1367,gaussian conditional random field,Gaussian conditional random field
1368,gaussian density,Gaussian density
1369,gaussian distribution,Gaussian distribution
1370,gaussian elimination,Gaussian elimination
1371,gaussian filter,Gaussian filter
1372,gaussian function,Gaussian function
1373,gaussian initialization,Gaussian initialization
1374,gaussian kernel,Gaussian kernel
1375,gaussian likelihood,Gaussian likelihood
1376,gaussian matrix,Gaussian matrix
1377,gaussian mixture,Gaussian mixture
1378,gaussian model,Gaussian model
1379,gaussian noise,Gaussian noise
1380,gaussian prior,Gaussian prior
1381,gaussian process,Gaussian process
1382,gaussian process model,Gaussian process model
1383,gaussian process regression,Gaussian process regression
1384,gaussian random variable,Gaussian random variable
1385,gaussian smoothing,Gaussian smoothing
1386,gaussian variable,Gaussian variable
1387,gaussian weight,Gaussian weight
1388,gene ontology,Gene Ontology
1389,generalisation,generalisation
1390,generalization,generalization
1391,generalization ability,generalization ability
1392,generalization error,generalization error
1393,generalization gap,generalization gap
1394,generalization guarantee,generalization guarantee
1395,generalization performance,generalization performance
1396,generalized eigenvector,generalized eigenvector
1397,generalized linear mixed model,generalized linear mixed model
1398,generalized linear model,generalized linear model
1399,generation model,generation model
1400,generative,generative
1401,generative adversarial network,generative adversarial network
1402,generative approach,generative approach
1403,generative network,generative network
1404,generative parser,generative parser
1405,generative pre-training,generative pre-training
1406,generative probabilistic model,generative probabilistic model
1407,generative process,generative process
1408,generator,generator
1409,generator architecture,generator architecture
1410,generator network,generator network
1411,genetic algorithm,genetic algorithm
1412,geodesic,geodesic
1413,geodesic distance,geodesic distance
1414,geometric consistency,geometric consistency
1415,geometric distribution,geometric distribution
1416,geometric invariant,geometric invariant
1417,geometric transformation,geometric transformation
1418,geometry processing,geometry processing
1419,gibb distribution,gibb distribution
1420,gini coefficient,Gini coefficient
1421,gist descriptor,gist descriptor
1422,global average pooling,global average pooling
1423,global average pooling layer,global average pooling layer
1424,global coordinate frame,global coordinate frame
1425,global illumination,global illumination
1426,global minima,global minima
1427,global minimum,global minimum
1428,global model,global model
1429,global objective,global objective
1430,global optima,global optima
1431,global optimization,global optimization
1432,global optimum,global optimum
1433,global pooling,global pooling
1434,global reward,global reward
1435,goal state,goal state
1436,gold label,gold label
1437,gold parse,gold parse
1438,good-turing estimate,Good-Turing estimate
1439,gossip algorithm,gossip algorithm
1440,gradient accumulation,gradient accumulation
1441,gradient accumulation step,gradient accumulation step
1442,gradient ascent,gradient ascent
1443,gradient clipping,gradient clipping
1444,gradient computation,gradient computation
1445,gradient descent,gradient descent
1446,gradient descent algorithm,gradient descent algorithm
1447,gradient estimate,gradient estimate
1448,gradient estimation,gradient estimation
1449,gradient estimator,gradient estimator
1450,gradient explosion,gradient explosion
1451,gradient flow,gradient flow
1452,gradient information,gradient information
1453,gradient method,gradient method
1454,gradient norm,gradient norm
1455,gradient operator,gradient operator
1456,gradient penalty,gradient penalty
1457,gradient signal,gradient signal
1458,gradient step,gradient step
1459,gradient term,gradient term
1460,gradient update,gradient update
1461,gradient variance,gradient variance
1462,gradient vector,gradient vector
1463,gram matrix,Gram matrix
1464,grammar inducer,grammar inducer
1465,grammar induction,grammar induction
1466,grammatical error detection,grammatical error detection
1467,grandparent dependency,grandparent dependency
1468,graph adjacency matrix,graph adjacency matrix
1469,graph attention,graph attention
1470,graph attention mechanism,graph attention mechanism
1471,graph attention network,graph attention network
1472,graph classification,graph classification
1473,graph clustering,graph clustering
1474,graph construction,graph construction
1475,graph contrastive learning,graph contrastive learning
1476,graph convolution,graph convolution
1477,graph convolution network,graph convolution network
1478,graph convolutional network,graph convolutional network
1479,graph cut,graph cut
1480,graph cut algorithm,graph cut algorithm
1481,graph dataset,graph dataset
1482,graph datum,graph datum
1483,graph diameter,graph diameter
1484,graph embedding,graph embedding
1485,graph generator,graph generator
1486,graph isomorphism,graph isomorphism
1487,graph kernel,graph kernel
1488,graph laplacian matrix,graph Laplacian matrix
1489,graph learning,graph learning
1490,graph matching,graph matching
1491,graph mining,graph mining
1492,graph model,graph model
1493,graph neural network,graph neural network
1494,graph node,graph node
1495,graph partitioning,graph partitioning
1496,graph pattern,graph pattern
1497,graph representation,graph representation
1498,graph sampling,graph sampling
1499,graph structure,graph structure
1500,graph theory,graph theory
1501,graph topology,graph topology
1502,graph traversal,graph traversal
1503,graph-level task,graph-level task
1504,graphical model,graphical model
1505,graphlet,graphlet
1506,graphlet kernel,graphlet kernel
1507,greedy,greedy
1508,greedy algorithm,greedy algorithm
1509,greedy approach,greedy approach
1510,greedy decoding,greedy decoding
1511,greedy inference,greedy inference
1512,greedy maximization,greedy maximization
1513,greedy method,greedy method
1514,greedy optimization,greedy optimization
1515,greedy policy,greedy policy
1516,greedy search,greedy search
1517,greedy strategy,greedy strategy
1518,grid cell,grid cell
1519,grid search,grid search
1520,grid-world,grid-world
1521,ground atom,ground atom
1522,ground set,ground set
1523,ground truth label,ground truth label
1524,ground-truth box,ground-truth box
1525,grounded language learning,grounded language learning
1526,grounded supervision,grounded supervision
1527,group normalization,group normalization
1528,group sparsity,group sparsity
1529,gumbel noise,Gumbel noise
1530,half-space,half-space
1531,hamming distance,Hamming distance
1532,hamming loss,Hamming loss
1533,hand pose estimation,hand pose estimation
1534,hard attention,hard attention
1535,hash,hash
1536,hash function,hash function
1537,hash table,hash table
1538,hashing algorithm,hashing algorithm
1539,hate speech classifier,hate speech classifier
1540,hate speech detection,hate speech detection
1541,head entity,head entity
1542,head word,head word
1543,heap structure,heap structure
1544,heatmap,heatmap
1545,hedge algorithm,Hedge algorithm
1546,hessian matrix,Hessian matrix
1547,hessian-vector product,Hessian-vector product
1548,heuristic algorithm,heuristic algorithm
1549,heuristic function,heuristic function
1550,heuristic search,heuristic search
1551,heuristic search algorithm,heuristic search algorithm
1552,heuristic value,heuristic value
1553,hidden dimension,hidden dimension
1554,hidden dimension size,hidden dimension size
1555,hidden dimensionality,hidden dimensionality
1556,hidden embedding,hidden embedding
1557,hidden feature,hidden feature
1558,hidden layer,hidden layer
1559,hidden representation,hidden representation
1560,hidden size,hidden size
1561,hidden state,hidden state
1562,hidden state dimension,hidden state dimension
1563,hidden state representation,hidden state representation
1564,hidden state vector,hidden state vector
1565,hidden unit,hidden unit
1566,hidden variable,hidden variable
1567,hierarchical agglomerative clustering,hierarchical agglomerative clustering
1568,hierarchical clustering,hierarchical clustering
1569,hierarchical decoder,hierarchical decoder
1570,hierarchical feature,hierarchical feature
1571,hierarchical inference,hierarchical inference
1572,hierarchical method,hierarchical method
1573,hierarchical model,hierarchical model
1574,hierarchical reinforcement learning,hierarchical reinforcement learning
1575,hierarchical representation,hierarchical representation
1576,hierarchical structure,hierarchical structure
1577,hierarchical topic model,hierarchical topic model
1578,hierarchy,hierarchy
1579,high-dimensional datum,high-dimensional datum
1580,high-dimensional space,high-dimensional space
1581,high-dimensionality,high-dimensionality
1582,hill-climbing,hill-climbing
1583,hinge loss,hinge loss
1584,hinge loss function,hinge loss function
1585,homogeneous coordinate,homogeneous coordinate
1586,homographie,homographie
1587,homography,Homography
1588,homography matrix,homography matrix
1589,homomorphism,homomorphism
1590,horn theory,Horn theory
1591,huber loss,Huber loss
1592,human annotation,human annotation
1593,human pose,human pose
1594,human pose estimation,human pose estimation
1595,human-computer interaction,human-computer interaction
1596,human-in-the-loop,human-in-the-loop
1597,human-machine interaction,human-machine interaction
1598,hungarian loss,Hungarian loss
1599,hybrid model,hybrid model
1600,hyper-graph,hyper-graph
1601,hyper-parameter tuning,hyper-parameter tuning
1602,hyperband,Hyperband
1603,hyperbolic space,hyperbolic space
1604,hyperedge,hyperedge
1605,hypernym,hypernym
1606,hypernymy,hypernymy
1607,hyperparameter optimization,hyperparameter optimization
1608,hyperparameter search,Hyperparameter search
1609,hyperparameter selection,hyperparameter selection
1610,hyperparameter setting,hyperparameter setting
1611,hyperparameter space,hyperparameter space
1612,hyperplane,hyperplane
1613,hyperprior,hyperprior
1614,hyponym,hyponym
1615,hyponymy,hyponymy
1616,hypothesis class,hypothesis class
1617,hypothesis set,hypothesis set
1618,hypothesis space,hypothesis space
1619,hypothesis test,hypothesis test
1620,i.i.d,i.i.d
1621,i.i.d. sample,i.i.d. sample
1622,idempotent,idempotent
1623,identity function,identity function
1624,identity mapping,identity mapping
1625,identity matrix,identity matrix
1626,identity transformation,identity transformation
1627,image analysis,image analysis
1628,image captioning,image captioning
1629,image classification,image classification
1630,image compression,image compression
1631,image diffusion model,image diffusion model
1632,image embedding,image embedding
1633,image encoder,image encoder
1634,image feature,image feature
1635,image generation,image generation
1636,image inpainting,image inpainting
1637,image patch,image patch
1638,image plane,image plane
1639,image processing,image processing
1640,image pyramid,image pyramid
1641,image recognition,image recognition
1642,image representation,image representation
1643,image restoration,image restoration
1644,image segmentation,image segmentation
1645,image super-resolution,image super-resolution
1646,image synthesis,image synthesis
1647,image translation,image translation
1648,image-text pre-training,image-text pre-training
1649,image-to-image translation,image-to-image translation
1650,imitation learning,imitation learning
1651,immediate consequence operator,immediate consequence operator
1652,imperfect information,imperfect information
1653,implicit differentiation,implicit differentiation
1654,implicit function,implicit function
1655,implicit representation,implicit representation
1656,implicit surface,implicit surface
1657,importance sampling,importance sampling
1658,importance sampling estimator,importance sampling estimator
1659,importance weight,importance weight
1660,in-context demonstration,in-context demonstration
1661,in-context example,in-context example
1662,in-context learner,in-context learner
1663,in-context learning,In-context Learning
1664,in-degree distribution,in-degree distribution
1665,in-distribution,in-distribution
1666,in-domain,in-domain
1667,in-domain text,in-domain text
1668,in-neighbor,in-neighbor
1669,in-order traversal,in-order traversal
1670,inception score,inception score
1671,incremental learning,incremental learning
1672,incremental parsing,incremental parsing
1673,independent component analysis,independent component analysis
1674,independent set,independent set
1675,independent variable,independent variable
1676,indicator matrix,indicator matrix
1677,indicator variable,indicator variable
1678,indicator vector,indicator vector
1679,induction hypothesis,induction hypothesis
1680,inductive bias,inductive bias
1681,inductive learning,inductive learning
1682,inf,inf
1683,inference,inference
1684,inference algorithm,inference algorithm
1685,inference machinery,inference machinery
1686,inference method,inference method
1687,inference problem,inference problem
1688,inference procedure,inference procedure
1689,inference process,inference process
1690,inference rule,inference rule
1691,inference stage,inference stage
1692,inference task,inference task
1693,inference time,inference time
1694,infinite-horizon,infinite-horizon
1695,influence diagram,influence diagram
1696,influence function,influence function
1697,influence maximization,Influence Maximization
1698,information bottleneck,information bottleneck
1699,information content,information content
1700,information extraction,Information Extraction
1701,information gain,information gain
1702,information retrieval system,information retrieval system
1703,information set,information set
1704,information theoretic,information theoretic
1705,information theoretic measure,information theoretic measure
1706,informer model,Informer model
1707,infoset,infoset
1708,initial distribution,initial distribution
1709,initial state,initial state
1710,initial state distribution,initial state distribution
1711,initialization,initialization
1712,injective function,injective function
1713,inlier,inlier
1714,inner layer,inner layer
1715,inner loop,inner loop
1716,inner node,inner node
1717,inner product,inner product
1718,input context,input context
1719,input datum,input datum
1720,input embedding,input embedding
1721,input feature,input feature
1722,input feature vector,input feature vector
1723,input filter,input filter
1724,input formula,input formula
1725,input gate,input gate
1726,input graph,input graph
1727,input image,input image
1728,input layer,input layer
1729,input length,input length
1730,input matrix,input matrix
1731,input point,input point
1732,input position,input position
1733,input representation,input representation
1734,input resolution,input resolution
1735,input sequence,input sequence
1736,input space,input space
1737,input tensor,input tensor
1738,input text,input text
1739,input token,input token
1740,input vector,input vector
1741,input-output pair,input-output pair
1742,instance,instance
1743,instance level,instance level
1744,instance normalization,Instance Normalization
1745,instance segmentation,instance segmentation
1746,instance selection,instance selection
1747,instance space,instance space
1748,instruction tuning,instruction tuning
1749,integer linear program,integer linear program
1750,integer program,integer program
1751,integral image,integral image
1752,integral operator,integral operator
1753,integral probability metric,integral probability metric
1754,integrity constraint,integrity constraint
1755,intelligent agent,intelligent agent
1756,intensity function,intensity function
1757,intent,intent
1758,inter-annotator agreement,inter-annotator agreement
1759,interaction matrix,interaction matrix
1760,interest point,interest point
1761,interior point method,interior point method
1762,intermediate layer,intermediate layer
1763,intermediate representation,intermediate representation
1764,internal edge,internal edge
1765,internal node,internal node
1766,internal regret,internal regret
1767,internal representation,internal representation
1768,internal state,internal state
1769,interpolation,interpolation
1770,interpretability,interpretability
1771,interpretation function,interpretation function
1772,intersection-over-union,intersection-over-union
1773,interval estimate,interval estimate
1774,intractability,intractability
1775,intrinsic,intrinsic
1776,intrinsic camera parameter,intrinsic camera parameter
1777,intrinsic dimension subspace,intrinsic dimension subspace
1778,intrinsic dimensionality,intrinsic dimensionality
1779,intrinsic evaluation,intrinsic evaluation
1780,intrinsic image,intrinsic image
1781,intrinsic parameter,intrinsic parameter
1782,inverse document frequency,inverse document frequency
1783,inverse dynamic model,inverse dynamic model
1784,inverse problem,inverse problem
1785,inverse reinforcement learning,inverse reinforcement learning
1786,inverse rendering,inverse rendering
1787,inverse role,inverse role
1788,inverse square root learning rate schedule,inverse square root learning rate schedule
1789,inverse square root learning rate scheduler,inverse square root learning rate scheduler
1790,inverse transform sampling,inverse transform sampling
1791,invertible map,invertible map
1792,invertible matrix,invertible matrix
1793,iobj,iobj
1794,iso-surface extraction,iso-surface extraction
1795,itemset,itemset
1796,iterate,iterate
1797,iteration,iteration
1798,iteration complexity,iteration complexity
1799,iteration counter,iteration counter
1800,iterative algorithm,iterative algorithm
1801,iterative deepening,iterative deepening
1802,iterative optimization,iterative optimization
1803,iterative optimization algorithm,iterative optimization algorithm
1804,iterative training algorithm,iterative training algorithm
1805,jaccard similarity,Jaccard similarity
1806,jaccard similarity coefficient,Jaccard similarity coefficient
1807,jacobian matrix,Jacobian matrix
1808,joint density,joint density
1809,joint distribution,joint distribution
1810,joint embedding space,joint embedding space
1811,joint encoding,joint encoding
1812,joint entropy,joint entropy
1813,joint inference,joint inference
1814,joint learning,joint learning
1815,joint learning algorithm,joint learning algorithm
1816,joint likelihood,joint likelihood
1817,joint model,joint model
1818,joint policy,joint policy
1819,joint probability,joint probability
1820,joint probability distribution,joint probability distribution
1821,joint probability matrix,joint probability matrix
1822,joint probability table,joint probability table
1823,joint semantic space,joint semantic space
1824,junction tree,junction tree
1825,junction tree algorithm,junction tree algorithm
1826,k-center,k-Center
1827,k-d tree,k-d tree
1828,k-hop neighbor,k-hop neighbor
1829,k-l divergence,K-L divergence
1830,k-means clustering algorithm,k-means clustering algorithm
1831,k-nearest neighbor,k-nearest neighbor
1832,k-nearest neighbor classifier,k-nearest neighbor classifier
1833,k-nearest neighbor graph,k-nearest neighbor graph
1834,kernel,Kernel
1835,kernel approximation,kernel approximation
1836,kernel bandwidth,kernel bandwidth
1837,kernel classifier,kernel classifier
1838,kernel density,kernel density
1839,kernel density estimate,kernel density estimate
1840,kernel density estimation,kernel density estimation
1841,kernel evaluation,kernel evaluation
1842,kernel function,kernel function
1843,kernel learning,kernel learning
1844,kernel learning problem,kernel learning problem
1845,kernel machine,kernel machine
1846,kernel matrix,kernel matrix
1847,kernel method,kernel method
1848,kernel operation,kernel operation
1849,kernel operator,kernel operator
1850,kernel parameter,kernel parameter
1851,kernel regression,kernel regression
1852,kernel ridge regression,kernel ridge regression
1853,kernel size,kernel size
1854,kernel smoothing,kernel smoothing
1855,kernel space,kernel space
1856,kernel spectrum,kernel spectrum
1857,kernel trick,kernel trick
1858,kernel value,kernel value
1859,kernel weight,kernel weight
1860,kernel width,kernel width
1861,key,key
1862,keypoint,keypoint
1863,keypoint detection,keypoint detection
1864,keypoint detector,keypoint detector
1865,keypoint location,keypoint location
1866,keypoint match,keypoint match
1867,knapsack problem,knapsack problem
1868,knowledge compilation,knowledge compilation
1869,knowledge distillation,knowledge distillation
1870,knowledge element,knowledge element
1871,knowledge graph,knowledge graph
1872,knowledge graph completion,knowledge graph completion
1873,knowledge representation,knowledge representation
1874,knowledge transfer,knowledge transfer
1875,l 1 -norm,L 1 -norm
1876,l 1 distance,L 1 distance
1877,l 2 -norm,L 2 -norm
1878,l 2 distance,L 2 distance
1879,l 2 loss,L 2 loss
1880,l 2 regularization,L 2 regularization
1881,l ∞ norm,L ∞ norm
1882,l1 difference,L1 difference
1883,l1 loss,L1 loss
1884,l1 penalty,L1 penalty
1885,l1 regularization,L1 regularization
1886,l1 term,L1 term
1887,l2 error,L2 error
1888,l2 regularisation,L2 regularisation
1889,l2 regularizer,L2 regularizer
1890,l2 weight decay,L2 weight decay
1891,l2-normalization,L2-normalization
1892,label,label
1893,label distribution,label distribution
1894,label embedding,label embedding
1895,label noise,label noise
1896,label sequence,label sequence
1897,label smoothing,label smoothing
1898,label space,label space
1899,label token,label token
1900,label vector,label vector
1901,lagrange multiplier,Lagrange multiplier
1902,lagrangian duality,Lagrangian duality
1903,lagrangian multiplier,Lagrangian multiplier
1904,lagrangian relaxation,Lagrangian relaxation
1905,lambda calculus,lambda calculus
1906,lambertian reflectance,Lambertian reflectance
1907,landmark,landmark
1908,landmark point,landmark point
1909,language drift,language drift
1910,language encoder,language encoder
1911,language generation,language generation
1912,language generation model,language generation model
1913,language identification,language identification
1914,language model,language model
1915,language model pre-training,language model pre-training
1916,language modeling toolkit,Language Modeling Toolkit
1917,language pair,language pair
1918,language representation,language representation
1919,language transfer,language transfer
1920,language understanding,language understanding
1921,laplace approximation,Laplace approximation
1922,laplace distribution,Laplace distribution
1923,laplace noise,Laplace noise
1924,laplacian distribution,Laplacian distribution
1925,laplacian matrix,Laplacian matrix
1926,laplacian smoothing,Laplacian smoothing
1927,large language model,large language model
1928,large-margin learning,large-margin learning
1929,latent code,latent code
1930,latent dimension,latent dimension
1931,latent dirichlet allocation,latent Dirichlet allocation
1932,latent distribution,latent distribution
1933,latent dynamic model,latent dynamic model
1934,latent embedding,latent embedding
1935,latent factor,latent factor
1936,latent feature,latent feature
1937,latent function,latent function
1938,latent group,latent group
1939,latent parameter,latent parameter
1940,latent representation,latent representation
1941,latent reward function,latent reward function
1942,latent semantic,latent semantic
1943,latent semantic analysis,latent semantic analysis
1944,latent space,latent space
1945,latent state,latent state
1946,latent topic,latent topic
1947,latent variable,latent variable
1948,latent variable model,latent variable model
1949,latent vector,latent vector
1950,layer,layer
1951,layer activation,layer activation
1952,layer normalization,layer normalization
1953,layer-wise learning rate decay,layer-wise learning rate decay
1954,lazy grounding,lazy grounding
1955,leaf node,leaf node
1956,learnability,learnability
1957,learnable parameter,learnable parameter
1958,learnable vector,learnable vector
1959,learner,learner
1960,learning rate,learning rate
1961,learning rate decay,learning rate decay
1962,learning rate decay schedule,learning rate decay schedule
1963,learning rate schedule,learning rate schedule
1964,learning rate scheduler,learning rate scheduler
1965,learning rate warmup,learning rate warmup
1966,least square,least square
1967,least square criterion,least square criterion
1968,least square minimization,least square minimization
1969,least square problem,least square problem
1970,least square regression,least square regression
1971,least square solution,least square solution
1972,leave-one-out,leave-one-out
1973,left-to-right model,left-to-right model
1974,lemmatization,lemmatization
1975,length normalization,length normalization
1976,length penalty,length penalty
1977,lexeme,lexeme
1978,lexical acquisition,lexical acquisition
1979,lexical acquisition algorithm,lexical acquisition algorithm
1980,lexical ambiguity,lexical ambiguity
1981,lexical entry,lexical entry
1982,lexical exposure,lexical exposure
1983,lexical feature,lexical feature
1984,lexical functional grammar,Lexical Functional Grammar
1985,lexical head,lexical head
1986,lexical item,lexical item
1987,lexical knowledge,lexical knowledge
1988,lexical model,lexical model
1989,lexical overlap,lexical overlap
1990,lexicalization,lexicalization
1991,lexicalized grammar,lexicalized grammar
1992,lexicalized parsing model,lexicalized parsing model
1993,lexicon,lexicon
1994,lexicon induction,lexicon induction
1995,lie algebra,Lie algebra
1996,lifelong learning,lifelong learning
1997,light field,light field
1998,light field interpolation,light field interpolation
1999,likelihood function,likelihood function
2000,likelihood ratio test,likelihood ratio test
2001,likelihood score,likelihood score
2002,likert scale,Likert scale
2003,line search,line search
2004,linear activation function,linear activation function
2005,linear algebra,linear algebra
2006,linear classification,linear classification
2007,linear classification layer,linear classification layer
2008,linear classifier,linear classifier
2009,linear combination,linear combination
2010,linear complexity,linear complexity
2011,linear constraint,linear constraint
2012,linear decay,linear decay
2013,linear decoder,linear decoder
2014,linear discriminant analysis,linear discriminant analysis
2015,linear equation,linear equation
2016,linear evaluation,linear evaluation
2017,linear function,linear function
2018,linear function approximation,linear function approximation
2019,linear inequality,linear inequality
2020,linear interpolation,linear interpolation
2021,linear kernel,linear kernel
2022,linear layer,linear layer
2023,linear learning rate decay,linear learning rate decay
2024,linear learning rate schedule,linear learning rate schedule
2025,linear map,linear map
2026,linear model,linear model
2027,linear predictor,linear predictor
2028,linear probe,linear probe
2029,linear program,linear program
2030,linear programming relaxation,linear programming relaxation
2031,linear projection,linear projection
2032,linear regression,linear regression
2033,linear regression model,linear regression model
2034,linear regressor,linear regressor
2035,linear scaling,linear scaling
2036,linear scheduler,linear scheduler
2037,linear separability,linear separability
2038,linear system,linear system
2039,linear threshold,Linear Threshold
2040,linear threshold model,Linear Threshold Model
2041,linear transform,linear transform
2042,linear transformation,linear transformation
2043,linear transformation matrix,linear transformation matrix
2044,linear warm-up,linear warm-up
2045,linear-chain,linear-chain
2046,linear-quadratic regulator,linear-quadratic regulator
2047,linearization,linearization
2048,link function,link function
2049,link prediction,link prediction
2050,local basis function,local basis function
2051,local coherence,local coherence
2052,local consistency,Local Consistency
2053,local context,local context
2054,local coordinate frame,local coordinate frame
2055,local feature,local feature
2056,local geometry,local geometry
2057,local image feature,local image feature
2058,local maxima,local maxima
2059,local maximum,local maximum
2060,local minima,local minima
2061,local minimizer,local minimizer
2062,local minimum,local minimum
2063,local model,local model
2064,local optima,local optima
2065,local optimum,local optimum
2066,local parameter,local parameter
2067,local search,local search
2068,local search method,local search method
2069,local variable,local variable
2070,local window,local window
2071,locality-sensitive hashing,locality-sensitive hashing
2072,localization,localization
2073,location parameter,location parameter
2074,log,log
2075,log likelihood,log likelihood
2076,log loss,log loss
2077,log marginal likelihood,log marginal likelihood
2078,log p,log p
2079,log partition function,log partition function
2080,log perplexity,log perplexity
2081,log probability,log probability
2082,log-likelihood function,log-likelihood function
2083,log-likelihood loss,log-likelihood loss
2084,log-likelihood ratio,log-likelihood ratio
2085,log-linear model,log-linear model
2086,log-linear translation model,log-linear translation model
2087,log-log plot,log-log plot
2088,log-normal distribution,log-normal distribution
2089,log-odd score,log-odd score
2090,log-prob,log-prob
2091,log-sum-exp,log-sum-exp
2092,logical connective,logical connective
2093,logical form,logical form
2094,logistic function,logistic function
2095,logistic loss,logistic loss
2096,logistic regression,logistic regression
2097,logistic regression classifier,logistic regression classifier
2098,logistic regression model,logistic regression model
2099,logit,logit
2100,logit model,logit model
2101,long-range dependency,long-range dependency
2102,lookup table,lookup table
2103,loop closure,loop closure
2104,loopy belief propagation,loopy belief propagation
2105,loss,loss
2106,loss distribution,loss distribution
2107,loss function,loss function
2108,loss landscape,loss landscape
2109,loss minimization,loss minimization
2110,loss term,loss term
2111,lossy compression,lossy compression
2112,lottery ticket hypothesis,lottery ticket hypothesis
2113,low rank,low rank
2114,low rank approximation,low rank approximation
2115,low-data regime,low-data regime
2116,low-dimensional embedding,low-dimensional embedding
2117,low-dimensional representation,low-dimensional representation
2118,low-pass filter,low-pass filter
2119,low-rank factorization,low-rank factorization
2120,low-rank matrix approximation,low-rank matrix approximation
2121,m-estimation,M-estimation
2122,m-step,M-step
2123,machine comprehension,Machine Comprehension
2124,machine learning,machine learning
2125,machine learning algorithm,machine learning algorithm
2126,machine learning classifier,machine learning classifier
2127,machine learning model,machine learning model
2128,machine learning repository,Machine Learning Repository
2129,machine learning system,machine learning system
2130,machine reading,machine reading
2131,machine reading comprehension,Machine Reading Comprehension
2132,machine translation,machine translation
2133,machine translation model,machine translation model
2134,machine translation system,machine translation system
2135,machine vision,machine vision
2136,machine-in-the-loop,machine-in-the-loop
2137,macro-action,macro-action
2138,macro-average,macro-average
2139,majority voting,majority voting
2140,manifold,manifold
2141,manifold hypothesis,manifold hypothesis
2142,manifold projection,manifold projection
2143,manifold structure,manifold structure
2144,margin parameter,margin parameter
2145,marginal density,marginal density
2146,marginal distribution,marginal distribution
2147,marginal inference,marginal inference
2148,marginal likelihood,marginal likelihood
2149,marginal log-likelihood,marginal log-likelihood
2150,marginal polytope,marginal polytope
2151,marginal probability,marginal probability
2152,marginalization,marginalization
2153,mask,mask
2154,mask token,mask token
2155,mask vector,mask vector
2156,masked input,masked input
2157,masked language model,masked language model
2158,masked token,masked token
2159,masking function,masking function
2160,matching loss,matching loss
2161,matrix,matrix
2162,matrix approximation,matrix approximation
2163,matrix decomposition,matrix decomposition
2164,matrix factorization,Matrix factorization
2165,matrix form,matrix form
2166,matrix inversion,matrix inversion
2167,matrix multiplication,matrix multiplication
2168,matrix norm,matrix norm
2169,matrix sketching,matrix sketching
2170,matrix vector product,matrix vector product
2171,matrix-vector multiplication,matrix-vector multiplication
2172,matroid,matroid
2173,matroid constraint,matroid constraint
2174,max norm,max norm
2175,max pooling,max pooling
2176,max-margin,max-margin
2177,max-margin learning,max-margin learning
2178,max-pool,max-pool
2179,max-pooling layer,max-pooling layer
2180,max-product semiring,max-product semiring
2181,maximal clique,maximal clique
2182,maximal frequent itemset,maximal frequent itemset
2183,maximal frequent pattern,maximal frequent pattern
2184,maximization problem,maximization problem
2185,maximum a posteriori,maximum a posteriori
2186,maximum a posteriori estimation,maximum a posteriori estimation
2187,maximum clique,maximum clique
2188,maximum entropy,maximum entropy
2189,maximum entropy model,maximum entropy model
2190,maximum entropy principle,maximum entropy principle
2191,maximum flow,maximum flow
2192,maximum likelihood,maximum likelihood
2193,maximum likelihood estimate,maximum likelihood estimate
2194,maximum likelihood estimation,maximum likelihood estimation
2195,maximum likelihood estimator,maximum likelihood estimator
2196,maximum likelihood learning,maximum likelihood learning
2197,maximum mean discrepancy,maximum mean discrepancy
2198,mean average precision,mean average precision
2199,mean field,mean field
2200,mean function,mean function
2201,mean pooling,mean pooling
2202,mean reciprocal rank,mean reciprocal rank
2203,mean shape,mean shape
2204,mean square error,mean square error
2205,mean vector,mean vector
2206,mean-field approximation,mean-field approximation
2207,measurable space,measurable space
2208,measurement matrix,measurement matrix
2209,measurement noise,measurement noise
2210,medical imaging,medical imaging
2211,medoid,medoid
2212,membership inference attack,membership inference attack
2213,membership query,membership query
2214,memory bank,memory bank
2215,memory capacity,memory capacity
2216,memory cell,memory cell
2217,memory complexity,memory complexity
2218,mention detection,mention detection
2219,meronymy,meronymy
2220,message passing,message passing
2221,message passing algorithm,message passing algorithm
2222,meta,meta
2223,meta-algorithm,meta-algorithm
2224,meta-classifier,meta-classifier
2225,meta-dataset,meta-dataset
2226,meta-evaluation,meta-evaluation
2227,meta-learn,meta-learn
2228,meta-learner,meta-learner
2229,meta-learning,meta-learning
2230,meta-loss,meta-loss
2231,meta-parameter,meta-parameter
2232,meta-testing,meta-testing
2233,meta-training,meta-training
2234,metadata,metadata
2235,metric learning,metric learning
2236,metric learning algorithm,metric learning algorithm
2237,metric score,metric score
2238,metric space,metric space
2239,metropolis-hasting,Metropolis-Hasting
2240,micro-average,micro-average
2241,microarray datum,microarray datum
2242,mini-batch,mini-batch
2243,mini-batch size,mini-batch size
2244,mini-batch training,mini-batch training
2245,minima,minima
2246,minimax,minimax
2247,minimax game,minimax game
2248,minimax optimization problem,minimax optimization problem
2249,minimax problem,minimax problem
2250,minimization problem,minimization problem
2251,minimizer,minimizer
2252,minimum baye risk decoding,minimum baye risk decoding
2253,minimum cut,minimum cut
2254,minimum description length,minimum description length
2255,minimum support,minimum support
2256,mirror descent,mirror descent
2257,misclassification error,misclassification error
2258,misclassification loss,misclassification loss
2259,misinformation detection,misinformation detection
2260,mixed integer programming,mixed integer programming
2261,mixed precision,mixed precision
2262,mixed precision training,mixed precision training
2263,mixed strategy,mixed strategy
2264,mixed-integer program,mixed-integer program
2265,mixing matrix,mixing matrix
2266,mixing time,mixing time
2267,mixture component,mixture component
2268,mixture distribution,mixture distribution
2269,mixture model,mixture model
2270,mixture weight,mixture weight
2271,mixup,Mixup
2272,mocap,mocap
2273,modality,modality
2274,mode,mode
2275,mode collapse,mode collapse
2276,model accuracy,model accuracy
2277,model architecture,model architecture
2278,model averaging,model averaging
2279,model bias,model bias
2280,model capacity,model capacity
2281,model card,model card
2282,model checking,model checking
2283,model class,model class
2284,model comparison,model comparison
2285,model complexity,model complexity
2286,model compression,model compression
2287,model convergence,model convergence
2288,model development,model development
2289,model distillation,model distillation
2290,model distribution,model distribution
2291,model estimation,model estimation
2292,model evaluation,model evaluation
2293,model family,model family
2294,model fine-tuning,model fine-tuning
2295,model generalization,model generalization
2296,model hyperparameter,model hyperparameter
2297,model inference,model inference
2298,model initialization,model initialization
2299,model interpretability,model interpretability
2300,model interpretation,model interpretation
2301,model layer,model layer
2302,model m,model M
2303,model output,model output
2304,model parallelism,model parallelism
2305,model parameter,model parameter
2306,model performance,model performance
2307,model precision,model precision
2308,model prediction,model prediction
2309,model predictive control,model predictive control
2310,model representation,model representation
2311,model robustness,model robustness
2312,model score,model score
2313,model selection,model selection
2314,model size,model size
2315,model specification,model specification
2316,model structure,model structure
2317,model training,model training
2318,model update,model update
2319,model variant,model variant
2320,model weight,model weight
2321,model's parameter,model's parameter
2322,model-free approach,model-free approach
2323,modular,modular
2324,modular architecture,modular architecture
2325,module,module
2326,moment matching,moment matching
2327,momentum,momentum
2328,momentum coefficient,momentum coefficient
2329,momentum encoder,momentum encoder
2330,momentum term,momentum term
2331,monocular,monocular
2332,monocular reconstruction,monocular reconstruction
2333,monolingual baseline,monolingual baseline
2334,monolingual corpora,monolingual corpora
2335,monolingual corpus,monolingual corpus
2336,monolingual dataset,monolingual dataset
2337,monolingual datum,monolingual datum
2338,monolingual embedding,monolingual embedding
2339,monolingual model,monolingual model
2340,monolingual training,monolingual training
2341,monotone,monotone
2342,monotonic,monotonic
2343,monotonicity,Monotonicity
2344,morphological analysis,morphological analysis
2345,morphological analyzer,morphological analyzer
2346,morphological feature,morphological feature
2347,morphological information,morphological information
2348,morphological operation,morphological operation
2349,morphological segmentation,morphological segmentation
2350,motion analysis,motion analysis
2351,motion estimation,motion estimation
2352,motion matrix,motion matrix
2353,motion planning,motion planning
2354,motion segmentation,motion segmentation
2355,multi-agent,multi-agent
2356,multi-agent interaction,multi-agent interaction
2357,multi-agent learning,multi-agent learning
2358,multi-agent reinforcement learning,multi-agent reinforcement learning
2359,multi-agent system,multi-agent system
2360,multi-armed bandit,multi-armed bandit
2361,multi-armed bandit problem,multi-armed bandit problem
2362,multi-class,multi-class
2363,multi-class classification,multi-class classification
2364,multi-class logistic regression,multi-class logistic regression
2365,multi-class problem,multi-class problem
2366,multi-classification,multi-classification
2367,multi-document summarization,multi-document summarization
2368,multi-domain,multi-domain
2369,multi-head,multi-head
2370,multi-head attention,multi-head attention
2371,multi-head attention layer,multi-head attention layer
2372,multi-head self-attention,multi-head self-attention
2373,multi-head self-attention mechanism,multi-head self-attention mechanism
2374,multi-head self-attention module,multi-head self-attention module
2375,multi-headed self-attention,multi-headed self-attention
2376,multi-label,multi-label
2377,multi-label classification,multi-label classification
2378,multi-label classification loss,multi-label classification loss
2379,multi-label classifier,multi-label classifier
2380,multi-label datum,multi-label datum
2381,multi-label learning,multi-label learning
2382,multi-label text classification,multi-label text classification
2383,multi-layer neural network,multi-layer neural network
2384,multi-layer perceptron,multi-layer perceptron
2385,multi-modal,multi-modal
2386,multi-modal input,multi-modal input
2387,multi-modal learning,multi-modal learning
2388,multi-modal model,multi-modal model
2389,multi-object detection,multi-object detection
2390,multi-objective optimization,multi-objective optimization
2391,multi-scale,multi-scale
2392,multi-scale architecture,multi-scale architecture
2393,multi-scale training,multi-scale training
2394,multi-task,multi-task
2395,multi-task fine-tuning,multi-task fine-tuning
2396,multi-task learning,Multi-Task Learning
2397,multi-task model,multi-task model
2398,multi-task regression,multi-task regression
2399,multi-task setting,multi-task setting
2400,multi-view,multi-view
2401,multi-view datum,multi-view datum
2402,multi-view geometry,multi-view geometry
2403,multi-view learning,multi-view learning
2404,multi-view stereo,multi-view stereo
2405,multi-view system,multi-view system
2406,multiclass classifier,multiclass classifier
2407,multiclass hinge loss,multiclass hinge loss
2408,multiclass model,multiclass model
2409,multiclass object detection,multiclass object detection
2410,multidimensional quality metric,Multidimensional Quality metric
2411,multidimensional scaling,Multidimensional Scaling
2412,multilingual embedding,multilingual embedding
2413,multilingual language model,multilingual language model
2414,multilingual model,multilingual model
2415,multilingual representation,multilingual representation
2416,multilingual training,multilingual training
2417,multilinguality,multilinguality
2418,multimodal task,multimodal task
2419,multinomial distribution,multinomial distribution
2420,multinomial model,multinomial model
2421,multiple kernel learning,multiple kernel learning
2422,multiple linear regression,multiple linear regression
2423,multiscale modeling,multiscale modeling
2424,multiset,multiset
2425,multitask training,multitask training
2426,multivariate,multivariate
2427,multivariate gaussian distribution,multivariate Gaussian distribution
2428,multivariate normal,multivariate normal
2429,multivariate normal distribution,multivariate normal distribution
2430,multivariate time series,multivariate time series
2431,mutex,mutex
2432,mutexe,mutexe
2433,mutual entropy,mutual entropy
2434,n-gram,n-gram
2435,n-gram feature,n-gram feature
2436,n-gram language model,n-gram language model
2437,n-gram model,n-gram model
2438,natural image statistic,natural image statistic
2439,natural language,natural language
2440,natural language generation,natural language generation
2441,natural language inference,Natural Language Inference
2442,natural language processing,natural language processing
2443,natural language query,natural language query
2444,natural language understanding,Natural Language Understanding
2445,natural logic,natural logic
2446,natural logic inference,natural logic inference
2447,natural parameter,natural parameter
2448,natural question,Natural question
2449,near-optimality,near-optimality
2450,nearest neighbor classifier,nearest neighbor classifier
2451,nearest neighbor search,nearest neighbor search
2452,nearest-neighbor algorithm,nearest-neighbor algorithm
2453,negation,negation
2454,negative log-likelihood,negative log-likelihood
2455,negative pair,negative pair
2456,negative sample,negative sample
2457,negative transfer,negative transfer
2458,neighborhood function,neighborhood function
2459,neighborhood system,neighborhood system
2460,net,net
2461,network,network
2462,network architecture,network architecture
2463,network feature,network feature
2464,network parameter,network parameter
2465,network structure,network structure
2466,network topology,network topology
2467,network weight,network weight
2468,neural activity,neural activity
2469,neural approach,neural approach
2470,neural architecture,neural architecture
2471,neural architecture search,neural architecture search
2472,neural embedding,neural embedding
2473,neural generation model,neural generation model
2474,neural implicit representation,neural implicit representation
2475,neural language model,neural language model
2476,neural machine translation,neural machine translation
2477,neural machinery,neural machinery
2478,neural mapping,neural mapping
2479,neural method,neural method
2480,neural model,neural model
2481,neural module,neural module
2482,neural net,neural net
2483,neural network architecture,neural network architecture
2484,neural network classifier,neural network classifier
2485,neural network language model,neural network language model
2486,neural network layer,neural network layer
2487,neural network model,neural network model
2488,neural operator,neural operator
2489,neural parser,neural parser
2490,neural radiance field,Neural Radiance field
2491,neural renderer,neural renderer
2492,neural rendering,neural rendering
2493,neural representation,neural representation
2494,neural retrieval,neural retrieval
2495,neural scaling law,neural scaling law
2496,neural scene representation,neural scene representation
2497,neural sequence model,neural sequence model
2498,neural text generation,neural text generation
2499,neural volume,Neural volume
2500,neural volumetric representation,neural volumetric representation
2501,neural word embedding,neural word embedding
2502,neuro-symbolic system,neuro-symbolic system
2503,neuron,neuron
2504,next sentence prediction,next sentence prediction
2505,next token prediction,next token prediction
2506,nmod,nmod
2507,no-regret algorithm,no-regret algorithm
2508,no-regret dynamic,no-regret dynamic
2509,no-regret learning algorithm,no-regret learning algorithm
2510,node,node
2511,node attribute,node attribute
2512,node classification,node classification
2513,node degree,node degree
2514,node embedding,node embedding
2515,node feature,node feature
2516,node feature matrix,node feature matrix
2517,node label,node label
2518,node representation,node representation
2519,node set,node set
2520,node-disjoint path,node-disjoint path
2521,noise distribution,noise distribution
2522,noise level,noise level
2523,noise model,noise model
2524,noise schedule,noise schedule
2525,noise-contrastive estimation,noise-contrastive estimation
2526,noisy channel,noisy channel
2527,nominal mention,nominal mention
2528,non-convex objective,non-convex objective
2529,non-convex optimization,non-convex optimization
2530,non-convex problem,non-convex problem
2531,non-convexity,non-convexity
2532,non-euclidean space,non-Euclidean space
2533,non-linear least square,non-linear least square
2534,non-linear optimization,non-linear optimization
2535,non-linearity,non-linearity
2536,non-local feature,non-local feature
2537,non-markov process,non-Markov process
2538,non-max suppression,non-max suppression
2539,non-maxima suppression,non-maxima suppression
2540,non-maximal suppression,non-maximal suppression
2541,non-maximum suppression,Non-maximum suppression
2542,non-negative matrix factorization,non-negative matrix factorization
2543,non-parametric setting,non-parametric setting
2544,non-projective parsing,non-projective parsing
2545,non-submodular energy,non-submodular energy
2546,non-tree model,non-tree model
2547,nonconvex function,nonconvex function
2548,nonlinear optimisation,nonlinear optimisation
2549,nonmonotonic reasoning,nonmonotonic reasoning
2550,nonterminal symbol,nonterminal symbol
2551,norm,norm
2552,normal,normal
2553,normal distribution,normal distribution
2554,normal form,normal form
2555,normal vector,normal vector
2556,normal-form game,normal-form game
2557,normalisation,normalisation
2558,normalization,normalization
2559,normalization constant,normalization constant
2560,normalization factor,normalization factor
2561,normalization function,normalization function
2562,normalization layer,normalization layer
2563,normalization method,normalization method
2564,normalization strategy,normalization strategy
2565,normalize,normalize
2566,noun phrase,noun phrase
2567,novel view synthesis,novel view synthesis
2568,nsubj,nsubj
2569,nsubjpass,nsubjpass
2570,nuclear norm,nuclear norm
2571,nuclear norm relaxation,nuclear norm relaxation
2572,nucleus sampling,Nucleus Sampling
2573,null distribution,null distribution
2574,null space,null space
2575,numerical linear algebra,numerical linear algebra
2576,object bounding box,object bounding box
2577,object categorization,object categorization
2578,object category,object category
2579,object category recognition,object category recognition
2580,object class,object class
2581,object classification,object classification
2582,object detection,object detection
2583,object detector,object detector
2584,object domain,object domain
2585,object embedding,object embedding
2586,object instance segmentation,object instance segmentation
2587,object localization,Object Localization
2588,object model,object model
2589,object proposal,object proposal
2590,object recognition,object recognition
2591,object segmentation,object segmentation
2592,object tracking,object tracking
2593,objective function,objective function
2594,objective value,objective value
2595,objectness,objectness
2596,observation function,observation function
2597,observation model,observation model
2598,observation space,observation space
2599,observational datum,observational datum
2600,occlusion handling,occlusion handling
2601,occlusion reasoning,occlusion reasoning
2602,occupancy grid,occupancy grid
2603,occupancy map,occupancy map
2604,occupancy measure,occupancy measure
2605,odometry,odometry
2606,off-diagonal element,off-diagonal element
2607,off-policy,off-policy
2608,offline algorithm,offline algorithm
2609,offline learning,offline learning
2610,on-policy,on-policy
2611,one-against-all reduction,one-against-all reduction
2612,one-hot representation,one-hot representation
2613,one-hot vector,one-hot vector
2614,one-shot learning,one-shot learning
2615,one-shot setting,one-shot setting
2616,one-stage detector,one-stage detector
2617,one-versus-all,one-versus-all
2618,online algorithm,online algorithm
2619,online convex optimization,online convex optimization
2620,online gradient descent,online gradient descent
2621,online learning,online learning
2622,online learning algorithm,online learning algorithm
2623,online learning method,online learning method
2624,online learning theory,online learning theory
2625,ontology,ontology
2626,ontology language,ontology language
2627,open information extraction,Open Information Extraction
2628,open set,open set
2629,open-ended text generation,open-ended text generation
2630,open-loop,open-loop
2631,operator norm,operator norm
2632,operator sequence,operator sequence
2633,optical character recognition,optical character recognition
2634,optical flow,optical flow
2635,optical flow estimation,optical flow estimation
2636,optimal control theory,optimal control theory
2637,optimal experimental design,optimal experimental design
2638,optimal policy,optimal policy
2639,optimal solution,optimal solution
2640,optimality,optimality
2641,optimality condition,optimality condition
2642,optimisation,optimisation
2643,optimisation problem,optimisation problem
2644,optimiser,optimiser
2645,optimization,optimization
2646,optimization algorithm,optimization algorithm
2647,optimization framework,optimization framework
2648,optimization function,optimization function
2649,optimization method,optimization method
2650,optimization objective,optimization objective
2651,optimization problem,Optimization Problem
2652,optimization procedure,optimization procedure
2653,optimization step,optimization step
2654,optimization theory,optimization theory
2655,optimizer,optimizer
2656,option,option
2657,oracle,oracle
2658,oracle policy,oracle policy
2659,ordinal embedding,ordinal embedding
2660,ordinal regression,ordinal regression
2661,orientation loss,orientation loss
2662,orthogonal basis,orthogonal basis
2663,orthogonal matrix,orthogonal matrix
2664,orthogonal projection matrix,orthogonal projection matrix
2665,orthographic camera model,orthographic camera model
2666,orthographic projection,orthographic projection
2667,orthonormal decomposition,orthonormal decomposition
2668,orthonormal matrix,orthonormal matrix
2669,orthonormal row,orthonormal row
2670,orthonormality,orthonormality
2671,out-of-distribution,out-of-distribution
2672,out-of-domain,out-of-domain
2673,out-of-domain evaluation,out-of-domain evaluation
2674,outlier,outlier
2675,outlier detection,outlier detection
2676,output,output
2677,output gate,output gate
2678,output layer,output layer
2679,output space,output space
2680,output token,output token
2681,output vector,output vector
2682,output vocabulary,output vocabulary
2683,over-segmentation,over-segmentation
2684,paired t-test,paired t-test
2685,pairwise classifier,pairwise classifier
2686,pairwise clique,pairwise clique
2687,pairwise comparison,pairwise comparison
2688,pairwise constraint,pairwise constraint
2689,pairwise flow,pairwise flow
2690,pairwise learning,pairwise learning
2691,pairwise potential,pairwise potential
2692,pairwise word similarity,pairwise word similarity
2693,panoptic segmentation,panoptic segmentation
2694,parallel corpora,parallel corpora
2695,parallel corpus,parallel corpus
2696,parallel datum,parallel datum
2697,parameter count,parameter count
2698,parameter estimation,parameter estimation
2699,parameter learning,parameter learning
2700,parameter matrix,parameter matrix
2701,parameter model,parameter model
2702,parameter regularization,parameter regularization
2703,parameter sharing,parameter sharing
2704,parameter size,parameter size
2705,parameter space,parameter space
2706,parameter tuning,parameter tuning
2707,parameter tying,parameter tying
2708,parameter update,parameter update
2709,parameter vector,parameter vector
2710,parameter-efficient fine-tuning,parameter-efficient fine-tuning
2711,parameterisation,parameterisation
2712,parameterization,parameterization
2713,parametric,parametric
2714,parametric family,parametric family
2715,parametric knowledge,parametric knowledge
2716,parametric model,parametric model
2717,parametrization,parametrization
2718,paraphrase,paraphrase
2719,paraphrase generation,paraphrase generation
2720,paraphrase generator,paraphrase generator
2721,paraphrase identification,paraphrase identification
2722,paraphrase model,paraphrase model
2723,parent node,parent node
2724,pareto optimal,Pareto optimal
2725,pareto optimality,Pareto optimality
2726,pareto-efficient,Pareto-efficient
2727,parse,parse
2728,parse chart,parse chart
2729,parse forest,parse forest
2730,parse score,parse score
2731,parse structure,parse structure
2732,parse tree,parse tree
2733,parser,parser
2734,part of speech,part of speech
2735,part of speech tag,part of speech tag
2736,part of speech tagger,part of speech tagger
2737,partial assignment,partial assignment
2738,partial derivation,partial derivation
2739,partial evaluation,partial evaluation
2740,partial observability,partial observability
2741,partial order,partial order
2742,particle filter,particle filter
2743,partition,partition
2744,partition function,partition function
2745,parzen window,Parzen window
2746,patch,patch
2747,path integration,path integration
2748,path planning,path planning
2749,pattern profile,pattern profile
2750,pattern recognition,pattern recognition
2751,pattern summarization,pattern summarization
2752,pattern-verbalizer pair,pattern-verbalizer pair
2753,payoff function,payoff function
2754,payoff matrix,payoff matrix
2755,pedestrian detection,pedestrian detection
2756,penalty function,penalty function
2757,penalty parameter,penalty parameter
2758,penalty term,penalty term
2759,per-pixel,per-pixel
2760,perception,perception
2761,perceptron algorithm,perceptron algorithm
2762,perceptual feature,perceptual feature
2763,perceptual loss,perceptual loss
2764,perfect matching,perfect matching
2765,performance difference lemma,performance difference lemma
2766,permutation,permutation
2767,permutation invariance,permutation invariance
2768,permutation matrix,permutation matrix
2769,permutation test,permutation test
2770,permutohedral lattice,permutohedral lattice
2771,perplexity,perplexity
2772,perplexity score,perplexity score
2773,perspective projection,perspective projection
2774,perspective projection matrix,perspective projection matrix
2775,perturbation,perturbation
2776,perturbation analysis,perturbation analysis
2777,perturbation variance,perturbation variance
2778,phase retrieval,phase retrieval
2779,phoneme,phoneme
2780,phoneme segmentation,phoneme segmentation
2781,photoconsistency,photoconsistency
2782,photometric consistency,photometric consistency
2783,photometric error,photometric error
2784,photometric loss,photometric loss
2785,photometric stereo,photometric stereo
2786,phrase structure tree,phrase structure tree
2787,phrase table,phrase table
2788,piecewise linear,piecewise linear
2789,piecewise planar,piecewise planar
2790,pipeline,pipeline
2791,pixel,pixel
2792,pixel labeling,pixel labeling
2793,pixel-level,pixel-level
2794,pixel-wise,pixel-wise
2795,place recognition,place recognition
2796,placeholder,placeholder
2797,planning,planning
2798,planning problem,planning problem
2799,planning task,planning task
2800,platt scaling,Platt scaling
2801,plug-in estimator,plug-in estimator
2802,pobj,pobj
2803,point cloud,point cloud
2804,point correspondence,point correspondence
2805,point estimate,point estimate
2806,point match,point match
2807,pointwise,pointwise
2808,pointwise multiplication,pointwise multiplication
2809,poisson distribution,Poisson distribution
2810,poisson point process,Poisson point process
2811,poisson random variable,Poisson random variable
2812,poisson rate,Poisson rate
2813,policy,policy
2814,policy class,policy class
2815,policy distribution,policy distribution
2816,policy entropy,policy entropy
2817,policy evaluation,policy evaluation
2818,policy gradient,policy gradient
2819,policy gradient algorithm,policy gradient algorithm
2820,policy gradient estimator,policy gradient estimator
2821,policy gradient method,policy gradient method
2822,policy gradient theorem,policy gradient theorem
2823,policy improvement,policy improvement
2824,policy iteration,policy iteration
2825,policy learning,policy learning
2826,policy network,policy network
2827,policy optimization,policy optimization
2828,policy parameter,policy parameter
2829,policy representation,policy representation
2830,policy sketch,policy sketch
2831,policy space,policy space
2832,polygon mesh,polygon mesh
2833,polylog,polylog
2834,polylogarithmic,polylogarithmic
2835,polynomial,polynomial
2836,polynomial delay,polynomial delay
2837,polynomial kernel,polynomial kernel
2838,polynomial time,polynomial time
2839,polynomial time algorithm,polynomial time algorithm
2840,pooling layer,pooling layer
2841,pooling operation,pooling operation
2842,pose estimation,pose estimation
2843,pose parameter,pose parameter
2844,pose prior,pose prior
2845,pose space,pose space
2846,position bias,position bias
2847,position embedding,position embedding
2848,positional bias,positional bias
2849,positional embedding,positional embedding
2850,positional encoding,positional encoding
2851,positive definite,positive definite
2852,positive pair,positive pair
2853,positive semidefinite,positive semidefinite
2854,positive semidefinite kernel,positive semidefinite kernel
2855,positive semidefinite matrix,positive semidefinite matrix
2856,post-editing,post-editing
2857,post-hoc,post-hoc
2858,post-hoc analysis,post-hoc analysis
2859,post-processing,post-processing
2860,posterior,posterior
2861,posterior approximation,posterior approximation
2862,posterior density,posterior density
2863,posterior distribution,posterior distribution
2864,posterior entropy,posterior entropy
2865,posterior estimation,posterior estimation
2866,posterior inference,posterior inference
2867,posterior mean,posterior mean
2868,posterior mean function,posterior mean function
2869,posterior probability,posterior probability
2870,posterior probability distribution,posterior probability distribution
2871,posterior sample,posterior sample
2872,posterior variance,posterior variance
2873,potential function,potential function
2874,potential heuristic,potential heuristic
2875,power iteration method,power iteration method
2876,power law distribution,power law distribution
2877,power method,power method
2878,pre-logit,pre-logit
2879,pre-processing,pre-processing
2880,pre-terminals,pre-terminals
2881,pre-train,pre-train
2882,pre-trained checkpoint,pre-trained checkpoint
2883,pre-trained embedding,pre-trained embedding
2884,pre-trained language model,pre-trained language model
2885,pre-trained model,pre-trained model
2886,pre-trained weight,pre-trained weight
2887,pre-training corpus,pre-training corpus
2888,pre-training datum,pre-training datum
2889,pre-training objective,pre-training objective
2890,pre-training task,pre-training task
2891,precision,precision
2892,precision matrix,precision matrix
2893,precision-at-10,precision-at-10
2894,precision-recall curve,precision-recall curve
2895,precision-recall graph,precision-recall graph
2896,precondition,precondition
2897,preconditioner,preconditioner
2898,predicate logic,predicate logic
2899,predicate symbol,predicate symbol
2900,predicate-argument relation,predicate-argument relation
2901,predicate-argument structure,predicate-argument structure
2902,prediction,prediction
2903,prediction accuracy,prediction accuracy
2904,prediction entropy,prediction entropy
2905,prediction error,prediction error
2906,prediction head,prediction head
2907,prediction invariance,prediction invariance
2908,prediction model,prediction model
2909,prediction network,prediction network
2910,prediction variance,prediction variance
2911,predictive coding,predictive coding
2912,predictive distribution,predictive distribution
2913,predictive likelihood,predictive likelihood
2914,predictive model,predictive model
2915,predictive performance,predictive performance
2916,predictor,predictor
2917,prefix,prefix
2918,prefix sum,prefix sum
2919,prefix tree,prefix tree
2920,preimage,preimage
2921,prepositional phrase,prepositional phrase
2922,preprocessing phase,preprocessing phase
2923,presence penalty,presence penalty
2924,pretrained multilingual model,pretrained multilingual model
2925,primal objective function,primal objective function
2926,primal optimization,primal optimization
2927,primal problem,primal problem
2928,primal variable,primal variable
2929,primal-dual algorithm,primal-dual algorithm
2930,primal-dual method,primal-dual method
2931,primitive,primitive
2932,principal component,principal component
2933,principal component analysis,principal component analysis
2934,prior distribution,prior distribution
2935,prior hyperparameter,prior hyperparameter
2936,prior knowledge,prior knowledge
2937,prior mean,prior mean
2938,prior probability,prior probability
2939,prior probability distribution,prior probability distribution
2940,prior variance,prior variance
2941,priority queue,priority queue
2942,privacy budget,privacy budget
2943,probabilistic context-free grammar,probabilistic context-free grammar
2944,probabilistic distribution,probabilistic distribution
2945,probabilistic formulation,probabilistic formulation
2946,probabilistic framework,probabilistic framework
2947,probabilistic generative model,probabilistic generative model
2948,probabilistic graphical model,probabilistic graphical model
2949,probabilistic inference,probabilistic inference
2950,probabilistic logic,probabilistic logic
2951,probabilistic method,probabilistic method
2952,probabilistic model,probabilistic model
2953,probabilistic relational model,probabilistic relational model
2954,probabilistic representation,probabilistic representation
2955,probabilistic semantic,probabilistic semantic
2956,probabilistic topic modeling,probabilistic topic modeling
2957,probabilistic tree,probabilistic tree
2958,probability density,probability density
2959,probability density function,probability density function
2960,probability distribution,probability distribution
2961,probability flow,probability flow
2962,probability map,probability map
2963,probability mass,probability mass
2964,probability mass function,probability mass function
2965,probability matrix,probability matrix
2966,probability measure,probability measure
2967,probability model,probability model
2968,probability multiset,probability multiset
2969,probability simplex,probability simplex
2970,probability space,probability space
2971,probability threshold,probability threshold
2972,probability transition matrix,probability transition matrix
2973,probability vector,probability vector
2974,problem space,problem space
2975,product distribution,product distribution
2976,product-of-expert,product-of-expert
2977,program induction,program induction
2978,projection algorithm,projection algorithm
2979,projection layer,projection layer
2980,projection matrix,projection matrix
2981,projection operator,projection operator
2982,projection step,projection step
2983,projective camera,projective camera
2984,projective dependency parsing,projective dependency parsing
2985,projective dependency tree,projective dependency tree
2986,projective parsing,projective parsing
2987,projective transformation,projective transformation
2988,prompt,prompt
2989,prompt engineering,prompt engineering
2990,prompt learning,prompt learning
2991,prompt tuning,prompt tuning
2992,pronoun resolution,pronoun resolution
2993,proof complexity,proof complexity
2994,proof number,proof number
2995,proof tree,proof tree
2996,propensity score,propensity score
2997,proposal distribution,proposal distribution
2998,proposal probability,proposal probability
2999,proposition,Proposition
3000,propositional,propositional
3001,propositional formula,propositional formula
3002,propositional language,propositional language
3003,propositional logic,propositional logic
3004,propositional variable,propositional variable
3005,protected attribute,protected attribute
3006,protein folding,protein folding
3007,prototype embedding,prototype embedding
3008,proximal operator,proximal operator
3009,proximal policy optimization,Proximal Policy Optimization
3010,pruning algorithm,pruning algorithm
3011,pseudo-inverse,pseudo-inverse
3012,pure strategy,pure strategy
3013,pyramid level,pyramid level
3014,q function,Q function
3015,q value,Q value
3016,q-learning,Q-learning
3017,q-network,Q-network
3018,quadratic assignment problem,quadratic assignment problem
3019,quadratic loss,quadratic loss
3020,quadratic program,quadratic program
3021,quadratic regularizer,quadratic regularizer
3022,quality estimation,Quality Estimation
3023,quantal response equilibrium,quantal response equilibrium
3024,quantified variable,quantified variable
3025,quantifier,quantifier
3026,quantile,quantile
3027,quantization,quantization
3028,quantization function,quantization function
3029,quantizer,quantizer
3030,quaternion,quaternion
3031,query complexity,query complexity
3032,query context,query context
3033,query embedding,query embedding
3034,query expansion,Query expansion
3035,query image,query image
3036,query language,query language
3037,query phase,query phase
3038,query point,query point
3039,query processing,query processing
3040,query reformulation,query reformulation
3041,query representation,query representation
3042,query strategy,query strategy
3043,query time,query time
3044,query vector,query vector
3045,query-document pair,query-document pair
3046,r-precision,R-Precision
3047,rademacher complexity,Rademacher complexity
3048,radiance field,radiance field
3049,random crop,random crop
3050,random feature,random feature
3051,random forest classifier,Random Forest classifier
3052,random matrix theory,random matrix theory
3053,random policy,random policy
3054,random projection,random projection
3055,random projection algorithm,random projection algorithm
3056,random sampling,random sampling
3057,random seed,random seed
3058,random variable,random variable
3059,random vector,random vector
3060,random walk model,random walk model
3061,randomization,randomization
3062,randomized algorithm,randomized algorithm
3063,randomized smoothing,randomized smoothing
3064,range query,range query
3065,rank,rank
3066,rank-one update,rank-one update
3067,ranking algorithm,ranking algorithm
3068,ranking function,ranking function
3069,reachable state,reachable state
3070,reading comprehension,Reading Comprehension
3071,readout function,readout function
3072,recall,recall
3073,receiver operating characteristic curve,Receiver Operating Characteristic Curve
3074,receptive field,receptive field
3075,recognition,recognition
3076,recognition model,recognition model
3077,recommendation algorithm,recommendation algorithm
3078,recommendation model,recommendation model
3079,recommendation system,recommendation system
3080,recommender,recommender
3081,recommender system,recommender system
3082,reconstruction algorithm,reconstruction algorithm
3083,reconstruction error,reconstruction error
3084,reconstruction loss,reconstruction loss
3085,recovery algorithm,recovery algorithm
3086,recurrent,recurrent
3087,recurrent architecture,recurrent architecture
3088,recurrent autoencoder,recurrent autoencoder
3089,recurrent connection,recurrent connection
3090,recurrent dynamic,recurrent dynamic
3091,recurrent layer,Recurrent layer
3092,recurrent model,recurrent model
3093,recurrent network,recurrent network
3094,recurrent state,recurrent state
3095,recursion,recursion
3096,recursive call,recursive call
3097,recursive neural model,recursive neural model
3098,recursive neural network,recursive neural network
3099,reference distribution,reference distribution
3100,reference resolution,reference resolution
3101,reference text,reference text
3102,refinement network,refinement network
3103,regression,regression
3104,regression analysis,regression analysis
3105,regression coefficient,regression coefficient
3106,regression function,regression function
3107,regression model,regression model
3108,regression problem,regression problem
3109,regression task,regression task
3110,regression tree,regression tree
3111,regressor,Regressor
3112,regret matching,regret matching
3113,regret minimization,regret minimization
3114,regret minimization algorithm,regret minimization algorithm
3115,regret minimizer,regret minimizer
3116,regular expression,regular expression
3117,regularisation,regularisation
3118,regularization,regularization
3119,regularization constant,regularization constant
3120,regularization function,regularization function
3121,regularization loss,regularization loss
3122,regularization parameter,regularization parameter
3123,regularization path,regularization path
3124,regularization penalty,regularization penalty
3125,regularization strength,regularization strength
3126,regularization term,regularization term
3127,regularization weight,regularization weight
3128,regularizer,regularizer
3129,reinforcement learning algorithm,reinforcement learning algorithm
3130,rejection sampling,rejection sampling
3131,relation extraction,relation extraction
3132,relation type,relation type
3133,relational tuple,relational tuple
3134,relative entropy,relative entropy
3135,relative positional embedding,relative positional embedding
3136,relevance score,relevance score
3137,renormalization,renormalization
3138,reparameterization,reparameterization
3139,reparameterization trick,reparameterization trick
3140,replay buffer,replay buffer
3141,replay memory,replay memory
3142,representation learning,representation learning
3143,representation matrix,representation matrix
3144,representation space,representation space
3145,representation vector,representation vector
3146,representer theorem,representer theorem
3147,reprojection,reprojection
3148,reprojection error,reprojection error
3149,reranker,reranker
3150,reranking model,reranking model
3151,reranking parser,reranking parser
3152,reservoir sampling,reservoir sampling
3153,residual block,residual block
3154,residual branch,residual branch
3155,residual connection,residual connection
3156,residual error,residual error
3157,residual function,residual function
3158,residual graph,residual graph
3159,residual learning,residual learning
3160,residual network,residual network
3161,restricted isometry property,restricted isometry property
3162,retrieval,retrieval
3163,retrieval function,retrieval function
3164,retrieval method,retrieval method
3165,retrieval model,retrieval model
3166,retrieval system,retrieval system
3167,reverse-mode,reverse-mode
3168,reward,reward
3169,reward function,reward function
3170,reward model,reward model
3171,reward shaping,reward shaping
3172,reward signal,reward signal
3173,rhetorical structure theory,Rhetorical Structure Theory
3174,ridge regression,ridge regression
3175,ridge regularization,ridge regularization
3176,riemannian geometry,Riemannian geometry
3177,riemannian gradient,Riemannian gradient
3178,riemannian manifold,Riemannian manifold
3179,right-to-left model,right-to-left model
3180,rigid body transformation,rigid body transformation
3181,rigid transformation,rigid transformation
3182,risk minimization,risk minimization
3183,roberta-large,roberta-large
3184,robotic,robotic
3185,robust optimization,robust optimization
3186,robust risk,robust risk
3187,robustness,robustness
3188,role assertion,role assertion
3189,role atom,role atom
3190,role classification,role classification
3191,role name,role name
3192,roll-out policy,roll-out policy
3193,rollout,rollout
3194,rollout length,rollout length
3195,root mean square error,root mean square error
3196,root node,root node
3197,rotation angle,rotation angle
3198,rotation invariance,rotation invariance
3199,rotation matrix,rotation matrix
3200,row vector,row vector
3201,rule body,rule body
3202,runtime complexity,runtime complexity
3203,s node,S node
3204,saddle-point problem,saddle-point problem
3205,saliency,saliency
3206,saliency map,saliency map
3207,sample complexity,sample complexity
3208,sample covariance matrix,sample covariance matrix
3209,sample efficiency,sample efficiency
3210,sample selection,sample selection
3211,sample space,sample space
3212,sample variance,sample variance
3213,sample-efficient,sample-efficient
3214,sampler,sampler
3215,sampling algorithm,sampling algorithm
3216,satisfiability,satisfiability
3217,satisfiability problem,satisfiability problem
3218,scalability,scalability
3219,scalar,scalar
3220,scalar product,scalar product
3221,scalarization,scalarization
3222,scale invariance,scale invariance
3223,scale parameter,scale parameter
3224,scaled dot-product,scaled dot-product
3225,scene category,scene category
3226,scene classification,scene classification
3227,scene classifier,scene classifier
3228,scene flow,scene flow
3229,scene flow estimation,scene flow estimation
3230,scene geometry,scene geometry
3231,scene graph,scene graph
3232,scene parsing,scene parsing
3233,scene recognition,scene recognition
3234,scene reconstruction,scene reconstruction
3235,scene representation,scene representation
3236,scene understanding,scene understanding
3237,scheduler,scheduler
3238,schema item,schema item
3239,score function,score function
3240,score matching,score matching
3241,score vector,score vector
3242,scoring function,scoring function
3243,search algorithm,search algorithm
3244,search problem,search problem
3245,search procedure,search procedure
3246,search space,search space
3247,search tree,search tree
3248,second order,second order
3249,second order statistic,second order statistic
3250,second-order optimization,second-order optimization
3251,second-order potential,second-order potential
3252,segmentation,segmentation
3253,segmentation algorithm,segmentation algorithm
3254,segmentation map,segmentation map
3255,segmentation mask,segmentation mask
3256,selection bias,selection bias
3257,selectional preference,selectional preference
3258,self-attention,self-attention
3259,self-attention head,self-attention head
3260,self-attention layer,self-attention layer
3261,self-attention matrix,self-attention matrix
3262,self-attention mechanism,self-attention mechanism
3263,self-attention model,self-attention model
3264,self-attention module,self-attention module
3265,self-learning,self-learning
3266,self-loop,self-loop
3267,self-play,self-play
3268,self-supervision,self-supervision
3269,self-training,self-training
3270,semantic alignment,semantic alignment
3271,semantic analysis,semantic analysis
3272,semantic annotation,semantic annotation
3273,semantic category,semantic category
3274,semantic class,semantic class
3275,semantic constraint,semantic constraint
3276,semantic distance,semantic distance
3277,semantic encoder,semantic encoder
3278,semantic equivalence,semantic equivalence
3279,semantic feature,semantic feature
3280,semantic graph,semantic graph
3281,semantic information,semantic information
3282,semantic interpretation,semantic interpretation
3283,semantic label,semantic label
3284,semantic memory,semantic memory
3285,semantic model,semantic model
3286,semantic network,semantic network
3287,semantic object,semantic object
3288,semantic operator,semantic operator
3289,semantic parse,semantic parse
3290,semantic parser,semantic parser
3291,semantic priming,semantic priming
3292,semantic relation,semantic relation
3293,semantic representation,semantic representation
3294,semantic role,semantic role
3295,semantic role label,semantic role label
3296,semantic search,semantic search
3297,semantic segmentation,semantic segmentation
3298,semantic similarity,semantic similarity
3299,semantic similarity measure,semantic similarity measure
3300,semantic space,semantic space
3301,semantic structure,semantic structure
3302,semantic symbol,semantic symbol
3303,semantic textual similarity,semantic textual similarity
3304,semantic unit,semantic unit
3305,semantic vector,semantic vector
3306,semantic vector space,semantic vector space
3307,semi-definite programming,semi-definite programming
3308,semi-supervised clustering,semi-supervised clustering
3309,semi-supervised learning,semi-supervised learning
3310,semi-supervision,semi-supervision
3311,semidefinite program,semidefinite program
3312,sense disambiguation,sense disambiguation
3313,sensitive attribute,sensitive attribute
3314,sensitivity analysis,sensitivity analysis
3315,sentence classification,sentence classification
3316,sentence compression,sentence compression
3317,sentence embedding,sentence embedding
3318,sentence encoder,sentence encoder
3319,sentence representation,sentence representation
3320,sentence segmentation,sentence segmentation
3321,sentence vector,sentence vector
3322,sentence-level,sentence-level
3323,sentence-level classification,sentence-level classification
3324,sentence-level representation,sentence-level representation
3325,sentence-piece,Sentence-Piece
3326,sentiment analysis,sentiment analysis
3327,sentiment analysis model,sentiment analysis model
3328,sentiment classification,sentiment classification
3329,sentiment classifier,sentiment classifier
3330,sentiment detection,sentiment detection
3331,sentiment transfer,sentiment transfer
3332,separation oracle,separation oracle
3333,separation parameter,separation parameter
3334,separator token,separator token
3335,seq2seq model,seq2seq model
3336,sequence alignment,sequence alignment
3337,sequence classification,sequence classification
3338,sequence database,sequence database
3339,sequence generation,sequence generation
3340,sequence labeling,sequence labeling
3341,sequence labeling model,sequence labeling model
3342,sequence length,sequence length
3343,sequence model,sequence model
3344,sequence prediction,sequence prediction
3345,sequence tagging,sequence tagging
3346,sequence transduction,sequence transduction
3347,sequence-to-sequence,sequence-to-sequence
3348,sequence-to-sequence architecture,sequence-to-sequence architecture
3349,sequence-to-sequence generation,sequence-to-sequence generation
3350,sequence-to-sequence model,sequence-to-sequence model
3351,sequence-to-sequence transduction,sequence-to-sequence transduction
3352,sequential datum,sequential datum
3353,sequential decision making,sequential decision making
3354,sequential decision-making process,sequential decision-making process
3355,sequential sampler,sequential sampler
3356,sequential tagging,sequential tagging
3357,set cover problem,set cover problem
3358,set function,set function
3359,shallow network,shallow network
3360,shape matching,shape matching
3361,shape prior,shape prior
3362,shift invariant,shift invariant
3363,shift reduce parser,shift reduce parser
3364,siamese architecture,Siamese architecture
3365,siamese network,Siamese network
3366,sibling model,sibling model
3367,sigmoid,sigmoid
3368,sigmoid activation,sigmoid activation
3369,sigmoid activation function,sigmoid activation function
3370,sigmoid function,sigmoid function
3371,signal-to-noise ratio,signal-to-noise ratio
3372,sim,sim
3373,similarity function,similarity function
3374,similarity graph,similarity graph
3375,similarity matrix,similarity matrix
3376,similarity measure,similarity measure
3377,similarity metric,similarity metric
3378,similarity score,similarity score
3379,similarity search,similarity search
3380,simplicial complex,simplicial complex
3381,simulated annealing,simulated annealing
3382,single task learning,single task learning
3383,single-label classification,single-label classification
3384,single-view data,single-view data
3385,singleton,singleton
3386,singular value,singular value
3387,singular value decomposition,singular value decomposition
3388,singular vector,singular vector
3389,skip connection,skip connection
3390,skip-gram,skip-gram
3391,skip-gram model,skip-gram model
3392,slack variable,slack variable
3393,slot,slot
3394,slot filling,slot filling
3395,slot value,slot value
3396,slot-value pair,slot-value pair
3397,smoothing parameter,smoothing parameter
3398,smoothness term,smoothness term
3399,social bias,social bias
3400,social network analysis,social network analysis
3401,soft margin,soft margin
3402,softmax activation,softmax activation
3403,softmax activation function,softmax activation function
3404,softmax classifier,softmax classifier
3405,softmax distribution,softmax distribution
3406,softmax function,softmax function
3407,softmax layer,Softmax layer
3408,softmax loss,softmax loss
3409,softplus,softplus
3410,softplus activation,softplus activation
3411,softplus function,softplus function
3412,solution space,solution space
3413,solver,solver
3414,source domain,source domain
3415,source model,source model
3416,source node,source node
3417,source sequence,source sequence
3418,source token,source token
3419,source word,source word
3420,space carving,space carving
3421,space complexity,space complexity
3422,space partitioning,space partitioning
3423,spam detection,spam detection
3424,spam filtering,spam filtering
3425,span,span
3426,sparse,sparse
3427,sparse approximation,sparse approximation
3428,sparse attention,sparse attention
3429,sparse attention pattern,sparse attention pattern
3430,sparse graph,sparse graph
3431,sparse matrix,sparse matrix
3432,sparse model,sparse model
3433,sparse reconstruction,Sparse reconstruction
3434,sparse recovery,sparse recovery
3435,sparse representation,sparse representation
3436,sparse sampling,sparse sampling
3437,sparse vector,sparse vector
3438,sparsification,sparsification
3439,sparsity,sparsity
3440,sparsity level,sparsity level
3441,sparsity regularization,sparsity regularization
3442,spatial domain,spatial domain
3443,spatial gradient,spatial gradient
3444,spatial pooling,spatial pooling
3445,spatial pyramid,spatial pyramid
3446,spearman correlation,Spearman correlation
3447,spearman rank correlation,Spearman rank correlation
3448,special token,special token
3449,spectral algorithm,spectral algorithm
3450,spectral clustering,spectral clustering
3451,spectral decomposition,spectral decomposition
3452,spectral embedding,spectral embedding
3453,spectral gap,spectral gap
3454,spectral learning,spectral learning
3455,spectral matching,spectral matching
3456,spectral method,spectral method
3457,spectral norm,spectral norm
3458,spectral property,spectral property
3459,spectrogram,spectrogram
3460,speech recognition,speech recognition
3461,speech recognizer,speech recognizer
3462,speech synthesis model,speech synthesis model
3463,speech synthesizer,speech synthesizer
3464,spurious correlation,spurious correlation
3465,squared error loss,squared error loss
3466,stable model,stable model
3467,stable model semantic,stable model semantic
3468,stance detection,stance detection
3469,standard normal distribution,standard normal distribution
3470,start token,start token
3471,state,state
3472,state action pair,state action pair
3473,state distribution,state distribution
3474,state estimation,state estimation
3475,state machine,state machine
3476,state matrix,state matrix
3477,state of the art algorithm,state of the art algorithm
3478,state representation,state representation
3479,state sequence,state sequence
3480,state space,state space
3481,state trajectory,state trajectory
3482,state transition,state transition
3483,state transition function,state transition function
3484,state transition matrix,state transition matrix
3485,state transition model,state transition model
3486,state transition probability,state transition probability
3487,state value function,state value function
3488,state variable,state variable
3489,state vector,state vector
3490,state-action distribution,state-action distribution
3491,state-action space,state-action space
3492,state-action value,state-action value
3493,state-action value function,state-action value function
3494,state-of-the-art,State-of-the-art
3495,state-of-the-art baseline,state-of-the-art baseline
3496,state-of-the-art method,state-of-the-art method
3497,state-of-the-art model,state-of-the-art model
3498,state-of-the-art system,state-of-the-art system
3499,static analysis,static analysis
3500,stationarity,stationarity
3501,stationary distribution,stationary distribution
3502,stationary kernel,stationary kernel
3503,stationary policy,stationary policy
3504,statistical analysis,statistical analysis
3505,statistical independence,statistical independence
3506,statistical learning,statistical learning
3507,statistical learning algorithm,statistical learning algorithm
3508,statistical learning theory,statistical learning theory
3509,statistical machine translation,Statistical Machine Translation
3510,statistical machine translation system,statistical machine translation system
3511,statistical measure,statistical measure
3512,statistical model,statistical model
3513,statistical translation model,statistical translation model
3514,steerable filter,steerable filter
3515,stemmer,stemmer
3516,stereo algorithm,stereo algorithm
3517,stereo benchmark,stereo benchmark
3518,stereo disparity,stereo disparity
3519,stereo image,stereo image
3520,stereo matching,stereo matching
3521,stereo pair,stereo pair
3522,stereo reconstruction,stereo reconstruction
3523,stereo vision,stereo vision
3524,stochastic algorithm,stochastic algorithm
3525,stochastic approximation,stochastic approximation
3526,stochastic depth,stochastic depth
3527,stochastic differential equation,stochastic differential equation
3528,stochastic dynamic,stochastic dynamic
3529,stochastic environment,stochastic environment
3530,stochastic game,stochastic game
3531,stochastic gradient,stochastic gradient
3532,stochastic gradient algorithm,stochastic gradient algorithm
3533,stochastic gradient ascent,stochastic gradient ascent
3534,stochastic gradient descent,stochastic gradient descent
3535,stochastic gradient method,stochastic gradient method
3536,stochastic grammar,stochastic grammar
3537,stochastic matrix,stochastic matrix
3538,stochastic model,stochastic model
3539,stochastic objective,stochastic objective
3540,stochastic optimization,stochastic optimization
3541,stochastic policy,stochastic policy
3542,stochastic process,stochastic process
3543,stochastic sampling,stochastic sampling
3544,stochastic search algorithm,stochastic search algorithm
3545,stochastic subgradient descent,stochastic subgradient descent
3546,stochastic transition matrix,stochastic transition matrix
3547,stochastic variational inference,stochastic variational inference
3548,stochasticity,stochasticity
3549,stop word,stop word
3550,stop-gradient,stop-gradient
3551,stop-gradient operation,stop-gradient operation
3552,stopping condition,stopping condition
3553,stopping criterion,stopping criterion
3554,story cloze test,Story Cloze Test
3555,stratified sampling,stratified sampling
3556,streaming algorithm,streaming algorithm
3557,streaming datum,streaming datum
3558,streaming model,streaming model
3559,stride,stride
3560,string kernel metric,string kernel metric
3561,structural learning,structural learning
3562,structural risk minimization,structural risk minimization
3563,structure from motion,Structure from motion
3564,structure learning,structure learning
3565,structured datum,structured datum
3566,structured output,structured output
3567,structured perceptron,structured perceptron
3568,structured prediction,structured prediction
3569,structured prediction model,structured prediction model
3570,structured prediction problem,structured prediction problem
3571,structured support vector machine,structured support vector machine
3572,student model,student model
3573,style transfer,style transfer
3574,sub-gradient,sub-gradient
3575,sub-gradient descent,sub-gradient descent
3576,sub-networks,sub-networks
3577,sub-population,sub-population
3578,sub-word,sub-word
3579,sub-word tokenization,sub-word tokenization
3580,subgame,subgame
3581,subgradient method,subgradient method
3582,subgraph isomorphism,subgraph isomorphism
3583,subgraph selection,subgraph selection
3584,submatrice,submatrice
3585,submatrix,submatrix
3586,submodular,submodular
3587,submodular function,submodular function
3588,submodular function optimization,submodular function optimization
3589,submodular influence function,submodular influence function
3590,submodular optimization,submodular optimization
3591,submodular polyhedron,submodular polyhedron
3592,submodular set function,submodular set function
3593,submodularity,Submodularity
3594,subnetwork,subnetwork
3595,suboptimal,suboptimal
3596,subpixel,subpixel
3597,subsample,subsample
3598,subsampling factor,subsampling factor
3599,subspace learning,subspace learning
3600,subspace method,subspace method
3601,subspace projection,subspace projection
3602,substitution,substitution
3603,subsumption,subsumption
3604,subsumption relation,subsumption relation
3605,subtree,subtree
3606,subwindow,subwindow
3607,subword token,subword token
3608,subword unit,subword unit
3609,successor function,successor function
3610,successor state,successor state
3611,successor state axiom,successor state axiom
3612,sufficient statistic,sufficient statistic
3613,suffix tree,suffix tree
3614,summarization,summarization
3615,summarization algorithm,summarization algorithm
3616,summarization model,summarization model
3617,summarization system,summarization system
3618,super-pixel,super-pixel
3619,super-resolution,super-resolution
3620,supergradient,supergradient
3621,supertag,supertag
3622,support,support
3623,support set,support set
3624,support threshold,support threshold
3625,support vector,support vector
3626,surface normal,surface normal
3627,surface normal estimator,surface normal estimator
3628,surface normal prediction,surface normal prediction
3629,surface realization,surface realization
3630,surrogate,surrogate
3631,surrogate function,surrogate function
3632,surrogate loss,surrogate loss
3633,surrogate loss function,surrogate loss function
3634,surrogate model,surrogate model
3635,symbol grounding problem,symbol grounding problem
3636,symbolic representation,symbolic representation
3637,symmetric matrix,symmetric matrix
3638,symmetric positive semidefinite matrix,symmetric positive semidefinite matrix
3639,symmetrization,symmetrization
3640,synchronous context-free grammar,synchronous context-free grammar
3641,synonymy,synonymy
3642,synset,synset
3643,syntactic analysis,syntactic analysis
3644,syntactic category,syntactic category
3645,syntactic constraint,syntactic constraint
3646,syntactic dependency,syntactic dependency
3647,syntactic dependency parsing,syntactic dependency parsing
3648,syntactic dependency tree,syntactic dependency tree
3649,syntactic feature,syntactic feature
3650,syntactic information,syntactic information
3651,syntactic parse,syntactic parse
3652,syntactic parser,syntactic parser
3653,syntactic regularity,syntactic regularity
3654,syntactic representation,syntactic representation
3655,syntactic similarity,syntactic similarity
3656,syntactic structure,syntactic structure
3657,syntactic tree,syntactic tree
3658,syntax tree,syntax tree
3659,synthetic dataset,synthetic dataset
3660,system identification,system identification
3661,t-test,t-test
3662,t5 model,T5 model
3663,t5-base,T5-base
3664,t5-base model,T5-base model
3665,t5-large model,T5-large model
3666,tag recommendation,tag recommendation
3667,tag sequence,tag sequence
3668,tagger,tagger
3669,tagset,tagset
3670,tail entity,tail entity
3671,tangent space,tangent space
3672,tanh activation function,tanh activation function
3673,target,target
3674,target classifier,target classifier
3675,target distribution,target distribution
3676,target domain,target domain
3677,target function,target function
3678,target instance,target instance
3679,target model,target model
3680,target network,target network
3681,target node,target node
3682,target policy,target policy
3683,target sentence,target sentence
3684,target sequence,target sequence
3685,target task,target task
3686,target token,target token
3687,target variable,target variable
3688,target vector,target vector
3689,target vocabulary,target vocabulary
3690,target word,target word
3691,target-to-source model,target-to-source model
3692,task adaptation,task adaptation
3693,task model,task model
3694,task-specific model,task-specific model
3695,taxonomy,taxonomy
3696,teacher forcing,teacher forcing
3697,teacher network,teacher network
3698,temperature parameter,temperature parameter
3699,temperature scaling,temperature scaling
3700,template,template
3701,template model,template model
3702,template-matching,template-matching
3703,temporal derivative,temporal derivative
3704,temporal difference,temporal difference
3705,temporal difference learning,temporal difference learning
3706,temporal drift,temporal drift
3707,temporal fusion,temporal fusion
3708,temporal locality,temporal locality
3709,temporal logic,temporal logic
3710,temporal reasoning,temporal reasoning
3711,temporal variable,temporal variable
3712,tensor,tensor
3713,tensor decomposition,tensor decomposition
3714,tensor factorization,tensor factorization
3715,tensor field,tensor field
3716,tensor product,tensor product
3717,term frequency,term frequency
3718,terminal node,terminal node
3719,terminal state,terminal state
3720,termination condition,termination condition
3721,termination criterion,termination criterion
3722,test accuracy,test accuracy
3723,test dataset,test dataset
3724,test datum,test datum
3725,test domain,test domain
3726,test error,test error
3727,test loss,test loss
3728,test set,test set
3729,test split,test split
3730,test time,test time
3731,testing set,testing set
3732,text categorization,text categorization
3733,text classification,Text Classification
3734,text corpus,text corpus
3735,text embedding,text embedding
3736,text encoder,text encoder
3737,text generation,text generation
3738,text generation model,text generation model
3739,text mining,text mining
3740,text segmentation,text segmentation
3741,text simplification,text simplification
3742,text summarization,Text Summarization
3743,text-davinci-002,text-davinci-002
3744,text-davinci-003,text-davinci-003
3745,text-to-image diffusion model,text-to-image diffusion model
3746,text-to-image generation,text-to-image generation
3747,text-to-image model,text-to-image model
3748,text-to-image synthesis,text-to-image synthesis
3749,text-to-text transfer transformer,Text-to-Text Transfer Transformer
3750,textual entailment,textual entailment
3751,tf-idf,tf-idf
3752,threat model,threat model
3753,threshold,threshold
3754,threshold function,threshold function
3755,threshold parameter,threshold parameter
3756,threshold policy,threshold policy
3757,time complexity,time complexity
3758,time series,time series
3759,time series analysis,time series analysis
3760,time series forecasting,time series forecasting
3761,time step,time step
3762,time-series datum,time-series datum
3763,time-series model,time-series model
3764,time/space complexity,time/space complexity
3765,token classification,token classification
3766,token embedding,token embedding
3767,token frequency,token frequency
3768,token length,token length
3769,token representation,token representation
3770,token sequence,token sequence
3771,token space,token space
3772,token vector,token vector
3773,token vocabulary,token vocabulary
3774,token-level,token-level
3775,token-level attention,token-level attention
3776,token-level feature,token-level feature
3777,tokenisation,tokenisation
3778,tokenization,tokenization
3779,tokenization scheme,tokenization scheme
3780,tokenizer,tokenizer
3781,top-1 accuracy,top-1 accuracy
3782,top-down segmentation,top-down segmentation
3783,top-k,top-k
3784,top-k sampling,top-k sampling
3785,top-p sampling,top-p sampling
3786,topic assignment,topic assignment
3787,topic classification,topic classification
3788,topic detection and tracking,Topic Detection and Tracking
3789,topic distribution,topic distribution
3790,topic model,topic model
3791,topic proportion,topic proportion
3792,topic weight,topic weight
3793,total variation,total variation
3794,total variation distance,total variation distance
3795,toxicity detection,toxicity detection
3796,trace norm,trace norm
3797,tracking algorithm,tracking algorithm
3798,train,train
3799,train / test / dev split,train / test / dev split
3800,train set,train set
3801,train-test split,train-test split
3802,train/test,train/test
3803,trainable parameter,trainable parameter
3804,trainable weight,trainable weight
3805,training accuracy,training accuracy
3806,training algorithm,training algorithm
3807,training batch,training batch
3808,training corpora,training corpora
3809,training corpus,training corpus
3810,training dataset,training dataset
3811,training datum,training datum
3812,training distribution,training distribution
3813,training dynamic,training dynamic
3814,training epoch,training epoch
3815,training error,training error
3816,training example,training example
3817,training loss,training loss
3818,training objective,training objective
3819,training phase,training phase
3820,training procedure,training procedure
3821,training process,training process
3822,training sample,training sample
3823,training set,training set
3824,training stability,training stability
3825,training step,training step
3826,training task,training task
3827,training time,training time
3828,training token,training token
3829,trajectory forecasting,trajectory forecasting
3830,trajectory optimization,trajectory optimization
3831,transaction database,transaction database
3832,transductive learning,transductive learning
3833,transfer function,transfer function
3834,transfer learning,transfer learning
3835,transformation function,transformation function
3836,transformation matrix,transformation matrix
3837,transformer architecture,Transformer architecture
3838,transformer block,Transformer block
3839,transformer decoder,Transformer decoder
3840,transformer encoder,Transformer encoder
3841,transformer language model,transformer language model
3842,transformer layer,transformer layer
3843,transformer model,transformer model
3844,transformer variant,transformer variant
3845,transformer-like,Transformer-like
3846,transition distribution,transition distribution
3847,transition dynamic,transition dynamic
3848,transition function,transition function
3849,transition graph,transition graph
3850,transition kernel,transition kernel
3851,transition matrix,transition matrix
3852,transition model,transition model
3853,transition probability,transition probability
3854,transition probability model,transition probability model
3855,transition system,transition system
3856,transitive closure,transitive closure
3857,transitive relation,transitive relation
3858,translation invariance,translation invariance
3859,translation model,translation model
3860,translation system,translation system
3861,translation vector,translation vector
3862,transliteration,transliteration
3863,transpose,transpose
3864,transposition table,transposition table
3865,tree data structure,tree data structure
3866,tree decomposition,tree decomposition
3867,tree depth,tree depth
3868,tree ensemble,tree ensemble
3869,tree search,tree search
3870,tree structure,tree structure
3871,tree width,tree width
3872,treebank annotation,treebank annotation
3873,tri-gram,tri-gram
3874,triangle inequality,triangle inequality
3875,trifocal tensor,trifocal tensor
3876,trigram language model,trigram language model
3877,trigram model,trigram model
3878,trilinear interpolation,trilinear interpolation
3879,trimap,trimap
3880,triple,triple
3881,triplet,triplet
3882,triplet loss,triplet loss
3883,true positive rate,true positive rate
3884,truth assignment,truth assignment
3885,tuple,tuple
3886,tuplex,tuplex
3887,turing reduction,Turing reduction
3888,turing test,Turing test
3889,two-class classification,two-class classification
3890,two-player zero-sum game,two-player zero-sum game
3891,type embedding,type embedding
3892,u-statistic,U-statistic
3893,unary atom,unary atom
3894,unary constraint,unary constraint
3895,unary feature,unary feature
3896,unary potential,unary potential
3897,unary predicate,unary predicate
3898,unary production,unary production
3899,unbiased estimate,unbiased estimate
3900,unbiased estimator,unbiased estimator
3901,uncertainty,uncertainty
3902,uncertainty measure,uncertainty measure
3903,uncertainty modeling,uncertainty modeling
3904,uncertainty sampling,uncertainty sampling
3905,undirected graph,undirected graph
3906,undirected graphical model,undirected graphical model
3907,uniform convergence,uniform convergence
3908,uniform distribution,uniform distribution
3909,uniform information density hypothesis,uniform information density hypothesis
3910,uniform sampling,uniform sampling
3911,unigram distribution,unigram distribution
3912,unigram language model,unigram language model
3913,unigram model,unigram model
3914,union of conjunctive query,union of conjunctive query
3915,unit propagation,unit propagation
3916,unit sphere,unit sphere
3917,universal approximation,universal approximation
3918,universal approximator,universal approximator
3919,universal model,universal model
3920,unlabeled datum,unlabeled datum
3921,unlexicalized grammar,unlexicalized grammar
3922,unnormalized probability,unnormalized probability
3923,unsolvability,unsolvability
3924,unsupervised algorithm,unsupervised algorithm
3925,unsupervised approach,unsupervised approach
3926,unsupervised classification,unsupervised classification
3927,unsupervised clustering,unsupervised clustering
3928,unsupervised datum,unsupervised datum
3929,unsupervised discovery,unsupervised discovery
3930,unsupervised disentanglement,unsupervised disentanglement
3931,unsupervised domain adaptation,unsupervised domain adaptation
3932,unsupervised feature learning,unsupervised feature learning
3933,unsupervised image segmentation,unsupervised image segmentation
3934,unsupervised learning,unsupervised learning
3935,unsupervised method,unsupervised method
3936,unsupervised model,unsupervised model
3937,unsupervised morphological segmentation,unsupervised morphological segmentation
3938,unsupervised parsing,unsupervised parsing
3939,unsupervised pre-training,unsupervised pre-training
3940,unsupervised representation,unsupervised representation
3941,unsupervised representation learning,unsupervised representation learning
3942,unsupervised segmentation,unsupervised segmentation
3943,unsupervised system,unsupervised system
3944,unsupervised word clustering,unsupervised word clustering
3945,unweighted graph,unweighted graph
3946,update function,update function
3947,update rule,update rule
3948,user embedding,user embedding
3949,user utterance,user utterance
3950,user-item matrix,user-item matrix
3951,utility,utility
3952,utility function,utility function
3953,utterance encoder,utterance encoder
3954,validation,validation
3955,validation accuracy,validation accuracy
3956,validation dataset,validation dataset
3957,validation datum,validation datum
3958,validation loss,validation loss
3959,validation performance,validation performance
3960,validation set,validation set
3961,validation split,validation split
3962,value estimate,value estimate
3963,value function,value function
3964,value function approximation,value function approximation
3965,value iteration,value iteration
3966,value iteration algorithm,value iteration algorithm
3967,value network,value network
3968,vanishing gradient,vanishing gradient
3969,vanishing gradient problem,vanishing gradient problem
3970,variable assignment,variable assignment
3971,variable selection,variable selection
3972,variance reduction,variance reduction
3973,variance regularization,variance regularization
3974,variational approach,variational approach
3975,variational approximation,variational approximation
3976,variational autoencoder,variational autoencoder
3977,variational distribution,variational distribution
3978,variational formulation,variational formulation
3979,variational framework,variational framework
3980,variational inference,variational inference
3981,variational method,variational method
3982,variational model,variational model
3983,variational objective,variational objective
3984,variational parameter,variational parameter
3985,variational posterior,variational posterior
3986,vector arithmetic,vector arithmetic
3987,vector concatenation,vector concatenation
3988,vector embedding,vector embedding
3989,vector field,vector field
3990,vector graphic,vector graphic
3991,vector normalization,vector normalization
3992,vector quantization,vector quantization
3993,vector representation,vector representation
3994,vector space,vector space
3995,vector space embedding,vector space embedding
3996,vector space model,vector space model
3997,vector space representation,vector space representation
3998,vector-valued function,vector-valued function
3999,vectorization,vectorization
4000,vectorization operator,vectorization operator
4001,vectorize,vectorize
4002,verbalizer,verbalizer
4003,vertex label,vertex label
4004,vertex set,vertex set
4005,victim model,victim model
4006,view synthesis,view synthesis
4007,virtual camera,virtual camera
4008,vision model,vision model
4009,vision system,vision system
4010,vision-language model,vision-language model
4011,visual attention,visual attention
4012,visual attribute,visual attribute
4013,visual context,visual context
4014,visual cortex,visual cortex
4015,visual feature,visual feature
4016,visual grounding,visual grounding
4017,visual hull,visual hull
4018,visual localization,visual localization
4019,visual odometry,visual odometry
4020,visual question answering,Visual Question Answering
4021,visual recognition system,visual recognition system
4022,viterbi decoding,Viterbi decoding
4023,vocabulary,vocabulary
4024,vocabulary size,vocabulary size
4025,vocoder,vocoder
4026,volume rendering,volume rendering
4027,voting rule,voting rule
4028,voxel,voxel
4029,voxel grid,voxel grid
4030,voxel grid representation,voxel grid representation
4031,voxel occupancy,voxel occupancy
4032,voxel representation,voxel representation
4033,warp function,warp function
4034,wav2vec,wav2vec
4035,wavelet,wavelet
4036,wavelet transform,wavelet transform
4037,weak classifier,weak classifier
4038,weak learner,weak learner
4039,weak learning,weak learning
4040,weak learning assumption,weak learning assumption
4041,weak supervision,weak supervision
4042,web graph,web graph
4043,weight,weight
4044,weight decay,weight decay
4045,weight initialization,weight initialization
4046,weight matrix,weight matrix
4047,weight parameter,weight parameter
4048,weight regularization,weight regularization
4049,weight tensor,weight tensor
4050,weight update,weight update
4051,weight vector,weight vector
4052,weight-sharing,weight-sharing
4053,weighted adjacency matrix,weighted adjacency matrix
4054,weighting function,weighting function
4055,white-box,white-box
4056,white-box attack,white-box attack
4057,window size,window size
4058,within-class variance,within-class variance
4059,word alignment,word alignment
4060,word dropout,word dropout
4061,word embedding,word embedding
4062,word embedding model,word embedding model
4063,word mover's distance,Word Mover's Distance
4064,word representation,word representation
4065,word segmentation,word segmentation
4066,word sense disambiguation,word sense disambiguation
4067,word similarity,word similarity
4068,word surprisal,word surprisal
4069,word token,word token
4070,word vector,word vector
4071,word vector representation,word vector representation
4072,word-level,word-level
4073,word-level vocabulary,word-level vocabulary
4074,word2vec embedding,word2vec embedding
4075,world state,world state
4076,z-score,Z-score
4077,zero-one loss,zero-one loss
4078,zero-shot classification,zero-shot classification
4079,zero-shot cross-lingual setting,zero-shot cross-lingual setting
4080,zero-shot generalization,zero-shot generalization
4081,zero-shot learning,zero-shot learning
4082,zero-shot prediction,zero-shot prediction
4083,zero-shot prompting,zero-shot prompting
4084,zero-shot reasoning,zero-shot reasoning
4085,zero-shot setting,zero-shot setting
4086,zero-shot transfer,zero-shot transfer
4087,zero-shot transfer learning,zero-shot transfer learning
4088,zipf,Zipf
4089,zipf distribution,Zipf distribution
4090,zipf's law,Zipf's law
