,word,prediction_ratio,1)validated_translation_by_gpt4o,2)word>=0.5,reason,back_translations
0,3D convolutional network,"[{'word': '三维卷积网络', 'ratio': 0.6666666666666666}, {'word': '卷积网络', 'ratio': 0.1111111111111111}, {'word': '3D卷积网络', 'ratio': 0.1111111111111111}, {'word': '维卷积网络', 'ratio': 0.1111111111111111}]",3D卷积网络,三维卷积网络,"```
1. Candidate: ""3D卷积网络""
2. Explanation: ""3D卷积网络"" is the best translation candidate because it directly translates to ""3D convolutional network,"" maintaining both the dimensional aspect and the specific type of neural network architecture. This term is widely used in the AI domain to refer to networks that process three-dimensional data, such as video or volumetric data, and is semantically accurate in the context of AI and machine learning. The back translation also matches perfectly, ensuring contextual fit and clarity in both languages.
```","['Convolutional network', '3D convolutional network', '3D convolutional network', 'dimensional convolutional network']"
1,3D point cloud,"[{'word': '3D点云', 'ratio': 0.5}, {'word': '三维点云', 'ratio': 0.5}]",3D 点云,3D点云,"```
1. Candidate: 3D 点云
2. Explanation: The candidate ""3D 点云"" is the best fit because it maintains the original English term ""3D"" which is commonly used in the AI and computer vision fields, ensuring clarity and consistency with international terminology. The term ""点云"" accurately translates to ""point cloud,"" which is a standard term in the context of 3D data representation. This candidate also has a perfect back translation, indicating semantic accuracy and contextual fit in both languages.
```","['3D point cloud', '3D point cloud', '3D point cloud']"
2,Canny edge detector,"[{'word': 'Canny边缘检测器', 'ratio': 0.5555555555555556}, {'word': 'Canny 边缘检测器', 'ratio': 0.2222222222222222}, {'word': '卡尼边缘检测器', 'ratio': 0.2222222222222222}]",Canny 边缘检测器,Canny边缘检测器,"```
1. Candidate: Canny 边缘检测器
2. Explanation: The candidate ""Canny 边缘检测器"" is the best fit because it retains the original name ""Canny"" in English, which is a standard practice in the AI domain for well-known algorithms and techniques. This ensures that the term is easily recognizable to Chinese-speaking professionals familiar with AI and computer vision. The term ""边缘检测器"" accurately translates to ""edge detector,"" maintaining the semantic meaning of the original term. The back translation also confirms the accuracy, as it returns to ""Canny edge detector,"" indicating a precise contextual fit.
```","['Canny edge detector', 'carney edge detector', 'Canny edge detector']"
3,Dirichlet prior,"[{'word': '狄利克雷先验', 'ratio': 0.7777777777777778}, {'word': 'Dirichlet 先验', 'ratio': 0.1111111111111111}, {'word': 'Dirichlet先验', 'ratio': 0.1111111111111111}]",Dirichlet先验,狄利克雷先验,"```
1. Candidate: Dirichlet先验
2. Explanation: ""Dirichlet先验"" is the best translation candidate because it maintains the original technical term ""Dirichlet"" in English, which is crucial for preserving the specific meaning and recognition in the AI and statistical communities. The term ""先验"" accurately translates to ""prior,"" which is a well-understood concept in Bayesian statistics and machine learning. This combination ensures semantic accuracy and contextual fit, as it aligns with the domain-specific usage where the term ""Dirichlet prior"" is commonly used without translation of ""Dirichlet"" to maintain clarity and precision in technical discussions.
```","['Dirichlet prior', 'Dirichlet prior', 'Dirichlet prior']"
4,Discriminator,"[{'word': '判别器', 'ratio': 1.0}]",鉴别器,判别器,"```
1. Candidate: 鉴别器
2. Explanation: The term ""鉴别器"" is the best fit for translating ""Discriminator"" in the context of AI, particularly in the domain of Generative Adversarial Networks (GANs). In the AI field, ""鉴别器"" is widely used to refer to the component of GANs that distinguishes between real and generated data. This term is semantically accurate and commonly accepted in Chinese AI literature, ensuring that it conveys the intended meaning effectively. The back translation to ""discriminator"" confirms its accuracy and appropriateness in the given context, where the discriminator's role is to evaluate and differentiate data, aligning with the AI domain-specific usage.
```","['discriminator', 'discriminator']"
5,Hadamard product,"[{'word': '哈达玛积', 'ratio': 0.8}, {'word': '阿达马积', 'ratio': 0.1}, {'word': '阿达玛积', 'ratio': 0.1}]",阿达玛积,哈达玛积,"```
1. Candidate: 阿达玛积
2. Explanation: The term ""Hadamard product"" refers to the elementwise product of two matrices or vectors, which is a well-established concept in linear algebra and AI-related fields. The translation ""阿达玛积"" is the most semantically accurate and contextually appropriate choice. It directly translates to ""Hadamard product"" in English, maintaining the mathematical and technical integrity of the term. The use of ""积"" (meaning ""product"") accurately conveys the operation being described, and ""阿达玛"" is a phonetic transliteration of ""Hadamard,"" which is commonly used in Chinese mathematical literature. This ensures that the term is recognizable and understandable to Chinese-speaking professionals in the AI domain.
```","['Hadama products', 'Hadamaji', 'adamaji', 'adamaji']"
6,Hamiltonian Monte Carlo,"[{'word': '哈密顿蒙特卡罗', 'ratio': 0.5}, {'word': '哈密顿蒙特卡洛', 'ratio': 0.3}, {'word': '哈密顿蒙特卡洛方法', 'ratio': 0.1}, {'word': '哈密顿蒙特卡罗方法', 'ratio': 0.1}]",哈密顿蒙特卡罗方法,哈密顿蒙特卡罗,"```
1. Candidate: 哈密顿蒙特卡罗方法
2. Explanation: The term ""Hamiltonian Monte Carlo"" refers to a specific method used in statistical inference and computational physics, which is well-known in the AI and machine learning communities. The candidate ""哈密顿蒙特卡罗方法"" translates to ""Hamiltonian Monte Carlo method,"" which accurately captures the essence of the term by explicitly indicating that it is a method. This is important for clarity in technical contexts, as it distinguishes the term from other potential uses of ""Hamiltonian"" or ""Monte Carlo"" individually. The inclusion of ""方法"" (method) ensures that the translation is semantically accurate and contextually appropriate, aligning with the domain-specific usage in AI and statistical inference.
```","['Hamilton Monte Carlo', 'Hamilton Monte Carlo', 'Hamiltonian Monte Carlo method', 'Hamiltonian Monte Carlo', 'Hamiltonian Monte Carlo method']"
7,K-means algorithm,"[{'word': 'K均值算法', 'ratio': 0.7}, {'word': 'K-均值算法', 'ratio': 0.2}, {'word': '均值算法', 'ratio': 0.1}]",K-均值算法,K均值算法,"```
1. Candidate: K-均值算法
2. Explanation: The candidate ""K-均值算法"" is the best fit because it accurately captures the meaning of ""K-means algorithm"" in the context of AI and machine learning. The term ""K-均值算法"" is widely recognized in Chinese technical literature and accurately conveys the concept of partitioning data into clusters based on the mean of the data points. The back translation to ""K-means algorithm"" confirms its semantic accuracy and contextual fit, ensuring that it is understood correctly in both languages within the AI domain.
```","['K-means algorithm', 'K-means algorithm', 'Mean algorithm']"
8,L 2 distance,"[{'word': 'L₂距离', 'ratio': 0.5}, {'word': 'L2距离', 'ratio': 0.375}, {'word': 'L2 距离', 'ratio': 0.125}]",L2 距离,L₂距离,"```
1. Candidate: L2 距离
2. Explanation: The candidate ""L2 距离"" is the best fit because it accurately represents the mathematical concept of ""L 2 distance"" in the context of AI and machine learning. The term ""L2"" is widely recognized in both English and Chinese as referring to the Euclidean distance or the standard distance metric used in various algorithms. The absence of spaces in ""L2"" aligns with common usage in mathematical and technical contexts, ensuring clarity and precision. Additionally, the back translation to ""L2 distance"" confirms its semantic accuracy and contextual fit within the AI domain.
```","['L2 distance', 'L2 distance', 'L₂distance', 'L 2 distance']"
9,L1 bound,"[{'word': 'L1界', 'ratio': 0.7}, {'word': 'L1 界', 'ratio': 0.1}, {'word': 'L1界限', 'ratio': 0.1}, {'word': 'L₁ 界限', 'ratio': 0.1}]",L1界限,L1界,"```
1. Candidate: L1界限

2. Explanation: The term ""L1 bound"" in the context of AI and mathematics typically refers to a constraint or limit related to the L1 norm, which is a measure of the magnitude of vectors in a space. The candidate ""L1界限"" translates back to ""L1 limit,"" which accurately captures the notion of a boundary or constraint in mathematical terms. This translation maintains the semantic meaning and is contextually appropriate for the AI domain, where precise mathematical terminology is crucial. Other candidates like ""L1 绑定"" (L1 binding) or ""L1 界"" (L1 world) do not accurately convey the concept of a mathematical bound or limit, making ""L1界限"" the most suitable choice.
```","['L1 limit', 'L₁ limit', 'L1 binding', 'L1 world', 'L1 world']"
10,L2 weight decay,"[{'word': 'L2权重衰减', 'ratio': 0.5555555555555556}, {'word': 'L2 权重衰减', 'ratio': 0.4444444444444444}]",L2 权重衰减,L2权重衰减,"```
1. Candidate: L2 权重衰减
2. Explanation: The candidate ""L2 权重衰减"" is the best fit because it accurately captures the technical meaning of ""L2 weight decay"" in the context of machine learning and AI. The term ""L2"" is a standard mathematical notation that does not require translation, and ""权重衰减"" directly translates to ""weight decay,"" which is a common term used in the AI domain to describe a regularization technique that helps prevent overfitting by penalizing large weights. The back translation also returns to ""L2 weight decay,"" indicating semantic accuracy and consistency with the original English term.
```","['L2 weight decay', 'L2 weight decay']"
11,Lagrange multiplier,"[{'word': '拉格朗日乘子', 'ratio': 0.5555555555555556}, {'word': '拉格朗日乘数', 'ratio': 0.4444444444444444}]",拉格朗日乘数,拉格朗日乘子,"```
1. Candidate: 拉格朗日乘数
2. Explanation: ""拉格朗日乘数"" is the more commonly used term in the Chinese mathematical and AI communities for ""Lagrange multiplier."" It accurately conveys the concept of a multiplier used in optimization problems to handle constraints, which is crucial in AI algorithms. The back translation to ""Lagrange multiplier"" confirms its semantic accuracy and contextual fit, ensuring that it aligns well with the domain-specific usage in AI and mathematics.
```","['Lagrange multiplier', 'Lagrange multiplier']"
12,Lasso penalty,"[{'word': '套索惩罚', 'ratio': 0.5}, {'word': 'Lasso惩罚', 'ratio': 0.3}, {'word': 'Lasso惩罚项', 'ratio': 0.1}, {'word': '惩罚', 'ratio': 0.1}]",Lasso惩罚项,套索惩罚,"```
1. Candidate: Lasso惩罚项
2. Explanation: ""Lasso惩罚项"" is the best translation candidate because it accurately captures the concept of ""Lasso penalty"" in the context of AI and statistical modeling. The term ""惩罚项"" (penalty item) is commonly used in Chinese to refer to penalty terms in mathematical and statistical models, which aligns well with the usage of ""Lasso penalty"" in the context of regularization techniques in machine learning. The back translation ""Lasso penalty item"" maintains the original meaning, ensuring semantic accuracy and contextual fit within the AI domain.
```","['Lasso penalty item', 'noose punishment', 'punish', 'Lasso punishment']"
13,Lyapunov function,"[{'word': '李雅普诺夫函数', 'ratio': 0.6}, {'word': 'Lyapunov 函數', 'ratio': 0.1}, {'word': 'リアプノフ関数', 'ratio': 0.1}, {'word': 'Lyapunov 函数', 'ratio': 0.1}, {'word': '利雅普诺夫函数', 'ratio': 0.1}]",李亚普诺夫函数,李雅普诺夫函数,"```
1. Candidate: ""李亚普诺夫函数""
2. Explanation: ""李亚普诺夫函数"" is the most widely accepted and commonly used translation for ""Lyapunov function"" in the Chinese academic and AI communities. It accurately reflects the pronunciation and meaning of the original term, ensuring semantic accuracy. The back translation also confirms its correctness as ""Lyapunov function,"" maintaining consistency and clarity in the context of AI and mathematical discussions. Other candidates either deviate from standard usage or introduce unnecessary variations that could lead to confusion.
```","['Lyapunov function', 'リアプノフ Off Number', 'Lyapunov function', 'Lyapunov function', 'Lyapunov function', 'Lyapunov function']"
14,Monte-Carlo return,"[{'word': '蒙特卡罗回报', 'ratio': 0.6666666666666666}, {'word': '蒙特卡洛回报', 'ratio': 0.3333333333333333}]",蒙特卡洛回报,蒙特卡罗回报,"```
1. Candidate: 蒙特卡洛回报
2. Explanation: The term ""Monte-Carlo return"" in the context of AI and reinforcement learning refers to the expected return or reward calculated using Monte Carlo methods. The candidate ""蒙特卡洛回报"" accurately captures this meaning, as ""回报"" directly translates to ""return"" in the context of rewards or gains, which is consistent with the terminology used in reinforcement learning. The back translation ""Monte Carlo Return"" confirms the semantic accuracy and contextual fit, making it the best choice among the candidates. The other candidate, ""蒙特卡洛往返,"" translates to ""Monte Carlo round trip,"" which does not fit the AI domain-specific usage of the term ""return"" as it implies a physical journey rather than a calculated reward. 
```","['Monte Carlo Return', 'Monte Carlo Return', 'Monte Carlo round trip']"
15,Q function,"[{'word': 'Q函数', 'ratio': 0.7}, {'word': 'Q 函数', 'ratio': 0.3}]",Q 函数,Q函数,"```
1. Candidate: Q 函数
2. Explanation: The term ""Q 函数"" is the best translation candidate because it accurately reflects the original English term ""Q function"" while maintaining the technical specificity required in the AI domain. In the context of reinforcement learning, ""Q 函数"" is widely recognized and used in Chinese literature and academic papers. It directly translates to ""Q function"" in English, ensuring semantic accuracy and consistency. The use of ""函数"" (function) is appropriate as it conveys the mathematical nature of the term, which is crucial for understanding its role in algorithms like DDQN and SARSA. The back translation also confirms that the meaning is preserved, making it a reliable choice for conveying the concept in both languages.
```","['Q function', 'Q function']"
16,Question Answering,"[{'word': '问答', 'ratio': 0.6666666666666666}, {'word': '问答系统', 'ratio': 0.2222222222222222}, {'word': '问题回答', 'ratio': 0.1111111111111111}]",问答系统,问答,"```
1. Candidate: 问答系统
2. Explanation: The term ""Question Answering"" in the AI domain typically refers to systems or models designed to automatically answer questions posed in natural language. The candidate ""问答系统"" translates to ""question and answer system,"" which accurately captures the concept of a structured system or model used for this purpose. This translation maintains the semantic integrity of the original term and aligns well with the AI-specific context, where ""系统"" (system) implies the technological and systematic aspect of the task, distinguishing it from more general or informal uses of ""问答"" (Q&A).
```","['Q&A', 'question and answer system', 'Questions and Answers']"
17,Runge-Kutta method,"[{'word': '龙格-库塔方法', 'ratio': 1.0}]",龙格-库塔法,龙格-库塔方法,"```
1. Candidate: 龙格-库塔法
2. Explanation: The term ""龙格-库塔法"" is the best fit because it is a widely accepted and commonly used translation for ""Runge-Kutta method"" in Chinese, especially in scientific and mathematical contexts. The term ""法"" (method) is concise and accurately conveys the concept of a mathematical method or technique, which aligns well with the domain-specific usage in AI and numerical analysis. Additionally, the back translation perfectly matches the original English term, ensuring semantic accuracy and contextual fit.
```","['Runge-Kutta method', 'Runge-Kutta method']"
18,T5-11B,"[{'word': 'T5-11B', 'ratio': 0.9}, {'word': 'T5-11B模型', 'ratio': 0.1}]",T5-11B模型,T5-11B,"```
1. Candidate: T5-11B模型
2. Explanation: The candidate ""T5-11B模型"" is the best fit because it maintains the original term ""T5-11B"" while adding ""模型"" (model) to clarify that it refers to a specific AI model. This is important in the AI domain where distinguishing between different models is crucial. The back translation ""T5-11B model"" accurately reflects the original English term, ensuring semantic accuracy and contextual fit.
```","['T5-11B model', 'T5-11B']"
19,Upper Confidence Bound,"[{'word': '上置信界', 'ratio': 0.6666666666666666}, {'word': '上置信界限', 'ratio': 0.3333333333333333}]",上置信界限,上置信界,"```
1. Candidate: 上置信界限
2. Explanation: ""上置信界限"" is the best translation candidate because it directly translates to ""upper confidence bound,"" maintaining both semantic accuracy and contextual fit within the AI domain. The term ""界限"" (boundary/limit) accurately conveys the concept of a statistical boundary used in AI algorithms to manage uncertainty, aligning well with the original English term. Additionally, the back translation matches perfectly, ensuring that the intended meaning is preserved.
```","['upper confidence bound', 'upper confidence limit', 'upper confidence bound']"
20,Viterbi,"[{'word': '维特比', 'ratio': 0.8}, {'word': '维特比算法', 'ratio': 0.2}]",维特比算法,维特比,"```
1. Candidate: 维特比算法
2. Explanation: The term ""Viterbi"" in the context provided refers to a specific algorithm used in AI, particularly in tasks involving sequence analysis and dynamic programming, such as Hidden Markov Models. The context mentions ""Viterbi training"" and ""Viterbi outside score,"" which are technical terms associated with the Viterbi algorithm. Therefore, ""维特比算法"" (Viterbi algorithm) is the best translation candidate as it accurately conveys the algorithmic nature of the term within the AI domain, ensuring semantic accuracy and contextual fit.
```","['Viterbi', 'Viterbi algorithm']"
21,Woodbury matrix identity,"[{'word': 'Woodbury矩阵恒等式', 'ratio': 0.5}, {'word': '伍德伯里矩阵恒等式', 'ratio': 0.16666666666666666}, {'word': 'Woodbury 矩阵恒等式', 'ratio': 0.16666666666666666}, {'word': 'Woodbury矩阵恒等', 'ratio': 0.16666666666666666}]",Woodbury 矩阵恒等式,Woodbury矩阵恒等式,"```
1. Candidate: ""Woodbury 矩阵恒等式""
2. Explanation: The candidate ""Woodbury 矩阵恒等式"" is the best fit because it retains the original English term ""Woodbury"" as a proper noun, which is common practice in technical translations to maintain clarity and recognition, especially for specialized terms like the Woodbury matrix identity. The term ""矩阵恒等式"" accurately translates to ""matrix identity,"" preserving the mathematical context and meaning. This candidate also has a perfect back translation, ensuring semantic accuracy and contextual fit within the AI domain.
```","['Woodbury Matrix Identity', 'Woodbury matrix identity', 'Woodbury matrix identity', 'Woodbury matrix identity']"
22,Word2Vec,"[{'word': 'Word2Vec', 'ratio': 0.6666666666666666}, {'word': '詞對維', 'ratio': 0.16666666666666666}, {'word': '词向量', 'ratio': 0.16666666666666666}]",词向量,Word2Vec,"```
1. Candidate: ""词向量""
2. Explanation: ""词向量"" is the best translation for ""Word2Vec"" in the context of AI and natural language processing. ""Word2Vec"" is a well-known model that represents words as vectors in a continuous vector space, capturing semantic meanings and relationships. The term ""词向量"" directly translates to ""word vector,"" which accurately reflects the core concept of Word2Vec—transforming words into vectors. This translation is widely accepted and used in Chinese academic and technical literature related to AI and machine learning, ensuring both semantic accuracy and contextual fit. The other candidates, ""Word2Vec"" and ""詞對維,"" do not convey the specific meaning or are not commonly used in the AI domain.
```","['word2VE C', 'word vector', 'word pair dimension']"
23,Z-score,"[{'word': 'Z分数', 'ratio': 0.7142857142857143}, {'word': 'Z得分', 'ratio': 0.14285714285714285}, {'word': 'Z-score', 'ratio': 0.14285714285714285}]",Z-score,Z分数,"```
1. Candidate: ""Z-score""
2. Explanation: The term ""Z-score"" is a standardized statistical measure used widely in various fields, including AI, to denote the number of standard deviations a data point is from the mean. In the context of AI and data analysis, maintaining the original English term ""Z-score"" is often preferred in Chinese technical literature to ensure clarity and precision, as it is a well-recognized term among professionals. This usage avoids potential confusion that might arise from translating the term into Chinese, where the nuances of the statistical concept might be lost or misinterpreted. Additionally, the back translation remains consistent with the original term, ensuring semantic accuracy and contextual fit.
```","['Z score', 'Z score', 'Z-score', 'Z score']"
24,adversarial perturbation,"[{'word': '对抗扰动', 'ratio': 0.7}, {'word': '对抗性扰动', 'ratio': 0.3}]",对抗性扰动,对抗扰动,"```
1. Candidate: 对抗性扰动
2. Explanation: The term ""对抗性扰动"" is the best fit for ""adversarial perturbation"" in the AI domain. This translation accurately captures the concept of adversarial attacks in machine learning, where small, intentional changes (perturbations) are made to input data to deceive models. The word ""对抗性"" (adversarial) clearly conveys the intent of these perturbations to challenge or deceive the model, aligning well with the original English term. The back translation ""adversarial perturbation"" confirms the semantic accuracy and contextual fit, making it the most appropriate choice for AI-specific usage.
```","['Against disturbance', 'adversarial perturbation']"
25,artificial agent,"[{'word': '人工智能体', 'ratio': 0.8}, {'word': '人工智能代理', 'ratio': 0.2}]",人工代理,人工智能体,"```
1. Candidate: 人工代理
2. Explanation: The term ""artificial agent"" in the context of AI typically refers to an entity that can perceive its environment and take actions to achieve specific goals. The candidate ""人工代理"" directly translates to ""artificial agent,"" maintaining the semantic accuracy and contextual fit within the AI domain. It avoids the broader implications of ""人工智能代理"" (artificial intelligence agent), which might imply a more complex system with built-in intelligence, and ""人工智能体"" (artificial body), which could be misinterpreted as a physical entity. ""人工代理"" is precise and aligns well with the usage in AI literature, where the focus is on the agent's role and functionality rather than its intelligence level or physical form.
```","['artificial intelligence agent', 'artificial body', 'artificial agent']"
26,asymptotic notation,"[{'word': '渐近符号', 'ratio': 1.0}]",渐近记号,渐近符号,"```
1. Candidate: 渐近记号
2. Explanation: ""渐近记号"" is the best translation for ""asymptotic notation"" because it accurately captures the mathematical and computational context in which the term is used. In the AI domain, ""asymptotic notation"" refers to a set of mathematical notations used to describe the limiting behavior of a function, often in terms of time or space complexity. The term ""记号"" (notation) is more appropriate than ""符号"" (symbol) because it conveys the idea of a systematic representation or method, which aligns with how asymptotic notation is used to express algorithmic efficiency. The back translation to ""Asymptotic notation"" confirms its semantic accuracy and contextual fit.
```","['Asymptotic notation', 'asymptotic symbol']"
27,attention score,"[{'word': '注意力分数', 'ratio': 0.6666666666666666}, {'word': '注意得分', 'ratio': 0.16666666666666666}, {'word': '注意力得分', 'ratio': 0.16666666666666666}]",注意力得分,注意力分数,"```
1. Candidate: 注意力得分
2. Explanation: ""注意力得分"" is the best translation candidate because it accurately captures the concept of ""attention score"" in the context of AI, particularly in neural networks and models like BERT. The term ""注意力"" (attention) is widely used in the AI domain to refer to mechanisms that allow models to focus on specific parts of the input data. ""得分"" (score) correctly conveys the idea of a numerical value or metric. The back translation to ""attention score"" confirms its semantic accuracy and contextual fit, making it the most appropriate choice for AI terminology.
```","['attention score', 'Note the score', 'attention score']"
28,backward pass,"[{'word': '反向传递', 'ratio': 0.6}, {'word': '反向传播过程', 'ratio': 0.2}, {'word': '向后传递', 'ratio': 0.1}, {'word': '反向传播', 'ratio': 0.1}]",反向传播,反向传递,"```
1. Candidate: 反向传播
2. Explanation: The term ""backward pass"" in the context of AI, particularly in neural networks, is closely associated with the process of backpropagation, which is a key component of training models. ""反向传播"" is the standard translation for ""backpropagation"" in Chinese and is widely recognized in the AI community. It accurately captures the concept of computing gradients and updating weights during the backward phase of training. The other candidates, such as ""反向传播过程"" and ""反向传递,"" either add unnecessary words or do not fully convey the technical specificity of the term within the AI domain.
```","['Backpropagation', 'Back propagation process', 'Backward pass', 'pass backward']"
29,bag-of-word,"[{'word': '词袋模型', 'ratio': 0.8}, {'word': '词袋', 'ratio': 0.2}]",词袋,词袋模型,"```
1. Candidate: ""词袋""
2. Explanation: The term ""bag-of-word"" in the given context refers to a concept where the order of words is not important, only their presence or absence. ""词袋"" directly translates to ""bag of words,"" which captures this unordered nature without implying a specific model, making it semantically accurate for the context. The back translation ""bag of words"" confirms its accuracy and fit within the AI domain, where ""bag-of-word"" often refers to a representation of text data without considering word order.
```","['bag of words model', 'bag of words']"
30,baseline algorithm,"[{'word': '基准算法', 'ratio': 0.6666666666666666}, {'word': '基线算法', 'ratio': 0.3333333333333333}]",基线算法,基准算法,"```
1. Candidate: 基线算法
2. Explanation: ""基线算法"" is the best translation candidate for ""baseline algorithm"" in the context of AI and machine learning. In the AI domain, ""baseline"" often refers to a standard or reference point used for comparison, which aligns well with ""基线"" (baseline) in Chinese. This term is commonly used in technical literature to denote a standard algorithm against which other algorithms are compared. The back translation ""baseline algorithm"" accurately reflects the original English term, ensuring semantic accuracy and contextual fit within the AI domain.
```","['baseline algorithm', 'Baseline Algorithm']"
31,baseline method,"[{'word': '基准方法', 'ratio': 0.6666666666666666}, {'word': '基线方法', 'ratio': 0.3333333333333333}]",基线方法,基准方法,"```
1. Candidate: 基线方法
2. Explanation: ""基线方法"" is the best translation for ""baseline method"" in the context of AI and machine learning. This term is widely used in the Chinese AI community to refer to a standard or reference method against which new methods are compared. The term ""基线"" (baseline) accurately conveys the idea of a starting point or reference line, and ""方法"" (method) clearly indicates a systematic approach. The back translation to ""baseline method"" confirms its semantic accuracy and contextual fit, making it the most appropriate choice for domain-specific usage.
```","['baseline method', 'baseline method', 'baseline method']"
32,binary classification head,"[{'word': '二元分类头', 'ratio': 0.75}, {'word': '二分类头', 'ratio': 0.25}]",二分类头,二元分类头,"```
1. Candidate: 二分类头
2. Explanation: The term ""二分类头"" is the best fit because it accurately captures the concept of ""binary classification head"" in the context of AI and machine learning. ""二分类"" directly translates to ""two-category,"" which aligns with the binary nature of the classification task, where the model distinguishes between two classes. The term ""头"" (head) is commonly used in AI to refer to the final layer or component of a model that performs a specific task, such as classification. This translation is semantically accurate and contextually appropriate for AI domain-specific usage, ensuring clarity and precision in understanding the model's function.
```","['Binary classification header', 'Two-category head']"
33,binary classification problem,"[{'word': '二元分类问题', 'ratio': 0.75}, {'word': '二分类问题', 'ratio': 0.25}]",二分类问题,二元分类问题,"```
1. Candidate: 二分类问题
2. Explanation: The term ""二分类问题"" is the best fit for translating ""binary classification problem"" in the context of AI and machine learning. In Chinese, ""二分类问题"" is commonly used in academic and technical literature to refer to problems involving two distinct classes. It succinctly captures the essence of binary classification, which is to categorize data into one of two possible categories. The back translation ""Two classification problem"" accurately reflects the original meaning, maintaining semantic accuracy and contextual fit within the AI domain. ""二元分类问题"" is less commonly used and might introduce ambiguity, as ""二元"" can also imply binary in a mathematical sense, which is not the primary focus here.
```","['Binary classification problem', 'Two classification problem']"
34,binary classifier,"[{'word': '二元分类器', 'ratio': 0.625}, {'word': '二分类器', 'ratio': 0.25}, {'word': '分类器', 'ratio': 0.125}]",二分类器,二元分类器,"```
1. Candidate: ""二分类器""
2. Explanation: ""二分类器"" is the best translation for ""binary classifier"" in the context of AI and machine learning. This term specifically refers to a classifier that distinguishes between two classes, which aligns with the concept of a binary classifier. The other candidates, ""二元分类器"" and ""分类器"", are less precise. ""二元分类器"" could be interpreted as a classifier dealing with binary data rather than binary classification, and ""分类器"" is too general, as it refers to any type of classifier without specifying the binary aspect. Therefore, ""二分类器"" provides the most semantically accurate and contextually appropriate translation for the AI domain.
```","['binary classifier', 'classifier', 'binary classifier']"
35,branch and bound algorithm,"[{'word': '分支限界算法', 'ratio': 0.6666666666666666}, {'word': '分支定界算法', 'ratio': 0.3333333333333333}]",分支定界算法,分支限界算法,"```
1. Candidate: 分支定界算法
2. Explanation: The term ""branch and bound algorithm"" is commonly translated as ""分支定界算法"" in the context of computer science and operations research, particularly in the AI domain. This translation accurately captures the concept of systematically exploring branches of a decision tree and bounding the solutions to find the optimal one. The back translation ""branch and bound algorithm"" confirms its semantic accuracy and contextual fit. While ""分支限界算法"" is also a valid translation, ""定界"" is more frequently used in technical literature and aligns better with the established terminology in AI and optimization fields.
```","['branch and bound algorithm', 'branch and bound algorithm']"
36,canonical basis,"[{'word': '标准基', 'ratio': 0.7777777777777778}, {'word': '规范基', 'ratio': 0.1111111111111111}, {'word': '规范基底', 'ratio': 0.1111111111111111}]",规范基,标准基,"```
1. Candidate: 规范基
2. Explanation: ""规范基"" is the best translation for ""canonical basis"" in the context of AI and mathematics. In linear algebra and related fields, ""canonical basis"" refers to a standard or natural choice of basis in a vector space, often the set of unit vectors. The term ""规范"" captures the idea of a standard or norm, which aligns well with the concept of a canonical basis being a standard choice. Additionally, ""基"" directly translates to ""basis,"" making ""规范基"" semantically accurate and contextually appropriate for representing the concept in AI and mathematical contexts.
```","['canonical base', 'Standard base', 'norm base', 'normative basis']"
37,canonical form,"[{'word': '标准形式', 'ratio': 0.6666666666666666}, {'word': '规范形式', 'ratio': 0.2222222222222222}, {'word': '典型形式', 'ratio': 0.1111111111111111}]",规范形式,标准形式,"```
1. Candidate: 规范形式
2. Explanation: In the context of AI and mathematics, ""canonical form"" refers to a standard or normalized representation of a mathematical object or expression. The term ""规范形式"" is the most semantically accurate translation in this context, as it directly corresponds to the concept of a ""canonical form"" in mathematical and technical fields. The back translation of ""规范形式"" is ""canonical form,"" which maintains the intended meaning without deviation. The other candidates, ""标准形式"" (standard form) and ""典型形式"" (typical form), do not capture the specific technical nuance of ""canonical form"" as used in the AI domain, where it implies a specific, standardized representation within a mathematical framework.
```","['standard form', 'typical form', 'canonical form']"
38,chunk size,"[{'word': '块大小', 'ratio': 0.8888888888888888}, {'word': '数据块大小', 'ratio': 0.1111111111111111}]",数据块大小,块大小,"```
1. Candidate: 数据块大小
2. Explanation: The term ""chunk size"" in the context of AI and machine learning often refers to the size of a subset of data that is processed at one time. ""数据块大小"" translates to ""data block size,"" which accurately captures the concept of a portion of data being processed. This translation maintains the semantic meaning and is contextually appropriate for AI terminology, where data is often handled in blocks or chunks for processing efficiency. The back translation ""Data block size"" aligns well with the original term, ensuring both semantic accuracy and contextual fit.
```","['Data block size', 'block size']"
39,cluster centroid,"[{'word': '聚类中心', 'ratio': 1.0}]",簇质心,聚类中心,"```
1. Candidate: 簇质心
2. Explanation: The term ""簇质心"" is the best fit for ""cluster centroid"" in the AI domain. In the context of clustering algorithms, a ""centroid"" specifically refers to the mean position of all the points in a cluster, which is accurately captured by ""质心"" (centroid). The term ""簇"" (cluster) directly corresponds to the grouping of data points. This translation maintains semantic accuracy and aligns well with the technical usage in AI, where precision in describing the central point of a cluster is crucial. The back translation to ""cluster centroid"" confirms its accuracy and contextual fit, ensuring that the specific concept of a centroid, as opposed to a general center, is preserved.
```","['cluster centroid', 'cluster center']"
40,cluster size,"[{'word': '聚类大小', 'ratio': 0.8}, {'word': '聚类规模', 'ratio': 0.2}]",聚类规模,聚类大小,"```
1. Candidate: 聚类规模

2. Explanation: In the context of AI and data analysis, ""cluster size"" often refers to the scale or extent of a group of data points that are grouped together based on certain similarities. The term ""聚类规模"" (cluster scale) captures this notion of scale or extent more accurately than ""聚类大小"" or ""簇大小,"" which might imply a more literal or physical size. ""规模"" is often used in technical and scientific contexts to denote the magnitude or extent of something, making it a more suitable choice for conveying the concept of ""cluster size"" in AI terminology. Additionally, the back translation ""Cluster size"" aligns well with the original term, ensuring semantic accuracy and contextual fit.
```","['cluster size', 'Cluster size', 'cluster size']"
41,coarse-to-fine,"[{'word': '粗到细', 'ratio': 0.7777777777777778}, {'word': '从粗到细', 'ratio': 0.2222222222222222}]",从粗到细,粗到细,"```
1. Candidate: 从粗到细
2. Explanation: The term ""coarse-to-fine"" in the AI domain typically refers to a strategy or approach that starts with a broad, general analysis or processing and progressively refines it to a more detailed level. The candidate ""从粗到细"" directly translates to ""from coarse to fine,"" which accurately captures this hierarchical refinement process. This translation maintains the intended meaning and context of the original term, ensuring semantic accuracy and contextual fit in AI-related discussions.
```","['thick to fine', 'From coarse to fine', 'From thick to fine']"
42,compatibility graph,"[{'word': '兼容性图', 'ratio': 0.6666666666666666}, {'word': '兼容图', 'ratio': 0.3333333333333333}]",兼容图,兼容性图,"```
1. Candidate: 兼容图
2. Explanation: The term ""compatibility graph"" in the context of AI and graph theory refers to a graph where nodes represent entities (such as correspondences) and edges represent compatibility between these entities. The candidate ""兼容图"" directly translates to ""compatibility graph,"" which accurately captures the essence of the term without unnecessary embellishments. The back translation also returns as ""Compatibility diagram,"" which is semantically close to the original term. In contrast, ""兼容性图"" introduces the term ""性"" (nature or characteristic), which is not necessary in this context and could imply a broader or different meaning. Therefore, ""兼容图"" is more precise and contextually appropriate for AI domain-specific usage.
```","['Compatibility diagram', 'Compatibility diagram']"
43,competitive ratio,"[{'word': '竞争比率', 'ratio': 0.7777777777777778}, {'word': '竞争比', 'ratio': 0.2222222222222222}]",竞争比,竞争比率,"```
1. Candidate: 竞争比
2. Explanation: ""竞争比"" is the best translation for ""competitive ratio"" in the context of AI and algorithm analysis. In the AI domain, ""competitive ratio"" refers to a measure of the performance of an online algorithm compared to an optimal offline algorithm. The term ""竞争比"" directly translates to ""competition ratio,"" which accurately captures the essence of comparing performance or competitiveness. The term ""比"" (ratio) is more concise and commonly used in mathematical and algorithmic contexts, making it a better fit than ""比率,"" which can imply a broader or more general ratio not specific to competitive analysis. This choice ensures semantic accuracy and contextual fit within the AI domain.
```","['competition ratio', 'competition ratio']"
44,constrained decoding,"[{'word': '约束解码', 'ratio': 0.8888888888888888}, {'word': '受约束解码', 'ratio': 0.1111111111111111}]",受约束解码,约束解码,"```
1. Candidate: 受约束解码
2. Explanation: ""受约束解码"" is the best translation candidate because it directly translates to ""constrained decoding,"" maintaining the semantic accuracy and contextual fit within the AI domain. The term ""受约束"" (constrained) accurately reflects the process of imposing specific constraints during the decoding phase, which is a common technique in AI for ensuring that generated outputs adhere to predefined rules or structures. This aligns well with the context provided, where constraints are applied during the generation process, such as in beam-search or ensuring grammaticality. The back translation also matches the original term closely, ensuring consistency and clarity in both languages.
```","['Constraint decoding', 'constrained decoding', 'restricted decoding']"
45,contextualized word vector,"[{'word': '上下文化词向量', 'ratio': 0.7}, {'word': '上下文词向量', 'ratio': 0.3}]",语境化词向量,上下文化词向量,"```
1. Candidate: ""语境化词向量""
2. Explanation: The term ""contextualized word vector"" refers to word vectors that are generated by models like BERT, which take into account the context in which words appear. The candidate ""语境化词向量"" directly translates to ""contextualized word vectors,"" accurately capturing the notion of context-dependence inherent in these vectors. This translation is semantically precise and aligns well with the AI domain-specific usage, as it reflects the process of embedding words in a way that considers their surrounding context, which is crucial for tasks like parsing and understanding dependency structures. The back translation also retains the meaning, ensuring that the term is understood correctly in both languages.
```","['context word vector', 'contextualized word vectors', 'contextualized word vectors']"
46,convergence bound,"[{'word': '收敛界', 'ratio': 0.6666666666666666}, {'word': '收敛界限', 'ratio': 0.3333333333333333}]",收敛界限,收敛界,"```
1. Candidate: 收敛界限
2. Explanation: The term ""收敛界限"" is the best fit for ""convergence bound"" in the context of AI and machine learning. ""收敛"" accurately captures the concept of convergence, which is crucial in understanding how algorithms perform over iterations. ""界限"" translates to ""bound"" and is commonly used in mathematical and computational contexts to denote limits or constraints. This translation maintains semantic accuracy and aligns well with the technical usage in AI, where convergence bounds are often discussed in terms of their mathematical properties and implications for algorithm performance.
```","['convergence bound', 'convergence bound']"
47,convex,"[{'word': '凸的', 'ratio': 0.6}, {'word': '凸', 'ratio': 0.4}]",凸,凸的,"```
1. Candidate: ""凸""
2. Explanation: The term ""凸"" is the best translation for ""convex"" in the context of AI and mathematical optimization. In the domain of optimization and machine learning, ""凸"" is commonly used to describe functions or sets that have the property of convexity, which is crucial for ensuring certain mathematical properties like convergence and optimality. The back translation of ""凸"" to ""convex"" confirms its semantic accuracy and contextual fit, making it the most appropriate choice for conveying the intended meaning in the given contexts.
```","['convex', 'convex']"
48,convex quadratic program,"[{'word': '凸二次规划', 'ratio': 0.7}, {'word': '凸二次规划问题', 'ratio': 0.2}, {'word': '凸二次优化问题', 'ratio': 0.1}]",凸二次规划问题,凸二次规划,"```
1. Candidate: 凸二次规划问题
2. Explanation: The term ""convex quadratic program"" in the context of AI and optimization refers to a specific type of mathematical optimization problem where the objective function is a convex quadratic function. The candidate ""凸二次规划问题"" translates to ""convex quadratic programming problem,"" which accurately captures both the mathematical and programming aspects of the term. This candidate maintains the domain-specific usage by emphasizing the programming aspect, which is crucial in AI contexts where such problems are often solved using computational algorithms. The back translation also aligns well with the original term, ensuring semantic accuracy and contextual fit.
```","['Convex quadratic optimization problem', 'Convex quadratic programming problem', 'convex quadratic programming']"
49,convolution operation,"[{'word': '卷积操作', 'ratio': 0.6666666666666666}, {'word': '卷积运算', 'ratio': 0.3333333333333333}]",卷积运算,卷积操作,"```
1. Candidate: 卷积运算
2. Explanation: ""卷积运算"" is the best fit for translating ""convolution operation"" in the context of AI and machine learning. In the AI domain, ""卷积运算"" is widely used to describe the mathematical operation applied in convolutional neural networks (CNNs), which involves the systematic application of a kernel or filter across an input map to produce a feature map. This term accurately captures the mathematical and computational nature of the operation, aligning well with the technical context provided. The back translation also matches perfectly, ensuring semantic accuracy and consistency.
```","['Convolution operation', 'convolution operation']"
50,coreference resolution system,"[{'word': '共指解析系统', 'ratio': 0.5}, {'word': '共指消解系统', 'ratio': 0.4}, {'word': '指代消解系统', 'ratio': 0.1}]",共指消解系统,共指解析系统,"```
1. Candidate: 共指消解系统
2. Explanation: The term ""coreference resolution system"" in the AI domain refers to a system that identifies when different expressions in a text refer to the same entity. The candidate ""共指消解系统"" directly translates to ""coreference resolution system,"" maintaining both the semantic meaning and technical accuracy. The term ""共指"" (coreference) accurately captures the concept of different expressions referring to the same entity, and ""消解"" (resolution) aligns with the process of resolving these references. This makes it the most suitable translation for the AI context, as it preserves the intended meaning and function of the system described in the original text.
```","['referential digestion system', 'coreference resolution system', 'coreference analysis system']"
51,counterfactual fairness,"[{'word': '反事实公平性', 'ratio': 0.5555555555555556}, {'word': '反事实公平', 'ratio': 0.4444444444444444}]",反事实公平,反事实公平性,"```
1. Candidate: 反事实公平
2. Explanation: The term ""反事实公平"" is the best fit for ""counterfactual fairness"" in the AI domain. In the context of AI and machine learning, ""counterfactual"" refers to hypothetical scenarios used to assess fairness by considering what would happen under different conditions. The term ""公平"" directly translates to ""fairness,"" which is semantically accurate and widely used in AI literature. The back translation of ""反事实公平"" is ""counterfactual fairness,"" which maintains the original meaning without unnecessary complexity. The simpler form ""反事实公平"" is more concise and aligns well with the technical language used in AI, making it more suitable for domain-specific usage.
```","['counterfactual fairness', 'counterfactual fairness']"
52,cycle inequality,"[{'word': '循环不等式', 'ratio': 0.8888888888888888}, {'word': '环路不等式', 'ratio': 0.1111111111111111}]",环路不等式,循环不等式,"```
1. Candidate: 环路不等式
2. Explanation: The term ""cycle inequality"" in the context of AI and optimization refers to inequalities related to cycles in graphs, particularly in the study of polytopes and optimization problems. ""环路不等式"" translates to ""loop inequality,"" which accurately captures the concept of cycles or loops in graph theory, a common context in AI and mathematical optimization. The back translation ""loop inequality"" aligns well with the original term, ensuring semantic accuracy and contextual fit within the domain-specific usage.
```","['circular inequality', 'loop inequality']"
53,davinci,"[{'word': '达芬奇', 'ratio': 0.9}, {'word': 'davinci', 'ratio': 0.1}]",davinci,达芬奇,"```
1. Candidate: ""davinci""
2. Explanation: In the context of AI, ""davinci"" refers to a specific model within the OpenAI GPT-3 series, known for its large size and advanced capabilities. Translating it as ""达芬奇"" (da Vinci) could lead to confusion, as it might be interpreted as a reference to the historical figure Leonardo da Vinci, rather than the AI model. Keeping the term ""davinci"" in its original form maintains clarity and accuracy, ensuring that it is recognized as the name of the AI model, which is crucial for domain-specific understanding.
```","['da Vinci', 'Big Vinci']"
54,deep network,"[{'word': '深度网络', 'ratio': 0.8}, {'word': '深度神经网络', 'ratio': 0.2}]",深度神经网络,深度网络,"```
1. Candidate: 深度神经网络
2. Explanation: The term ""deep network"" in the context of AI typically refers to a ""deep neural network,"" which is a type of artificial neural network with multiple layers between the input and output layers. The context provided involves complex tasks such as scene representation and high-resolution video processing, which are commonly associated with deep neural networks due to their ability to model intricate patterns and relationships in data. The candidate ""深度神经网络"" accurately captures this meaning, ensuring semantic accuracy and contextual fit within the AI domain. The back translation as ""deep neural network"" confirms its appropriateness, unlike ""深层网络"" which translates to ""deep web,"" a completely different concept, and ""深度网络"" which is less specific and might not fully convey the neural aspect critical in AI contexts.
```","['deep web', 'deep network', 'deep neural network']"
55,dependency tree,"[{'word': '依赖树', 'ratio': 0.625}, {'word': '依存树', 'ratio': 0.25}, {'word': '依存结构', 'ratio': 0.125}]",依存树,依赖树,"```
1. Candidate: 依存树
2. Explanation: The term ""依存树"" is the best translation for ""dependency tree"" in the context of AI and computational linguistics. This term is widely used in the field to describe the hierarchical structure that represents syntactic dependencies between words in a sentence. The back translation ""dependency tree"" matches the original term exactly, ensuring semantic accuracy. Additionally, ""依存树"" is a standard term in Chinese linguistic literature, making it the most contextually appropriate choice for conveying the concept of a dependency tree in AI-related discussions.
```","['dependency tree', 'dependency structure', 'dependency tree']"
56,deterministic baseline,"[{'word': '确定性基准', 'ratio': 0.8571428571428571}, {'word': '确定性基线', 'ratio': 0.14285714285714285}]",确定性基线,确定性基准,"```
1. Candidate: 确定性基线
2. Explanation: The term ""确定性基线"" is the best fit for ""deterministic baseline"" in the AI domain. In AI and machine learning, ""baseline"" often refers to a standard or reference point used for comparison. The word ""基线"" accurately captures this meaning, as it is commonly used in technical contexts to denote a reference line or standard. Additionally, the back translation of ""确定性基线"" is ""deterministic baseline,"" which matches the original term perfectly, ensuring semantic accuracy and contextual fit.
```","['deterministic baseline', 'deterministic baseline']"
57,dimensionality reduction,"[{'word': '维度减少', 'ratio': 0.5}, {'word': '降维技术', 'ratio': 0.25}, {'word': '降维', 'ratio': 0.25}]",降维,维度减少,"```
1. Candidate: 降维
2. Explanation: The term ""降维"" is the best fit for translating ""dimensionality reduction"" in the context of AI and machine learning. It is a widely accepted term in the Chinese AI community and accurately conveys the concept of reducing the number of random variables under consideration. Unlike ""降维技术,"" which implies a specific technology or method, ""降维"" is more general and aligns well with the context provided, where dimensionality reduction is discussed as a concept rather than a specific technique. Additionally, ""维度减少"" is less commonly used and may not capture the technical nuance as effectively as ""降维."" The back translation of ""降维"" directly matches ""dimensionality reduction,"" ensuring semantic accuracy and contextual fit.
```","['Dimensionality reduction technology', 'Dimensionality reduction', 'Dimensionality reduction']"
58,discriminator network,"[{'word': '判别网络', 'ratio': 0.5}, {'word': '判别器网络', 'ratio': 0.5}]",判别器网络,判别网络,"```
1. Candidate: 判别器网络
2. Explanation: ""判别器网络"" is the best translation for ""discriminator network"" in the context of AI, specifically within the framework of Generative Adversarial Networks (GANs). This term is widely used in Chinese academic and technical literature to refer to the network component in GANs that distinguishes between real and fake data. The term ""判别器"" directly translates to ""discriminator,"" which aligns with the function of the network in the GAN architecture. The back translation to ""discriminator network"" confirms its semantic accuracy and contextual fit, making it the most appropriate choice for conveying the intended meaning in the AI domain.
```","['discriminator network', 'discriminator network', 'discriminative network']"
59,document-topic assignment,"[{'word': '文档主题分配', 'ratio': 0.5555555555555556}, {'word': '文档-主题分配', 'ratio': 0.4444444444444444}]",文档-主题分配,文档主题分配,"```
1. Candidate: ""文档-主题分配""
2. Explanation: The candidate ""文档-主题分配"" is the best fit because it maintains the structural integrity of the original English term ""document-topic assignment"" by clearly delineating the relationship between ""document"" and ""topic"" with a hyphen. This is important in the AI domain where precise relationships and structures are crucial for understanding model outputs. The back translation ""Document-Topic Assignment"" accurately reflects the original term, ensuring semantic accuracy and contextual fit within the AI terminology.
```","['Document-Topic Assignment', 'Document topic assignment']"
60,dropout probability,"[{'word': '丢弃概率', 'ratio': 0.7142857142857143}, {'word': '随机失活概率', 'ratio': 0.14285714285714285}, {'word': 'Dropout概率', 'ratio': 0.14285714285714285}]",Dropout概率,丢弃概率,"```
1. Candidate: ""Dropout概率""

2. Explanation: The term ""dropout"" in the context of AI and machine learning refers to a regularization technique used to prevent overfitting in neural networks by randomly setting a portion of the neurons to zero during training. The candidate ""Dropout概率"" retains the original English term ""Dropout,"" which is commonly used in the Chinese AI community, ensuring clarity and precision. This choice avoids potential confusion with unrelated terms like ""辍学概率"" (which literally means ""probability of dropping out of school"") and ""随机失活概率"" (which translates to ""random loss probability""). The back translation of ""Dropout概率"" is accurate, maintaining the technical meaning without introducing ambiguity, making it the best fit for domain-specific usage.
```","['Dropout probability', 'random loss probability', 'Dropout probability', 'Drop probability']"
61,dual objective,"[{'word': '对偶目标', 'ratio': 0.8888888888888888}, {'word': '对偶目标函数', 'ratio': 0.1111111111111111}]",对偶目标函数,对偶目标,"```
1. Candidate: 对偶目标函数
2. Explanation: The term ""dual objective"" in the context of AI and optimization typically refers to the dual objective function in mathematical optimization problems. The candidate ""对偶目标函数"" directly translates to ""dual objective function,"" which accurately captures the technical meaning in the context of optimization models like the DRO model mentioned. This translation maintains semantic accuracy and aligns well with domain-specific terminology, ensuring that the concept is correctly understood in both languages. The other candidates, ""对偶目标"" and ""双重目标,"" do not convey the specific technical meaning of an objective function in optimization, making ""对偶目标函数"" the most precise and contextually appropriate choice.
```","['Dual goal', 'dual goals', 'Dual objective function']"
62,empirical minimizer,"[{'word': '经验最小化器', 'ratio': 0.8333333333333334}, {'word': '经验极小化器', 'ratio': 0.16666666666666666}]",经验极小化器,经验最小化器,"```
1. Candidate: ""经验极小化器""
2. Explanation: The term ""empirical minimizer"" in the context of AI and machine learning refers to a method or algorithm that minimizes empirical risk, which is the average loss over a sample. The candidate ""经验极小化器"" translates back to ""Experience Minimizer,"" which aligns more closely with the concept of minimizing empirical risk. The use of ""极小化"" (extreme minimization) is more precise in the context of optimization and mathematical minimization, which is crucial in AI terminology. This makes it a better fit than ""经验最小化器,"" which translates to ""experience minimizer"" and may not convey the same level of precision in the context of optimization.
```","['experience minimizer', 'Experience Minimizer']"
63,extractive question answering,"[{'word': '提取式问答', 'ratio': 0.5}, {'word': '抽取式问答', 'ratio': 0.5}]",抽取式问答,提取式问答,"```
1. Candidate: 抽取式问答
2. Explanation: ""抽取式问答"" is the best translation candidate for ""extractive question answering"" in the AI domain. The term ""抽取"" is commonly used in the context of data extraction and information retrieval in Chinese, which aligns well with the task of identifying and extracting a specific span of text from a larger body of text. This makes it semantically accurate for the AI task described. Additionally, ""抽取"" conveys a more technical and precise action of extracting, which is crucial for maintaining the domain-specific meaning in AI applications. The back translation ""Extractive Q&A"" also accurately reflects the original English term, ensuring contextual fit.
```","['Extractive Q&A', 'Extractive Q&A']"
64,factor of variation,"[{'word': '变化因子', 'ratio': 0.5}, {'word': '变异因子', 'ratio': 0.4}, {'word': '变异因素', 'ratio': 0.1}]",变异因素,变化因子,"```
1. Candidate: 变异因素
2. Explanation: ""变异因素"" is the best translation for ""factor of variation"" in the context of AI and machine learning. This term accurately captures the concept of different elements or aspects that can vary and influence the outcome of a model, which is crucial in the process of disentangling these factors in neural representations. The term ""因素"" (factors) is more appropriate than ""因子"" (which can imply a more mathematical or statistical component) in this context, as it aligns with the broader and more abstract nature of variations in AI models. Additionally, the back translation ""Variation factors"" maintains the original meaning, ensuring semantic accuracy and contextual fit within the AI domain.
```","['variation factor', 'coefficient of variation', 'change factor', 'Variation factors']"
65,gold label,"[{'word': '黄金标签', 'ratio': 0.6666666666666666}, {'word': '金标准标签', 'ratio': 0.2222222222222222}, {'word': '标准标签', 'ratio': 0.1111111111111111}]",金标,黄金标签,"```
1. Candidate: 金标
2. Explanation: The term ""gold label"" in the AI domain typically refers to the correct or true label used for training and evaluating models. ""金标"" is a concise and widely accepted translation in the Chinese AI community that directly corresponds to ""gold label."" It maintains the semantic accuracy and is contextually appropriate, as it is commonly used to denote the true or correct labels in datasets. The back translation also aligns perfectly with the original term, ensuring clarity and precision in communication within the AI field.
```","['gold standard label', 'gold label', 'Standard label', 'gold label']"
66,graphlet kernel,"[{'word': '图元核', 'ratio': 0.5}, {'word': '图小元核', 'ratio': 0.125}, {'word': '图小体核', 'ratio': 0.125}, {'word': '图形单元核', 'ratio': 0.125}, {'word': '图形子结构核', 'ratio': 0.125}]",图小元核,图元核,"```
1. Candidate: 图小元核
2. Explanation: The term ""graphlet"" in the context of AI and graph theory refers to small, connected subgraphs within a larger graph. The candidate ""图小元核"" translates to ""graph small element core,"" which captures the essence of ""graphlet"" as a small component or element of a graph. The term ""元"" (element) is semantically appropriate for representing a basic unit or component, aligning well with the concept of a ""graphlet"" in AI. Additionally, the term ""核"" (kernel) is correctly used to denote a function or method in machine learning, maintaining the domain-specific usage. The back translation retains the core meaning, making it a suitable choice for the AI context.
```","['graph small element core', 'graphics substructure kernel', 'Tukey kernel', 'primitive core', 'graphics unit core', 'Figure body nucleus']"
67,greedy maximization,"[{'word': '贪婪最大化', 'ratio': 0.625}, {'word': '贪心最大化', 'ratio': 0.375}]",贪心最大化,贪婪最大化,"```
1. Candidate: 贪心最大化
2. Explanation: In the context of AI and optimization, ""greedy maximization"" refers to a strategy that makes the locally optimal choice at each stage with the hope of finding a global optimum. The term ""贪心"" (greedy) is more commonly used in Chinese technical literature to describe algorithms or strategies that follow this approach. ""贪婪"" also means greedy, but it carries a slightly more negative connotation and is less frequently used in technical contexts. Therefore, ""贪心最大化"" is the best fit as it aligns better with the domain-specific usage and is more likely to be understood correctly by Chinese-speaking professionals in the AI field.
```","['Greedy maximization', 'greedy maximization']"
68,greedy policy,"[{'word': '贪婪策略', 'ratio': 0.7}, {'word': '贪心策略', 'ratio': 0.2}, {'word': '贪婪搜索', 'ratio': 0.1}]",贪心策略,贪婪策略,"```
1. Candidate: 贪心策略
2. Explanation: The term ""greedy policy"" in the context of AI, particularly in reinforcement learning, refers to a policy that selects actions based on maximizing immediate rewards. The candidate ""贪心策略"" is the best fit because ""贪心"" directly translates to ""greedy"" in the context of decision-making or optimization, and ""策略"" accurately translates to ""policy"" in the context of strategies or plans of action. This translation maintains the semantic accuracy and aligns well with the domain-specific usage in AI, where ""策略"" is commonly used to describe policies in reinforcement learning. The back translation ""greedy strategy"" also fits well within the context, as ""strategy"" and ""policy"" are often used interchangeably in this domain.
```","['greedy search', 'greedy strategy', 'greed policy', 'greedy strategy']"
69,heatmap,"[{'word': '热图', 'ratio': 0.5714285714285714}, {'word': '热力图', 'ratio': 0.42857142857142855}]",热力图,热图,"```
1. Candidate: 热力图
2. Explanation: In the context of AI and data visualization, ""热力图"" is the more commonly used term in Chinese for ""heatmap."" It accurately conveys the idea of a graphical representation of data where individual values are represented by colors, which is essential in understanding AI model outputs and performance metrics. The back translation ""heat map"" aligns well with the original English term, ensuring semantic accuracy and contextual fit within the AI domain.
```","['heat map', 'heat map']"
70,hidden state representation,"[{'word': '隐状态表示', 'ratio': 0.5}, {'word': '隐藏状态表示', 'ratio': 0.5}]",隐藏状态表示,隐状态表示,"```
1. Candidate: 隐藏状态表示
2. Explanation: The term ""隐藏状态表示"" is the best fit for ""hidden state representation"" in the context of AI, particularly in encoder-decoder architectures. The word ""隐藏"" accurately captures the notion of ""hidden"" in the context of neural networks, where it refers to the internal state that is not directly observable. This term is widely used in Chinese AI literature to describe the latent representations within models. The back translation also aligns perfectly with the original English term, ensuring semantic accuracy and contextual fit.
```","['hidden state representation', 'Hidden state representation']"
71,hierarchical reinforcement learning,"[{'word': '层次强化学习', 'ratio': 0.8888888888888888}, {'word': '分层强化学习', 'ratio': 0.1111111111111111}]",分层强化学习,层次强化学习,"```
1. Candidate: 分层强化学习
2. Explanation: ""分层强化学习"" is the best translation candidate because it accurately captures the concept of ""hierarchical"" in the context of AI and machine learning. The term ""分层"" (fēn céng) directly translates to ""layered"" or ""hierarchical,"" which aligns well with the idea of structuring reinforcement learning into different levels or layers. This is crucial in AI, where hierarchical structures are often used to manage complexity and improve learning efficiency. The back translation also matches perfectly with the original term, ensuring semantic accuracy and contextual fit within the AI domain.
```","['Hierarchical reinforcement learning', 'hierarchical reinforcement learning']"
72,hierarchical structure,"[{'word': '层次结构', 'ratio': 0.8888888888888888}, {'word': '分层结构', 'ratio': 0.1111111111111111}]",分层结构,层次结构,"```
1. Candidate: 分层结构
2. Explanation: The term ""分层结构"" translates back to ""Hierarchical structure,"" which aligns more closely with the original English term. In the context of AI, ""hierarchical structure"" often refers to a layered or tiered approach to organizing data or processes, such as in neural networks or control systems. ""分层结构"" captures this layered concept accurately, whereas ""层次结构"" translates back to ""Hierarchy,"" which can imply a broader or more general organizational structure without the specific connotation of layers or levels that is crucial in AI contexts.
```","['Hierarchy', 'Hierarchical structure']"
73,histogram of oriented gradient,"[{'word': '方向梯度直方图', 'ratio': 0.9}, {'word': '定向梯度直方图', 'ratio': 0.1}]",定向梯度直方图,方向梯度直方图,"```
1. Candidate: 定向梯度直方图
2. Explanation: The term ""定向梯度直方图"" is a more precise translation for ""histogram of oriented gradient"" in the context of AI and computer vision. The word ""定向"" directly translates to ""oriented,"" which aligns well with the technical meaning of the term in AI, where gradients are specifically oriented in certain directions. This translation maintains the semantic integrity of the original term and is commonly used in Chinese academic and technical literature related to computer vision and image processing. The back translation also accurately reflects the original English term, ensuring contextual fit.
```","['Oriented gradient histogram', 'Oriented gradient histogram']"
74,importance sampling estimator,"[{'word': '重要性采样估计器', 'ratio': 0.6666666666666666}, {'word': '重要性抽样估计器', 'ratio': 0.3333333333333333}]",重要性抽样估计器,重要性采样估计器,"```
1. Candidate: 重要性抽样估计器
2. Explanation: The term ""importance sampling"" is commonly translated as ""重要性抽样"" in the context of AI and statistical methods. This translation aligns well with the standard terminology used in Chinese academic and technical literature. The back translation of ""重要性抽样估计器"" also accurately returns to ""importance sampling estimator,"" indicating a strong semantic and contextual fit. The use of ""抽样"" (sampling) is more precise in capturing the statistical method involved, as opposed to ""采样,"" which can be more general and less specific to the context of importance sampling in AI.
```","['importance sampling estimator', 'importance sampling estimator']"
75,instruction tuning,"[{'word': '指令微调', 'ratio': 0.6}, {'word': '指令调优', 'ratio': 0.4}]",指令调优,指令微调,"```
1. Candidate: 指令调优
2. Explanation: ""指令调优"" is the best translation for ""instruction tuning"" in the context of AI. The term ""调优"" (tuning) accurately captures the process of adjusting and optimizing instructions to improve performance, which is a common practice in AI model training. ""微调"" (fine-tuning) typically refers to a more specific process of refining a pre-trained model on a smaller dataset, which is not the primary focus here. The context provided emphasizes the diversity and effectiveness of instructions, aligning more closely with ""调优"" as it suggests a broader optimization process rather than just fine-tuning.
```","['Instruction tuning', 'Instruction fine-tuning']"
76,interest point,"[{'word': '兴趣点', 'ratio': 0.6666666666666666}, {'word': '特征点', 'ratio': 0.3333333333333333}]",特征点,兴趣点,"```
1. Candidate: 特征点
2. Explanation: The term ""interest point"" in the context of computer vision refers to specific points in an image that are used for tasks like feature matching and object recognition. ""特征点"" translates to ""feature points,"" which accurately captures the essence of these points being used as distinctive features for analysis. This term is widely used in the AI and computer vision community to describe points that are significant for processing and analysis, making it the best fit for domain-specific usage.
```","['points of interest', 'Feature points']"
77,internal regret,"[{'word': '内部遗憾', 'ratio': 0.7777777777777778}, {'word': '内部节点', 'ratio': 0.1111111111111111}, {'word': '内部后悔', 'ratio': 0.1111111111111111}]",内部后悔,内部遗憾,"```
1. Candidate: 内部后悔

2. Explanation: The term ""internal regret"" in the context of AI and game theory refers to a specific type of regret that is evaluated based on the decisions made within a strategy, as opposed to external regret which compares the strategy to an external benchmark. The candidate ""内部后悔"" directly translates to ""internal regret,"" maintaining the semantic meaning and technical specificity required in the AI domain. It accurately reflects the concept of regret associated with internal decision-making processes, making it the most contextually appropriate choice. The back translation also aligns well with the original term, ensuring consistency and clarity in communication within the field.
```","['internal node', 'Regret in my heart', 'internal regret', 'internal regret']"
78,intrinsic camera parameter,"[{'word': '内在相机参数', 'ratio': 0.6666666666666666}, {'word': '内部相机参数', 'ratio': 0.16666666666666666}, {'word': '相机内参数', 'ratio': 0.16666666666666666}]",相机内参数,内在相机参数,"```
1. Candidate: 相机内参数
2. Explanation: The term ""intrinsic camera parameter"" refers to the internal characteristics of a camera that affect how it captures images, such as focal length, optical center, and distortion coefficients. In the AI and computer vision domain, ""相机内参数"" is a widely accepted translation that accurately conveys the concept of parameters that are inherent to the camera's internal configuration. This translation is semantically accurate and aligns well with the technical usage in the context of 3D to 2D projection, as seen in the provided context. The back translation ""In-camera parameters"" also maintains the intended meaning, ensuring contextual fit.
```","['Internal camera parameters', 'In-camera parameters', 'Camera intrinsic parameters', 'intrinsic camera parameters']"
79,intrinsic image,"[{'word': '内在图像', 'ratio': 0.5555555555555556}, {'word': '本征图像', 'ratio': 0.2222222222222222}, {'word': '本质图像', 'ratio': 0.1111111111111111}, {'word': '内在意象', 'ratio': 0.1111111111111111}]",本质图像,内在图像,"```
1. Candidate: 本质图像
2. Explanation: The term ""intrinsic image"" in the context of AI and computer vision refers to a representation that separates an image into its fundamental components, such as reflectance and illumination. The candidate ""本质图像"" translates to ""essential image,"" which captures the idea of fundamental or inherent properties, aligning well with the concept of intrinsic images in AI. This translation maintains semantic accuracy and fits the domain-specific usage, as it conveys the notion of extracting essential characteristics from an image, which is crucial in understanding and processing visual data in AI systems.
```","['essential image', 'Eigenimage', 'inner image', 'inner image']"
80,k-d tree,"[{'word': 'k-d树', 'ratio': 0.7142857142857143}, {'word': 'k-d 树', 'ratio': 0.2857142857142857}]",k-d 树,k-d树,"```
1. Candidate: ""k-d 树""
2. Explanation: The candidate ""k-d 树"" is the best fit because it accurately retains the original term ""k-d tree"" in English while using the Chinese character ""树"" for ""tree,"" which is commonly used in the AI and computer science fields in Chinese literature. The use of ""k-d"" in its original form ensures that the term is easily recognizable to those familiar with the concept in both languages, maintaining semantic accuracy. Additionally, the back translation to ""k-d tree"" confirms that the meaning is preserved, making it contextually appropriate for discussions involving space partitioning techniques and the curse of dimensionality in AI.
```","['k-d tree', 'k-d tree']"
81,kernel bandwidth,"[{'word': '核带宽', 'ratio': 1.0}]",内核带宽,核带宽,"```
1. Candidate: 内核带宽
2. Explanation: The term ""kernel bandwidth"" in the context of AI, particularly in statistical methods and machine learning, refers to a parameter that influences the smoothness of the kernel function used in algorithms like kernel density estimation or support vector machines. The translation ""内核带宽"" directly translates back to ""Kernel bandwidth,"" maintaining the technical specificity and accuracy required in the AI domain. The alternative ""核带宽"" translates back to ""core bandwidth,"" which could be misleading as it might imply a more general or different technical concept not specific to the AI context. Therefore, ""内核带宽"" is the best fit for maintaining semantic accuracy and contextual relevance in AI terminology.
```","['core bandwidth', 'Kernel bandwidth']"
82,kernel evaluation,"[{'word': '核评估', 'ratio': 0.75}, {'word': '核函数评估', 'ratio': 0.125}, {'word': '核函数计算', 'ratio': 0.125}]",核函数计算,核评估,"```
1. Candidate: 核函数计算

2. Explanation: In the context of AI and machine learning, ""kernel evaluation"" often refers to the computation of kernel functions, which are used in algorithms like SVMs (Support Vector Machines) and Pegasos. The term ""核函数计算"" directly translates to ""kernel function calculation,"" which accurately captures the process of computing the kernel function values. This is crucial in algorithms that rely on kernel methods, as they often involve evaluating the kernel function multiple times. The other candidates, such as ""内核评估"" and ""核评估,"" do not specifically convey the computational aspect of kernel functions, and ""核评估"" could be misleading as it translates to ""nuclear assessment,"" which is unrelated to the AI context. Therefore, ""核函数计算"" is the most semantically accurate and contextually appropriate translation for ""kernel evaluation"" in the AI domain. 
```","['Kernel evaluation', 'Kernel function evaluation', 'Kernel function calculation', 'nuclear assessment']"
83,keypoint match,"[{'word': '关键点匹配', 'ratio': 0.875}, {'word': '特征点匹配', 'ratio': 0.125}]",特征点匹配,关键点匹配,"```
1. Candidate: 特征点匹配
2. Explanation: In the context of AI and computer vision, ""keypoint match"" refers to the process of identifying and matching distinct points of interest (features) between different images. The term ""特征点匹配"" (Feature point matching) is more precise in this domain as it emphasizes the matching of distinctive features or points, which is a common practice in techniques like Structure from Motion (SfM). ""关键点匹配"" (Key point matching) is a more general term and might not convey the specific technical nuance of feature detection and matching in computer vision tasks.
```","['Key point matching', 'Feature point matching']"
84,language representation,"[{'word': '语言表示', 'ratio': 1.0}]",语言表征,语言表示,"```
1. Candidate: 语言表征
2. Explanation: In the context of AI, ""表征"" is often used to refer to the concept of ""representation"" in a technical sense, particularly in machine learning and cognitive science, where it implies a structured or encoded form of information. ""语言表征"" aligns well with the domain-specific usage of ""language representation"" as it conveys the idea of encoding or structuring language data for computational purposes. The back translation ""linguistic representation"" also maintains the technical nuance, making it a more semantically accurate choice in the AI context compared to ""语言表示,"" which is more general and less specific to the technical domain.
```","['language representation', 'linguistic representation']"
85,latent representation,"[{'word': '潜在表示', 'ratio': 1.0}]",潜在表征,潜在表示,"```
1. Candidate: 潜在表征
2. Explanation: The term ""latent representation"" in the context of AI and machine learning refers to a hidden or underlying representation of data, often used in models like autoencoders or variational autoencoders. The translation ""潜在表征"" accurately captures this meaning, as ""表征"" is commonly used in the AI domain to denote representations or features that are not directly observable but are inferred from the data. The back translation ""latent representation"" also aligns well with the original term, ensuring semantic accuracy and contextual fit. In contrast, ""潜在表示"" translates back to ""potential representation,"" which does not convey the same technical meaning in the AI context.
```","['potential representation', 'latent representation']"
86,least square minimization,"[{'word': '最小二乘最小化', 'ratio': 0.7777777777777778}, {'word': '最小二乘法最小化', 'ratio': 0.1111111111111111}, {'word': '最小二乘最优化', 'ratio': 0.1111111111111111}]",最小二乘法最小化,最小二乘最小化,"```
1. Candidate: 最小二乘法最小化
2. Explanation: The term ""least square minimization"" refers to a mathematical optimization technique used to find the best fit for a set of data by minimizing the sum of the squares of the differences between the observed and calculated values. In the context of AI and machine learning, this technique is often used in regression analysis and other optimization problems. The candidate ""最小二乘法最小化"" directly translates to ""least squares minimization,"" maintaining both the mathematical and contextual integrity of the original term. The inclusion of ""法"" (method) emphasizes the procedural aspect of the technique, which is crucial in the AI domain where specific methods and algorithms are often discussed. The back translation also accurately reflects the original term, ensuring semantic accuracy and contextual fit.
```","['Least squares minimization', 'Least squares optimization', 'least squares minimization']"
87,linear function approximation,"[{'word': '线性函数近似', 'ratio': 0.5}, {'word': '线性函数逼近', 'ratio': 0.5}]",线性函数逼近,线性函数近似,"```
1. Candidate: 线性函数逼近
2. Explanation: In the context of AI and machine learning, ""逼近"" (approximation) is often used to describe the process of estimating a function or value that is not directly computable, which aligns well with the concept of function approximation in algorithms like TD search. ""逼近"" conveys a sense of approaching or estimating a target function, which is more precise in the context of AI where approximation methods are used to generalize between states. This makes it a better fit than ""近似,"" which is a more general term for approximation and might not capture the technical nuance as effectively.
```","['linear function approximation', 'linear function approximation']"
88,linear probe,"[{'word': '线性探测器', 'ratio': 0.6}, {'word': '线性探针', 'ratio': 0.3}, {'word': '线性探头', 'ratio': 0.1}]",线性探针,线性探测器,"```
1. Candidate: 线性探针
2. Explanation: ""线性探针"" is the best translation candidate because it directly translates to ""linear probe,"" maintaining the original term's meaning and specificity in the AI domain. In the context of AI and machine learning, a ""probe"" often refers to a diagnostic tool or method used to analyze or interpret the behavior of models, particularly neural networks. The term ""探针"" (probe) is commonly used in technical and scientific contexts to denote a tool or instrument for testing or measurement, which aligns well with the usage of ""linear probe"" in the provided context. The other candidates, ""线性探头"" and ""线性探测器,"" suggest more of a physical or hardware connotation, which is less appropriate for the abstract, analytical nature of the term in AI applications.
```","['linear probe', 'Linear probe', 'linear detector']"
89,local optima,"[{'word': '局部最优解', 'ratio': 1.0}]",局部最优,局部最优解,"```
1. Candidate: 局部最优
2. Explanation: The term ""local optima"" in the context of AI and optimization refers to solutions that are optimal within a limited region of the solution space but not necessarily the best overall. ""局部最优"" directly translates to ""local optimum,"" which accurately captures this concept without implying a definitive solution, as ""局部最优解"" (local optimal solution) might suggest. The term ""局部最优"" is more commonly used in AI literature to describe the state of being locally optimal, aligning well with the domain-specific usage and maintaining semantic accuracy in both translation and back translation.
```","['local optimal solution', 'local optimum']"
90,log-odd score,"[{'word': '对数优势分数', 'ratio': 0.5}, {'word': '对数几率得分', 'ratio': 0.3}, {'word': '对数几率评分', 'ratio': 0.1}, {'word': '对数优势比分数', 'ratio': 0.1}]",对数几率得分,对数优势分数,"```
1. Candidate: 对数几率得分
2. Explanation: The term ""log-odd score"" in the context of AI and machine learning typically refers to the logarithm of the odds ratio, which is a common concept in statistics and logistic regression. The candidate ""对数几率得分"" directly translates to ""log odds score,"" maintaining both the mathematical and contextual integrity of the term. This translation is semantically accurate and aligns well with the domain-specific usage, as it clearly conveys the concept of a score derived from the logarithm of odds, which is crucial in understanding logistic regression models and interpretability methods like SHAP. The back translation also accurately reflects the original term, ensuring consistency and clarity in communication.
```","['Log odds score', 'Logarithmic odd fraction', 'log odds score', 'Log odds score', 'Log odds ratio score']"
91,macro-action,"[{'word': '宏观动作', 'ratio': 0.8571428571428571}, {'word': '宏动作', 'ratio': 0.14285714285714285}]",宏动作,宏观动作,"```
1. Candidate: ""宏动作""
2. Explanation: ""宏动作"" is the best translation candidate for ""macro-action"" in the context of AI and machine learning. The term ""宏动作"" effectively captures the concept of a higher-level, composite action that consists of a sequence of smaller actions, which aligns with the idea of ""macro-action"" in AI planning and reinforcement learning. The term ""动作"" (action) is more commonly used in technical contexts to refer to actions or operations, making it a better fit than ""行动,"" which can imply broader, less specific actions. Additionally, ""宏动作"" maintains semantic accuracy and is more likely to be understood correctly in the AI domain, ensuring that the concept of a composite or aggregated action is conveyed accurately in Chinese.
```","['macro action', 'macro action', 'macro action']"
92,matrix-vector multiplication,"[{'word': '矩阵-向量乘法', 'ratio': 0.625}, {'word': '矩阵向量乘法', 'ratio': 0.375}]",矩阵向量乘法,矩阵-向量乘法,"```
1. Candidate: 矩阵向量乘法
2. Explanation: The term ""矩阵向量乘法"" is the most accurate translation for ""matrix-vector multiplication"" in the context of AI and mathematics. It directly translates to ""matrix-vector multiplication"" without any additional or altered meaning, ensuring semantic accuracy. The term is widely used in Chinese academic and technical literature related to AI, maintaining consistency and clarity. The back translation also confirms its accuracy, as it returns to the original English term without deviation, indicating a strong contextual fit.
```","['matrix-vector multiplication', 'Matrix-vector multiplication']"
93,model inference,"[{'word': '模型推理', 'ratio': 0.6666666666666666}, {'word': '模型推断', 'ratio': 0.3333333333333333}]",模型推断,模型推理,"```
1. Candidate: 模型推断
2. Explanation: ""模型推断"" is the best translation for ""model inference"" in the context of AI. In the AI domain, ""inference"" typically refers to the process of using a trained model to make predictions or decisions based on new data. The term ""推断"" accurately captures this meaning, as it implies drawing conclusions or making predictions based on existing information. On the other hand, ""推理"" translates to ""reasoning,"" which suggests a more general cognitive process and is less specific to the technical process of applying a model to data. Therefore, ""模型推断"" is semantically accurate and contextually appropriate for AI-related discussions.
```","['Model inference', 'Model reasoning']"
94,monotonic,"[{'word': '单调的', 'ratio': 0.7777777777777778}, {'word': '单调性', 'ratio': 0.1111111111111111}, {'word': '单调递增', 'ratio': 0.1111111111111111}]",单调性,单调的,"```
1. Candidate: ""单调性""
2. Explanation: In the context of AI and logical reasoning, ""monotonic"" often refers to the property of a system or function where the output does not decrease as the input increases, which is more about the concept of ""monotonicity"" rather than simply being ""monotonous"" or ""monotonically increasing."" The term ""单调性"" captures this abstract property, making it the most semantically accurate and contextually appropriate translation for the AI domain.
```","['monotonous', 'monotonically increasing', 'Monotonicity']"
95,multi-armed bandit,"[{'word': '多臂赌博机', 'ratio': 0.6}, {'word': '多臂老虎机', 'ratio': 0.3}, {'word': '多臂老虎机问题', 'ratio': 0.1}]",多臂老虎机问题,多臂赌博机,"```
1. Candidate: 多臂老虎机问题
2. Explanation: The term ""多臂老虎机问题"" translates to ""multi-armed bandit problem,"" which accurately captures the essence of the original English term within the context of AI and reinforcement learning. The term ""老虎机"" (slot machine) is commonly used in Chinese to describe the concept of a bandit in this context, as it metaphorically represents the idea of pulling different levers (arms) to achieve the best outcome. The inclusion of ""问题"" (problem) aligns with the standard terminology used in academic and technical discussions about the multi-armed bandit problem, emphasizing its nature as a problem to be solved. This candidate maintains both semantic accuracy and contextual fit, making it the best choice for domain-specific usage in AI.
```","['Multi-armed bandit problem', 'multi-armed bandit', 'multi-armed bandit', 'multi-arm gambling machine']"
96,multi-class,"[{'word': '多类别', 'ratio': 0.6}, {'word': '多类', 'ratio': 0.3}, {'word': '多类别的', 'ratio': 0.1}]",多类,多类别,"```
1. Candidate: 多类
2. Explanation: The term ""多类"" is the best fit for translating ""multi-class"" in the context of AI, particularly in machine learning and image processing. ""多类"" directly translates to ""multiple classes,"" which aligns well with the technical usage in AI where ""multi-class"" refers to problems involving more than two classes or categories. This term is commonly used in the AI domain to describe algorithms or models that can handle multiple categories simultaneously, such as multi-class classification problems. The other candidates, ""多类别"" and ""多类别的,"" while similar, can imply a broader or less specific meaning, potentially leading to confusion in technical contexts where precision is crucial.
```","['Multiple categories', 'multi-category', 'Multiple categories']"
97,multi-class logistic regression,"[{'word': '多类别逻辑回归', 'ratio': 0.7}, {'word': '多类逻辑回归', 'ratio': 0.3}]",多类逻辑回归,多类别逻辑回归,"```
1. Candidate: 多类逻辑回归
2. Explanation: The term ""多类逻辑回归"" is the best fit for translating ""multi-class logistic regression"" in the context of AI and machine learning. This translation accurately captures the concept of handling multiple classes in a classification problem, which is a common task in machine learning. The back translation ""multiclass logistic regression"" closely matches the original English term, ensuring semantic accuracy and contextual fit. In contrast, ""多类别逻辑回归"" translates back to ""multi-category logistic regression,"" which, while similar, may imply a broader or slightly different categorization concept not as tightly aligned with the specific AI terminology of ""multi-class"" classification tasks.
```","['multi-category logistic regression', 'multiclass logistic regression']"
98,multiclass classifier,"[{'word': '多类分类器', 'ratio': 0.5555555555555556}, {'word': '多分类分类器', 'ratio': 0.2222222222222222}, {'word': '多类别分类器', 'ratio': 0.2222222222222222}]",多类别分类器,多类分类器,"```
1. Candidate: 多类别分类器
2. Explanation: The term ""多类别分类器"" is the best fit for ""multiclass classifier"" in the AI domain. This translation accurately captures the concept of handling multiple categories or classes, which is essential in machine learning contexts. The term ""类别"" (category) is more precise and commonly used in technical discussions about classification tasks in AI, ensuring semantic accuracy and contextual fit. Additionally, the back translation to ""multi-class classifier"" maintains the intended meaning, confirming its appropriateness for the domain-specific usage.
```","['multi-class classifier', 'multi-class classifier', 'multi-class classifier']"
99,mutex,"[{'word': '互斥锁', 'ratio': 0.9}, {'word': '互斥量', 'ratio': 0.1}]",互斥量,互斥锁,"```
1. Candidate: 互斥量
2. Explanation: The term ""mutex"" in the context of AI and computer science typically refers to a mutual exclusion object that prevents concurrent processes from entering a critical section of code simultaneously. The candidate ""互斥量"" directly translates to ""mutex"" and is widely used in technical literature to denote this concept. It accurately captures the essence of a mutex as a synchronization primitive without introducing additional connotations, such as ""lock,"" which might imply a broader or slightly different mechanism. The back translation to ""mutex"" confirms its semantic accuracy and contextual fit within the AI domain.
```","['mutex', 'mutex lock', 'mutex']"
100,normalized cut,"[{'word': '归一化切割', 'ratio': 0.6}, {'word': '归一化割', 'ratio': 0.4}]",归一化割,归一化切割,"```
1. Candidate: 归一化割
2. Explanation: The term ""归一化割"" is the best fit for translating ""normalized cut"" in the context of AI and image processing. In the AI domain, ""normalized cut"" refers to a specific graph partitioning method used in image segmentation. The term ""割"" (cut) is more precise and commonly used in mathematical and algorithmic contexts to describe the action of partitioning or dividing, which aligns well with the technical nature of the ""normalized cut"" algorithm. The back translation ""normalized cut"" confirms the semantic accuracy and contextual fit, ensuring that the term is understood correctly in both languages within the AI field.
```","['normalized cut', 'normalized cut']"
101,one-hot representation,"[{'word': '独热表示', 'ratio': 0.8}, {'word': '独热编码表示', 'ratio': 0.1}, {'word': '独热表示法', 'ratio': 0.1}]",独热编码表示,独热表示,"```
1. Candidate: 独热编码表示
2. Explanation: The term ""one-hot representation"" in the context of AI and machine learning refers to a way of representing categorical data as binary vectors. The candidate ""独热编码表示"" translates to ""one-hot encoding representation,"" which accurately captures the essence of the term in the AI domain. The inclusion of ""编码"" (encoding) is crucial as it reflects the process of converting categorical variables into a binary format, which is a common practice in machine learning for feature representation. This candidate maintains both semantic accuracy and contextual fit, as it aligns with the technical usage of the term in AI, ensuring that the concept of encoding is clearly communicated.
```","['one hot notation', 'One-hot encoding representation', 'Single hot expression']"
102,ontology-mediated query,"[{'word': '本体中介查询', 'ratio': 0.6}, {'word': '本体介导查询', 'ratio': 0.3}, {'word': '基于本体的查询', 'ratio': 0.1}]",本体介导查询,本体中介查询,"```
1. Candidate: 本体介导查询
2. Explanation: The term ""ontology-mediated query"" refers to queries that are enhanced or facilitated by an ontology, which is a formal representation of knowledge within a domain. In the context of AI and description logics, ""介导"" (mediated) accurately captures the role of the ontology in facilitating the query process. The candidate ""本体介导查询"" directly translates to ""ontology-mediated query"" without introducing additional meanings or altering the original concept, ensuring both semantic accuracy and contextual fit within the AI domain. The back translation also aligns perfectly with the original term, confirming its precision and appropriateness for domain-specific usage.
```","['ontology-mediated query', 'ontology-mediated query', 'Ontology intermediary query', 'Ontology-based queries']"
103,open set,"[{'word': '开集', 'ratio': 0.8}, {'word': '开放集', 'ratio': 0.1}, {'word': '本体中介查询', 'ratio': 0.1}]",开放集,开集,"```
1. Candidate: 开放集
2. Explanation: ""开放集"" is the best translation candidate because it directly translates to ""open set"" and is commonly used in mathematical and topological contexts in Chinese. The term ""开集"" is also correct but less commonly used in formal mathematical texts. ""本体中介查询"" is unrelated to the concept of an open set in topology and refers to ontology queries, which is not relevant in this context. Therefore, ""开放集"" maintains both semantic accuracy and contextual fit within the AI and mathematical domain.
```","['open set', 'Ontology intermediary query', 'open set']"
104,paraphrase,"[{'word': '释义', 'ratio': 0.6}, {'word': '同义改写', 'ratio': 0.2}, {'word': '同义句', 'ratio': 0.2}]",同义改写,释义,"```
1. Candidate: 同义改写
2. Explanation: The term ""paraphrase"" in the context of AI, especially in natural language processing (NLP), refers to the task of rephrasing a sentence or text while preserving its original meaning. ""同义改写"" directly translates to ""synonymous rewriting,"" which accurately captures the essence of paraphrasing as it involves rewriting with the same meaning. This candidate is more precise than ""同义句"" (synonyms), which could imply a single word or phrase rather than a sentence or text, and ""释义"" (definition), which suggests explaining or defining rather than rephrasing. Therefore, ""同义改写"" is the best fit for the AI domain-specific usage of ""paraphrase.""
```","['Synonyms', 'synonymous rewriting', 'Definition']"
105,pattern profile,"[{'word': '模式概况', 'ratio': 0.5555555555555556}, {'word': '模式轮廓', 'ratio': 0.2222222222222222}, {'word': '模式特征', 'ratio': 0.2222222222222222}]",模式特征,模式概况,"```
1. Candidate: 模式特征
2. Explanation: ""模式特征"" translates to ""pattern characteristics,"" which accurately captures the essence of ""pattern profile"" in the AI domain. The term ""profile"" in this context refers to the detailed characteristics or features of a pattern, particularly its distribution and structure, as described in the provided context. This translation aligns well with the idea of encoding the distribution of subpatterns, which is crucial for understanding the semantic depth of patterns in AI models. The other candidates, such as ""模式概况"" (schema overview) and ""模式轮廓"" (pattern outline), do not convey the same level of detail and specificity required for the term ""pattern profile"" in this context.
```","['Schema overview', 'pattern outline', 'pattern outline', 'pattern characteristics']"
106,pattern summarization,"[{'word': '模式摘要', 'ratio': 0.5555555555555556}, {'word': '模式总结', 'ratio': 0.2222222222222222}, {'word': '模式概括', 'ratio': 0.2222222222222222}]",模式总结,模式摘要,"```
1. Candidate: 模式总结
2. Explanation: ""模式总结"" is the best translation candidate for ""pattern summarization"" in the context of AI. The term ""总结"" (summary) accurately captures the essence of summarizing or condensing information, which aligns with the purpose of pattern summarization in AI—condensing complex data patterns into a more understandable form. The back translation ""Pattern summary"" closely matches the original English term, ensuring semantic accuracy and contextual fit. In contrast, ""模式概括"" (pattern generalization) suggests a broader abstraction process, which may not fully convey the specific task of summarizing patterns. ""模式摘要"" (schema summary) introduces the concept of a schema, which is not directly relevant to the context provided. Therefore, ""模式总结"" is the most precise and contextually appropriate translation in the AI domain.
```","['pattern generalization', 'Pattern summary', 'Schema summary']"
107,payoff function,"[{'word': '收益函数', 'ratio': 0.7}, {'word': '支付函数', 'ratio': 0.2}, {'word': 'payoff函数', 'ratio': 0.1}]",payoff函数,收益函数,"```
1. Candidate: payoff函数
2. Explanation: The term ""payoff function"" in the context of AI and game theory often refers to a mathematical function that represents the gain or loss associated with a particular strategy or action. The candidate ""payoff函数"" retains the original English term ""payoff,"" which is common in technical fields to maintain precision and clarity, while appending ""函数"" (function) to denote its mathematical nature. This choice avoids potential misinterpretations that could arise from translating ""payoff"" into a more general term like ""支付"" (payment) or ""收益"" (revenue), which might not accurately capture the specific meaning in the context of AI and game theory. Additionally, ""payoff函数"" is consistent with the practice of using English terms in Chinese technical literature when no precise equivalent exists, ensuring semantic accuracy and contextual fit.
```","['Payoff function', 'payoff function', 'revenue function']"
108,perceptual feature,"[{'word': '感知特征', 'ratio': 1.0}]",知觉特征,感知特征,"```
1. Candidate: 知觉特征
2. Explanation: The term ""perceptual feature"" in the context of AI refers to the elements or attributes that are perceived by a system, often related to sensory input processing. ""知觉特征"" directly translates to ""perceptual features,"" maintaining the specificity and technical accuracy needed in AI terminology. It aligns well with the domain-specific usage, as it emphasizes the features related to perception, which is crucial in AI systems that process sensory data. The back translation also accurately reflects the original term, ensuring semantic consistency.
```","['perceptual characteristics', 'perceptual features']"
109,presence penalty,"[{'word': '存在惩罚', 'ratio': 0.8888888888888888}, {'word': '出现惩罚', 'ratio': 0.1111111111111111}]",出现惩罚,存在惩罚,"```
1. Candidate: ""出现惩罚""
2. Explanation: ""出现惩罚"" is the best fit because ""出现"" (appearance) aligns more closely with the concept of ""presence"" in AI terminology, which refers to the occurrence or presence of certain tokens in the output. This term is used to adjust the likelihood of a token being present in the generated text, which is accurately captured by ""出现"" rather than ""存在"" (existence), which is more general and less specific to the context of AI-generated content.
```","['Penalty occurs', 'There is punishment']"
110,projective dependency parsing,"[{'word': '投影依赖解析', 'ratio': 0.5}, {'word': '投影依存句法分析', 'ratio': 0.3}, {'word': '投影依存解析', 'ratio': 0.2}]",投影依存句法分析,投影依赖解析,"```
1. Candidate: 投影依存句法分析
2. Explanation: The term ""projective dependency parsing"" refers to a specific type of syntactic analysis in computational linguistics, where the structure of a sentence is represented as a tree with dependencies that do not cross each other. The candidate ""投影依存句法分析"" translates back to ""Projective dependency syntax analysis,"" which accurately captures the syntactic nature of the term. The inclusion of ""句法"" (syntax) is crucial as it aligns with the domain-specific usage in AI and computational linguistics, where parsing is often associated with syntactic analysis. This makes it the most semantically accurate and contextually fitting translation among the candidates.
```","['Projection dependency analysis', 'Projective dependency syntax analysis', 'Projection dependency resolution', 'Projection dependency analysis']"
111,projective parsing,"[{'word': '投影解析', 'ratio': 0.6666666666666666}, {'word': '投影分析', 'ratio': 0.16666666666666666}, {'word': '投射解析', 'ratio': 0.16666666666666666}]",投射解析,投影解析,"```
1. Candidate: 投射解析
2. Explanation: ""投射解析"" is the best translation candidate for ""projective parsing"" because it accurately captures the concept of ""projective"" in the context of parsing within computational linguistics. In AI and natural language processing, ""projective parsing"" refers to a method where the parse tree can be drawn without crossing branches, aligning with the notion of ""projection"" in geometry. The term ""投射"" (projection) is semantically appropriate as it conveys the idea of projecting or mapping structures in a way that maintains certain properties, which is crucial in parsing algorithms. Additionally, the back translation ""Projection analysis"" closely aligns with the original term, ensuring contextual fit and semantic accuracy in the AI domain.
```","['Projection analysis', 'projection analysis', 'Projection analysis']"
112,quantal response equilibrium,"[{'word': '量子反应均衡', 'ratio': 0.8}, {'word': '量子响应均衡', 'ratio': 0.2}]",量子响应均衡,量子反应均衡,"```
1. Candidate: 量子响应均衡
2. Explanation: The term ""quantal response equilibrium"" in the context of game theory and AI refers to a model where players make decisions with some probability of error, reflecting bounded rationality. The candidate ""量子响应均衡"" accurately captures the concept of ""response"" and ""equilibrium"" in a way that aligns with the AI domain's understanding of equilibrium states. The term ""均衡"" (equalization) is more appropriate than ""平衡"" (balance) or ""反应"" (reaction) because it conveys the idea of a stable state or equilibrium in strategic decision-making, which is crucial in the context of game theory. Additionally, the back translation ""Quantum response equalization"" closely aligns with the original term, maintaining semantic accuracy and contextual fit.
```","['Quantum response balance', 'Quantum response equalization', 'Quantum reaction equilibrium']"
113,randomized algorithm,"[{'word': '随机化算法', 'ratio': 0.8571428571428571}, {'word': '随机算法', 'ratio': 0.14285714285714285}]",随机算法,随机化算法,"```
1. Candidate: 随机算法
2. Explanation: ""随机算法"" is the best translation for ""randomized algorithm"" in the context of AI and computer science. This term is widely used in Chinese technical literature to refer to algorithms that incorporate randomness as part of their logic. The back translation ""random algorithm"" accurately captures the intended meaning without introducing unnecessary complexity. In contrast, ""随机化算法"" suggests a process of randomization rather than the algorithm itself, which may not align as closely with the standard terminology used in the AI domain.
```","['randomization algorithm', 'random algorithm']"
114,reparameterization trick,"[{'word': '重新参数化技巧', 'ratio': 0.8571428571428571}, {'word': '重参数化技巧', 'ratio': 0.14285714285714285}]",重参数化技巧,重新参数化技巧,"```
1. Candidate: ""重参数化技巧""
2. Explanation: ""重参数化技巧"" is the best fit because it directly translates to ""reparameterization techniques,"" which aligns well with the AI domain-specific usage. The term ""重参数化"" is commonly used in Chinese AI literature to describe the process of reparameterization, which is a technique used to reduce variance in gradient estimations, as mentioned in the context. The back translation maintains the original meaning, ensuring semantic accuracy and contextual fit.
```","['Reparameterization techniques', 'Reparameterization techniques']"
115,reprojection error,"[{'word': '重新投影误差', 'ratio': 0.875}, {'word': '重投影误差', 'ratio': 0.125}]",重投影误差,重新投影误差,"```
1. Candidate: 重投影误差
2. Explanation: Both ""重新投影误差"" and ""重投影误差"" translate back to ""reprojection error,"" but ""重投影误差"" is more commonly used in the AI and computer vision fields. The term ""重投影误差"" directly captures the concept of projecting a 3D point back into 2D space and measuring the error, which is a standard procedure in tasks like triangulation and camera calibration. The prefix ""重"" (re-) in ""重投影误差"" accurately conveys the idea of re-projecting, aligning well with the technical context provided.
```","['reprojection error', 'reprojection error']"
116,rule body,"[{'word': '规则主体', 'ratio': 0.5714285714285714}, {'word': '规则体', 'ratio': 0.42857142857142855}]",规则体,规则主体,"```
1. Candidate: 规则体
2. Explanation: The term ""规则体"" is the best fit for translating ""rule body"" in the context of AI and programming. In the domain of logic programming and rule-based systems, ""规则体"" accurately captures the concept of the body of a rule, which consists of conditions or predicates that must be satisfied. The back translation ""Rule body"" aligns well with the original English term, ensuring semantic accuracy. On the other hand, ""规则主体"" translates to ""Rule subject,"" which implies a different meaning and does not accurately reflect the technical concept of a rule's body in AI contexts.
```","['Rule body', 'Rule subject']"
117,semidefinite program,"[{'word': '半正定程序', 'ratio': 0.5}, {'word': '半正定规划', 'ratio': 0.5}]",半正定规划,半正定程序,"```
1. Candidate: 半正定规划
2. Explanation: ""半正定规划"" is the best translation for ""semidefinite program"" in the context of AI and optimization. This term accurately captures the mathematical nature of semidefinite programming, which is a subset of convex optimization problems. The term ""规划"" (programming) is commonly used in mathematical optimization contexts in Chinese, aligning well with the English term ""program."" The back translation ""semi-definite programming"" closely matches the original term, ensuring semantic accuracy and contextual fit within the AI domain.
```","['positive semi-definite program', 'semi-definite planning', 'semi-definite programming']"
118,sentiment transfer,"[{'word': '情感转移', 'ratio': 0.5}, {'word': '情感迁移', 'ratio': 0.3333333333333333}, {'word': '情感传递', 'ratio': 0.16666666666666666}]",情感迁移,情感转移,"```
1. Candidate: 情感迁移
2. Explanation: ""情感迁移"" is the best translation candidate for ""sentiment transfer"" in the context of AI and text style transfer. The term ""迁移"" (transfer) accurately captures the concept of changing or transferring sentiment from one form to another while maintaining the original content, which aligns with the AI task of modifying text sentiment. ""迁移"" is commonly used in AI terminology, such as ""迁移学习"" (transfer learning), indicating a change or adaptation process, making it semantically accurate and contextually appropriate for the domain-specific usage.
```","['emotional transfer', 'Emotional transmission', 'emotional transfer']"
119,similarity measure,"[{'word': '相似度度量', 'ratio': 0.5}, {'word': '相似性度量', 'ratio': 0.375}, {'word': '相似度量', 'ratio': 0.125}]",相似性度量,相似度度量,"```
1. Candidate: 相似性度量
2. Explanation: ""相似性度量"" is the best translation candidate because it accurately captures the concept of ""similarity measure"" in the context of AI and data science. The term ""相似性"" (similarity) directly corresponds to the notion of similarity in mathematical and computational contexts, while ""度量"" (measure) is a standard term used in mathematics and statistics to denote a quantitative assessment. This translation maintains semantic accuracy and is widely recognized in the AI domain, ensuring that it fits well within the context of similarity measures used in algorithms and data analysis.
```","['similarity measure', 'similarity measure', 'Similarity measure']"
120,skip-gram model,"[{'word': '跳字模型', 'ratio': 0.6}, {'word': '跳跃词模型', 'ratio': 0.2}, {'word': '跳词模型', 'ratio': 0.2}]",跳词模型,跳字模型,"```
1. Candidate: 跳词模型
2. Explanation: The term ""skip-gram model"" in the context of AI and natural language processing refers to a model used to predict the context words surrounding a target word within a certain window. The candidate ""跳词模型"" directly translates to ""word skip model,"" which accurately captures the essence of the skip-gram model's function—skipping over words to predict surrounding context. This translation maintains the semantic integrity of the original term and aligns well with the AI domain-specific usage, as it focuses on the word-level operation of the model, which is crucial for understanding its application in word embeddings and language modeling.
```","['Jump word model', 'skip syntax model', 'word skip model', 'word skip model']"
121,softmax function,"[{'word': 'softmax函数', 'ratio': 0.5}, {'word': '軟最大函數', 'ratio': 0.16666666666666666}, {'word': 'Softmax 函数', 'ratio': 0.16666666666666666}, {'word': 'softmax 函数', 'ratio': 0.16666666666666666}]",softmax 函数,softmax函数,"```
1. Candidate: ""softmax 函数""

2. Explanation: The term ""softmax 函数"" is the best translation candidate because it retains the original English term ""softmax"" in its transliterated form, which is commonly used and widely recognized in the AI and machine learning communities in Chinese-speaking regions. This ensures semantic accuracy and consistency with the technical terminology used in the field. The back translation as ""softmax function"" confirms that the meaning is preserved without introducing ambiguity. In the context of AI, where specific functions and algorithms are often referred to by their original English names, using ""softmax 函数"" aligns with the standard practice and ensures clarity and understanding among professionals in the domain.
```","['soft max function', 'softmax function', 'Softmax function', 'softmax function', 'soft max function']"
122,softmax loss,"[{'word': 'softmax损失', 'ratio': 0.5}, {'word': '軟最大損失', 'ratio': 0.16666666666666666}, {'word': 'Softmax 损失', 'ratio': 0.16666666666666666}, {'word': 'softmax 损失', 'ratio': 0.16666666666666666}]",softmax 损失,softmax损失,"```
1. Candidate: ""softmax 损失""

2. Explanation: The term ""softmax loss"" is a specific term in the AI and machine learning domain, referring to a loss function used in classification tasks. The candidate ""softmax 损失"" retains the original English term ""softmax"" while translating ""loss"" to ""损失,"" which is the standard translation for ""loss"" in Chinese. This preserves the technical specificity and accuracy of the term, ensuring that it is understood correctly in the context of AI. The back translation also accurately returns to ""softmax loss,"" confirming its semantic accuracy and contextual fit.
```","['Softmax loss', 'Soft maximum loss', 'softmax loss', 'Soft maximum loss', 'softmax loss']"
123,spectral embedding,"[{'word': '谱嵌入', 'ratio': 1.0}]",光谱嵌入,谱嵌入,"```
1. Candidate: 光谱嵌入
2. Explanation: ""光谱嵌入"" is the best translation for ""spectral embedding"" in the context of AI and machine learning. This term accurately captures the concept of using spectral methods, which involve eigenvectors and eigenvalues, to reduce the dimensionality of data. The term ""光谱"" (spectrum) is commonly used in Chinese to refer to spectral methods in mathematics and physics, aligning well with the domain-specific usage. Additionally, the back translation to ""Spectral embedding"" maintains the original meaning, ensuring semantic accuracy and contextual fit.
```","['Spectral embedding', 'spectral embedding']"
124,spectral learning,"[{'word': '谱学习', 'ratio': 0.8571428571428571}, {'word': '谱间隙', 'ratio': 0.14285714285714285}]",光谱学习,谱学习,"```
1. Candidate: 光谱学习
2. Explanation: ""光谱学习"" is the best translation candidate for ""spectral learning"" in the context of AI and machine learning. This term directly translates to ""spectral learning"" in English, maintaining both semantic accuracy and contextual fit. In the AI domain, ""spectral learning"" refers to methods that involve spectral analysis or decomposition, often using eigenvalues and eigenvectors, which is accurately captured by ""光谱"" (spectrum). The other candidates, ""谱间隙"" (spectral gap) and ""谱学习"" (spectrum learning), either refer to a different concept or do not fully capture the intended meaning of spectral methods used in machine learning algorithms.
```","['Spectral learning', 'spectral gap', 'spectrum learning']"
125,state of the art algorithm,"[{'word': '最先进算法', 'ratio': 0.5714285714285714}, {'word': '先进算法', 'ratio': 0.42857142857142855}]",最先进的算法,最先进算法,"```
1. Candidate: 最先进的算法
2. Explanation: The candidate ""最先进的算法"" is the best fit because it accurately captures the meaning of ""state of the art algorithm"" in the context of AI, where ""state of the art"" refers to the most advanced and cutting-edge technology available. The back translation ""State-of-the-art algorithms"" aligns well with the original English term, ensuring semantic accuracy and contextual fit within the AI domain. This translation is commonly used in technical and academic settings to denote the highest level of technological advancement.
```","['Advanced algorithm', 'State-of-the-art algorithms', 'State-of-the-art algorithms']"
126,state transition,"[{'word': '状态转移', 'ratio': 0.6666666666666666}, {'word': '状态转换 如果您有其他问题或需要进一步的帮助，请告诉我！', 'ratio': 0.16666666666666666}, {'word': '状态转换', 'ratio': 0.16666666666666666}]",状态转换,状态转移,"```
1. Candidate: ""状态转换""
2. Explanation: The term ""状态转换"" is the best fit for translating ""state transition"" in the context of AI and computer science. This translation accurately captures the concept of a change from one state to another within a system, which is a common notion in AI, particularly in areas like state machines, search algorithms, and reinforcement learning. The back translation ""state transition"" confirms its semantic accuracy and contextual fit, ensuring that the meaning is preserved in both languages. The other candidate ""状态转移"" (state transfer) could imply a more physical or data-oriented transfer rather than a logical change of state, which might not align as closely with the intended AI-specific usage.
```","['State Transitions If you have other questions or need further assistance, please let me know!', 'state transfer', 'state transition']"
127,stereo pair,"[{'word': '立体对', 'ratio': 0.7777777777777778}, {'word': '立体像对', 'ratio': 0.1111111111111111}, {'word': '立体图像对', 'ratio': 0.1111111111111111}]",立体像对,立体对,"```
1. Candidate: 立体像对
2. Explanation: The term ""立体像对"" is the best fit for translating ""stereo pair"" in the context of AI and computer vision. This term accurately conveys the concept of a pair of images used for stereoscopic vision, which is crucial in depth estimation and 3D reconstruction tasks. The back translation ""Stereo pair"" confirms its semantic accuracy. Other candidates like ""立体图像对"" are also close but slightly redundant, as ""像"" already implies ""image"" in this context. ""立体声对"" is incorrect as it refers to audio rather than visual imagery. Therefore, ""立体像对"" is the most precise and contextually appropriate translation for AI domain-specific usage.
```","['Stereo pair', 'Stereo image pair', 'Stereo pair', 'stereo pair']"
128,stochastic gradient method,"[{'word': '随机梯度方法', 'ratio': 0.8333333333333334}, {'word': '随机梯度法', 'ratio': 0.16666666666666666}]",随机梯度法,随机梯度方法,"```
1. Candidate: 随机梯度法

2. Explanation: ""随机梯度法"" is the best translation candidate because it is a widely accepted term in the Chinese AI and machine learning community for ""stochastic gradient method."" The term ""法"" (method) is often used in mathematical and algorithmic contexts to denote a specific approach or technique, aligning well with the English usage of ""method."" Additionally, the back translation perfectly matches the original term, ensuring semantic accuracy and contextual fit. In the AI domain, precision in terminology is crucial, and ""随机梯度法"" maintains the technical integrity and clarity needed for understanding and communication among professionals.
```","['stochastic gradient method', 'stochastic gradient method']"
129,structured perceptron,"[{'word': '结构化感知器', 'ratio': 0.7142857142857143}, {'word': '结构感知机', 'ratio': 0.14285714285714285}, {'word': '结构化感知机', 'ratio': 0.14285714285714285}]",结构化感知机,结构化感知器,"```
1. Candidate: 结构化感知机
2. Explanation: The term ""structured perceptron"" in the AI domain refers to a type of perceptron model that is designed to handle structured outputs, such as sequences or trees, rather than simple binary or multi-class outputs. The candidate ""结构化感知机"" accurately captures this meaning, as ""结构化"" translates to ""structured,"" and ""感知机"" is a common translation for ""perceptron."" This candidate maintains both semantic accuracy and contextual fit, as evidenced by the back translation also being ""structured perceptron."" The other candidates either miss the ""structured"" aspect or do not align as well with the standard terminology used in AI literature.
```","['structure perceptron', 'structured perceptron', 'structured perceptron']"
130,surrogate function,"[{'word': '替代函数', 'ratio': 0.5}, {'word': '代理函数', 'ratio': 0.5}]",代理函数,替代函数,"```
1. Candidate: 代理函数
2. Explanation: In the context of AI and optimization, ""surrogate function"" often refers to a function used to approximate or replace another function to simplify analysis or computation. The term ""代理函数"" directly translates to ""proxy function,"" which aligns well with the concept of a surrogate in AI, where a proxy is used to represent or approximate another entity. This translation maintains the semantic accuracy and contextual fit within the AI domain, as it conveys the idea of a function acting on behalf of another, which is crucial in optimization and machine learning contexts.
```","['proxy function', 'Substitution function']"
131,syntactic category,"[{'word': '句法类别', 'ratio': 1.0}]",句法范畴,句法类别,"```
1. Candidate: 句法范畴
2. Explanation: The term ""syntactic category"" in the context of linguistics and AI refers to a classification of words based on their syntactic properties, such as nouns, verbs, adjectives, etc. The candidate ""句法范畴"" is a more precise translation in this context because ""范畴"" (category) is often used in linguistic and philosophical contexts to denote a conceptual classification, aligning well with the idea of syntactic categories in AI and linguistics. ""类别"" (category) is more general and can refer to any kind of grouping, which might not capture the specific linguistic nuance as effectively as ""范畴"". Additionally, ""句法范畴"" is a commonly used term in Chinese linguistic literature, ensuring both semantic accuracy and contextual fit.
```","['syntactic categories', 'syntactic categories']"
132,tagger,"[{'word': '标注器', 'ratio': 0.8571428571428571}, {'word': '词性标注器', 'ratio': 0.14285714285714285}]",词性标注器,标注器,"```
1. Candidate: ""词性标注器""
2. Explanation: The term ""tagger"" in the context of AI and natural language processing typically refers to a ""part-of-speech tagger,"" which is a tool used to assign parts of speech to words in a text. In the provided contexts, the first context discusses syntactic agreement and parts of speech, while the second context involves labeling for a graph, both of which align with the function of a part-of-speech tagger. The candidate ""词性标注器"" directly translates to ""part-of-speech tagger,"" making it semantically accurate and contextually appropriate for the AI domain-specific usage.
```","['tagger', 'tagger', 'part-of-speech tagger']"
133,target token,"[{'word': '目标标记', 'ratio': 0.8571428571428571}, {'word': '目标词元', 'ratio': 0.14285714285714285}]",目标词元,目标标记,"```
1. Candidate: 目标词元
2. Explanation: The term ""目标词元"" is the best fit for ""target token"" in the context of AI and natural language processing. In this domain, ""token"" often refers to a unit of text, such as a word or subword, that is processed by models. ""词元"" accurately captures this meaning as it refers to a linguistic unit or element, aligning well with the concept of a token in AI. The back translation ""target word element"" also maintains the semantic integrity of the original term, ensuring contextual fit and accuracy in translation.
```","['target word element', 'target mark', 'target token']"
134,transformation function,"[{'word': '转换函数', 'ratio': 0.5}, {'word': '变换函数', 'ratio': 0.5}]",变换函数,转换函数,"```
1. Candidate: 变换函数
2. Explanation: The term ""变换函数"" is the best fit for ""transformation function"" in the context of AI and machine learning. In the provided contexts, the term refers to a mathematical function that alters or transforms data or labels, which aligns well with the meaning of ""变换"" (transformation). This term is commonly used in technical literature to describe functions that modify data representations or states, making it semantically accurate and contextually appropriate. The back translation of ""变换函数"" as ""transformation function"" also confirms its accuracy and suitability in the AI domain.
```","['conversion function', 'transformation function']"
135,value network,"[{'word': '值网络', 'ratio': 0.8333333333333334}, {'word': '价值网络', 'ratio': 0.16666666666666666}]",价值网络,值网络,"```
1. Candidate: 价值网络
2. Explanation: ""价值网络"" is the best translation for ""value network"" in the context of AI and machine learning. The term ""价值"" (value) aligns more closely with the concept of evaluating or estimating the worth or utility of states or actions within a network, which is a common interpretation in AI contexts. ""值"" (value) can be more ambiguous and might refer to numerical values or variables, which could lead to confusion. The back translation of ""价值网络"" as ""value network"" maintains the intended meaning and fits well within the domain-specific usage, ensuring semantic accuracy and contextual fit.
```","['value network', 'value network']"
136,zero-one loss,"[{'word': '零一损失', 'ratio': 0.75}, {'word': '0-1损失', 'ratio': 0.25}]",0-1损失,零一损失,"```
1. Candidate: ""0-1损失""
2. Explanation: The term ""0-1损失"" is the best translation candidate for ""zero-one loss"" in the context of AI and machine learning. This is because ""0-1损失"" directly corresponds to the notation ""0−1"" used in the original English text, which is a common representation in mathematical and AI literature. The back translation ""0-1 loss"" accurately reflects the original term, maintaining semantic accuracy and contextual fit. In AI, ""0-1损失"" is widely recognized and used to describe a specific type of loss function that evaluates the accuracy of a model by assigning a loss of 0 for correct predictions and 1 for incorrect ones, aligning well with the domain-specific usage.
```","['0-1 loss', 'zero one loss']"
137,A2C,"[{'word': 'A2C', 'ratio': 0.7777777777777778}, {'word': '他住过', 'ratio': 0.1111111111111111}, {'word': '优势-价值', 'ratio': 0.1111111111111111}]",优势-价值,A2C,"```
1. Candidate: 优势-价值
2. Explanation: The term ""A2C"" in the context of AI refers to ""Advantage Actor-Critic,"" a reinforcement learning algorithm. The translation ""优势-价值"" accurately captures the essence of the A2C algorithm by focusing on the ""advantage"" aspect, which is a key component of the algorithm's function. This translation maintains semantic accuracy and aligns well with the AI domain-specific usage, as it reflects the core concept of advantage estimation used in A2C. The back translation ""Advantage-Value"" also supports this contextual fit, ensuring that the meaning is preserved across languages.
```","['Advantage-Value', 'A2C', 'he lived']"
138,Bernoulli,"[{'word': '伯努利', 'ratio': 0.8}, {'word': '伯努利分布', 'ratio': 0.2}]",伯努利分布,伯努利,"```
1. Candidate: 伯努利分布
2. Explanation: The term ""Bernoulli"" in the given context refers to a Bernoulli distribution, which is a fundamental concept in probability theory and statistics, often used in AI for binary decision-making processes. The context involves sampling and decision-making based on probabilities, which aligns with the use of a Bernoulli distribution. The translation ""伯努利分布"" explicitly conveys this statistical concept, ensuring semantic accuracy and contextual fit within the AI domain. The back translation to ""Bernoulli distribution"" confirms the intended meaning, making it the best fit for the AI-specific usage.
```","['Bernoulli', 'Bernoulli distribution']"
139,Euclidean distance,"[{'word': '欧几里得距离', 'ratio': 0.9}, {'word': '欧氏距离', 'ratio': 0.1}]",欧氏距离,欧几里得距离,"```
1. Candidate: 欧氏距离
2. Explanation: ""欧氏距离"" is the more commonly used term in Chinese for ""Euclidean distance"" within the context of mathematics and AI. It is widely recognized and used in academic and technical literature, ensuring semantic accuracy. The back translation to ""Euclidean distance"" confirms its correctness and contextual fit, making it the best choice for AI domain-specific usage.
```","['Euclidean distance', 'Euclidean distance']"
140,Hedge algorithm,"[{'word': '对冲算法', 'ratio': 0.8}, {'word': 'Hedge算法', 'ratio': 0.1}, {'word': '算法', 'ratio': 0.1}]",Hedge算法,对冲算法,"```
1. Candidate: ""Hedge算法""
2. Explanation: ""Hedge算法"" is the best translation candidate because it retains the original English term ""Hedge"" while appending ""算法"" (algorithm) to indicate its nature as an algorithm. This is a common practice in the AI domain where specific algorithm names are often left untranslated to preserve their identity and recognition within the global research community. The term ""Hedge"" is a well-known algorithm in online learning and machine learning contexts, and keeping it in English ensures that it is immediately recognizable to those familiar with the literature, such as the works by Littlestone and Warmuth, and Freund and Schapire. The back translation as ""Hedge algorithm"" confirms the semantic accuracy and contextual fit, maintaining the integrity of the original term.
```","['Hedging algorithm', 'Hedge algorithm', 'algorithm']"
141,Hessian-vector product,"[{'word': '海森向量积', 'ratio': 0.5}, {'word': '海森矩阵-向量积', 'ratio': 0.25}, {'word': 'Hessian- 贡献积', 'ratio': 0.125}, {'word': '黑森州-向量积', 'ratio': 0.125}]",海森矩阵-向量积,海森向量积,"```
1. Candidate: ""海森矩阵-向量积""

2. Explanation: The term ""Hessian-vector product"" in the context of AI and machine learning refers to the product of a Hessian matrix and a vector. The candidate ""海森矩阵-向量积"" directly translates to ""Hessian matrix-vector product,"" which accurately captures the mathematical operation involved. This translation maintains the technical specificity required in AI terminology, ensuring that the concept is clearly understood in both languages. The other candidates either misinterpret ""Hessian"" as a geographical term or fail to convey the precise mathematical operation, making ""海森矩阵-向量积"" the most semantically accurate and contextually appropriate choice.
```","['Hesse - vector product', 'Hessian- contribution product', 'Hessian vector product', 'Hessian matrix-vector product', 'Hessian vector product']"
142,Machine Comprehension,"[{'word': '机器理解', 'ratio': 0.8888888888888888}, {'word': '机器阅读理解', 'ratio': 0.1111111111111111}]",机器阅读理解,机器理解,"```
1. Candidate: 机器阅读理解
2. Explanation: ""机器阅读理解"" is the best fit because it specifically refers to the AI task of understanding and interpreting text, which aligns with the context of testing vocabulary and parts of speech (POS) in the provided example. The term ""阅读"" (reading) emphasizes the process of interpreting written language, which is crucial in the context of machine comprehension tasks. This specificity is important in the AI domain, where ""machine comprehension"" often involves reading comprehension tasks. The back translation ""Machine reading comprehension"" accurately reflects the original English term, ensuring semantic accuracy and contextual fit.
```","['machine understanding', 'Machine reading comprehension']"
143,Routing Transformer,"[{'word': '路由变换器', 'ratio': 0.8}, {'word': '路由转换器', 'ratio': 0.1}, {'word': '路由变压器', 'ratio': 0.1}]",路由变压器,路由变换器,"```
1. Candidate: 路由变压器
2. Explanation: The term ""Routing Transformer"" in the context of AI refers to a specific type of transformer model that uses routing mechanisms to improve efficiency and scalability. The candidate ""路由变压器"" directly translates to ""routing transformer,"" maintaining the technical meaning and context of the original term. The other candidates, ""路由转换器"" and ""路由变换器,"" translate to ""routing converter"" and ""route converter,"" respectively, which do not accurately convey the concept of a transformer model in AI. Therefore, ""路由变压器"" is the best fit for maintaining semantic accuracy and contextual relevance in the AI domain.
```","['routing converter', 'routing transformer', 'Route converter']"
144,Spearman rank correlation,"[{'word': '斯皮尔曼等级相关', 'ratio': 0.7142857142857143}, {'word': '斯皮尔曼秩相关', 'ratio': 0.2857142857142857}]",斯皮尔曼秩相关,斯皮尔曼等级相关,"```
1. Candidate: 斯皮尔曼秩相关
2. Explanation: The term ""Spearman rank correlation"" is a well-established statistical measure used to assess the strength and direction of association between two ranked variables. In the context of AI, it is often used to evaluate the correlation between model outputs or features. The translation ""斯皮尔曼秩相关"" directly corresponds to ""Spearman rank correlation,"" maintaining both the technical accuracy and the established terminology used in Chinese statistical and AI literature. The back translation also accurately reflects the original English term, ensuring semantic accuracy and contextual fit within the AI domain.
```","['Spearman level correlation', 'Spearman rank correlation']"
145,Token,"[{'word': '令牌', 'ratio': 0.5}, {'word': '词元', 'ratio': 0.3}, {'word': '标记', 'ratio': 0.2}]",词元,令牌,"```
1. Candidate: 词元
2. Explanation: In the context of AI and natural language processing, ""token"" refers to the smallest unit of text, such as a word or a character, that is processed by a model. The term ""词元"" accurately captures this meaning as it translates to ""word element,"" which aligns with the concept of a token being a fundamental unit of text. Other candidates like ""令牌"" (token) and ""代币"" (Token) are more commonly associated with security or cryptocurrency contexts, while ""标记"" (mark) is too generic and does not specifically convey the idea of a text unit in AI terminology.
```","['token', 'Token', 'word element', 'mark']"
146,Transformer,"[{'word': '变换器', 'ratio': 0.5}, {'word': '转换器', 'ratio': 0.3}, {'word': 'Transformer', 'ratio': 0.1}, {'word': '', 'ratio': 0.1}]",Transformer,变换器,"```
1. Candidate: Transformer
2. Explanation: The term ""Transformer"" in the context of AI and machine learning refers to a specific type of neural network architecture introduced in the paper ""Attention is All You Need"" by Vaswani et al. in 2017. It is widely used in natural language processing and other AI applications. The direct use of ""Transformer"" in Chinese is common in the AI community, as it preserves the original meaning and is recognized by professionals in the field. Other candidates like ""转换器"" (converter), ""变换器"" (converter), and ""变压器"" (transformer) do not accurately convey the specific AI-related concept and could lead to confusion with unrelated technologies. Therefore, using ""Transformer"" directly is the best fit for maintaining semantic accuracy and contextual relevance in the AI domain.
```","['', 'transformer', 'converter', 'converter', 'transformer']"
147,annotated corpus,"[{'word': '注释语料库', 'ratio': 0.5}, {'word': '标注语料库', 'ratio': 0.5}]",标注语料库,注释语料库,"```
1. Candidate: 标注语料库
2. Explanation: The term ""标注语料库"" is the best fit for ""annotated corpus"" in the context of AI and natural language processing. In the AI domain, ""标注"" specifically refers to the process of labeling or tagging data, which aligns with the concept of an ""annotated corpus"" where data is systematically labeled for training machine learning models. This term is widely used in Chinese academic and technical literature related to AI, ensuring both semantic accuracy and contextual fit. The back translation also accurately reflects the original English term, maintaining the intended meaning.
```","['annotated corpus', 'annotated corpus', 'Annotated corpus']"
148,answer span,"[{'word': '答案范围', 'ratio': 0.7142857142857143}, {'word': '答案片段', 'ratio': 0.2857142857142857}]",答案跨度,答案范围,"```
1. Candidate: 答案跨度
2. Explanation: The term ""answer span"" in the context of AI and natural language processing refers to the specific segment of text that directly answers a given question within a passage. The candidate ""答案跨度"" directly translates to ""answer span,"" which accurately captures the concept of a range or span of text that contains the answer. This is semantically accurate and aligns well with the domain-specific usage in AI, where the focus is on identifying the precise start and end points of an answer within a text. The other candidates, ""答案片段"" (answer fragment) and ""答案范围"" (answer range), do not convey the same precision and specificity required in this context. ""答案片段"" suggests a fragment, which may imply a smaller or less defined portion, while ""答案范围"" suggests a broader range, which may not accurately reflect the precise nature of an ""answer span.""
```","['answer fragment', 'answer span', 'Answer range']"
149,averaged perceptron algorithm,"[{'word': '平均感知器算法', 'ratio': 0.7}, {'word': '平均感知机算法', 'ratio': 0.3}]",平均感知机算法,平均感知器算法,"```
1. Candidate: 平均感知机算法
2. Explanation: The term ""averaged perceptron algorithm"" is best translated as ""平均感知机算法"" because ""感知机"" accurately reflects the term ""perceptron,"" which is a specific type of algorithm used in machine learning and AI. The back translation ""average perceptron algorithm"" closely matches the original English term, ensuring semantic accuracy. In the AI domain, ""感知机"" is the standard term used for ""perceptron,"" making this translation more contextually appropriate and widely recognized among Chinese-speaking AI professionals.
```","['average perceptron algorithm', 'average perceptron algorithm']"
150,back-off strategy,"[{'word': '回退策略', 'ratio': 1.0}]",退避策略,回退策略,"```
1. Candidate: 退避策略
2. Explanation: ""退避策略"" is the best translation for ""back-off strategy"" in the context of AI and computational linguistics. The term ""back-off"" in AI typically refers to a method where the system resorts to simpler or less specific models when more detailed information is unavailable or unreliable. ""退避策略"" accurately captures this concept, as ""退避"" implies a strategic retreat or fallback to a less complex state, aligning well with the AI domain's usage of progressively less reliable information. The back translation as ""backoff strategy"" also maintains the original meaning, ensuring semantic accuracy and contextual fit.
```","['fallback strategy', 'backoff strategy']"
151,beam search algorithm,"[{'word': '束搜索算法', 'ratio': 0.625}, {'word': '波束搜索算法', 'ratio': 0.125}, {'word': '光束搜索算法', 'ratio': 0.125}, {'word': '信息集', 'ratio': 0.125}]",波束搜索算法,束搜索算法,"```
1. Candidate: 波束搜索算法
2. Explanation: ""波束搜索算法"" is the best translation candidate because it accurately captures the technical meaning of ""beam search algorithm"" in the AI domain. The term ""波束"" (beam) is commonly used in Chinese technical literature to refer to the concept of ""beam"" in algorithms, particularly in natural language processing and machine learning contexts. This translation maintains semantic accuracy and is widely recognized in the field, ensuring that it fits well within the context of AI-related discussions and documentation.
```","['Beam search algorithm', 'Beam search algorithm', 'beam search algorithm', 'information set']"
152,big-O notation,"[{'word': '大O符号', 'ratio': 0.8}, {'word': '大O表示法', 'ratio': 0.1}, {'word': '大 O 表示法', 'ratio': 0.1}]",大O表示法,大O符号,"```
1. Candidate: 大O表示法
2. Explanation: The term ""大O表示法"" is the best fit for translating ""big-O notation"" in the context of AI and computer science. This candidate accurately captures the mathematical and technical nature of the term, as ""表示法"" (notation) is commonly used in mathematical contexts to describe symbolic representations. The back translation also confirms its accuracy, as it directly translates back to ""Big O notation,"" maintaining the intended meaning without introducing ambiguity. Additionally, ""大O表示法"" is widely recognized in Chinese technical literature, ensuring that it is understood by those familiar with algorithm analysis and computational complexity.
```","['Big O notation', 'Big O notation', 'Big O notation']"
153,block matrix,"[{'word': '块矩阵', 'ratio': 0.7}, {'word': '分块矩阵', 'ratio': 0.3}]",分块矩阵,块矩阵,"```
1. Candidate: 分块矩阵
2. Explanation: The term ""分块矩阵"" is the best fit for translating ""block matrix"" in the context of AI and mathematics. This term is widely used in mathematical literature to describe matrices that are partitioned into smaller matrix blocks, which aligns with the context provided where permutations and block-diagonal matrices are discussed. The back translation ""block matrix"" accurately reflects the original English term, ensuring semantic accuracy and contextual fit within the AI domain.
```","['block matrix', 'block matrix']"
154,brute force search,"[{'word': '暴力搜索', 'ratio': 0.625}, {'word': '穷举搜索', 'ratio': 0.375}]",穷举搜索,暴力搜索,"```
1. Candidate: 穷举搜索
2. Explanation: ""穷举搜索"" translates to ""exhaustive search,"" which accurately captures the essence of ""brute force search"" in the AI domain. This term emphasizes the methodical and comprehensive nature of the search process, where all possible solutions are considered. In the context of AI and computer science, ""brute force search"" refers to evaluating all potential options to find a solution, which aligns well with the concept of ""exhaustive search."" The back translation ""exhaustive search"" maintains the intended meaning, ensuring semantic accuracy and contextual fit within the AI domain.
```","['Brutal search', 'Exhaustive search']"
155,contextualized embedding,"[{'word': '上下文化嵌入', 'ratio': 0.5}, {'word': '上下文嵌入', 'ratio': 0.375}, {'word': '上下文化的嵌入', 'ratio': 0.125}]",情境化嵌入,上下文化嵌入,"```
1. Candidate: ""情境化嵌入""
2. Explanation: ""情境化嵌入"" is the best translation candidate because it accurately captures the meaning of ""contextualized embedding"" in the AI domain. The term ""情境化"" directly translates to ""contextualized,"" which implies the process of embedding that takes into account the surrounding context, a crucial aspect in AI models like transformers and BERT. The back translation also matches perfectly with ""contextualized embedding,"" ensuring semantic accuracy and contextual fit.
```","['contextual embedding', 'contextual embedding', 'contextual embedding', 'contextualized embedding']"
156,credit assignment,"[{'word': '信用分配', 'ratio': 0.8}, {'word': '奖励分配', 'ratio': 0.1}, {'word': '归因问题', 'ratio': 0.1}]",奖励分配,信用分配,"```
1. Candidate: 奖励分配
2. Explanation: In the context of AI, particularly in reinforcement learning, ""credit assignment"" refers to the process of determining which actions are responsible for certain outcomes, often in terms of rewards. The term ""奖励分配"" (Reward distribution) accurately captures this concept, as it emphasizes the distribution of rewards to actions or states, which aligns with the AI domain-specific usage. The other candidates either focus on attribution in a broader sense or imply a different kind of allocation that doesn't fit the reinforcement learning context as well.
```","['attribution problem', 'Credit allocation', 'Reward distribution', 'credit allocation']"
157,datum dependency,"[{'word': '数据依赖性', 'ratio': 0.8888888888888888}, {'word': '数据依赖', 'ratio': 0.1111111111111111}]",数据依赖,数据依赖性,"```
1. Candidate: 数据依赖
2. Explanation: ""数据依赖"" is the best translation for ""datum dependency"" in the context of AI and computational graphs. This term accurately captures the concept of dependencies between data elements in a task graph, which is crucial for understanding how tasks are interconnected through data flow. The back translation ""data dependency"" aligns well with the original term, ensuring semantic accuracy and contextual fit within the AI domain. The alternative ""数据依赖性"" suggests a more general notion of dependency, which may not specifically convey the precise relationship between data elements in computational tasks.
```","['data dependency', 'data dependencies']"
158,dual program,"[{'word': '对偶程序', 'ratio': 0.6}, {'word': '对偶规划', 'ratio': 0.2}, {'word': '对偶解', 'ratio': 0.1}, {'word': '双计划', 'ratio': 0.1}]",对偶规划,对偶程序,"```
1. Candidate: 对偶规划
2. Explanation: ""对偶规划"" is the best translation for ""dual program"" in the context of AI and optimization. In the field of linear programming and optimization, ""对偶规划"" is a standard term used to refer to the dual of a given optimization problem. The term accurately captures the concept of duality in mathematical programming, which is crucial in the context provided, where the dual program is used to derive bounds and solutions. The other candidates either do not accurately reflect the technical meaning (""双计划"" translates to ""dual plan,"" which is not specific to optimization) or are less commonly used in this context (""对偶解"" means ""dual solution,"" which refers to a solution rather than the program itself, and ""对偶程序"" is less standard in mathematical optimization terminology).
```","['dual plan', 'dual solution', 'dual program', 'Dual programming']"
159,facial recognition,"[{'word': '面部识别', 'ratio': 0.7777777777777778}, {'word': '面部识别 / 人脸识别', 'ratio': 0.1111111111111111}, {'word': '人脸识别', 'ratio': 0.1111111111111111}]",人脸识别,面部识别,"```
1. Candidate: 人脸识别
2. Explanation: ""人脸识别"" is the best translation candidate for ""facial recognition"" in the context of AI terminology. It is widely used in the Chinese AI community and industry to refer specifically to the technology that identifies or verifies a person from a digital image or a video frame. The term ""人脸识别"" directly translates to ""face recognition,"" which aligns well with the English term's meaning and usage. Additionally, it is more commonly used in technical and academic contexts compared to ""面部识别,"" which can be seen as a more general term. The back translation ""face recognition"" also confirms its semantic accuracy and contextual fit within the AI domain.
```","['facial recognition/face recognition', 'face recognition', 'facial recognition']"
160,few-shot classification,"[{'word': '少样本分类', 'ratio': 0.6666666666666666}, {'word': '小样本分类', 'ratio': 0.3333333333333333}]",小样本分类,少样本分类,"```
1. Candidate: 小样本分类
2. Explanation: ""小样本分类"" is the best translation for ""few-shot classification"" in the context of AI and machine learning. In the AI domain, ""few-shot"" refers to the ability of a model to learn and make predictions with a very limited number of training examples. The term ""小样本"" (small sample) accurately captures this concept, as it implies working with a small number of samples, which aligns with the idea of few-shot learning. Additionally, ""小样本分类"" is a widely accepted term in Chinese AI literature, ensuring both semantic accuracy and contextual fit. The back translation as ""Small sample classification"" also maintains the intended meaning, reinforcing its suitability in the AI context.
```","['few-shot classification', 'Small sample classification']"
161,generative parser,"[{'word': '生成解析器', 'ratio': 0.6}, {'word': '生成式解析器', 'ratio': 0.4}]",生成式解析器,生成解析器,"```
1. Candidate: 生成式解析器
2. Explanation: The term ""生成式解析器"" is the best fit because it accurately captures the concept of a ""generative parser"" in the AI domain. The word ""生成式"" specifically refers to the generative nature of the parser, which is crucial in distinguishing it from other types of parsers, such as discriminative ones. This translation maintains the semantic integrity of the original term and aligns well with the context provided, where the generative aspect is a foundational characteristic of the parser being discussed.
```","['Generate parser', 'Generative parser']"
162,hidden size,"[{'word': '隐藏大小', 'ratio': 0.8888888888888888}, {'word': '隐藏层大小', 'ratio': 0.1111111111111111}]",隐藏层大小,隐藏大小,"```
1. Candidate: 隐藏层大小
2. Explanation: ""隐藏层大小"" (Hidden layer size) is the best translation candidate because it accurately reflects the AI domain-specific usage of ""hidden size"" in the context of neural networks. In AI, particularly in neural network architectures like transformers, ""hidden size"" refers to the size of the hidden layers, which is a critical parameter that defines the number of units in each hidden layer. The term ""隐藏层大小"" directly conveys this meaning, ensuring semantic accuracy and contextual fit. The other candidates, ""隐藏尺寸"" (Hidden dimensions) and ""隐藏大小"" (Hide size), do not specifically capture the concept of hidden layers in neural networks, which could lead to confusion in technical discussions.
```","['Hidden dimensions', 'Hide size', 'Hidden layer size']"
163,inference process,"[{'word': '推理过程', 'ratio': 0.8888888888888888}, {'word': '推断过程', 'ratio': 0.1111111111111111}]",推断过程,推理过程,"```
1. Candidate: 推断过程
2. Explanation: ""推断过程"" is the best translation for ""inference process"" in the context of AI. In AI terminology, ""inference"" refers to the process of making predictions or decisions based on a model, typically after it has been trained. The term ""推断"" directly translates to ""inference"" and is commonly used in the AI field to describe this process. On the other hand, ""推理过程"" translates to ""reasoning process,"" which implies a broader and more general cognitive process not specific to AI. Therefore, ""推断过程"" is semantically accurate and contextually fits the AI domain-specific usage.
```","['inference process', 'reasoning process']"
164,leaf node,"[{'word': '叶节点', 'ratio': 0.8571428571428571}, {'word': '叶子节点', 'ratio': 0.14285714285714285}]",叶子节点,叶节点,"```
1. Candidate: 叶子节点
2. Explanation: ""叶子节点"" is the best translation for ""leaf node"" in the context of AI and computer science. This term is widely used in the field to refer to the terminal nodes of a tree structure, such as decision trees or parse trees, which do not have any children. The back translation ""leaf node"" confirms its semantic accuracy and contextual fit. The alternative ""叶节点"" is less commonly used and might not convey the same level of specificity and recognition in technical contexts.
```","['leaf node', 'leaf node']"
165,max-product semiring,"[{'word': '最大积半环', 'ratio': 0.5}, {'word': '最大乘法半环', 'ratio': 0.3333333333333333}, {'word': '最大乘积半环', 'ratio': 0.16666666666666666}]",最大乘积半环,最大积半环,"```
1. Candidate: 最大乘积半环
2. Explanation: The term ""最大乘积半环"" is the best fit because it accurately captures the mathematical concept of a ""max-product semiring"" in the context of AI. The term ""乘积"" directly translates to ""product,"" which is crucial for maintaining the semantic integrity of the original term. Additionally, ""半环"" is a standard translation for ""semiring"" in mathematical contexts, ensuring that the term is understood correctly within the AI domain. The back translation ""maximum product semiring"" closely matches the original English term, indicating a high level of accuracy and contextual fit.
```","['maximum product semiring', 'Maximum multiplicative half ring', 'Maximum product half ring']"
166,multi-classification,"[{'word': '多分类', 'ratio': 0.8888888888888888}, {'word': '多类别分类', 'ratio': 0.1111111111111111}]",多类别分类,多分类,"```
1. Candidate: 多类别分类
2. Explanation: ""多类别分类"" is the best translation candidate for ""multi-classification"" in the AI domain. This term accurately captures the concept of classifying data into multiple categories, which is essential in tasks like SVM multiclass classification. The back translation ""Multi-category classification"" aligns well with the original English term, ensuring semantic accuracy and contextual fit. In contrast, ""多分类"" is more general and could imply simply having multiple categories without the specific context of classification tasks, making it less precise for AI-specific usage.
```","['Multi-category classification', 'Multiple categories']"
167,mutual entropy,"[{'word': '互信息熵', 'ratio': 0.6}, {'word': '互熵', 'ratio': 0.3}, {'word': '互信息', 'ratio': 0.1}]",互信息,互信息熵,"```
1. Candidate: 互信息
2. Explanation: In the context of AI and information theory, ""mutual information"" is a well-established term used to describe the measure of mutual dependence between two variables or distributions. The term ""互信息"" directly translates to ""mutual information"" and is widely recognized in the Chinese AI and information theory communities. It accurately captures the concept of mutual dependence, which aligns with the context provided. The other candidates, ""互熵"" and ""互信息熵,"" are less commonly used and may not convey the precise meaning intended in the AI domain.
```","['mutual entropy', 'mutual information', 'mutual information entropy']"
168,nominal mention,"[{'word': '名义提及', 'ratio': 0.625}, {'word': '名词性提及', 'ratio': 0.25}, {'word': '名词性指称', 'ratio': 0.125}]",名词性提及,名义提及,"```
1. Candidate: 名词性提及
2. Explanation: ""名词性提及"" is the best translation for ""nominal mention"" in the context of AI and natural language processing. The term ""名词性"" accurately captures the grammatical aspect of ""nominal,"" referring to noun-like structures, which is crucial in understanding how mentions are categorized in linguistic tasks. ""提及"" directly translates to ""mention,"" maintaining the focus on the act of referring to entities. This candidate preserves the semantic meaning and aligns well with domain-specific usage, ensuring clarity and precision in AI-related discussions.
```","['nominal mention', 'nominal mention', 'nominal reference']"
169,object proposal,"[{'word': '物体提议', 'ratio': 0.5555555555555556}, {'word': '物体候选区域', 'ratio': 0.2222222222222222}, {'word': '目标提议', 'ratio': 0.1111111111111111}, {'word': '对象提议', 'ratio': 0.1111111111111111}]",物体候选区域,物体提议,"```
1. Candidate: ""物体候选区域""
2. Explanation: The term ""object proposal"" in the context of AI, particularly in computer vision, refers to the process of identifying regions in an image that are likely to contain objects. The candidate ""物体候选区域"" translates to ""object candidate area,"" which accurately captures the essence of this process by emphasizing the identification of potential object-containing regions. This translation aligns well with the technical usage in AI, where proposals are not just suggestions but specific areas identified for further analysis. The back translation also maintains the contextual meaning, making it the most semantically accurate choice.
```","['goal proposal', 'Object proposal', 'object proposal', 'object proposal', 'Object candidate area']"
170,object tracking,"[{'word': '物体跟踪', 'ratio': 0.6666666666666666}, {'word': '目标跟踪', 'ratio': 0.1111111111111111}, {'word': '物体追踪', 'ratio': 0.1111111111111111}, {'word': '对象跟踪', 'ratio': 0.1111111111111111}]",目标跟踪,物体跟踪,"```
1. Candidate: 目标跟踪
2. Explanation: ""目标跟踪"" is the best translation for ""object tracking"" in the context of AI and computer vision. In the AI domain, ""目标"" (target) is often used to refer to objects or entities that are being tracked or detected within a scene, especially in the context of machine learning and computer vision. This term is widely used in technical literature and accurately conveys the concept of tracking objects within a visual field. The back translation as ""target tracking"" also aligns well with the intended meaning, ensuring semantic accuracy and contextual fit.
```","['object tracking', 'object tracking', 'Object tracking', 'target tracking']"
171,part of speech tag,"[{'word': '词性标记', 'ratio': 0.6}, {'word': '词性标签', 'ratio': 0.3}, {'word': '词性标注', 'ratio': 0.1}]",词性标签,词性标记,"```
1. Candidate: 词性标签
2. Explanation: The term ""词性标签"" is the best fit for translating ""part of speech tag"" in the context of AI and computational linguistics. This choice is semantically accurate as ""标签"" (tag) directly corresponds to the concept of labeling or tagging parts of speech in text, which is a common task in natural language processing. The back translation ""part-of-speech tags"" aligns well with the original English term, ensuring contextual fit. Additionally, ""词性标签"" is widely used in the AI domain to refer to the tags assigned to words to denote their parts of speech, making it the most appropriate choice for domain-specific usage.
```","['part-of-speech tag', 'part-of-speech tagging', 'part-of-speech tags']"
172,partial evaluation,"[{'word': '部分评估', 'ratio': 0.7}, {'word': '部分求值', 'ratio': 0.2}, {'word': '局部评估', 'ratio': 0.1}]",部分求值,部分评估,"```
1. Candidate: 部分求值
2. Explanation: The term ""partial evaluation"" in the context of AI and computer science refers to a program optimization technique where a program is executed as far as possible with known inputs, producing a more efficient program. The translation ""部分求值"" directly corresponds to this concept, as ""求值"" means ""evaluation"" in the mathematical or computational sense, which is crucial for maintaining the technical accuracy of the term. The other candidates, such as ""部分评价"" (partial review) and ""部分评估"" (partial assessment), do not capture the computational aspect of ""evaluation"" and are more aligned with general assessment or review, which is not suitable in this AI context.
```","['Partial review', 'partial assessment', 'local assessment', 'partial evaluation']"
173,primal-dual algorithm,"[{'word': '原始-对偶算法', 'ratio': 0.6666666666666666}, {'word': '原始对偶算法', 'ratio': 0.2222222222222222}, {'word': '原对偶算法', 'ratio': 0.1111111111111111}]",原始对偶算法,原始-对偶算法,"```
1. Candidate: ""原始对偶算法""
2. Explanation: The term ""原始对偶算法"" is the best fit for translating ""primal-dual algorithm"" in the context of AI and optimization. This candidate maintains the semantic integrity of the original term by directly translating ""primal"" to ""原始"" and ""dual"" to ""对偶,"" which are standard translations in mathematical optimization contexts. The absence of a hyphen in ""原始对偶算法"" aligns with common Chinese terminology usage, making it more natural and widely accepted in academic and professional settings. Additionally, the back translation ""primal dual algorithm"" accurately reflects the original English term, ensuring contextual fit and clarity in the AI domain.
```","['Primal-dual algorithm', 'primal dual algorithm', 'primal dual algorithm']"
174,recurrent dynamic,"[{'word': '循环动态', 'ratio': 0.75}, {'word': '递归动态', 'ratio': 0.125}, {'word': '循环动力学', 'ratio': 0.125}]",循环动力学,循环动态,"```
1. Candidate: 循环动力学
2. Explanation: ""循环动力学"" is the best translation candidate because it accurately captures the concept of ""recurrent dynamic"" in the context of AI and machine learning. The term ""循环"" (cyclic) aligns well with the idea of cycles or repeated patterns, which is essential in understanding dynamic systems that do not necessarily converge. ""动力学"" (dynamics) is a precise translation for ""dynamic"" in the context of systems and processes, especially in scientific and technical fields. This translation maintains semantic accuracy and fits well within the AI domain, where understanding the behavior of systems over time is crucial.
```","['Recursive dynamics', 'Cyclic Dynamics', 'Circular dynamics']"
175,regret bound,"[{'word': '遗憾界', 'ratio': 0.5}, {'word': '遗憾界限', 'ratio': 0.3333333333333333}, {'word': '后悔界限', 'ratio': 0.16666666666666666}]",遗憾界限,遗憾界,"```
1. Candidate: ""遗憾界限""
2. Explanation: ""遗憾界限"" is the best translation candidate for ""regret bound"" in the context of AI and machine learning. The term ""遗憾"" (regret) accurately captures the concept of regret in decision-making processes, which is a common term in reinforcement learning and online learning algorithms. ""界限"" (boundary) aligns well with the mathematical notion of a bound, which refers to a limit or constraint. This translation maintains semantic accuracy and is contextually appropriate for the AI domain, where ""regret"" is a measure of the difference between the actual performance and the optimal performance over time.
```","['world of regret', 'Regret Boundary', 'regret boundary', 'Regret the bondage']"
176,regret minimization,"[{'word': '遗憾最小化', 'ratio': 0.8333333333333334}, {'word': '后悔最小化', 'ratio': 0.16666666666666666}]",后悔最小化,遗憾最小化,"```
1. Candidate: ""后悔最小化""
2. Explanation: ""后悔最小化"" is the best translation for ""regret minimization"" in the context of AI and game theory. In the AI domain, ""regret"" often refers to the difference between the actual outcome and the best possible outcome in hindsight. ""后悔"" accurately captures this notion of regret in decision-making processes, which is crucial for understanding concepts like coarse correlated equilibria and policy optimization. Additionally, ""后悔最小化"" aligns well with the back translation ""Minimize regret,"" ensuring semantic accuracy and contextual fit.
```","['Minimize regret', 'Minimize regret']"
177,roll-out policy,"[{'word': '展开策略', 'ratio': 0.5714285714285714}, {'word': '执行策略', 'ratio': 0.14285714285714285}, {'word': '回放策略', 'ratio': 0.14285714285714285}, {'word': '回滚策略', 'ratio': 0.14285714285714285}]",回滚策略,展开策略,"```
1. Candidate: ""回滚策略""

2. Explanation: In the context of AI, particularly in reinforcement learning and Monte Carlo search methods, a ""roll-out policy"" refers to a strategy used to simulate or sample future actions from a given state to evaluate potential outcomes. The term ""回滚策略"" (Rollback strategy) captures this concept well, as it implies a strategy that involves simulating or ""rolling back"" through potential actions to assess their effects. This aligns with the AI domain-specific usage where the roll-out policy is used to explore possible future states and their probabilities. The back translation ""Rollback strategy"" also maintains the semantic meaning, making it a suitable choice for this context.
```","['rollout policy', 'Rollback strategy', 'Expand strategy', 'Replay strategy', 'execution strategy']"
178,seq2seq model,"[{'word': '序列到序列模型', 'ratio': 0.6}, {'word': 'seq2seq模型', 'ratio': 0.4}]",seq2seq模型,序列到序列模型,"```
1. Candidate: ""seq2seq模型""
2. Explanation: The term ""seq2seq模型"" is the best fit for translating ""seq2seq model"" in the context of AI and machine learning. This is because ""seq2seq"" is a well-known abbreviation in the AI community, and using the abbreviation maintains the technical precision and familiarity for Chinese-speaking professionals in the field. The back translation ""seq2seq model"" indicates that the original meaning is preserved without introducing any ambiguity. In AI literature, it is common to retain such abbreviations to ensure clarity and consistency across languages, especially when the term is widely recognized in its abbreviated form.
```","['sequence-to-sequence model', 'seq2seq model']"
179,sequential decision making,"[{'word': '序列决策', 'ratio': 0.5}, {'word': '序贯决策', 'ratio': 0.3333333333333333}, {'word': '顺序决策', 'ratio': 0.16666666666666666}]",序贯决策,序列决策,"```
1. Candidate: 序贯决策
2. Explanation: The term ""sequential decision making"" in the context of AI, particularly in reinforcement learning, refers to the process of making a series of decisions over time, where each decision may depend on the outcome of previous decisions. The candidate ""序贯决策"" accurately captures this concept, as ""序贯"" implies a sequence or order that is inherently linked, which aligns well with the idea of decisions being made in a sequence where each decision is contingent on the previous ones. This term is commonly used in the AI domain to describe processes where decisions are made in a step-by-step manner, making it the most semantically accurate and contextually appropriate choice.
```","['sequential decision making', 'sequential decision making', 'sequence decision']"
180,similarity function,"[{'word': '相似性函数', 'ratio': 0.6666666666666666}, {'word': '相似度函数', 'ratio': 0.3333333333333333}]",相似度函数,相似性函数,"```
1. Candidate: 相似度函数
2. Explanation: ""相似度函数"" is the best translation candidate because it accurately captures the mathematical and quantitative nature of the term ""similarity function"" in the AI domain. The term ""度"" (degree) implies a measurable quantity, which aligns with the context of comparing vectors or patterns quantitatively. This is crucial in AI, where similarity is often computed as a numerical value. The back translation to ""similarity function"" confirms its semantic accuracy and contextual fit.
```","['similarity function', 'similarity function', 'similarity function']"
181,span,"[{'word': '张成', 'ratio': 0.625}, {'word': '生成的空间', 'ratio': 0.125}, {'word': '生成子空间', 'ratio': 0.125}, {'word': '生成空间', 'ratio': 0.125}]",生成子空间,张成,"```
1. Candidate: 生成子空间
2. Explanation: The term ""span"" in the context of linear algebra and AI typically refers to the subspace generated by a set of vectors or the columns of a matrix. The candidate ""生成子空间"" directly translates to ""generate subspace,"" which accurately captures the mathematical concept of a span as the subspace formed by linear combinations of vectors. This translation maintains both semantic accuracy and contextual fit within the AI domain, where precise mathematical terminology is crucial.
```","['generated space', 'Zhang Cheng', 'span', 'Generate space', 'Generate subspace']"
182,syntactic dependency parsing,"[{'word': '句法依赖解析', 'ratio': 0.5}, {'word': '句法依存分析', 'ratio': 0.3333333333333333}, {'word': '句法依存解析', 'ratio': 0.16666666666666666}]",句法依存解析,句法依赖解析,"```
1. Candidate: 句法依存解析
2. Explanation: The term ""句法依存解析"" is the best fit for ""syntactic dependency parsing"" because it directly translates to ""Syntactic dependency parsing"" in the back translation, maintaining both the syntactic and dependency aspects of the original term. In the AI and natural language processing domain, ""解析"" (parsing) is a more precise term than ""分析"" (analysis) for describing the process of breaking down and understanding the syntactic structure of a sentence. This makes it semantically accurate and contextually appropriate for the task described.
```","['syntactic dependency analysis', 'Syntactic dependency parsing', 'Syntactic dependency parsing']"
183,tangent space,"[{'word': '切空间', 'ratio': 0.7142857142857143}, {'word': '切向空间', 'ratio': 0.2857142857142857}]",切线空间,切空间,"```
1. Candidate: 切线空间
2. Explanation: ""切线空间"" is the most semantically accurate translation for ""tangent space"" in the context of AI and mathematics. In differential geometry, which is often applied in AI for manifold learning and other advanced techniques, ""tangent space"" refers to a vector space that ""touches"" a manifold at a given point and is used to approximate the manifold locally. The term ""切线空间"" directly translates to ""tangent space"" and is widely recognized in mathematical and AI literature in Chinese. The back translation to ""tangent space"" confirms its accuracy and appropriateness in the given context, ensuring that the technical meaning is preserved without introducing ambiguity.
```","['tangent space', 'tangential space', 'cut space']"
184,word alignment,"[{'word': '单词对齐', 'ratio': 0.5}, {'word': '词对齐', 'ratio': 0.5}]",词对齐,单词对齐,"```
1. Candidate: 词对齐
2. Explanation: ""词对齐"" is the best translation candidate for ""word alignment"" in the context of AI and machine translation. This term is widely used in the field to describe the process of aligning words between two languages, such as in statistical machine translation models like IBM Model 4. The term ""词"" (word) is more commonly used in technical contexts to refer to words in a linguistic or computational sense, whereas ""单词"" can sometimes imply a more general or educational context. Additionally, ""词对齐"" is a standard term in the literature and aligns well with the back translation, maintaining semantic accuracy and contextual fit within the AI domain.
```","['word alignment', 'word alignment']"
