,word,prediction_ratio,1)validated_translation_by_gpt4o,2)word>=0.5,reason,back_translations
0,1D convolution,"[{'word': '1D свертка', 'ratio': 0.9}, {'word': '1D свёртка', 'ratio': 0.1}]",1D свёртка,1D свертка,"```
1. Candidate: ""1D свёртка""
2. Explanation: The candidate ""1D свёртка"" is the best fit because it accurately reflects the technical term ""1D convolution"" used in the AI domain. The term ""свёртка"" is widely recognized in Russian technical literature to mean ""convolution,"" which is a fundamental operation in neural networks, particularly in convolutional neural networks (CNNs). The inclusion of ""1D"" maintains the specificity of the operation being one-dimensional, which is crucial for understanding the context of its application in models like ResNet. The back translation to ""1D convolution"" confirms the semantic accuracy and contextual fit, ensuring that the term is understood correctly in both languages within the AI field.
```","['1D convolution', '1D convolution']"
1,2D convolution,"[{'word': '2D свертка', 'ratio': 0.9}, {'word': '2D свёртка', 'ratio': 0.1}]",2D свёртка,2D свертка,"```
1. Candidate: 2D свёртка
2. Explanation: The candidate ""2D свёртка"" is the best fit because it accurately reflects the technical term ""2D convolution"" used in the AI domain. The use of ""свёртка"" is a direct translation of ""convolution,"" which is a well-established term in the field of machine learning and computer vision in Russian. The inclusion of ""2D"" maintains the dimensionality aspect of the operation, which is crucial for understanding the context of convolutional operations in neural networks. Additionally, the back translation to ""2D convolution"" confirms the semantic accuracy and consistency with the original English term, ensuring that the meaning is preserved in both languages.
```","['2D convolution', '2D convolution', '2D convolution']"
2,3D convolutional network,"[{'word': '3D-сверточная сеть', 'ratio': 0.8}, {'word': '3D свёрточная сеть', 'ratio': 0.2}]",3D свёрточная сеть,3D-сверточная сеть,"```
1. Candidate: ""3D свёрточная сеть""
2. Explanation: The candidate ""3D свёрточная сеть"" is the best fit because it accurately reflects the term ""3D convolutional network"" in Russian, maintaining the technical specificity required in the AI domain. The use of ""свёрточная"" is a standard translation for ""convolutional"" in the context of neural networks, ensuring semantic accuracy. Additionally, the back translation perfectly aligns with the original English term, confirming its contextual fit and precision in conveying the intended meaning within AI-related discussions.
```","['3D convolutional network', '3D convolutional network']"
3,3D point cloud,"[{'word': '3D-точечное облако', 'ratio': 0.7}, {'word': '3D point cloud - облако точек 3D', 'ratio': 0.1}, {'word': 'облако точек 3D', 'ratio': 0.1}, {'word': 'Точечная хаусматрица 3D', 'ratio': 0.1}]",3D-облако точек,3D-точечное облако,"```
1. Candidate: ""3D-облако точек""
2. Explanation: ""3D-облако точек"" is the best translation candidate because it accurately captures the concept of a ""3D point cloud"" in the context of AI and computer vision. The term ""облако точек"" is widely used in Russian technical literature to describe a collection of data points in a three-dimensional space, which is exactly what a 3D point cloud represents. The prefix ""3D-"" maintains the original dimensionality aspect, ensuring clarity and precision in the translation. Additionally, the back translation perfectly aligns with the original English term, indicating semantic accuracy and contextual fit within the AI domain.
```","['3D point cloud', '3D point cloud', '3D point cloud', 'Point housematrix 3D', '3D point cloud - 3D point cloud']"
4,A/B test,"[{'word': 'A/B тест', 'ratio': 0.8}, {'word': 'А/Б-тестирование', 'ratio': 0.1}, {'word': 'Тест A/B', 'ratio': 0.1}]",А/Б-тестирование,A/B тест,"```
1. Candidate: ""А/Б-тестирование""
2. Explanation: ""А/Б-тестирование"" is the best translation candidate because it accurately captures the concept of ""A/B testing"" in the context of AI and data analysis. The term ""тестирование"" (testing) conveys the process-oriented nature of A/B testing, which involves comparing two versions to determine which performs better. This aligns well with the AI domain where A/B testing is a methodical approach to evaluate different models or algorithms. Additionally, the back translation ""A/B testing"" maintains the semantic integrity of the original term, ensuring contextual fit and understanding in both languages.
```","['A/B testing', 'A/B test', 'A/B test', 'A/B test']"
5,Ablation study,"[{'word': 'исследование абляции', 'ratio': 0.5}, {'word': 'Исследование абляции', 'ratio': 0.3}, {'word': 'абляционная проверка', 'ratio': 0.1}, {'word': 'исследование с абляцией', 'ratio': 0.1}]",исследование с абляцией,исследование абляции,"```
1. Candidate: ""исследование с абляцией""
2. Explanation: ""исследование с абляцией"" is the best translation candidate because it accurately captures the concept of an ""ablation study"" in the context of AI research. The term ""исследование"" (study) aligns well with the research-focused nature of ablation studies, which involve systematically removing or altering components of a model to understand their impact on performance. The phrase ""с абляцией"" (with ablation) directly translates the idea of ablation, maintaining the semantic integrity of the original term. This candidate also has a precise back translation to ""ablation study,"" ensuring contextual fit and clarity in the AI domain.
```","['ablation study', 'ablative check', 'ablation study', 'Ablation study']"
6,Adam optimizer,"[{'word': 'оптимизатор Adam', 'ratio': 0.7}, {'word': 'оптимизатор Адам', 'ratio': 0.2}, {'word': 'Оптимизатор Адам', 'ratio': 0.1}]",оптимизатор Адам,оптимизатор Adam,"```
1. Candidate: ""оптимизатор Адам""
2. Explanation: The candidate ""оптимизатор Адам"" is the best fit for translating ""Adam optimizer"" in the context of AI terminology. This translation maintains the correct order of words, which is important for clarity and understanding in Russian. The term ""оптимизатор"" (optimizer) is a direct translation and is commonly used in Russian technical literature to describe optimization algorithms. The name ""Адам"" is transliterated, preserving the original name of the algorithm, which is crucial for recognition and consistency in the AI domain. The back translation ""optimizer Adam"" accurately reflects the original English term, ensuring semantic accuracy and contextual fit.
```","['optimizer Adam', 'Adam optimizer', 'Adam optimizer', 'Optimizer Adam']"
7,Bonferroni correction,"[{'word': 'коррекция Бонферрони', 'ratio': 0.7777777777777778}, {'word': 'корректировка Бонферрони', 'ratio': 0.1111111111111111}, {'word': 'Коррекция Бонферрони', 'ratio': 0.1111111111111111}]",Поправка Бонферрони,коррекция Бонферрони,"```
1. Candidate: ""Поправка Бонферрони""
2. Explanation: ""Поправка Бонферрони"" is the best translation candidate because ""поправка"" is the most commonly used term in Russian to refer to statistical corrections or adjustments, particularly in the context of hypothesis testing and statistical analysis. This aligns well with the domain-specific usage of ""Bonferroni correction"" in English, which is a statistical method used to address the problem of multiple comparisons. The back translation to ""Bonferroni correction"" confirms its semantic accuracy and contextual fit within the AI and statistical analysis domain.
```","['Bonferroni correction', 'Bonferroni correction', 'Bonferroni correction', 'Bonferroni adjustment']"
8,Chamfer Distance,"[{'word': 'расстояние Шамфера', 'ratio': 0.6}, {'word': 'Расстояние Чамфера', 'ratio': 0.1}, {'word': 'расстояние Шамфара', 'ratio': 0.1}, {'word': 'Расстояние Шамфера', 'ratio': 0.1}, {'word': 'Чемферное расстояние', 'ratio': 0.1}]",Расстояние Чамфера,расстояние Шамфера,"```
1. Candidate: ""Расстояние Чамфера""

2. Explanation: ""Расстояние Чамфера"" is the best translation candidate because it closely matches the original English term ""Chamfer Distance"" in both semantic and phonetic aspects. The term ""Chamfer"" is a specific technical term used in geometry and computer graphics, and it is important to maintain its integrity in translation to ensure clarity and accuracy in the AI domain. The back translation ""Chamfera distance"" indicates that the original meaning is preserved, making it contextually appropriate for discussions involving 3D reconstruction and geometry comparison. Other candidates either alter the phonetic structure too much or introduce unrelated meanings, which could lead to confusion in a technical context.
```","['Chamber distance', 'Champher distance', 'Champher distance', 'Chamfera distance', 'Chamfer distance', 'distance Champhara']"
9,Corpora,"[{'word': 'корпуса', 'ratio': 0.8}, {'word': 'Корпусы', 'ratio': 0.1}, {'word': 'корпусы', 'ratio': 0.1}]",Корпора,корпуса,"```
1. Candidate: Корпора
2. Explanation: The term ""Корпора"" is the best fit for translating ""Corpora"" in the context of AI and data processing. In the AI domain, ""corpora"" refers to collections of text or speech data used for training and testing models. The candidate ""Корпора"" directly back-translates to ""Corpora,"" maintaining the semantic meaning and context of the original term. Other candidates like ""корпуса"" and ""Корпусы"" translate to unrelated terms such as ""housing"" and ""cases,"" which do not fit the AI-specific context of datasets and data collections.
```","['Corpora', 'housing', 'Cases', 'buildings']"
10,Fourier feature,"[{'word': 'Признак Фурье', 'ratio': 0.7777777777777778}, {'word': 'характеристика Фурье', 'ratio': 0.1111111111111111}, {'word': 'Функция Фурье', 'ratio': 0.1111111111111111}]",характеристика Фурье,Признак Фурье,"```
1. Candidate: характеристика Фурье
2. Explanation: The term ""Fourier feature"" in the context of AI and machine learning often refers to a method of representing data using Fourier transforms to capture periodic patterns or features. The candidate ""характеристика Фурье"" translates back to ""Fourier characteristic,"" which aligns well with the concept of a feature or characteristic used in data representation. This translation maintains the semantic meaning of capturing essential attributes or features of data, which is crucial in AI applications. The other candidates, ""Функция Фурье"" (Fourier function) and ""Признак Фурье"" (Fourier test), do not accurately convey the idea of a feature or characteristic used for data representation in the AI context.
```","['Fourier function', 'Fourier characteristic', 'Fourier test']"
11,Gaussian elimination,"[{'word': 'метод Гаусса', 'ratio': 0.7}, {'word': 'гауссово исключение', 'ratio': 0.3}]",гауссово исключение,метод Гаусса,"```
1. Candidate: ""гауссово исключение""

2. Explanation: ""Гауссово исключение"" is the best translation candidate because it directly translates to ""Gaussian elimination,"" maintaining the specific terminology used in the AI and mathematical context. This term is widely recognized in Russian mathematical literature as the equivalent of ""Gaussian elimination,"" ensuring semantic accuracy and contextual fit. The other candidates, ""метод Гаусса"" and ""Исключение по Гауссу,"" either generalize the method or are less commonly used in the specific context of computational algebraic geometry and linear algebra, potentially leading to ambiguity in the AI domain.
```","['Gaussian method', 'Gaussian elimination', 'Gaussian elimination']"
12,Hessian-vector product,"[{'word': 'произведение Гессе-вектор', 'ratio': 0.6}, {'word': 'Гессиан-векторное произведение', 'ratio': 0.1}, {'word': 'произведение гессиана и вектора', 'ratio': 0.1}, {'word': 'Произведение гессиана и вектора', 'ratio': 0.1}, {'word': 'произведение Гессиана на вектор', 'ratio': 0.1}]",Произведение гессиана и вектора,произведение Гессе-вектор,"```
1. Candidate: ""Произведение гессиана и вектора""

2. Explanation: The term ""Hessian-vector product"" in the context of AI and machine learning refers to the operation where a Hessian matrix is multiplied by a vector. The candidate ""Произведение гессиана и вектора"" directly translates to ""product of Hessian and vector,"" which accurately captures the mathematical operation involved. This translation maintains the semantic integrity of the original term and is consistent with the domain-specific usage in AI, where precise mathematical operations are crucial. The back translation also aligns well with the original English term, ensuring contextual fit and clarity in both languages.
```","['Product of Hessian and vector', 'product of the Hessian vector', 'Hessian vector product', 'product of Hessian and vector', 'product of Hessian vector', 'Hessian cross product']"
13,Information Retrieval,"[{'word': 'Извлечение информации', 'ratio': 0.9}, {'word': 'Поиск информации', 'ratio': 0.1}]",Поиск информации,Извлечение информации,"```
1. Candidate: Поиск информации
2. Explanation: The term ""Information Retrieval"" in the context of AI and computer science refers to the process of obtaining information from a large repository, typically involving search engines or databases. The candidate ""Поиск информации"" translates back to ""Search for information,"" which aligns well with the concept of retrieving information from a system. In contrast, ""Извлечение информации"" translates to ""Information extraction,"" which is a different process involving extracting specific pieces of information from unstructured data. Given the context of standardized retrieval experiments and IR systems, ""Поиск информации"" is the more semantically accurate translation for ""Information Retrieval.""
```","['Information extraction', 'Search for information']"
14,K-Means,"[{'word': 'K-средних', 'ratio': 0.6666666666666666}, {'word': 'метод K-средних', 'ratio': 0.2222222222222222}, {'word': 'K-средние', 'ratio': 0.1111111111111111}]",метод K-средних,K-средних,"```
1. Candidate: ""метод K-средних""
2. Explanation: The term ""метод K-средних"" translates back to ""K-means method,"" which accurately captures the essence of the original English term ""K-Means"" in the context of AI and machine learning. This candidate maintains the technical specificity and clarity needed for understanding the algorithmic context, as ""K-Means"" is widely recognized as a clustering method. The inclusion of ""метод"" (method) ensures that the translation is understood as a specific algorithmic approach, aligning well with the domain-specific usage in AI.
```","['K-means method', 'K-means', 'K-means']"
15,Laplace smoothing,"[{'word': 'сглаживание Лапласа', 'ratio': 0.9}, {'word': 'Сглаживание Лапласа', 'ratio': 0.1}]",Сглаживание по Лапласу,сглаживание Лапласа,"```
1. Candidate: Сглаживание по Лапласу
2. Explanation: The term ""Сглаживание по Лапласу"" is the best fit because it accurately conveys the concept of ""Laplace smoothing"" in the context of AI and statistical methods. The preposition ""по"" (by) is commonly used in Russian to denote a method or technique named after a person, which aligns with the English usage of ""Laplace smoothing."" This translation maintains semantic accuracy and is consistent with domain-specific terminology, ensuring that the concept of applying Laplace's method for smoothing probabilities is clearly understood in Russian.
```","['Laplace smoothing', 'Laplace smoothing', 'Laplace smoothing']"
16,Laplace-Beltrami operator,"[{'word': 'оператор Лапласа-Бельтрамми', 'ratio': 0.5}, {'word': 'оператор Лапласа-Бельтрамі', 'ratio': 0.2}, {'word': 'оператор Лапласа—Бельтрами', 'ratio': 0.1}, {'word': 'оператор Лапласа-Бельтрами', 'ratio': 0.1}, {'word': 'Оператор Лапласа-Бельтрамі', 'ratio': 0.1}]",оператор Лапласа—Бельтрами,оператор Лапласа-Бельтрамми,"```
1. Candidate: ""оператор Лапласа—Бельтрами""

2. Explanation: The candidate ""оператор Лапласа—Бельтрами"" is the best fit for translating ""Laplace-Beltrami operator"" in the context of AI and mathematical terminology. This translation maintains the correct spelling and hyphenation of the names ""Laplace"" and ""Beltrami,"" which is crucial for preserving the integrity of the term in both languages. The use of the en dash (—) is appropriate for connecting compound names in Russian, which aligns with the standard practice in mathematical and scientific literature. Additionally, the back translation accurately returns to ""Laplace-Beltrami operator,"" ensuring semantic accuracy and contextual fit within the AI domain, where precise terminology is essential.
```","['Laplace-Beltrami operator', 'Laplace-Beltrami operator', 'Laplace-Beltrami operator', 'Laplace-Beltrami operator', 'Laplace-Beltrami operator', 'Laplace-Beltrami operator']"
17,Laplacian matrix,"[{'word': 'матрица Лапласа', 'ratio': 0.8}, {'word': 'лапласова матрица', 'ratio': 0.1}, {'word': 'Матрица Лапласа', 'ratio': 0.1}]",лапласова матрица,матрица Лапласа,"```
1. Candidate: ""лапласова матрица""
2. Explanation: The term ""лапласова матрица"" is the best translation candidate because it accurately reflects the mathematical and graph-theoretical context of the ""Laplacian matrix"" in both English and Russian. The back translation as ""Laplacian matrix"" confirms its semantic accuracy and contextual fit within the AI domain. The Laplacian matrix is a well-known concept in graph theory, often used in spectral graph analysis, and the term ""лапласова матрица"" is widely recognized in Russian mathematical literature, ensuring clarity and precision in technical discussions.
```","['Laplace matrix', 'Laplacian matrix', 'Laplace matrix']"
18,Linear Threshold Model,"[{'word': 'модель линейного порога', 'ratio': 0.9}, {'word': 'Модель линейного порога', 'ratio': 0.1}]",Линейная пороговая модель,модель линейного порога,"```
1. Candidate: Линейная пороговая модель
2. Explanation: The candidate ""Линейная пороговая модель"" is the best fit because it accurately captures the structure and meaning of the English term ""Linear Threshold Model"" in the context of AI. The term ""пороговая"" directly translates to ""threshold,"" which is crucial for maintaining the semantic integrity of the term in the AI domain. Additionally, the back translation to ""Linear threshold model"" confirms its accuracy and consistency with the original English term. This candidate also aligns well with the mathematical and theoretical context provided, where the model involves threshold functions and parameters, making it the most contextually appropriate choice.
```","['Linear threshold model', 'Linear threshold model', 'linear threshold model']"
19,Longformer,"[{'word': 'Longformer', 'ratio': 0.5555555555555556}, {'word': 'Лонгформер', 'ratio': 0.2222222222222222}, {'word': 'перспективная проекция', 'ratio': 0.1111111111111111}, {'word': 'Longformer - Longformer', 'ratio': 0.1111111111111111}]",Лонгформер,Longformer,"```
1. Candidate: ""Лонгформер""
2. Explanation: The term ""Лонгформер"" is a transliteration of ""Longformer,"" which is a specific model name in the AI domain. Transliteration is often used for proper nouns and technical terms to maintain consistency and recognition across languages. This approach ensures that the term is easily identifiable and retains its original meaning and context, which is crucial for domain-specific terminology like AI models. The back translation also returns ""Longformer,"" indicating that the semantic integrity of the term is preserved.
```","['Longformer', 'perspective projection', 'Longformer', 'Longformer - Longformer']"
20,Markov assumption,"[{'word': 'Предположение Маркова', 'ratio': 0.625}, {'word': 'предположение Маркова', 'ratio': 0.125}, {'word': 'марковское предположение', 'ratio': 0.125}, {'word': 'Допущение Маркова', 'ratio': 0.125}]",марковское предположение,Предположение Маркова,"```
1. Candidate: ""марковское предположение""
2. Explanation: The term ""марковское предположение"" is the best fit because it directly translates to ""Markov assumption"" without implying possession, which aligns with the standard usage in the AI domain. The Markov assumption is a well-known concept in probability theory and AI, referring to the assumption that the future state depends only on the current state and not on the sequence of events that preceded it. This candidate maintains semantic accuracy and is consistent with the terminology used in AI literature, ensuring clarity and precision in technical contexts.
```","[""Markov's assumption"", 'Markov assumption', 'Markov assumption', 'Markov assumption', ""Markov's assumption""]"
21,Markov process,"[{'word': 'Процесс Маркова', 'ratio': 0.5}, {'word': 'процесс Маркова', 'ratio': 0.4}, {'word': 'Марковский процесс', 'ratio': 0.1}]",Марковский процесс,Процесс Маркова,"```
1. Candidate: ""Марковский процесс""
2. Explanation: ""Марковский процесс"" is the best translation candidate because it is the most commonly used term in Russian for ""Markov process"" within the context of mathematics and AI. This term accurately conveys the concept of a stochastic process with the Markov property, which is crucial for understanding the context of AI models and algorithms. The other candidates, ""Процесс Маркова"" and ""процесс Маркова,"" are less frequently used and may not be as immediately recognizable to Russian-speaking professionals in the field. Additionally, ""Марковский процесс"" maintains semantic accuracy and aligns well with the back translation, ensuring contextual fit in AI-related discussions.
```","['Markov process', 'Markov process', 'Markov process']"
22,Metropolis Hastings,"[{'word': 'Метрополис-Гастингс', 'ratio': 0.5}, {'word': 'Метод Метрополиса-Хастингса', 'ratio': 0.1}, {'word': 'Метрополитен-Хастингс', 'ratio': 0.1}, {'word': 'Метрополис-Хастингс', 'ratio': 0.1}, {'word': 'Метрополитан Хастингс', 'ratio': 0.1}, {'word': 'Метод Метрополиса-Гастингса', 'ratio': 0.1}]",Метод Метрополиса-Гастингса,Метрополис-Гастингс,"```
1. Candidate: ""Метод Метрополиса-Гастингса""
2. Explanation: The term ""Метод Метрополиса-Гастингса"" is the best fit because it accurately reflects the original English term ""Metropolis Hastings"" as it is commonly used in the AI and statistical domains. The inclusion of ""Метод"" (method) clarifies that it refers to a specific algorithmic approach, which is important for understanding its application in AI contexts. Additionally, the back translation ""Metropolis-Hastings method"" maintains the semantic integrity and contextual fit, ensuring that the term is understood correctly in both languages.
```","['Metropolitan Hastings', 'Metropolis-Hastings method', 'Metropolis-Hastings', 'Metropolitan Hastings', 'Metropolis-Hastings', 'Metropolis-Hastings method', 'Metropolis Hastings']"
23,Nearest Neighbor,"[{'word': 'Ближайший сосед', 'ratio': 0.6}, {'word': 'Метод ближайшего соседа', 'ratio': 0.2}, {'word': 'Метод ближайших соседей', 'ratio': 0.2}]",Метод ближайшего соседа,Ближайший сосед,"```
1. Candidate: ""Метод ближайшего соседа""
2. Explanation: ""Метод ближайшего соседа"" is the best fit because it accurately captures the concept of ""Nearest Neighbor"" as a method used in AI and machine learning contexts. The term ""Метод ближайшего соседа"" directly translates to ""Nearest Neighbor method,"" which aligns with the usage in the provided context where it refers to a prediction method. This translation maintains both semantic accuracy and contextual fit, as it is commonly used in Russian AI literature to describe algorithms that rely on the nearest neighbor approach for predictions or classifications.
```","['Nearest neighbors method', 'nearest neighbor', 'Nearest neighbor method']"
24,Pearson correlation,"[{'word': 'корреляция Пирсона', 'ratio': 0.7}, {'word': 'коэффициент корреляции Пирсона', 'ratio': 0.2}, {'word': 'Pearson correlation корреляция Пирсона', 'ratio': 0.1}]",коэффициент корреляции Пирсона,корреляция Пирсона,"```
1. Candidate: коэффициент корреляции Пирсона
2. Explanation: The term ""коэффициент корреляции Пирсона"" is the most semantically accurate translation for ""Pearson correlation"" in the context of AI and statistical analysis. The term ""коэффициент"" (coefficient) explicitly indicates that it is a statistical measure, which is crucial for clarity in technical contexts. This specificity is important in AI, where precise statistical terminology is often required to describe methods and results accurately. The back translation as ""Pearson correlation coefficient"" confirms the contextual fit, ensuring that the term is understood correctly in both languages.
```","['Pearson correlation', 'Pearson correlation', 'Pearson correlation coefficient', 'Pearson correlation']"
25,Poisson matting,"[{'word': 'матирование Пуассона', 'ratio': 0.5}, {'word': 'маттинг Пуассона', 'ratio': 0.3}, {'word': 'маттинг по Пуассону', 'ratio': 0.1}, {'word': 'Матирование Пуассона', 'ratio': 0.1}]",маттинг Пуассона,матирование Пуассона,"```
1. Candidate: ""маттинг Пуассона""

2. Explanation: ""Маттинг Пуассона"" is the best translation candidate because it maintains the technical specificity and clarity of the original term ""Poisson matting"" within the AI domain. The term ""маттинг"" is a direct transliteration of ""matting,"" which is commonly used in Russian technical literature to refer to the process of separating an object from its background in image processing. The use of ""Пуассона"" accurately reflects the mathematical basis of the technique, which is derived from the Poisson equation. This candidate also aligns well with the back translation, ensuring semantic accuracy and contextual fit in both languages.
```","['Poisson matting', 'Poisson matting', 'Poisson matting', 'Poisson matting', 'Poisson matting']"
26,Set Cover,"[{'word': 'Покрытие множеств', 'ratio': 0.6}, {'word': 'Покрытие множества', 'ratio': 0.3}, {'word': 'Задача покрытия множеств', 'ratio': 0.1}]",Задача покрытия множеств,Покрытие множеств,"```
1. Candidate: ""Задача покрытия множеств""

2. Explanation: The term ""Set Cover"" in the context of AI and optimization problems refers to a well-known computational problem where the goal is to find the smallest subset of sets that covers all elements in a universe. The candidate ""Задача покрытия множеств"" translates to ""Set covering problem,"" which accurately captures the essence of the problem as it is understood in the domain of AI and computational theory. This translation maintains the specificity and technical nature of the term, ensuring that it is understood as a problem or task, rather than a general concept of covering sets. The back translation ""Set covering problem"" confirms the semantic accuracy and contextual fit, making it the best choice for domain-specific usage.
```","['Set Covering', 'Set cover', 'Set coverage', 'Set covering problem']"
27,Triggering Model,"[{'word': 'Модель триггеров', 'ratio': 0.6}, {'word': 'Модель триггеринга', 'ratio': 0.2}, {'word': '""Модель триггеров""', 'ratio': 0.1}, {'word': 'модель триггеров', 'ratio': 0.1}]",Модель триггеринга,Модель триггеров,"```
1. Candidate: ""Модель триггеринга""
2. Explanation: ""Модель триггеринга"" is the best translation candidate because it directly corresponds to the English term ""Triggering Model"" without altering the meaning or introducing ambiguity. In the context of AI and network models, maintaining the specific terminology is crucial for clarity and precision. The term ""триггеринга"" captures the ongoing or process-oriented nature of ""triggering,"" which is essential in describing models that involve dynamic or iterative processes, such as those in network outbreak detection. This candidate also aligns well with the back translation, preserving the original term's intent and specificity.
```","['Trigger model', 'trigger model', 'Triggering model', 'Trigger model', '""Trigger model""']"
28,Variational Autoencoder,"[{'word': 'Вариационный автокодировщик', 'ratio': 0.5}, {'word': 'вариационный автокодировщик', 'ratio': 0.3}, {'word': 'Вариационный автоэнкодер', 'ratio': 0.2}]",Вариационный автоэнкодер,Вариационный автокодировщик,"```
1. Candidate: ""Вариационный автоэнкодер""
2. Explanation: The term ""Вариационный автоэнкодер"" is the best fit because it is the most widely accepted and commonly used translation in the Russian AI community. The term ""автоэнкодер"" directly corresponds to ""autoencoder,"" maintaining the technical specificity and familiarity for Russian-speaking AI professionals. Additionally, the back translation perfectly matches the original English term, ensuring semantic accuracy and contextual fit within the AI domain.
```","['Variational autoencoder', 'variational autoencoder', 'Variational autoencoder']"
29,abstractive summarization,"[{'word': 'абстрактивное суммирование', 'ratio': 0.7}, {'word': 'абстрактивное резюмирование', 'ratio': 0.3}]",абстрактивное резюмирование,абстрактивное суммирование,"```
1. Candidate: абстрактивное резюмирование
2. Explanation: The term ""абстрактивное резюмирование"" is the best fit for translating ""abstractive summarization"" in the context of AI. This choice captures the essence of generating a concise summary that retains the core meaning of the original content, which is central to the task of abstractive summarization. The back translation ""abstract summary"" aligns well with the original English term, maintaining the focus on creating a new, coherent summary rather than merely extracting parts of the text. The term ""резюмирование"" is commonly used in Russian to denote summarization, making it semantically accurate and contextually appropriate for AI-related tasks involving text generation and summarization.
```","['abstract summation', 'abstract summary', 'abstract generalization']"
30,action embedding,"[{'word': 'встраивание действий', 'ratio': 0.7}, {'word': 'векторное представление действий', 'ratio': 0.2}, {'word': 'action embedding встраивание действий', 'ratio': 0.1}]",векторное представление действий,встраивание действий,"```
1. Candidate: векторное представление действий
2. Explanation: The term ""action embedding"" in the context of AI and machine learning typically refers to a vector representation of actions, which is used to capture the semantic meaning of actions in a high-dimensional space. The candidate ""векторное представление действий"" directly translates to ""action vector representation,"" which accurately conveys the concept of embedding as a vector representation. This aligns well with the AI domain-specific usage, where embeddings are often understood as vector representations that capture complex relationships and features. The back translation ""action vector representation"" maintains the original meaning, ensuring semantic accuracy and contextual fit.
```","['embedding actions', 'action vector representation', 'action embedding']"
31,annotation projection,"[{'word': 'проекция аннотации', 'ratio': 0.5}, {'word': 'проекция аннотаций', 'ratio': 0.3}, {'word': 'проектирование аннотаций', 'ratio': 0.1}, {'word': 'annotation projection проекция аннотации', 'ratio': 0.1}]",проекция аннотаций,проекция аннотации,"```
1. Candidate: ""проекция аннотаций""
2. Explanation: The term ""проекция аннотаций"" is the best fit for ""annotation projection"" in the context of AI and computational linguistics. This translation accurately captures the concept of transferring annotations from one linguistic resource to another, which is a common technique in multilingual NLP tasks. The plural form ""аннотаций"" aligns with the idea of handling multiple annotations across languages, and the back translation maintains the original meaning, ensuring semantic accuracy and contextual fit within the AI domain.
```","['annotation projection', 'annotation projection', 'annotation projection', 'annotation design']"
32,answer span,"[{'word': 'диапазон ответа', 'ratio': 0.9}, {'word': 'интервал ответа', 'ratio': 0.1}]",интервал ответа,диапазон ответа,"```
1. Candidate: ""интервал ответа""
2. Explanation: In the context of AI and natural language processing, ""answer span"" refers to a specific segment of text that contains the answer to a given question. The term ""интервал ответа"" translates back to ""response interval,"" which accurately captures the idea of a specific segment or portion of text. This is more semantically precise than ""диапазон ответа"" or ""диапазон ответов,"" which translate back to ""response range"" and imply a broader, less specific scope. In AI terminology, precision is crucial, and ""интервал"" (interval) better conveys the notion of a defined start and end point within a text, aligning well with the concept of an ""answer span.""
```","['response range', 'response interval', 'response range']"
33,approximation algorithm,"[{'word': 'алгоритм приближения', 'ratio': 0.6}, {'word': 'алгоритм аппроксимации', 'ratio': 0.4}]",алгоритм аппроксимации,алгоритм приближения,"```
1. Candidate: алгоритм аппроксимации
2. Explanation: The term ""алгоритм аппроксимации"" is the best fit for translating ""approximation algorithm"" in the context of AI and computer science. In Russian technical literature, ""аппроксимация"" is commonly used to refer to the process of finding approximate solutions to complex problems, which aligns with the concept of approximation algorithms in computer science. This term is semantically accurate and maintains the technical nuance of the original English term, ensuring that it is understood correctly within the AI domain. The back translation also confirms that the meaning is preserved, making it the most suitable choice for this context.
```","['approximation algorithm', 'approximation algorithm']"
34,barycentric coordinate,"[{'word': 'барицентрическая координата', 'ratio': 0.8}, {'word': 'Барицентрическая координата', 'ratio': 0.1}, {'word': 'барицентрические координаты', 'ratio': 0.1}]",барицентрические координаты,барицентрическая координата,"```
1. Candidate: ""барицентрические координаты""
2. Explanation: The term ""барицентрические координаты"" is the best fit because it accurately reflects the plural form used in the context of the original English sentence, where ""barycentric coordinates"" refers to a set of values (a, b) used to describe a point's position relative to the vertices of a triangle. In the AI and computational geometry domain, the plural form is essential as it indicates the use of multiple values to define a position within a triangle, which aligns with the concept of barycentric coordinates in mathematics and computer graphics.
```","['barycentric coordinates', 'Barycentric coordinate', 'barycentric coordinate']"
35,belief state,"[{'word': 'состояние веры', 'ratio': 0.5}, {'word': 'состояние уверенности', 'ratio': 0.5}]",состояние убеждения,состояние веры,"```
1. Candidate: состояние убеждения
2. Explanation: The term ""belief state"" in the AI context refers to a probability distribution over states, representing the agent's understanding or estimation of the environment based on past observations. The translation ""состояние убеждения"" directly translates back to ""state of belief,"" which closely aligns with the original term's meaning. It captures the notion of an internal state that reflects the agent's belief or estimation about the environment, which is crucial in AI for decision-making processes. The other candidates, ""состояние уверенности"" (state of confidence) and ""состояние веры"" (state of faith), do not accurately convey the probabilistic and computational nature of the term as used in AI contexts.
```","['state of belief', 'state of confidence', 'state of faith']"
36,bias parameter,"[{'word': 'параметр смещения', 'ratio': 0.8}, {'word': 'смягчение предвзятости', 'ratio': 0.1}, {'word': 'параметр предвзятости', 'ratio': 0.1}]",параметр предвзятости,параметр смещения,"```
1. Candidate: параметр предвзятости
2. Explanation: The term ""bias parameter"" in the context of AI and machine learning typically refers to a parameter that adjusts the output of a model to account for bias, often in the context of neural networks. The translation ""параметр предвзятости"" directly translates back to ""bias parameter,"" maintaining the semantic meaning and technical accuracy. The other candidates, ""параметр смещения"" and ""смягчение предвзятости,"" translate to ""offset parameter"" and ""bias mitigation,"" respectively, which do not accurately capture the intended meaning in the AI domain. ""Параметр предвзятости"" is the most contextually appropriate and precise translation for the term as used in AI. 
```","['offset parameter', 'bias parameter', 'bias mitigation']"
37,black-box,"[{'word': 'черный ящик', 'ratio': 0.6}, {'word': 'чёрный ящик', 'ratio': 0.2}, {'word': 'Черный ящик', 'ratio': 0.1}, {'word': 'чёрный', 'ratio': 0.1}]",чёрный ящик,черный ящик,"```
1. Candidate: ""чёрный ящик""
2. Explanation: The term ""black-box"" in the context of AI typically refers to a system or model whose internal workings are not visible or understandable to the user. The translation ""чёрный ящик"" is a well-established term in Russian that accurately conveys this concept, as it directly translates to ""black box"" and is commonly used in technical and AI-related contexts. The semantic accuracy and back translation (""black box"") confirm its appropriateness for the given context, making it the best fit for AI domain-specific usage.
```","['black', 'black box', 'Black box', 'black box']"
38,canonical basis,"[{'word': 'каноническое основание', 'ratio': 0.5}, {'word': 'каноническое базисное пространство', 'ratio': 0.2}, {'word': 'каноническое базисное представление', 'ratio': 0.1}, {'word': 'Каноническое основание', 'ratio': 0.1}, {'word': 'каноническое базис', 'ratio': 0.1}]",каноническая основа,каноническое основание,"```
1. Candidate: ""каноническая основа""
2. Explanation: The term ""каноническая основа"" is the best fit for translating ""canonical basis"" in the context of AI and mathematics. This translation directly corresponds to the standard term used in linear algebra and related fields, where ""основа"" (basis) is commonly used to describe a set of vectors that define a vector space. The back translation to ""canonical basis"" confirms its semantic accuracy and contextual fit, ensuring that it aligns with the domain-specific usage in AI, where precise mathematical terminology is crucial.
```","['canonical basis', 'canonical basis representation', 'canonical basis', 'canonical basis', 'Canonical basis', 'canonical basis space']"
39,canonicalization,"[{'word': 'канонизация', 'ratio': 0.8}, {'word': 'Канонизация', 'ratio': 0.1}, {'word': 'каноникализация', 'ratio': 0.1}]",каноникализация,канонизация,"```
1. Candidate: ""каноникализация""
2. Explanation: The term ""каноникализация"" is the best fit for translating ""canonicalization"" in the context of AI. This term maintains the technical specificity and precision required in AI terminology, as it directly reflects the English term ""canonicalization"" without altering its meaning. The other candidates, ""Канонизация"" and ""канонизация,"" translate to ""canonization,"" which is more commonly associated with religious or formal approval processes and does not accurately convey the technical process of transforming data into a standard or canonical form in AI. The back translation of ""каноникализация"" as ""canonicalization"" confirms its semantic accuracy and contextual fit within the AI domain.
```","['Canonization', 'canonization', 'canonicalization']"
40,classification model,"[{'word': 'модель классификации', 'ratio': 0.7}, {'word': 'Модель классификации', 'ratio': 0.2}, {'word': 'классификационная модель', 'ratio': 0.1}]",классификационная модель,модель классификации,"```
1. Candidate: ""классификационная модель""
2. Explanation: The term ""классификационная модель"" is the best fit because it accurately captures the concept of a ""classification model"" in the AI domain. This term is commonly used in Russian technical literature to describe models that categorize or classify data into predefined classes. The back translation to ""classification model"" confirms its semantic accuracy and contextual fit, ensuring that the meaning is preserved in both languages. Additionally, it aligns well with the context provided, where the model is used for tasks like predicting empathy levels, which is a typical application of classification models in AI.
```","['classification model', 'Classification model', 'classification model']"
41,classification network,"[{'word': 'сеть классификации', 'ratio': 0.6}, {'word': 'классификационная сеть', 'ratio': 0.2}, {'word': 'Сеть классификации', 'ratio': 0.2}]",классификационная сеть,сеть классификации,"```
1. Candidate: классификационная сеть
2. Explanation: The term ""классификационная сеть"" is the best fit because it directly translates to ""classification network"" and maintains the semantic meaning within the AI domain. The adjective form ""классификационная"" accurately describes the network's function of classifying data, which aligns with the context of fine-tuning a network for object detection and resolution adjustment. This choice ensures clarity and precision in technical communication, which is crucial in AI terminology.
```","['classification network', 'classification network', 'Classification network']"
42,clip range,"[{'word': 'диапазон обрезки', 'ratio': 0.6}, {'word': 'диапазон отсечения', 'ratio': 0.4}]",диапазон клипа,диапазон обрезки,"```
1. Candidate: диапазон клипа
2. Explanation: The term ""clip range"" in the context of AI and machine learning typically refers to the range within which certain values (such as gradients) are clipped to prevent them from becoming too large and destabilizing the learning process. The candidate ""диапазон клипа"" directly translates back to ""clip range,"" maintaining the original meaning and context. This term is more semantically accurate in the AI domain, as it preserves the technical nuance of ""clipping"" values, which is a common practice in training neural networks. The other candidates, ""диапазон отсечения"" and ""диапазон обрезки,"" translate to ""cut-off range"" and ""cutting range,"" respectively, which could imply a more general or different type of truncation not specific to the AI context of clipping values.
```","['cut-off range', 'clip range', 'cutting range']"
43,clipping threshold,"[{'word': 'порог обрезки', 'ratio': 0.5}, {'word': 'порог отсечения', 'ratio': 0.4}, {'word': 'потенциал кластера', 'ratio': 0.1}]",порог отсечения,порог обрезки,"```
1. Candidate: порог отсечения
2. Explanation: ""Порог отсечения"" is the best translation for ""clipping threshold"" in the context of AI and machine learning. This term accurately conveys the idea of limiting or cutting off values beyond a certain point, which is a common operation in algorithms to prevent extreme values from affecting the results. The back translation ""cutoff threshold"" aligns well with the original English term, maintaining the intended meaning and usage within the AI domain. The other candidates, ""порог обрезки"" and ""потенциал кластера,"" do not fit as well semantically; ""порог обрезки"" suggests a more physical trimming, and ""потенциал кластера"" is unrelated to the concept of thresholding in this context.
```","['trim threshold', 'cluster potential', 'cutoff threshold']"
44,coarse-to-fine,"[{'word': 'грубый к тонкому', 'ratio': 0.6}, {'word': 'грубый к точному', 'ratio': 0.3}, {'word': 'от грубого к тонкому', 'ratio': 0.1}]",от грубого к тонкому,грубый к тонкому,"```
1. Candidate: ""от грубого к тонкому""

2. Explanation: The candidate ""от грубого к тонкому"" is the best fit for the translation of ""coarse-to-fine"" in the context of AI and machine learning. This phrase accurately captures the hierarchical or progressive refinement process described in the context, where a model or algorithm starts with a broad, less detailed approach and progressively refines its focus to achieve greater detail or precision. The back translation ""from coarse to fine"" maintains the original meaning, ensuring semantic accuracy and contextual fit. This is crucial in AI terminology, where the concept of starting with a broad overview and moving towards finer details is a common strategy in training models and optimizing algorithms.
```","['from coarse to fine', 'coarse to fine', 'rough to fine', 'coarse to fine']"
45,column vector,"[{'word': 'столбцовый вектор', 'ratio': 0.5}, {'word': 'вектор-столбец', 'ratio': 0.3}, {'word': 'Столбцовый вектор', 'ratio': 0.2}]",вектор-столбец,столбцовый вектор,"```
1. Candidate: ""вектор-столбец""
2. Explanation: ""Вектор-столбец"" is the best fit for the translation of ""column vector"" in the AI domain. This term is commonly used in mathematical and computational contexts to describe a vector that is oriented as a single column, which aligns with the usage in the provided context. The back translation also accurately reflects the original term, ensuring semantic accuracy and contextual fit.
```","['Column vector', 'column vector', 'column vector']"
46,conditional expectation,"[{'word': 'условное ожидание', 'ratio': 0.9}, {'word': 'условное математическое ожидание', 'ratio': 0.1}]",условное математическое ожидание,условное ожидание,"```
1. Candidate: ""условное математическое ожидание""
2. Explanation: The term ""conditional expectation"" in the context of AI and statistics often refers to a mathematical concept where the expectation (or mean) of a random variable is calculated given certain conditions or information. The translation ""условное математическое ожидание"" explicitly includes ""математическое"" (mathematical), which aligns more closely with the technical and precise nature of the term in the AI domain. This ensures clarity and specificity, reducing ambiguity in contexts where mathematical rigor is essential, such as in the EM algorithm and MAP estimation mentioned in the provided context.
```","['conditional expectation', 'conditional mathematical expectation']"
47,conditional log likelihood,"[{'word': 'условная логарифмическая вероятность', 'ratio': 0.6}, {'word': 'условное логарифмическое правдоподобие', 'ratio': 0.2}, {'word': 'Условная логарифмическая вероятность', 'ratio': 0.1}, {'word': 'условный логарифмический правдоподобие', 'ratio': 0.1}]",условное логарифмическое правдоподобие,условная логарифмическая вероятность,"```
1. Candidate: ""условное логарифмическое правдоподобие""

2. Explanation: The term ""условное логарифмическое правдоподобие"" is the best fit for translating ""conditional log likelihood"" in the context of AI and statistical modeling. This translation accurately captures the concept of ""log likelihood,"" which is a measure of how well a statistical model explains observed data, conditioned on certain variables. The term ""правдоподобие"" directly translates to ""likelihood,"" which is crucial for maintaining the semantic integrity of the original term. Additionally, the back translation ""conditional log-likelihood"" closely matches the original English term, ensuring contextual fit and domain-specific accuracy. The other candidates either incorrectly translate ""likelihood"" as ""вероятность"" (probability), which changes the meaning, or have grammatical errors, making them less suitable for precise technical communication in the AI domain.
```","['conditional log-likelihood', 'Conditional log likelihood', 'conditional log-likelihood', 'conditional log likelihood']"
48,confusion network,"[{'word': 'сеть путаницы', 'ratio': 0.8}, {'word': 'сеть неразберихи', 'ratio': 0.1}, {'word': 'пакетное обучение', 'ratio': 0.1}]",сеть неразберихи,сеть путаницы,"```
1. Candidate: сеть неразберихи
2. Explanation: The term ""confusion network"" in the context of AI and machine translation refers to a specific structure used to represent multiple hypotheses in a compact form, often used in speech recognition and machine translation to improve decision-making. The candidate ""сеть неразберихи"" translates back to ""web of confusion,"" which captures the essence of a network dealing with uncertainty and multiple possibilities. This aligns well with the AI domain-specific usage, where ""confusion"" refers to the complexity and variability in hypotheses, rather than a literal state of confusion. The other candidates either do not fit the context (""пакетное обучение"" translates to ""package training,"" which is unrelated) or have similar back translations but ""сеть неразберихи"" is more commonly used in technical contexts to describe complex, intertwined systems.
```","['web of confusion', 'package training', 'web of confusion']"
49,conjugate gradient,"[{'word': 'сопряженный градиент', 'ratio': 0.5}, {'word': 'сопряжённый градиент', 'ratio': 0.3}, {'word': 'алгоритм поиска с лучами', 'ratio': 0.1}, {'word': 'метод сопряжённых градиентов', 'ratio': 0.1}]",метод сопряжённых градиентов,сопряженный градиент,"```
1. Candidate: метод сопряжённых градиентов
2. Explanation: The term ""метод сопряжённых градиентов"" translates to ""conjugate gradient method,"" which is the most semantically accurate and contextually appropriate translation for the AI domain. The term ""conjugate gradient"" in the context of AI and machine learning typically refers to an optimization algorithm used for solving systems of linear equations, particularly in the context of training models. The inclusion of ""метод"" (method) aligns with the technical usage in the AI field, where it is often referred to as a method or algorithm. This candidate maintains both semantic accuracy and contextual fit, as confirmed by the back translation.
```","['conjugate gradient', 'conjugate gradient', 'ray search algorithm', 'conjugate gradient method']"
50,contextual model,"[{'word': 'контекстная модель', 'ratio': 0.8}, {'word': 'контекстуальная модель', 'ratio': 0.1}, {'word': 'контекстная информация', 'ratio': 0.1}]",контекстуальная модель,контекстная модель,"```
1. Candidate: ""контекстуальная модель""
2. Explanation: The term ""контекстуальная модель"" is the best fit because it directly translates to ""contextual model,"" maintaining the semantic accuracy and specificity required in the AI domain. The term ""contextual model"" in AI refers to models that take into account the surrounding context to improve understanding or prediction, which aligns well with ""контекстуальная модель."" The back translation confirms this accuracy, making it the most suitable choice for conveying the intended meaning in the given context.
```","['context model', 'contextual information', 'contextual model']"
51,contextual vector,"[{'word': 'контекстный вектор', 'ratio': 0.6}, {'word': 'контекстуальный вектор', 'ratio': 0.4}]",контекстуальный вектор,контекстный вектор,"```
1. Candidate: контекстуальный вектор
2. Explanation: The term ""контекстуальный вектор"" is the best fit because it directly translates to ""contextual vector,"" maintaining the semantic accuracy of the original English term. In the AI domain, ""contextual vector"" refers to vectors that capture context-dependent information, which is crucial for models like ELMo that consider the surrounding context of words. The back translation of ""контекстуальный вектор"" as ""contextual vector"" confirms its accuracy and appropriateness in the given context, ensuring that the term's specific meaning in AI is preserved.
```","['context vector', 'contextual vector']"
52,contingency table,"[{'word': 'контингентная таблица', 'ratio': 0.6}, {'word': 'таблица сопряженности', 'ratio': 0.3}, {'word': 'Контингентная таблица', 'ratio': 0.1}]",таблица сопряженности,контингентная таблица,"```
1. Candidate: ""таблица сопряженности""
2. Explanation: The term ""таблица сопряженности"" is the most semantically accurate translation for ""contingency table"" in the context of AI and statistics. This term is widely used in Russian statistical literature to describe a matrix that displays the frequency distribution of variables, which aligns with the usage in the given context. The back translation also accurately returns to ""contingency table,"" indicating a strong contextual fit and understanding in both languages.
```","['contingent table', 'Contingent table', 'contingency table', 'contingency table']"
53,contrastive objective,"[{'word': 'контрастная цель', 'ratio': 0.6}, {'word': 'контрастивная цель', 'ratio': 0.4}]",контрастивная цель,контрастная цель,"```
1. Candidate: ""контрастивная цель""
2. Explanation: The term ""контрастивная цель"" is the best fit for translating ""contrastive objective"" in the context of AI and machine learning. In AI terminology, ""contrastive"" often refers to methods that learn by contrasting positive and negative examples, such as in contrastive learning. The back translation ""contrastive target"" closely aligns with the original English term, maintaining the semantic meaning. The other candidates, ""контрастирующая цель"" and ""контрастная цель,"" translate back to ""contrasting target"" and ""contrast target,"" respectively, which do not accurately capture the specific AI concept of a contrastive learning objective. Therefore, ""контрастивная цель"" is the most semantically accurate and contextually appropriate translation in the AI domain.
```","['contrasting target', 'contrastive target', 'contrast target']"
54,convex conjugate,"[{'word': 'выпуклый сопряжённый', 'ratio': 0.7}, {'word': 'выпуклый сопряженный', 'ratio': 0.1}, {'word': 'вогнутое сопряжение', 'ratio': 0.1}, {'word': 'выпуклый сопряженный функционал', 'ratio': 0.1}]",выпуклый сопряженный функционал,выпуклый сопряжённый,"```
1. Candidate: ""выпуклый сопряженный функционал""
2. Explanation: The term ""convex conjugate"" in the context of optimization and duality theory refers to a specific mathematical concept related to convex analysis, often involving functions. The candidate ""выпуклый сопряженный функционал"" translates back to ""convex conjugate functional,"" which accurately captures the notion of a functional in mathematical terms. This is crucial in the AI domain, where precise mathematical terminology is essential for clarity and correctness. The other candidates either lack the specificity of referring to a functional or incorrectly imply a different mathematical concept, such as ""concave mate"" or ""convex mate,"" which do not fit the context of convex analysis.
```","['convex conjugate functional', 'concave mate', 'convex mate', 'convex conjugate', 'convex conjugate']"
55,convex objective,"[{'word': 'выпуклая цель', 'ratio': 0.9}, {'word': 'выпуклая целевая функция', 'ratio': 0.1}]",выпуклая целевая функция,выпуклая цель,"```
1. Candidate: выпуклая целевая функция
2. Explanation: The term ""convex objective"" in the context of AI and machine learning typically refers to a ""convex objective function,"" which is a function that is optimized during algorithms like gradient descent. The candidate ""выпуклая целевая функция"" accurately captures this meaning, as it directly translates to ""convex objective function,"" maintaining both the semantic accuracy and the domain-specific usage. The back translation also aligns well with the original term, ensuring contextual fit in the AI domain.
```","['convex target', 'convex objective function']"
56,convolution layer,"[{'word': 'сверточный слой', 'ratio': 0.7}, {'word': 'свёрточный слой', 'ratio': 0.2}, {'word': 'слой свертки', 'ratio': 0.1}]",свёрточный слой,сверточный слой,"```
1. Candidate: ""свёрточный слой""
2. Explanation: The term ""свёрточный слой"" is the most semantically accurate translation for ""convolution layer"" in the context of AI and neural networks. It is widely used in Russian technical literature and accurately conveys the concept of a layer in a neural network that performs convolution operations. The back translation ""convolutional layer"" closely matches the original English term, ensuring contextual fit and maintaining the intended meaning within the AI domain. The other candidates, while similar, either do not match the standard terminology or have less precise back translations.
```","['convolutional layer', 'convolution layer', 'convolutional layer']"
57,coordinate descent,"[{'word': 'спуск по координатам', 'ratio': 0.5}, {'word': 'десцентная оптимизация', 'ratio': 0.1}, {'word': 'Координатный спуск', 'ratio': 0.1}, {'word': 'поиск по координатам', 'ratio': 0.1}, {'word': 'координатный спуск', 'ratio': 0.1}, {'word': 'метод спуска по координатам', 'ratio': 0.1}]",координатный спуск,спуск по координатам,"```
1. Candidate: ""координатный спуск""
2. Explanation: ""Координатный спуск"" is the most semantically accurate translation for ""coordinate descent"" in the context of AI and optimization algorithms. This term is widely used in Russian mathematical and machine learning literature to describe the iterative optimization technique where each coordinate is optimized sequentially. The back translation as ""coordinate descent"" confirms its accuracy and contextual fit, ensuring that the technical meaning is preserved. Other candidates either introduce unnecessary complexity or deviate from the standard terminology used in the field.
```","['coordinate descent', 'Coordinate descent', 'coordinate descent method', 'descent by coordinates', 'decentralization optimization', 'search by coordinates']"
58,cost volume,"[{'word': 'объем стоимости', 'ratio': 0.7}, {'word': 'Объем стоимости', 'ratio': 0.2}, {'word': 'объем затрат', 'ratio': 0.1}]",объем затрат,объем стоимости,"```
1. Candidate: ""объем затрат""
2. Explanation: In the context of AI, particularly in computer vision and planning algorithms, ""cost volume"" refers to a multi-dimensional array that represents the cost associated with different hypotheses or predictions. The term ""объем затрат"" translates back to ""amount of costs,"" which accurately captures the notion of evaluating and comparing different costs associated with various predictions or plans. This translation maintains the semantic meaning of ""cost"" as an evaluative metric, which is crucial in AI applications where decisions are made based on minimizing or optimizing these costs. The other candidates, ""Объем стоимости"" and ""объем стоимости,"" translate back to ""Volume cost"" and ""value volume,"" respectively, which do not accurately convey the concept of cost evaluation in AI contexts.
```","['Volume cost', 'amount of costs', 'value volume']"
59,cumulative distribution function,"[{'word': 'кумулятивная функция распределения', 'ratio': 0.6}, {'word': 'функция распределения', 'ratio': 0.3}, {'word': 'функция накопленного распределения', 'ratio': 0.1}]",функция накопленного распределения,кумулятивная функция распределения,"```
1. Candidate: ""функция накопленного распределения""
2. Explanation: The term ""функция накопленного распределения"" is the best fit for translating ""cumulative distribution function"" in the context of AI and statistics. This translation accurately captures the concept of accumulation inherent in the cumulative distribution function, which is crucial for understanding its role in probability and statistics. The back translation to ""cumulative distribution function"" confirms its semantic accuracy and contextual fit. The other candidates either lack the specificity of accumulation (""функция распределения"") or use a less common term (""кумулятивная функция распределения"") that might not be as widely recognized in the domain-specific literature.
```","['cumulative distribution function', 'cumulative distribution function', 'distribution function']"
60,data mining,"[{'word': 'добыча данных', 'ratio': 0.5}, {'word': 'анализ данных', 'ratio': 0.4}, {'word': 'Дата-майнинг', 'ratio': 0.1}]",интеллектуальный анализ данных,добыча данных,"```
1. Candidate: ""интеллектуальный анализ данных""
2. Explanation: ""Интеллектуальный анализ данных"" is the best translation for ""data mining"" in the context of AI and data science. This term accurately captures the process of extracting useful information from large datasets, which is the essence of data mining. It aligns well with the domain-specific usage, as it emphasizes the intelligent and analytical aspects of the process, which are crucial in AI applications. The back translation also matches the original term, ensuring semantic accuracy and contextual fit.
```","['data mining', 'data analysis', 'Data mining', 'data mining']"
61,datum fidelity,"[{'word': 'точность данных', 'ratio': 0.5}, {'word': 'достоверность данных', 'ratio': 0.4}, {'word': 'согласованность данных', 'ratio': 0.1}]",достоверность данных,точность данных,"```
1. Candidate: ""достоверность данных""
2. Explanation: In the context of AI and computer vision, ""datum fidelity"" refers to how well the data is represented or preserved in a model or algorithm. ""Достоверность данных"" translates to ""data reliability,"" which captures the essence of maintaining the integrity and trustworthiness of the data. This term aligns well with the concept of fidelity in AI, where the focus is on ensuring that the data accurately reflects the real-world scenario it represents. The other candidates, such as ""точность данных"" (data accuracy) and ""согласованность данных"" (data consistency), do not fully encapsulate the idea of fidelity as it pertains to the preservation and reliability of data in the context of energy minimization methods and regularization in computer vision.
```","['data accuracy', 'data reliability', 'accuracy of source data', 'data consistency']"
62,decision boundary,"[{'word': 'граница решения', 'ratio': 0.7}, {'word': 'Граница решения', 'ratio': 0.1}, {'word': 'граница принятия решения', 'ratio': 0.1}, {'word': 'Граница принятия решения', 'ratio': 0.1}]",граница принятия решения,граница решения,"```
1. Candidate: ""граница принятия решения""
2. Explanation: The term ""decision boundary"" in the context of AI and machine learning refers to the boundary that separates different classes in a classification problem. The candidate ""граница принятия решения"" directly translates to ""decision boundary"" and accurately captures the concept of a boundary used to make decisions between different classes. This translation maintains the semantic meaning and is contextually appropriate for the AI domain, where decision boundaries are critical in understanding model behavior and classification tasks. The back translation also confirms its accuracy, making it the best fit among the provided options.
```","['decision boundary', 'Decision boundary', 'decision boundary', 'Decision Boundary']"
63,deep net,"[{'word': 'глубокая сеть', 'ratio': 0.9}, {'word': 'глубокая нейронная сеть', 'ratio': 0.1}]",глубокая нейронная сеть,глубокая сеть,"```
1. Candidate: глубокая нейронная сеть
2. Explanation: The term ""deep net"" in the context of AI and machine learning typically refers to ""deep neural networks,"" which are a type of artificial neural network with multiple layers between the input and output layers. The candidate ""глубокая нейронная сеть"" directly translates to ""deep neural network,"" which accurately captures the intended meaning in the AI domain. The back translation confirms this by returning ""deep neural network,"" ensuring semantic accuracy and contextual fit. The other candidate, ""глубокая сеть,"" translates back to ""deep web,"" which is unrelated to the AI context and thus not suitable.
```","['deep neural network', 'deep web']"
64,dependency path,"[{'word': 'путь зависимости', 'ratio': 0.6}, {'word': 'путь зависимостей', 'ratio': 0.4}]",путь зависимостей,путь зависимости,"```
1. Candidate: ""путь зависимостей""
2. Explanation: The term ""dependency path"" in the context of AI and natural language processing refers to a sequence of syntactic dependencies that connect words in a sentence. The candidate ""путь зависимостей"" accurately captures this concept by using the plural form ""зависимостей,"" which aligns with the idea of multiple dependencies forming a path. This translation maintains the semantic accuracy and reflects the technical nature of the term within the AI domain, where multiple dependencies are typically involved in forming such paths. The back translation also returns as ""dependency path,"" indicating a good contextual fit.
```","['dependency path', 'dependency path']"
65,directed acyclic graph,"[{'word': 'направленный ациклический граф', 'ratio': 0.5}, {'word': 'ориентированный ациклический граф', 'ratio': 0.3}, {'word': 'контекстуализированное векторное представление', 'ratio': 0.1}, {'word': 'направленный ацикличный граф', 'ratio': 0.1}]",ориентированный ациклический граф,направленный ациклический граф,"```
1. Candidate: ""ориентированный ациклический граф""
2. Explanation: The term ""ориентированный ациклический граф"" is the most semantically accurate translation for ""directed acyclic graph"" in the context of AI and computer science. This translation is widely accepted in Russian technical literature and accurately conveys the concept of a graph with directed edges and no cycles, which is crucial for understanding structures like computation graphs in backpropagation and causal inference models. The back translation also matches perfectly, ensuring contextual fit and maintaining the intended meaning in both languages.
```","['contextualized vector representation', 'directed acyclic graph', 'directed acyclic graph', 'directed acyclic graph']"
66,distance transform,"[{'word': 'преобразование расстояния', 'ratio': 0.5}, {'word': 'Преобразование расстояния', 'ratio': 0.2}, {'word': 'преобразование расстояний', 'ratio': 0.2}, {'word': 'трансформация расстояния', 'ratio': 0.1}]",трансформация расстояния,преобразование расстояния,"```
1. Candidate: ""трансформация расстояния""
2. Explanation: The term ""трансформация расстояния"" is the best fit for translating ""distance transform"" in the context of AI and computer vision. The word ""трансформация"" directly corresponds to ""transform,"" maintaining the technical nuance of the term as used in AI, where ""transform"" often refers to a mathematical or algorithmic process. The back translation ""distance transformation"" closely aligns with the original English term, ensuring semantic accuracy and contextual fit. This choice avoids the ambiguity of ""преобразование,"" which can imply a broader range of conversions not specific to the mathematical or algorithmic context of ""distance transform.""
```","['distance conversion', 'distance conversion', 'distance transformation', 'Distance conversion']"
67,distributional model,"[{'word': 'распределительная модель', 'ratio': 0.6}, {'word': 'дистрибутивная модель', 'ratio': 0.4}]",модель распределения,распределительная модель,"```
1. Candidate: ""модель распределения""
2. Explanation: ""Модель распределения"" is the best fit because it accurately captures the concept of a ""distributional model"" in the context of AI and linguistics, where it refers to models that represent semantic structures based on the distribution of words in large corpora. The term ""модель распределения"" aligns well with the idea of modeling based on distributional semantics, which is crucial in AI for understanding and processing natural language. The back translation as ""distribution model"" maintains the semantic integrity of the original term, ensuring contextual fit in the AI domain.
```","['distribution model', 'distribution model', 'distribution model']"
68,domain knowledge,"[{'word': 'предметные знания', 'ratio': 0.5}, {'word': 'знание предметной области', 'ratio': 0.1}, {'word': 'знание в области', 'ratio': 0.1}, {'word': 'знания о предмете', 'ratio': 0.1}, {'word': 'знания в области', 'ratio': 0.1}, {'word': 'экспертные знания', 'ratio': 0.1}]",знание предметной области,предметные знания,"```
1. Candidate: ""знание предметной области""

2. Explanation: The term ""знание предметной области"" is the best fit for translating ""domain knowledge"" in the context of AI. This translation accurately captures the concept of specialized knowledge within a specific field or domain, which is crucial in AI for developing models and methods that rely on detailed understanding of particular subject areas. The back translation as ""domain knowledge"" confirms its semantic accuracy and contextual fit, aligning well with the AI domain-specific usage where precise and contextually relevant knowledge is essential for effective model development and application.
```","['subject knowledge', 'knowledge in the field', 'knowledge in the field', 'domain knowledge', 'expertise', 'knowledge about the subject']"
69,domain-specific,"[{'word': 'специфичный для области', 'ratio': 0.6}, {'word': 'специализированный', 'ratio': 0.1}, {'word': 'domain-specific специфичный для области', 'ratio': 0.1}, {'word': 'специализированный для области', 'ratio': 0.1}, {'word': 'специализированный по области', 'ratio': 0.1}]",специфичный для домена,специфичный для области,"```
1. Candidate: ""специфичный для домена""
2. Explanation: The term ""специфичный для домена"" is the best fit because it directly translates to ""domain specific,"" maintaining the original meaning and context. In AI terminology, ""domain-specific"" refers to elements or processes tailored to a particular domain or field. This candidate accurately captures the nuance of being specific to a particular domain, which is crucial in AI contexts where domain-specific models or prompts are often discussed. The back translation also aligns perfectly with the original term, ensuring semantic accuracy and contextual fit.
```","['domain specific', 'specialized', 'specialized in area', 'area specific', 'specialized for the area', 'domain-specific']"
70,dual norm,"[{'word': 'двойная норма', 'ratio': 0.7}, {'word': 'двойственная норма', 'ratio': 0.3}]",двойственная норма,двойная норма,"```
1. Candidate: ""двойственная норма""
2. Explanation: The term ""двойственная норма"" is the best fit because it accurately captures the concept of ""dual norm"" in the context of functional analysis and optimization, which is relevant to AI and machine learning. The dual norm is a mathematical concept used to describe the norm of a dual space, and ""двойственная"" directly translates to ""dual"" in this context. The back translation ""dual norm"" confirms the semantic accuracy and contextual fit, whereas ""двойная норма"" translates to ""double rate,"" which is incorrect and does not convey the intended mathematical meaning.
```","['dual norm', 'double rate']"
71,dual program,"[{'word': 'двойная программа', 'ratio': 0.5}, {'word': 'двойственная задача', 'ratio': 0.3}, {'word': 'двоичная задача', 'ratio': 0.1}, {'word': 'Двойная программа', 'ratio': 0.1}]",двойственная задача,двойная программа,"```
1. Candidate: ""двойственная задача""
2. Explanation: The term ""dual program"" in the context of optimization and AI typically refers to the dual of a linear programming problem, which is a standard concept in mathematical optimization. The translation ""двойственная задача"" accurately captures this meaning, as ""двойственная"" is commonly used in Russian to denote the duality in mathematical contexts, particularly in optimization problems. The back translation ""dual problem"" aligns well with the original English term, ensuring semantic accuracy and contextual fit within the AI domain.
```","['binary task', 'Double program', 'dual problem', 'double program']"
72,eigenspectrum,"[{'word': 'собственный спектр', 'ratio': 0.6}, {'word': 'собственное спектр', 'ratio': 0.2}, {'word': 'Эйгенспектр', 'ratio': 0.1}, {'word': 'спектр собственных значений', 'ratio': 0.1}]",спектр собственных значений,собственный спектр,"```
1. Candidate: ""спектр собственных значений""
2. Explanation: The term ""спектр собственных значений"" translates to ""eigenvalue spectrum"" in English, which accurately captures the meaning of ""eigenspectrum"" in the context of AI and mathematics. In the domain of AI, especially in spectral methods and graph theory, ""eigenspectrum"" refers to the set of eigenvalues of a matrix, which is crucial for understanding the properties of embeddings and transformations. This candidate maintains the technical accuracy and specificity required for the context, ensuring that the translation is semantically precise and contextually appropriate.
```","['eigenvalue spectrum', 'own spectrum', 'Eigenspectr', 'own spectrum']"
73,embedding model,"[{'word': 'модель встраивания', 'ratio': 0.7}, {'word': 'модель вложений', 'ratio': 0.1}, {'word': 'модель векторных представлений', 'ratio': 0.1}, {'word': 'модель эмбеддинга', 'ratio': 0.1}]",модель эмбеддинга,модель встраивания,"```
1. Candidate: модель эмбеддинга
2. Explanation: The term ""модель эмбеддинга"" is the best fit for translating ""embedding model"" in the context of AI. This is because ""эмбеддинг"" is a transliteration of ""embedding,"" which is commonly used in Russian AI literature to refer to the concept of embeddings in machine learning and natural language processing. The back translation also matches the original term, ensuring semantic accuracy and contextual fit. Other candidates like ""модель векторных представлений"" could be considered, but they are more specific to vector representations and might not fully capture the broader concept of embeddings as used in AI.
```","['vector representation model', 'implementation model', 'investment model', 'embedding model', 'embedding model']"
74,embedding space,"[{'word': 'пространство встраивания', 'ratio': 0.6}, {'word': 'пространство вложений', 'ratio': 0.1}, {'word': 'пространство векторных представлений', 'ratio': 0.1}, {'word': 'пространство встраиваний', 'ratio': 0.1}, {'word': 'пространство эмбеддингов', 'ratio': 0.1}]",пространство эмбеддингов,пространство встраивания,"```
1. Candidate: ""пространство эмбеддингов""
2. Explanation: The term ""пространство эмбеддингов"" is the best fit for translating ""embedding space"" in the context of AI and machine learning. This candidate maintains the semantic accuracy and is widely used in the Russian AI community to refer to the concept of embedding spaces, which are mathematical constructs used to represent data in a continuous vector space. The back translation also accurately reflects the original term, ensuring contextual fit. Other candidates, such as ""пространство векторных представлений,"" while technically accurate, do not capture the specific AI domain usage as precisely as ""пространство эмбеддингов,"" which directly aligns with the terminology used in AI literature and discussions.
```","['vector representation space', 'embedding space', 'embedding space', 'embedding space', 'embedding space', 'built-in space']"
75,embedding vector,"[{'word': 'вектор встраивания', 'ratio': 0.7}, {'word': 'вектор вложений', 'ratio': 0.1}, {'word': 'вектор векторного представления', 'ratio': 0.1}, {'word': 'вектор эмбеддинга', 'ratio': 0.1}]",вектор эмбеддинга,вектор встраивания,"```
1. Candidate: вектор эмбеддинга
2. Explanation: The term ""вектор эмбеддинга"" is the best fit for translating ""embedding vector"" in the context of AI and machine learning. This term is widely used in the Russian-speaking AI community and accurately conveys the concept of embedding, which involves mapping discrete objects like words into continuous vector spaces. The back translation ""embedding vector"" matches the original term, ensuring semantic accuracy and contextual fit. Other candidates either introduce redundancy or do not capture the specific AI-related meaning of ""embedding.""
```","['vector representation vector', 'embedding vector', 'attachment vector', 'embedding vector', 'implementation vector']"
76,encoder layer,"[{'word': 'слой кодировщика', 'ratio': 0.8}, {'word': 'слой энкодера', 'ratio': 0.2}]",слой энкодера,слой кодировщика,"```
1. Candidate: ""слой энкодера""
2. Explanation: The term ""слой энкодера"" is the best fit for translating ""encoder layer"" in the context of AI and machine learning. In the AI domain, ""энкодер"" is a commonly used transliteration of ""encoder,"" which maintains the technical specificity and familiarity for Russian-speaking professionals. This term is widely recognized in the context of neural networks and aligns well with the original English term, ensuring semantic accuracy and contextual fit. The back translation also accurately returns to ""encoder layer,"" confirming its appropriateness.
```","['encoder layer', 'encoder layer', 'encoder layer']"
77,encoder model,"[{'word': 'модель кодировщика', 'ratio': 0.8}, {'word': 'модель энкодера', 'ratio': 0.2}]",модель энкодера,модель кодировщика,"```
1. Candidate: модель энкодера
2. Explanation: The term ""модель энкодера"" is the best fit for translating ""encoder model"" in the context of AI and machine learning. In the AI domain, ""энкодер"" is a widely accepted transliteration of ""encoder,"" which is commonly used in Russian technical literature to refer to components of neural networks, such as those found in transformer architectures. This term maintains semantic accuracy and is consistent with the terminology used in the field, ensuring that the translation is both precise and contextually appropriate. The back translation also accurately returns to ""encoder model,"" confirming its suitability.
```","['encoder model', 'encoder model', 'encoder model']"
78,equalized odd,"[{'word': 'уравновешенные шансы', 'ratio': 0.5}, {'word': 'уравненные шансы', 'ratio': 0.1}, {'word': 'равные шансы', 'ratio': 0.1}, {'word': 'выравненная вероятность', 'ratio': 0.1}, {'word': 'выравненные шансы', 'ratio': 0.1}, {'word': 'уравнённые шансы', 'ratio': 0.1}]",уравненные шансы,уравновешенные шансы,"```
1. Candidate: ""уравненные шансы""
2. Explanation: The term ""equalized odds"" in the AI fairness context refers to a fairness criterion where the true positive rate and false positive rate are equal across different groups. The candidate ""уравненные шансы"" translates back to ""even chances,"" which closely aligns with the concept of equalizing opportunities or probabilities across groups. This translation maintains the semantic meaning of balancing or equalizing odds, which is crucial in the context of fairness in AI models. Other candidates either do not capture the notion of fairness or introduce unrelated concepts, making ""уравненные шансы"" the most contextually accurate choice.
```","['equalized probability', 'even odds', 'equal chances', 'balanced odds', 'even chances', 'even odds', 'equalized odd']"
79,equivalence query,"[{'word': 'запрос на эквивалентность', 'ratio': 0.5}, {'word': 'запрос эквивалентности', 'ratio': 0.5}]",запрос эквивалентности,запрос на эквивалентность,"```
1. Candidate: запрос эквивалентности
2. Explanation: The term ""запрос эквивалентности"" is the best fit for translating ""equivalence query"" in the context of AI. In the domain of AI, ""query"" is often translated as ""запрос,"" which is a standard term used in computational contexts to denote a request for information or a test. The word ""эквивалентности"" accurately captures the concept of equivalence, which is crucial in the context of learning algorithms and computational theory. The back translation ""equivalence request"" maintains the semantic integrity of the original term, ensuring that the concept of querying for equivalence is preserved. This makes it a more precise and contextually appropriate choice compared to ""запрос на эквивалентность,"" which could imply a request for equivalence rather than a query, potentially altering the intended meaning in AI-specific usage.
```","['equivalence request', 'equivalence request']"
80,error tolerance,"[{'word': 'допустимая ошибка', 'ratio': 0.5555555555555556}, {'word': 'Допустимая ошибка', 'ratio': 0.2222222222222222}, {'word': 'допустимость ошибки', 'ratio': 0.1111111111111111}, {'word': 'допустимая погрешность', 'ratio': 0.1111111111111111}]",толерантность к ошибкам,допустимая ошибка,"```
1. Candidate: ""толерантность к ошибкам""

2. Explanation: The term ""толерантность к ошибкам"" directly translates to ""error tolerance"" and maintains the semantic accuracy needed in the AI domain. In the context of machine learning and AI, ""error tolerance"" refers to the acceptable level of error in a model's predictions or performance. This candidate captures the notion of allowing for a certain degree of error, which is crucial when discussing concepts like sample complexity and intrinsic dimensions. The back translation also aligns perfectly with the original term, ensuring contextual fit and precision in technical discussions.
```","['error tolerance', 'Acceptable error', 'permissible error', 'tolerance for error', 'acceptable error']"
81,evaluation set,"[{'word': 'набор для оценки', 'ratio': 1.0}]",оценочный набор,набор для оценки,"```
1. Candidate: оценочный набор
2. Explanation: The term ""оценочный набор"" directly translates back to ""evaluation set,"" maintaining the original meaning and context. In the AI domain, ""evaluation set"" refers to a subset of data used to assess the performance of a model, which aligns with the usage in the provided context. The alternative ""набор для оценки"" translates back to ""assessment kit,"" which implies a set of tools or materials for assessment rather than a data subset, making it less semantically accurate for the AI context.
```","['assessment kit', 'evaluation set']"
82,feature matching,"[{'word': 'сопоставление признаков', 'ratio': 0.7777777777777778}, {'word': 'feature matching - сопоставление признаков', 'ratio': 0.1111111111111111}, {'word': 'соответствие признаков', 'ratio': 0.1111111111111111}]",соответствие признаков,сопоставление признаков,"```
1. Candidate: ""соответствие признаков""

2. Explanation: The term ""соответствие признаков"" is the best fit for translating ""feature matching"" in the context of AI and computer vision. In the domain of AI, particularly in image processing and computer vision, ""feature matching"" refers to the process of identifying and aligning similar features or key points between different images or within the same image. The term ""соответствие признаков"" accurately captures this concept by emphasizing the correspondence or alignment of features, which is crucial for tasks like image stitching, object recognition, and 3D reconstruction. The back translation ""feature matching"" also aligns well with the original term, ensuring semantic accuracy and contextual fit in the AI domain.
```","['feature comparison', 'feature mapping', 'feature matching - comparison of features', 'feature matching']"
83,feature representation learning,"[{'word': 'обучение представлению признаков', 'ratio': 0.8}, {'word': 'Обучение представлению признаков', 'ratio': 0.1}, {'word': 'обучение представления признаков', 'ratio': 0.1}]",обучение представления признаков,обучение представлению признаков,"```
1. Candidate: ""обучение представления признаков""

2. Explanation: The candidate ""обучение представления признаков"" is the best fit because it accurately captures the concept of ""feature representation learning"" in the context of AI. The term ""признаки"" (features) is commonly used in machine learning to refer to the individual measurable properties or characteristics used in algorithms. The back translation ""feature representation learning"" confirms the semantic accuracy and contextual fit, ensuring that the translation aligns with the domain-specific usage in AI.
```","['feature representation learning', 'Feature Representation Learning', 'feature representation learning', 'learning to represent objects']"
84,fine-tune,"[{'word': 'дообучение', 'ratio': 0.5}, {'word': 'доработка', 'ratio': 0.3}, {'word': 'дообучить', 'ratio': 0.2}]",дообучить,дообучение,"```
1. Candidate: ""дообучить""
2. Explanation: In the context of AI and machine learning, ""fine-tune"" refers to the process of taking a pre-trained model and making small adjustments to its parameters to optimize it for a specific task. The term ""дообучить"" directly translates to ""retrain,"" which captures the essence of making additional adjustments to an already trained model. This aligns well with the AI domain-specific usage, where fine-tuning involves further training of a model on a specific dataset or task. The back translation ""retrain"" also supports this interpretation, making ""дообучить"" the most semantically accurate and contextually fitting choice for the term ""fine-tune"" in the given context.
```","['retrain', 'additional training', 'revision', 'fine tuning']"
85,functionality assertion,"[{'word': 'утверждение функциональности', 'ratio': 0.6}, {'word': 'утверждение о функциональности', 'ratio': 0.4}]",утверждение о функциональности,утверждение функциональности,"```
1. Candidate: ""утверждение о функциональности""
2. Explanation: The term ""утверждение о функциональности"" translates back to ""functionality statement,"" which closely aligns with the original English term ""functionality assertion."" In the context of AI and ontologies, ""assertion"" refers to a statement or declaration about a property or characteristic, which is accurately captured by ""утверждение о функциональности."" The other candidate, ""утверждение функциональности,"" translates back to ""functionality approval,"" which implies a sense of validation or acceptance rather than a mere declaration, making it less suitable for the context of describing properties in an ontology.
```","['functionality statement', 'functionality approval']"
86,generative pre-training,"[{'word': 'генеративное предварительное обучение', 'ratio': 0.7777777777777778}, {'word': 'генеративное предобучение', 'ratio': 0.1111111111111111}, {'word': 'генеративная предобученность', 'ratio': 0.1111111111111111}]",генеративное предобучение,генеративное предварительное обучение,"```
1. Candidate: ""генеративное предобучение""
2. Explanation: ""Генеративное предобучение"" is the best fit because it accurately captures the concept of ""pre-training"" in the context of AI, where models are trained on a large dataset before being fine-tuned for specific tasks. The term ""предобучение"" directly translates to ""pretraining,"" which is commonly used in the AI domain to describe this process. Additionally, the back translation ""generative pretraining"" aligns well with the original English term, ensuring semantic accuracy and contextual fit within the AI field.
```","['generative pre-training', 'generative pre-learning', 'generative pretraining', 'generative pre-training']"
87,geodesic,"[{'word': 'геодезическая', 'ratio': 0.7}, {'word': 'Геодезическая', 'ratio': 0.2}, {'word': 'геодезический', 'ratio': 0.1}]",геодезический,геодезическая,"```
1. Candidate: геодезический
2. Explanation: The term ""geodesic"" in the context of AI and mathematics typically refers to the shortest path between two points on a surface or in a space, often used in the context of manifolds. The candidate ""геодезический"" is the most semantically accurate translation for ""geodesic"" in this context, as it directly relates to the concept of geodesics in mathematics and physics. The back translation as ""geodesic"" confirms its accuracy and appropriateness for the AI domain-specific usage, ensuring that the term retains its intended meaning in both languages.
```","['geodesic', 'geodetic', 'Geodetic']"
88,gradient vector,"[{'word': 'градиентный вектор', 'ratio': 0.9}, {'word': 'вектор градиента', 'ratio': 0.1}]",вектор градиента,градиентный вектор,"```
1. Candidate: ""вектор градиента""
2. Explanation: ""Вектор градиента"" is the best fit because it directly translates to ""gradient vector"" and is commonly used in mathematical and AI contexts to describe the vector of partial derivatives. This term accurately reflects the concept of a gradient in the context of machine learning and neural networks, where it is used to optimize functions. The back translation also confirms its semantic accuracy, maintaining the original meaning without introducing ambiguity.
```","['gradient vector', 'gradient vector']"
89,graph attention,"[{'word': 'внимание графа', 'ratio': 0.7}, {'word': 'внимание к графу', 'ratio': 0.3}]",внимание к графу,внимание графа,"```
1. Candidate: внимание к графу
2. Explanation: The term ""graph attention"" in the context of AI refers to a mechanism that focuses on specific parts of a graph structure to enhance the representation of data, similar to how attention mechanisms work in neural networks. The candidate ""внимание к графу"" translates back to ""attention to the graph,"" which accurately captures the idea of focusing on specific elements within a graph. This aligns well with the AI domain-specific usage, where attention mechanisms are used to selectively process parts of data structures like graphs. The other candidates, ""внимание графа"" and ""график внимания,"" do not semantically fit the context as they imply a different meaning, such as a possessive form or a schedule, which are not relevant to the AI concept of graph attention.
```","[""Count's attention"", 'attention to the graph', 'attention schedule']"
90,hard attention,"[{'word': 'жесткое внимание', 'ratio': 0.6666666666666666}, {'word': 'жёсткое внимание', 'ratio': 0.2222222222222222}, {'word': 'hard attention - жесткое внимание', 'ratio': 0.1111111111111111}]",жёсткое внимание,жесткое внимание,"```
1. Candidate: ""жёсткое внимание""
2. Explanation: The term ""hard attention"" in the AI domain typically refers to a mechanism that makes discrete, deterministic decisions about which parts of the input to focus on, as opposed to ""soft attention,"" which assigns continuous weights to different parts. The translation ""жёсткое внимание"" accurately captures this concept, as ""жёсткое"" conveys the idea of something being strict or rigid, aligning well with the deterministic nature of hard attention. Additionally, the back translation ""hard attention"" maintains the original term, indicating semantic accuracy and contextual fit within the AI domain.
```","['hard attention - hard attention', 'close attention', 'hard attention', 'hard attention']"
91,human annotation,"[{'word': 'человеческая аннотация', 'ratio': 0.7777777777777778}, {'word': 'Аннотация человеком', 'ratio': 0.2222222222222222}]",человеческие аннотации,человеческая аннотация,"```
1. Candidate: ""человеческие аннотации""
2. Explanation: The term ""человеческие аннотации"" translates back to ""human annotations,"" which accurately reflects the original English term. In the context of AI, ""human annotation"" refers to the process where humans label data, which is crucial for training machine learning models. The plural form ""аннотации"" aligns with the typical usage in AI, where multiple annotations are often involved. The other candidates, ""Аннотация человеком"" and ""человеческая аннотация,"" translate back to ""Abstract by man"" and ""human abstract,"" respectively, which do not accurately capture the intended meaning in the AI context. Therefore, ""человеческие аннотации"" is the best fit for maintaining semantic accuracy and contextual relevance in the AI domain. 
```","['human annotations', 'Abstract by man', 'human abstract']"
92,image encoder,"[{'word': 'кодировщик изображения', 'ratio': 0.5}, {'word': 'кодировщик изображений', 'ratio': 0.5}]",кодировщик изображений,кодировщик изображения,"```
1. Candidate: кодировщик изображений

2. Explanation: The term ""кодировщик изображений"" is the best fit for translating ""image encoder"" in the context of AI. This choice maintains semantic accuracy as ""кодировщик"" directly translates to ""encoder,"" and ""изображений"" is the plural form of ""images,"" which aligns with the typical usage in AI where encoders process multiple images. The back translation to ""image encoder"" confirms its accuracy. Additionally, ""кодировщик изображений"" is commonly used in Russian technical literature to describe components that encode image data, ensuring contextual fit within the AI domain.
```","['image encoder', 'image encoder', 'image encoder']"
93,image pyramid,"[{'word': 'пирамидальная структура изображения', 'ratio': 0.6}, {'word': 'Пирамида изображений', 'ratio': 0.2}, {'word': 'пирамидa изображений', 'ratio': 0.1}, {'word': 'пирамида изображений', 'ratio': 0.1}]",пирамида изображений,пирамидальная структура изображения,"```
1. Candidate: ""пирамида изображений""

2. Explanation: The term ""пирамида изображений"" is the best fit for translating ""image pyramid"" in the context of AI and computer vision. This term accurately captures the hierarchical structure of images at different resolutions, which is a common concept in image processing and computer vision tasks. The back translation ""pyramid of images"" closely aligns with the original English term, ensuring semantic accuracy. Additionally, this translation is widely used in the Russian-speaking AI community, making it contextually appropriate for domain-specific usage.
```","['pyramidal image structure', 'pyramid of images', 'Pyramid of Images', 'pyramid of images']"
94,indicator matrix,"[{'word': 'матрица индикаторов', 'ratio': 0.9}, {'word': 'Индикаторная матрица', 'ratio': 0.1}]",Индикаторная матрица,матрица индикаторов,"```
1. Candidate: ""Индикаторная матрица""
2. Explanation: ""Индикаторная матрица"" is the best translation candidate because it directly translates to ""indicator matrix"" and is commonly used in the AI domain to refer to matrices that indicate the presence or absence of certain features or labels. This term maintains semantic accuracy and aligns well with the context of describing missing instances distribution, as it conveys the idea of a binary matrix used to indicate availability, which is crucial in AI and machine learning contexts.
```","['Indicator matrix', 'indicator matrix', 'indicator matrix']"
95,indicator vector,"[{'word': 'вектор индикаторов', 'ratio': 0.8}, {'word': 'Индикаторный вектор', 'ratio': 0.1}, {'word': 'индикаторный вектор', 'ratio': 0.1}]",индикаторный вектор,вектор индикаторов,"```
1. Candidate: индикаторный вектор
2. Explanation: The term ""индикаторный вектор"" is the best fit for translating ""indicator vector"" in the context of AI and mathematical formulations. This choice maintains the semantic accuracy and aligns well with the domain-specific usage. In the context of AI, an ""indicator vector"" often refers to a vector used to represent certain states or conditions, such as partitions in a graph or constraints in optimization problems. The term ""индикаторный"" is an adjective form that directly modifies ""вектор,"" preserving the technical meaning and ensuring clarity in mathematical and AI-related contexts. Additionally, the back translation to ""indicator vector"" confirms its accuracy and appropriateness in the given context.
```","['indicator vector', 'indicator vector', 'Indicator vector', 'indicator vector']"
96,inference machinery,"[{'word': 'механизм вывода', 'ratio': 0.8888888888888888}, {'word': 'механизм инференции', 'ratio': 0.1111111111111111}]",механизм инференции,механизм вывода,"```
1. Candidate: механизм инференции
2. Explanation: The term ""inference machinery"" in the context of AI refers to the systems or processes used to derive conclusions or make predictions based on data and models. The candidate ""механизм инференции"" directly translates to ""inference mechanism,"" which accurately captures the essence of the term within the AI domain. It maintains the focus on the process of inference, which is crucial in probabilistic programming and model building, as described in the provided contexts. The other candidates, ""механизм вывода"" and ""машина вывода,"" translate to ""output mechanism"" and ""output machine,"" respectively, which do not accurately convey the specific AI-related process of inference. Therefore, ""механизм инференции"" is the best fit for maintaining semantic accuracy and contextual relevance in AI terminology.
```","['output mechanism', 'inference mechanism', 'output machine']"
97,information retrieval system,"[{'word': 'система поиска информации', 'ratio': 0.6}, {'word': 'система извлечения информации', 'ratio': 0.4}]",информационно-поисковая система,система поиска информации,"```
1. Candidate: ""информационно-поисковая система""
2. Explanation: The term ""информационно-поисковая система"" is the most semantically accurate translation for ""information retrieval system"" in the context of AI and computer science. This term is widely used in Russian technical literature to describe systems designed to retrieve information from a large dataset, which aligns with the context provided. The back translation also matches perfectly, ensuring that the meaning is preserved. The other candidates, while correct, are less commonly used in the AI domain and may not fully capture the technical nuances of an information retrieval system as understood in the field.
```","['information retrieval system', 'information retrieval system', 'information retrieval system']"
98,information theoretic,"[{'word': 'информационно-теоретический', 'ratio': 0.8}, {'word': 'информационно-технический', 'ratio': 0.1}, {'word': 'теоретико-информационный', 'ratio': 0.1}]",теоретико-информационный,информационно-теоретический,"```
1. Candidate: ""теоретико-информационный""

2. Explanation: The term ""information theoretic"" in the context of AI and machine learning often refers to concepts and methods derived from information theory, which is a mathematical framework for quantifying information. The candidate ""теоретико-информационный"" directly translates to ""information-theoretic,"" maintaining the semantic integrity of the original term. This translation accurately reflects the domain-specific usage, as it conveys the idea of theoretical principles based on information theory, which is crucial in understanding concepts like information gain and regret bounds in AI. The other candidates either misinterpret the term as related to information technology or do not capture the theoretical aspect, making ""теоретико-информационный"" the most contextually appropriate choice.
```","['information-theoretical', 'information technology', 'information theory', 'information-theoretic']"
99,information theoretic measure,"[{'word': 'информационно-теоретическая мера', 'ratio': 0.8}, {'word': 'информационно-техническая мера', 'ratio': 0.1}, {'word': 'теоретико-информационная мера', 'ratio': 0.1}]",теоретико-информационная мера,информационно-теоретическая мера,"```
1. Candidate: ""теоретико-информационная мера""
2. Explanation: The term ""теоретико-информационная мера"" is the best fit because it accurately captures the concept of ""information-theoretic measure"" used in the context of AI and data science. This translation maintains the semantic integrity of the original term, emphasizing the theoretical aspect of information measurement, which is crucial in the context of query expansion and efficiency improvement. The back translation also aligns well with the original English term, ensuring contextual fit and domain-specific usage.
```","['information-theoretic measure', 'theoretical measure of information', 'information-theoretic measure', 'information technology measure']"
100,input representation,"[{'word': 'входное представление', 'ratio': 0.8}, {'word': 'input representation - представление входных данных', 'ratio': 0.1}, {'word': 'представление входных данных', 'ratio': 0.1}]",представление входных данных,входное представление,"```
1. Candidate: ""представление входных данных""
2. Explanation: The term ""представление входных данных"" translates to ""input data representation,"" which accurately captures the meaning of ""input representation"" in the context of AI. This term is semantically accurate as it conveys the idea of how input data is structured or formatted before being processed by a model. The back translation maintains the original meaning, ensuring contextual fit. In AI, ""input representation"" often refers to the way input data is encoded or transformed to be suitable for model processing, and ""представление входных данных"" effectively communicates this concept in Russian.
```","['input data representation', 'input representation', 'input representation - input data representation']"
101,interval estimate,"[{'word': 'интервальная оценка', 'ratio': 0.6}, {'word': 'оценка интервала', 'ratio': 0.2}, {'word': 'интервал оценки', 'ratio': 0.2}]",оценка интервала,интервальная оценка,"```
1. Candidate: оценка интервала
2. Explanation: The term ""оценка интервала"" directly translates back to ""interval estimate,"" maintaining the original meaning and context. In the AI domain, ""interval estimate"" refers to a statistical range that provides an estimate of where a parameter lies, which aligns well with ""оценка интервала."" The other candidates either imply a process (""интервальная оценка"" suggests ""interval estimation"") or alter the meaning (""интервал оценки"" suggests ""evaluation interval""), which do not fit the context of reporting performance measures in AI.
```","['interval estimation', 'interval estimate', 'evaluation interval']"
102,intrinsic image,"[{'word': 'внутреннее изображение', 'ratio': 0.8}, {'word': 'внутренние изображения', 'ratio': 0.2}]",внутренние изображения,внутреннее изображение,"```
1. Candidate: ""внутренние изображения""
2. Explanation: The term ""intrinsic image"" in the context of AI and computer vision refers to a representation that separates an image into its fundamental components, such as reflectance and illumination. The candidate ""внутренние изображения"" translates to ""internal images,"" which captures the essence of decomposing an image into its core components. This aligns well with the AI domain-specific usage, where ""intrinsic"" often implies an inherent or essential quality. The plural form ""изображения"" (images) is also appropriate given the context of processing multiple images or components. The back translation ""internal images"" maintains the conceptual integrity of the original term, making it the best fit for semantic accuracy and contextual relevance in the AI domain.
```","['internal images', 'internal image', 'internal image']"
103,joint embedding space,"[{'word': 'совместное пространство встраивания', 'ratio': 0.6}, {'word': 'совместное пространство вложений', 'ratio': 0.1}, {'word': 'пространство совместного встраивания', 'ratio': 0.1}, {'word': 'Совместное пространство встраивания', 'ratio': 0.1}, {'word': 'joint embedding space совместное пространство встраиваний', 'ratio': 0.1}]",совместное пространство вложений,совместное пространство встраивания,"```
1. Candidate: ""совместное пространство вложений""
2. Explanation: The term ""совместное пространство вложений"" is the best fit because it accurately captures the concept of a ""joint embedding space"" in the context of AI and machine learning. The word ""вложений"" (embedding) is commonly used in the AI domain to refer to the representation of data in a shared space, which aligns with the original English term. The back translation also matches the original term, ensuring semantic accuracy and contextual fit.
```","['Shared embedding space', 'joint embedding space', 'shared embedding space', 'joint embedding space', 'co-embedding space', 'shared installation space']"
104,joint likelihood,"[{'word': 'совместная вероятность', 'ratio': 0.6666666666666666}, {'word': 'совместная правдоподобие', 'ratio': 0.2222222222222222}, {'word': 'Совместная вероятность', 'ratio': 0.1111111111111111}]",совместная правдоподобие,совместная вероятность,"```
1. Candidate: ""совместная правдоподобие""
2. Explanation: The term ""joint likelihood"" in the context of AI and statistics refers to the probability of observing a set of data under a specific model, considering all variables together. The translation ""совместная правдоподобие"" directly corresponds to ""joint likelihood,"" maintaining the technical nuance of likelihood as opposed to probability. While ""совместная вероятность"" translates to ""joint probability,"" it does not capture the specific statistical concept of likelihood, which is crucial in the context of predictive modeling and ensemble methods discussed in the provided contexts. Therefore, ""совместная правдоподобие"" is the most semantically accurate and contextually appropriate translation for the AI domain.
```","['joint probability', 'joint likelihood', 'Joint probability']"
105,joint probability table,"[{'word': 'таблица совместных вероятностей', 'ratio': 0.5}, {'word': 'таблица совместной вероятности', 'ratio': 0.3}, {'word': 'Таблица совместной вероятности', 'ratio': 0.1}, {'word': 'совместная таблица вероятностей', 'ratio': 0.1}]",таблица совместной вероятности,таблица совместных вероятностей,"```
1. Candidate: ""таблица совместной вероятности""
2. Explanation: This candidate is the best fit because it accurately captures the concept of a ""joint probability table"" in the context of AI and statistics. The term ""таблица совместной вероятности"" directly translates to ""joint probability table,"" maintaining the semantic integrity of the original term. It is commonly used in Russian statistical and AI literature to describe a table that represents the joint probabilities of different events or variables. The back translation also confirms its accuracy, making it a reliable choice for conveying the intended meaning in the AI domain.
```","['joint probability table', 'joint probability table', 'Joint Probability Table', 'joint probability table']"
106,lambda calculus,"[{'word': 'λ-исчисление', 'ratio': 0.6}, {'word': 'лямбда-исчисление', 'ratio': 0.2}, {'word': 'исчисление λ', 'ratio': 0.1}, {'word': 'ламбда-исчисление', 'ratio': 0.1}]",лямбда-исчисление,λ-исчисление,"```
1. Candidate: ""лямбда-исчисление""
2. Explanation: ""Лямбда-исчисление"" is the most semantically accurate and contextually appropriate translation for ""lambda calculus"" in the AI domain. It is a well-established term in Russian mathematical and computer science literature, maintaining the original term's meaning and usage. The back translation to ""lambda calculus"" confirms its accuracy, and it aligns with the domain-specific usage, where precise terminology is crucial for understanding concepts related to formal logical expressions and typing systems.
```","['lambda calculus', 'lambda calculus', 'calculus λ', 'λ-calculus']"
107,latent distribution,"[{'word': 'скрытое распределение', 'ratio': 0.8}, {'word': 'Латентное распределение', 'ratio': 0.1}, {'word': 'латентное распределение', 'ratio': 0.1}]",Латентное распределение,скрытое распределение,"```
1. Candidate: ""Латентное распределение""
2. Explanation: The term ""латентное распределение"" is the best fit because it directly translates to ""latent distribution,"" maintaining the technical meaning used in AI contexts. In AI, ""latent"" often refers to hidden variables or features that are not directly observed but are inferred from the model. The term ""латентное"" is widely accepted in Russian AI literature to describe such concepts, ensuring semantic accuracy and consistency with the original English term. The back translation also confirms the accuracy, as it returns to ""latent distribution,"" indicating a strong contextual fit.
```","['Latent distribution', 'hidden distribution', 'latent distribution']"
108,latent semantic,"[{'word': 'скрытая семантика', 'ratio': 0.5}, {'word': 'латентная семантика', 'ratio': 0.5}]",латентная семантика,скрытая семантика,"```
1. Candidate: латентная семантика
2. Explanation: The term ""латентная семантика"" is the best fit because it directly translates to ""latent semantics,"" which is a well-established term in the AI and computational linguistics fields. ""Latent"" in this context refers to underlying or hidden structures that are not immediately observable, which aligns with the concept of latent semantic analysis (LSA) used in AI to uncover hidden relationships in data. The back translation maintains the original meaning, ensuring semantic accuracy and contextual fit within the AI domain.
```","['latent semantics', 'hidden semantics']"
109,latent topic,"[{'word': 'скрытая тема', 'ratio': 0.5}, {'word': 'латентная тема', 'ratio': 0.5}]",латентная тема,скрытая тема,"```
1. Candidate: ""латентная тема""
2. Explanation: In the context of AI and machine learning, the term ""latent"" is often used to describe variables or topics that are not directly observable but are inferred from the data. The translation ""латентная тема"" directly mirrors the English term ""latent topic"" and is commonly used in Russian AI literature to convey the same concept. This ensures semantic accuracy and maintains the technical nuance of the term, making it the best fit for domain-specific usage. The back translation as ""latent theme"" also aligns closely with the original term, preserving the intended meaning in both languages.
```","['hidden topic', 'latent theme']"
110,lazy grounding,"[{'word': 'ленивое связывание', 'ratio': 0.6}, {'word': 'ленивая привязка', 'ratio': 0.2}, {'word': 'ленивое закрепление', 'ratio': 0.1}, {'word': 'ленивая основа', 'ratio': 0.1}]",ленивое заземление,ленивое связывание,"```
1. Candidate: ленивое заземление
2. Explanation: The term ""ленивое заземление"" directly translates back to ""lazy grounding,"" which maintains the original semantic meaning and context of the English term. In the AI domain, ""grounding"" often refers to the process of mapping abstract concepts to specific data or instances, and ""lazy"" implies a deferred or on-demand approach. This candidate accurately captures the concept of deferring the grounding process until necessary, which aligns with the described strategy of handling grounding bottlenecks in AI model computation. The other candidates, such as ""ленивое связывание"" (lazy binding) and ""ленивая привязка"" (lazy binding), suggest a different technical process related to linking or associating, which does not precisely fit the context of grounding in AI.
```","['lazy base', 'lazy grounding', 'lazy binding', 'lazy binding', 'lazy pinning']"
111,leaf node,"[{'word': 'листовой узел', 'ratio': 0.8}, {'word': 'узел-лист', 'ratio': 0.2}]",узел-лист,листовой узел,"```
1. Candidate: ""узел-лист""
2. Explanation: In the context of AI and computer science, particularly in data structures and algorithms, ""leaf node"" refers to a node in a tree data structure that does not have any children. The term ""узел-лист"" is a more accurate translation in this domain because it directly conveys the concept of a node (""узел"") that is a leaf (""лист""), maintaining the technical meaning. The back translation also confirms the semantic accuracy as it returns to ""leaf node,"" indicating a strong contextual fit. ""Листовой узел"" could imply a node that is related to leaves in a more general or biological sense, which might not be as precise in the AI context.
```","['leaf node', 'leaf node']"
112,learning agent,"[{'word': 'обучающий агент', 'ratio': 0.9}, {'word': 'агент обучения', 'ratio': 0.1}]",агент обучения,обучающий агент,"```
1. Candidate: агент обучения
2. Explanation: The term ""агент обучения"" directly translates back to ""learning agent,"" which maintains the semantic accuracy and contextual fit within the AI domain. In AI, a ""learning agent"" refers to an entity that can learn from its environment and improve its performance over time. The candidate ""обучающий агент"" translates to ""teaching agent,"" which implies a different role, focusing on imparting knowledge rather than acquiring it. Therefore, ""агент обучения"" is the best fit as it accurately reflects the concept of an agent that learns, aligning with the intended meaning in the AI context.
```","['teaching agent', 'learning agent']"
113,majority voting,"[{'word': 'голосование большинства', 'ratio': 0.7}, {'word': 'мод голосования', 'ratio': 0.1}, {'word': 'мажоритарное голосование', 'ratio': 0.1}, {'word': 'голосование большинством', 'ratio': 0.1}]",голосование большинством,голосование большинства,"```
1. Candidate: ""голосование большинством""

2. Explanation: ""Голосование большинством"" is the best translation candidate for ""majority voting"" in the context of AI terminology. This phrase accurately captures the concept of aggregating decisions based on the majority of votes, which is a common method used in ensemble learning techniques such as bagging and boosting. The back translation ""majority voting"" aligns well with the original English term, ensuring semantic accuracy and contextual fit. Additionally, this translation is widely understood in the Russian-speaking AI community, making it the most appropriate choice for conveying the intended meaning in the given context.
```","['majority voting', 'voting mod', 'majority vote', 'majority voting', 'majority vote']"
114,matrix vector product,"[{'word': 'произведение матрицы на вектор', 'ratio': 0.6}, {'word': 'умножение матрицы на вектор', 'ratio': 0.2}, {'word': 'производство матрицы на вектор', 'ratio': 0.1}, {'word': 'матрично-векторное произведение', 'ratio': 0.1}]",умножение матрицы на вектор,произведение матрицы на вектор,"```
1. Candidate: ""умножение матрицы на вектор""

2. Explanation: The term ""умножение матрицы на вектор"" directly translates to ""matrix-vector multiplication,"" which accurately captures the mathematical operation described in the context. In the AI domain, especially in algorithms and computational methods, the term ""matrix-vector multiplication"" is commonly used to describe the operation of multiplying a matrix by a vector, which is a fundamental operation in linear algebra and machine learning. This candidate maintains both semantic accuracy and contextual fit, as it clearly conveys the intended mathematical operation without introducing ambiguity or incorrect interpretations, unlike other candidates that suggest different operations or meanings.
```","['matrix-vector product', 'matrix cross product', 'product of matrix and vector', 'vector matrix production', 'matrix-vector multiplication']"
115,maximal clique,"[{'word': 'максимальный клика', 'ratio': 0.5}, {'word': 'максимальный клик', 'ratio': 0.2}, {'word': 'максимальная клика', 'ratio': 0.2}, {'word': 'Максимальная клика', 'ratio': 0.1}]",максимальная клика,максимальный клика,"```
1. Candidate: ""максимальная клика""
2. Explanation: The term ""maximal clique"" in graph theory refers to a subset of vertices that forms a complete subgraph and cannot be extended by including an adjacent vertex. The translation ""максимальная клика"" accurately captures this concept in Russian. The adjective ""максимальная"" (maximal) correctly conveys the idea of a clique that cannot be further extended, which is crucial in the context of graph theory and AI applications. The noun ""клика"" (clique) is the standard term used in Russian mathematical and computer science literature to describe a complete subgraph. This translation maintains both semantic accuracy and contextual fit, ensuring that the technical meaning is preserved in the AI domain.
```","['maximum clique', 'maximum click', 'maximum clique', 'Maximum clique']"
116,maximum entropy,"[{'word': 'максимальная энтропия', 'ratio': 0.9}, {'word': 'максимум энтропии', 'ratio': 0.1}]",максимум энтропии,максимальная энтропия,"```
1. Candidate: максимум энтропии
2. Explanation: The term ""maximum entropy"" in the context of AI and statistical modeling refers to a principle used to derive probability distributions with the least bias, given known constraints. The candidate ""максимум энтропии"" is the best fit because it accurately captures the concept of a ""maximum"" or ""peak"" of entropy, which aligns with the mathematical and theoretical framework used in AI. This translation is semantically precise and maintains the technical nuance of the original term, ensuring that the concept is correctly understood in the context of AI and statistical modeling.
```","['maximum entropy', 'maximum entropy']"
117,meta-learn,"[{'word': 'мета-обучение', 'ratio': 1.0}]",метаобучение,мета-обучение,"```
1. Candidate: ""метаобучение""
2. Explanation: The term ""метаобучение"" is the best fit for translating ""meta-learn"" in the context of AI. This term is a direct transliteration of ""meta-learning,"" which is a well-established concept in the AI domain referring to the process of learning how to learn. The absence of a hyphen in ""метаобучение"" aligns with the common practice in Russian to form compound words without hyphens, making it more natural and widely accepted in technical literature. Additionally, the back translation to ""meta-learning"" confirms its semantic accuracy and contextual fit, ensuring that the term is understood correctly in both languages within the AI community.
```","['meta-learning', 'meta-learning']"
118,meta-parameter,"[{'word': 'мета-параметр', 'ratio': 1.0}]",метапараметр,мета-параметр,"```
1. Candidate: метапараметр
2. Explanation: The term ""метапараметр"" is the best fit for translating ""meta-parameter"" in the context of AI. In the AI domain, ""meta-parameter"" refers to parameters that govern the behavior of other parameters or the learning process itself, often used in meta-learning or hyperparameter optimization. The translation ""метапараметр"" is a direct transliteration that maintains the semantic meaning and is commonly used in Russian technical literature to describe such concepts. Additionally, the back translation ""metaparameter"" closely aligns with the original English term, ensuring contextual accuracy and consistency in AI-specific usage.
```","['meta parameter', 'metaparameter']"
119,metric score,"[{'word': 'метрическая оценка', 'ratio': 0.6666666666666666}, {'word': 'метрический балл', 'ratio': 0.2222222222222222}, {'word': 'Метрика', 'ratio': 0.1111111111111111}]",метрический балл,метрическая оценка,"```
1. Candidate: метрический балл
2. Explanation: The term ""метрический балл"" is the best fit for translating ""metric score"" in the context of AI and machine translation (MT) evaluation. This candidate directly translates back to ""metric score,"" maintaining semantic accuracy and contextual relevance. In the AI domain, ""metric score"" refers to a quantifiable measure used to evaluate the performance of models or algorithms. The term ""балл"" (score) accurately conveys the idea of a numerical value or rating, which is essential in the context of evaluating and comparing MT systems. The other candidates, ""метрическая оценка"" and ""Метрика,"" either imply a broader or slightly different meaning, such as ""metric rating"" or ""metrics,"" which do not precisely capture the specific concept of a numerical score used for evaluation purposes in AI. Therefore, ""метрический балл"" is the most semantically accurate and contextually appropriate translation.
```","['metric rating', 'metric score', 'Metrics']"
120,micro-average,"[{'word': 'микро-среднее', 'ratio': 0.7777777777777778}, {'word': 'Микро-среднее', 'ratio': 0.1111111111111111}, {'word': 'микропоказатель', 'ratio': 0.1111111111111111}]",микросредний,микро-среднее,"```
1. Candidate: ""микросредний""
2. Explanation: The term ""микросредний"" is the best fit for translating ""micro-average"" in the context of AI and statistical analysis. This candidate directly translates to ""microaverage"" in English, maintaining the semantic meaning of the original term. In AI, ""micro-average"" refers to a method of averaging that considers individual instances across all classes, which is crucial for evaluating performance metrics like precision, recall, and F1 score. The other candidates, such as ""микро-среднее"" and ""микропоказатель,"" either introduce ambiguity or do not accurately convey the statistical averaging concept inherent in ""micro-average."" Therefore, ""микросредний"" is the most contextually and semantically accurate translation for the AI domain.
```","['micro-medium', 'Micro-medium', 'microaverage', 'micro indicator']"
121,misclassification error,"[{'word': 'ошибка классификации', 'ratio': 0.6}, {'word': 'ошибка неправильной классификации', 'ratio': 0.2}, {'word': 'ошибка неверной классификации', 'ratio': 0.1}, {'word': 'Ошибка классификации', 'ratio': 0.1}]",ошибка неверной классификации,ошибка классификации,"```
1. Candidate: ошибка неверной классификации
2. Explanation: The term ""misclassification error"" specifically refers to errors where an item is incorrectly classified into a category it does not belong to. The candidate ""ошибка неверной классификации"" directly translates back to ""misclassification error,"" maintaining the semantic accuracy and specificity required in the AI domain. This term accurately captures the concept of incorrect classification, which is crucial for understanding and discussing algorithm performance in machine learning contexts. The other candidates either translate to ""classification error,"" which is a broader term and does not specifically denote the aspect of incorrect classification, or they do not maintain the precise meaning upon back translation.
```","['classification error', 'misclassification error', 'Classification error', 'misclassification error']"
122,mixed integer programming,"[{'word': 'смешанное целочисленное программирование', 'ratio': 0.5}, {'word': 'задача смешанного целочисленного программирования', 'ratio': 0.2}, {'word': 'целочисленное программирование с переменными', 'ratio': 0.1}, {'word': 'Смешанное целочисленное программирование', 'ratio': 0.1}, {'word': 'программирование с целыми и дробными переменными', 'ratio': 0.1}]",задача смешанного целочисленного программирования,смешанное целочисленное программирование,"```
1. Candidate: ""задача смешанного целочисленного программирования""
2. Explanation: This candidate is the best fit because it accurately captures the context of the term ""mixed integer programming"" as a specific type of problem within the AI domain. The inclusion of ""задача"" (problem) aligns with the context provided, where the term is used to describe a problem type. This ensures semantic accuracy and contextual fit, as ""mixed integer programming"" often refers to optimization problems involving both integer and continuous variables. The back translation also maintains the integrity of the original term, confirming its appropriateness for the given context.
```","['Mixed Integer Programming', 'mixed integer programming problem', 'mixed integer programming', 'programming with integer and fractional variables', 'integer programming with variables']"
123,model bias,"[{'word': 'смещение модели', 'ratio': 0.6666666666666666}, {'word': 'предвзятость модели', 'ratio': 0.2222222222222222}, {'word': 'Предвзятость модели', 'ratio': 0.1111111111111111}]",Предвзятость модели,смещение модели,"```
1. Candidate: ""Предвзятость модели""
2. Explanation: The term ""предвзятость модели"" directly translates back to ""model bias,"" maintaining semantic accuracy and contextual fit within the AI domain. In AI, ""model bias"" refers to the systematic error introduced by a model due to its assumptions or training data, which aligns with the concept of ""предвзятость"" (bias or prejudice). The other candidate, ""смещение модели,"" translates to ""model offset,"" which does not accurately capture the concept of bias in AI, as ""offset"" implies a different kind of deviation or adjustment rather than a systematic error or prejudice. Therefore, ""предвзятость модели"" is the most appropriate translation for maintaining the intended meaning in the context of AI discussions on fairness and bias.
```","['Model bias', 'model offset', 'model bias']"
124,model distillation,"[{'word': 'дистилляция модели', 'ratio': 0.8}, {'word': 'Дистилляция модели', 'ratio': 0.1}, {'word': 'моделирование модели', 'ratio': 0.1}]",Модельная дистилляция,дистилляция модели,"```
1. Candidate: ""Модельная дистилляция""

2. Explanation: ""Модельная дистилляция"" is the best translation candidate because it accurately captures the concept of ""model distillation"" in the AI domain. This term refers to the process of transferring knowledge from a large, complex model to a smaller, more efficient one. The back translation ""Model distillation"" aligns perfectly with the original English term, ensuring semantic accuracy and contextual fit. The other candidates either misinterpret the term or do not maintain the correct technical meaning in the context of AI.
```","['model simulation', 'distillation model', 'Distillation model', 'Model distillation']"
125,model inference,"[{'word': 'вывод модели', 'ratio': 0.5}, {'word': 'инференс модели', 'ratio': 0.3}, {'word': 'Вывод модели', 'ratio': 0.2}]",инференс модели,вывод модели,"```
1. Candidate: ""инференс модели""
2. Explanation: The term ""инференс модели"" is the best fit for translating ""model inference"" in the context of AI. In the AI domain, ""inference"" refers to the process of running a model to make predictions or decisions based on input data. The term ""инференс"" is a transliteration of ""inference"" and is commonly used in Russian technical literature to specifically denote this process, maintaining the semantic accuracy and contextual fit. The other candidates, ""Вывод модели"" and ""вывод модели,"" translate back to ""model output,"" which does not capture the specific AI-related meaning of ""inference"" as a process of deriving insights or predictions from a model. Therefore, ""инференс модели"" is the most accurate and contextually appropriate translation in the AI domain.
```","['Model output', 'model output', 'reference model']"
126,multi-agent,"[{'word': 'многоагентный', 'ratio': 0.6}, {'word': 'многагентный', 'ratio': 0.1}, {'word': 'многомагентный', 'ratio': 0.1}, {'word': 'многосистемный', 'ratio': 0.1}, {'word': 'многопрограммный', 'ratio': 0.1}]",мультиагентный,многоагентный,"```
1. Candidate: ""мультиагентный""
2. Explanation: The term ""мультиагентный"" is the best fit for translating ""multi-agent"" in the context of AI and computer science. This term is widely used in Russian technical literature to describe systems involving multiple agents, such as in multi-agent systems (MAS) or multi-agent reinforcement learning (MARL). It maintains the semantic accuracy and is commonly understood in the AI domain, ensuring that the concept of multiple interacting agents is clearly conveyed. The back translation to ""multi-agent"" confirms its contextual fit and accuracy.
```","['multi-agent', 'multi-agent', 'multi-agent', 'multi-program', 'multi-agent', 'multi-system']"
127,multi-modal learning,"[{'word': 'многомодальное обучение', 'ratio': 0.6666666666666666}, {'word': 'мультимодальное обучение', 'ratio': 0.2222222222222222}, {'word': 'Много-модальное обучение', 'ratio': 0.1111111111111111}]",мультимодальное обучение,многомодальное обучение,"```
1. Candidate: ""мультимодальное обучение""
2. Explanation: The term ""мультимодальное обучение"" is the best fit for translating ""multi-modal learning"" in the context of AI. This translation is semantically accurate and widely accepted in the Russian AI community. It captures the essence of integrating multiple modes of data (such as text, images, and audio) in learning processes, which is a key aspect of multi-modal learning. The back translation to ""multimodal learning"" confirms its contextual fit and accuracy, aligning well with the original English term used in AI literature.
```","['multimodal learning', 'Multi-modal learning', 'multimodal learning']"
128,multi-scale,"[{'word': 'многоуровневый', 'ratio': 0.7}, {'word': 'многомасштабный', 'ratio': 0.2}, {'word': 'multi-scale многоуровневый', 'ratio': 0.1}]",многомасштабный,многоуровневый,"```
1. Candidate: многомасштабный
2. Explanation: The term ""multi-scale"" in the context of AI and climate simulations refers to the ability to operate or analyze data at multiple scales or resolutions. The candidate ""многомасштабный"" directly translates to ""multiscale,"" which accurately captures this concept. It is commonly used in scientific and technical contexts to describe systems or models that function across different scales, making it the most semantically accurate choice. The back translation also aligns well with the original term, ensuring contextual fit in the AI domain.
```","['multi-level', 'multiscale', 'multi-scale multi-level']"
129,n-step returns,"[{'word': 'n-шаговые вознаграждения', 'ratio': 0.5}, {'word': 'n-шаговые возвраты', 'ratio': 0.4}, {'word': 'n-step returns - n-шаговые возвраты', 'ratio': 0.1}]",n-шаговые возвраты,n-шаговые вознаграждения,"```
1. Candidate: ""n-шаговые возвраты""
2. Explanation: The term ""n-step returns"" in the context of AI, particularly in reinforcement learning, refers to a method of calculating returns over multiple steps. The candidate ""n-шаговые возвраты"" directly translates to ""n-step returns,"" maintaining both the semantic meaning and the technical specificity required in the AI domain. This translation accurately reflects the concept of calculating returns over 'n' steps, which is crucial for understanding the methodology described in the context. The back translation also aligns perfectly with the original term, ensuring contextual fit and clarity.
```","['n-step rewards', 'n-step return', 'n-step returns', 'n-step returns - n-step returns']"
130,negative sample,"[{'word': 'отрицательный образец', 'ratio': 0.6}, {'word': 'отрицательный пример', 'ratio': 0.3}, {'word': 'negative sample - негативный образец', 'ratio': 0.1}]",отрицательный пример,отрицательный образец,"```
1. Candidate: отрицательный пример
2. Explanation: The term ""negative sample"" in the context of AI and machine learning typically refers to a data point that is not part of the target class or is used to contrast with positive samples during training. The candidate ""отрицательный пример"" translates to ""negative example,"" which accurately captures this concept. It is semantically appropriate as it conveys the idea of a sample that serves as a counterexample, which is crucial in tasks like contrastive learning or ranking. The back translation ""negative example"" aligns well with the original term, ensuring contextual fit and maintaining the intended meaning within the AI domain.
```","['negative sample - negative sample', 'negative example', 'negative sample']"
131,neighborhood function,"[{'word': 'функция соседства', 'ratio': 0.6}, {'word': 'функция окрестности', 'ratio': 0.3}, {'word': 'Функция соседства', 'ratio': 0.1}]",функция окрестности,функция соседства,"```
1. Candidate: функция окрестности
2. Explanation: The term ""функция окрестности"" is the best fit for translating ""neighborhood function"" in the context of AI and graph theory. In the provided context, the ""neighborhood function"" refers to a function related to graph structures, specifically bipartite graphs. The term ""окрестность"" is commonly used in mathematical and computational contexts to describe the set of points or nodes surrounding a particular point or node, which aligns well with the concept of a neighborhood in graph theory. This makes ""функция окрестности"" semantically accurate and contextually appropriate for the AI domain, ensuring that the technical meaning is preserved in translation.
```","['neighborhood function', 'Neighborhood function', 'neighborhood function']"
132,node representation,"[{'word': 'представление узла', 'ratio': 0.8}, {'word': 'представление узлов', 'ratio': 0.2}]",представление узлов,представление узла,"```
1. Candidate: ""представление узлов""
2. Explanation: The term ""node representation"" in the context of AI, particularly in graph neural networks, refers to the representation of nodes in a graph. The plural form ""представление узлов"" is more appropriate here because it aligns with the context where multiple node representations are being processed (as indicated by the plural ""representations"" in the English context). This ensures semantic accuracy and contextual fit, as the process described involves handling multiple nodes, which is common in AI applications dealing with graphs.
```","['node view', 'node view']"
133,non-convex problem,"[{'word': 'неконвексная задача', 'ratio': 0.7}, {'word': 'ResNeXt', 'ratio': 0.1}, {'word': 'Невыпуклая задача', 'ratio': 0.1}, {'word': 'невыпуклая задача', 'ratio': 0.1}]",невыпуклая задача,неконвексная задача,"```
1. Candidate: ""невыпуклая задача""
2. Explanation: The term ""невыпуклая задача"" is the most semantically accurate translation for ""non-convex problem"" in the context of AI and optimization. It directly translates back to ""non-convex problem,"" maintaining the original meaning without introducing ambiguity. In the AI domain, ""невыпуклая задача"" is widely used to describe problems where the objective function is not convex, which aligns with the context provided. The other candidates either do not fit the standard terminology or are unrelated to the context.
```","['Non-convex problem', 'non-convex problem', 'non-convex problem', 'ResNeKht']"
134,normal,"[{'word': 'нормаль', 'ratio': 0.5}, {'word': 'нормальный', 'ratio': 0.3}, {'word': 'нормали', 'ratio': 0.2}]",нормали,нормаль,"```
1. Candidate: ""нормали""
2. Explanation: In the context of AI and computer graphics, the term ""normal"" often refers to a vector that is perpendicular to a surface, which is crucial for rendering and calculating reflections. The plural form ""нормали"" accurately captures this meaning, as it refers to ""normals"" in the sense of multiple normal vectors associated with surfaces. The back translation ""normals"" confirms the semantic accuracy and contextual fit, making it the best choice for the given context.
```","['normals', 'normal', 'normal']"
135,object domain,"[{'word': 'область объектов', 'ratio': 0.7}, {'word': 'домен объектов', 'ratio': 0.2}, {'word': 'объектная область', 'ratio': 0.1}]",домен объектов,область объектов,"```
1. Candidate: домен объектов
2. Explanation: The term ""домен объектов"" is the best fit because it directly translates to ""object domain,"" maintaining the semantic integrity of the original English term. In the AI domain, ""domain"" often refers to a specific area of interest or a set of entities under consideration, which aligns with the use of ""домен"" in Russian. The other candidates, ""область объектов"" and ""объектная область,"" translate back to ""object area,"" which can imply a physical or spatial connotation rather than the abstract, theoretical concept intended in the context of AI. Therefore, ""домен объектов"" is more precise and contextually appropriate for AI terminology.
```","['object area', 'object domain', 'object area']"
136,open-ended text generation,"[{'word': 'генерация текста с открытым концом', 'ratio': 0.6}, {'word': 'генерация текста с открытым завершением', 'ratio': 0.1}, {'word': 'генерация текста без ограничений', 'ratio': 0.1}, {'word': 'открытая генерация текста', 'ratio': 0.1}, {'word': 'Генерация текста с открытым завершением', 'ratio': 0.1}]",генерация текста с открытым завершением,генерация текста с открытым концом,"```
1. Candidate: ""генерация текста с открытым завершением""

2. Explanation: The candidate ""генерация текста с открытым завершением"" is the best fit because it accurately captures the concept of ""open-ended text generation"" in the AI domain. The term ""с открытым завершением"" directly translates to ""open-ended,"" which aligns with the idea of generating text without a predetermined endpoint, focusing on coherence, creativity, and fluency rather than correctness. This translation maintains the semantic integrity of the original term and is consistent with the AI context where the generation process is not constrained by specific outcomes. Additionally, the back translation ""open-ended text generation"" confirms its accuracy and contextual fit.
```","['open text generation', 'Open ended text generation', 'plaintext generation', 'open ended text generation', 'open-ended text generation', 'text generation without restrictions']"
137,optimization objective,"[{'word': 'цель оптимизации', 'ratio': 0.5}, {'word': 'оптимизационная цель', 'ratio': 0.2}, {'word': 'optimization objective - цель оптимизации', 'ratio': 0.1}, {'word': 'целевая функция оптимизации', 'ratio': 0.1}, {'word': 'Цель оптимизации', 'ratio': 0.1}]",целевая функция оптимизации,цель оптимизации,"```
1. Candidate: ""целевая функция оптимизации""
2. Explanation: The term ""целевая функция оптимизации"" translates back to ""optimization objective function,"" which closely aligns with the AI domain-specific usage of ""optimization objective."" In the context of AI and machine learning, an ""optimization objective"" often refers to a function that needs to be optimized, such as a loss function. This candidate captures the technical nuance of the term, ensuring semantic accuracy and contextual fit within the domain.
```","['optimization goal', 'optimization objective - optimization goal', 'optimization goal', 'Optimization goal', 'optimization objective function']"
138,parsing model,"[{'word': 'модель разбора', 'ratio': 0.6666666666666666}, {'word': 'модель синтаксического анализа', 'ratio': 0.3333333333333333}]",модель синтаксического анализа,модель разбора,"```
1. Candidate: модель синтаксического анализа
2. Explanation: The term ""модель синтаксического анализа"" is the best fit for ""parsing model"" in the context of AI and computational linguistics. This translation accurately captures the concept of syntactic parsing, which involves analyzing the grammatical structure of sentences. The context provided mentions the use of a parsing model to output trees ranked by probabilities and its efficiency in parsing algorithms, which aligns with the syntactic analysis of sentences. The back translation ""parsing model"" confirms the semantic accuracy and contextual fit, making it the most appropriate choice for domain-specific usage.
```","['parsing model', 'parsing model']"
139,perceptual loss,"[{'word': 'перцептивные потери', 'ratio': 0.6}, {'word': 'перцептивная потеря', 'ratio': 0.2}, {'word': 'перцептивная ошибка', 'ratio': 0.1}, {'word': 'Перцептивные потери', 'ratio': 0.1}]",перцептивная потеря,перцептивные потери,"```
1. Candidate: ""перцептивная потеря""

2. Explanation: The term ""перцептивная потеря"" is the best fit for translating ""perceptual loss"" in the context of AI and machine learning. This translation maintains the semantic accuracy by directly reflecting the concept of ""perceptual"" as it relates to perception in neural networks, particularly in the context of image processing and computer vision tasks. The term ""перцептивная"" is a direct transliteration of ""perceptual,"" which is commonly used in Russian technical literature to describe losses that are calculated based on perceptual differences, such as those used in training generative adversarial networks (GANs) or other models that rely on human-like perception metrics. The back translation ""perceptual loss"" confirms the accuracy and contextual fit, ensuring that the term is understood in the same way as it is in English within the AI domain. Other candidates like ""потеря восприятия"" (loss of perception) or ""перцептивная ошибка"" (perceptual error) do not capture the specific technical meaning of ""loss"" as used in machine learning contexts, where it refers to a function used to guide the training of models. 
```","['loss of perception', 'perceptual loss', 'perceptual losses', 'Perceptual losses', 'perceptual error']"
140,permutation test,"[{'word': 'тест на перестановки', 'ratio': 0.5}, {'word': 'тест перестановок', 'ratio': 0.2}, {'word': 'перестановочный тест', 'ratio': 0.1}, {'word': 'пермутационный тест', 'ratio': 0.1}, {'word': 'Перестановочный тест', 'ratio': 0.1}]",пермутационный тест,тест на перестановки,"```
1. Candidate: ""пермутационный тест""

2. Explanation: The term ""пермутационный тест"" is the best fit for translating ""permutation test"" in the context of AI and statistical analysis. This candidate is semantically accurate and widely used in Russian scientific literature, particularly in fields involving statistical methods and machine learning. The term ""пермутационный"" directly relates to ""permutation,"" maintaining the technical specificity required in the AI domain. Additionally, the back translation to ""permutation test"" confirms its contextual fit and accuracy, ensuring that the original meaning is preserved. Other candidates, such as ""тест на перестановку"" or ""перестановочный тест,"" may introduce slight variations or less common usage, which could lead to ambiguity in a technical context.
```","['permutation test', 'permutation test', 'permutation test', 'permutation test', 'permutation test', 'Permutation test']"
141,pipeline,"[{'word': 'конвейер', 'ratio': 0.5555555555555556}, {'word': 'поток', 'ratio': 0.1111111111111111}, {'word': 'Конвейер', 'ratio': 0.1111111111111111}, {'word': 'поток данных', 'ratio': 0.1111111111111111}, {'word': 'Процессинг', 'ratio': 0.1111111111111111}]",трубопровод,конвейер,"```
1. Candidate: ""трубопровод""
2. Explanation: In the context of AI and machine learning, ""pipeline"" refers to a sequence of data processing steps or stages that are used to train and fine-tune models. The term ""трубопровод"" directly translates to ""pipeline"" in English and is often used in technical and engineering contexts to describe a series of connected processes or stages, which aligns well with the concept of a data processing pipeline in AI. This makes it the most semantically accurate and contextually appropriate choice for translating ""pipeline"" in the given AI domain-specific context.
```","['conveyor', 'data flow', 'Processing', 'flow', 'Conveyor', 'pipeline']"
142,point match,"[{'word': 'соответствие точек', 'ratio': 0.5}, {'word': 'совпадение точек', 'ratio': 0.4}, {'word': 'сопоставление точек', 'ratio': 0.1}]",сопоставление точек,соответствие точек,"```
1. Candidate: ""сопоставление точек""
2. Explanation: ""Сопоставление точек"" is the best translation candidate because it accurately captures the concept of ""point match"" in the context of AI and computer vision, where the term refers to the process of aligning or matching points between different shapes or images. This translation maintains the technical meaning and is commonly used in the field to describe the process of establishing correspondences between points in different datasets. The back translation ""point matching"" also aligns well with the original term, ensuring semantic accuracy and contextual fit.
```","['match on points', 'matching points', 'coincidence of points', 'point matching']"
143,policy class,"[{'word': 'класс политик', 'ratio': 0.7777777777777778}, {'word': 'класс стратегий', 'ratio': 0.1111111111111111}, {'word': 'Класс политик', 'ratio': 0.1111111111111111}]",класс стратегий,класс политик,"```
1. Candidate: ""класс стратегий""
2. Explanation: In the context of AI, particularly in reinforcement learning, a ""policy"" refers to a strategy or a set of rules that an agent follows to make decisions. The term ""класс стратегий"" translates to ""class of strategies,"" which accurately captures the meaning of ""policy class"" in this domain. The other candidates, such as ""класс политики"" and ""класс политик,"" are misleading as they suggest political contexts or refer to politicians, which are not relevant in AI terminology. ""Класс стратегий"" aligns well with the AI-specific usage and maintains semantic accuracy in both translation and back translation.
```","['politics class', 'class of politicians', 'Policy class', 'class of strategies']"
144,pooling layer,"[{'word': 'слой подвыборки', 'ratio': 0.6}, {'word': 'слой объединения', 'ratio': 0.3}, {'word': 'Слой подвыборки', 'ratio': 0.1}]",слой объединения,слой подвыборки,"```
1. Candidate: слой объединения
2. Explanation: The term ""слой объединения"" directly translates back to ""pooling layer,"" which is the exact term used in the AI domain. In the context of neural networks, a pooling layer is a specific type of layer used to reduce the spatial dimensions of feature maps, and ""слой объединения"" accurately captures this concept. The other candidates, ""слой подвыборки"" and ""Слой подвыборки,"" translate back to ""subsampling layer,"" which, while related, does not precisely convey the same meaning as ""pooling layer"" in the context of AI and neural networks. Therefore, ""слой объединения"" is the best fit for maintaining semantic accuracy and contextual relevance in AI terminology.
```","['subsampling layer', 'pooling layer', 'Subsampling layer']"
145,precision matrix,"[{'word': 'матрица точности', 'ratio': 0.7}, {'word': 'матрица прецизионности', 'ratio': 0.2}, {'word': 'Матрица прецизионности', 'ratio': 0.1}]",прецизионная матрица,матрица точности,"```
1. Candidate: ""прецизионная матрица""
2. Explanation: The term ""прецизионная матрица"" is the best fit because it accurately captures the meaning of ""precision matrix"" in the context of AI and statistics. The word ""прецизионная"" directly translates to ""precision,"" maintaining the technical nuance required in the AI domain. Additionally, the back translation to ""precision matrix"" confirms its semantic accuracy and contextual fit, ensuring that the term is understood correctly in both languages without introducing ambiguity or altering the intended meaning.
```","['accuracy matrix', 'precision matrix', 'Precision Matrix', 'precision matrix']"
146,precision-recall curve,"[{'word': 'кривая точности и полноты', 'ratio': 0.5}, {'word': 'кривая прецизионности и полноты', 'ratio': 0.2}, {'word': 'кривая точность-полнота', 'ratio': 0.2}, {'word': 'Кривая прецизионности и полноты', 'ratio': 0.1}]",кривая точность-полнота,кривая точности и полноты,"```
1. Candidate: ""кривая точность-полнота""

2. Explanation: The candidate ""кривая точность-полнота"" is the best fit because it directly translates to ""precision-recall curve,"" maintaining both the semantic accuracy and the domain-specific terminology used in AI. This translation is concise and accurately reflects the technical terms ""precision"" and ""recall"" as they are used in the context of AI and machine learning. The back translation confirms that it retains the original meaning without introducing ambiguity or altering the technical context, which is crucial for understanding and communication in the AI field.
```","['Precision and recall curve', 'precision and completeness curve', 'precision-recall curve', 'fine recall curve', 'precision and recall curve']"
147,predicate-argument relation,"[{'word': 'отношение предикат-аргумент', 'ratio': 0.5}, {'word': 'предикатно-аргументные отношения', 'ratio': 0.2}, {'word': 'предикатно-аргументная связь', 'ratio': 0.1}, {'word': 'Отношение предикат-аргумент', 'ratio': 0.1}, {'word': 'предикатно-аргументное отношение', 'ratio': 0.1}]",предикатно-аргументное отношение,отношение предикат-аргумент,"```
1. Candidate: ""предикатно-аргументное отношение""

2. Explanation: The candidate ""предикатно-аргументное отношение"" is the best fit for translating ""predicate-argument relation"" in the context of AI and computational linguistics. This translation maintains the semantic accuracy by directly reflecting the structure and meaning of the original English term. The term ""предикатно-аргументное"" accurately captures the relationship between predicates and their arguments, which is crucial in natural language processing tasks such as semantic role labeling (SRL). Additionally, the back translation to ""predicate-argument relation"" confirms its contextual fit and accuracy, ensuring that the technical meaning is preserved across languages. This candidate is also consistent with the domain-specific usage, where precise terminology is essential for clarity and understanding in multilingual AI systems.
```","['predicate-argument relation', 'predicate-argument relation', 'predicate-argument connection', 'predicate-argument relations', 'Predicate-argument relationship']"
148,prediction head,"[{'word': 'голова предсказания', 'ratio': 0.5}, {'word': 'головка предсказания', 'ratio': 0.3}, {'word': 'прогнозирующая голова', 'ratio': 0.1}, {'word': 'производственный слой', 'ratio': 0.1}]",головка предсказания,голова предсказания,"```
1. Candidate: ""головка предсказания""
2. Explanation: The term ""головка предсказания"" directly translates back to ""prediction head,"" maintaining the original meaning and context. In AI terminology, a ""prediction head"" refers to a component of a neural network that is responsible for making predictions based on the processed data. The term ""головка"" is often used in technical contexts to denote a specific part or component, which aligns well with the concept of a ""head"" in neural networks. This makes it the most semantically accurate and contextually appropriate translation for the AI domain.
```","['divination head', 'production layer', 'prediction head', 'predictive head']"
149,predictive model,"[{'word': 'предсказательная модель', 'ratio': 0.5}, {'word': 'Прогнозирующая модель', 'ratio': 0.2}, {'word': 'Прогностическая модель', 'ratio': 0.1}, {'word': 'прогностическая модель', 'ratio': 0.1}, {'word': 'предсказательная модель`', 'ratio': 0.1}]",прогностическая модель,предсказательная модель,"```
1. Candidate: прогностическая модель
2. Explanation: The term ""прогностическая модель"" is the best fit for translating ""predictive model"" in the context of AI. This choice is based on its semantic accuracy and common usage in the AI domain. ""Прогностическая"" directly relates to forecasting or predicting outcomes based on data, which aligns well with the concept of a predictive model in AI that anticipates future data points or trends. Additionally, the back translation to ""predictive model"" confirms its contextual fit, ensuring that the meaning is preserved accurately in both languages. Other candidates like ""предсказательная модель"" or ""прогнозная модель"" are also correct but are less commonly used in technical AI literature, making ""прогностическая модель"" the most precise and contextually appropriate choice.
```","['predictive model', 'predictive model', 'Predictive model', 'Predictive model', 'predictive model', 'predictive model']"
150,primal variable,"[{'word': 'первичная переменная', 'ratio': 0.6}, {'word': 'прямые переменные', 'ratio': 0.1}, {'word': 'переменная основной задачи', 'ratio': 0.1}, {'word': 'прямое переменное', 'ratio': 0.1}, {'word': 'Примальная переменная', 'ratio': 0.1}]",Примальная переменная,первичная переменная,"```
1. Candidate: ""Примальная переменная""

2. Explanation: The term ""Примальная переменная"" is the best fit for translating ""primal variable"" in the context of optimization problems, particularly in the AI and mathematical optimization domains. This term directly corresponds to the English term ""primal variable"" and is used in the context of primal-dual algorithms, which are common in optimization theory. The other candidates either translate to more generic terms like ""main"" or ""primary,"" which do not capture the specific meaning of ""primal"" in the context of optimization problems. Additionally, the back translation of ""Примальная переменная"" is ""Primal variable,"" which maintains semantic accuracy and contextual fit, ensuring that the technical meaning is preserved in both languages.
```","['direct variables', 'main task variable', 'Primal variable', 'main variable', 'primary variable', 'direct variable']"
151,proposal distribution,"[{'word': 'распределение предложений', 'ratio': 0.5}, {'word': 'распределение предложения', 'ratio': 0.4}, {'word': 'предлагаемое распределение', 'ratio': 0.1}]",предлагаемое распределение,распределение предложений,"```
1. Candidate: ""предлагаемое распределение""

2. Explanation: The term ""proposal distribution"" in the context of AI, particularly in probabilistic models and sampling methods like Metropolis Hastings, refers to a distribution from which samples are drawn to approximate another distribution. The candidate ""предлагаемое распределение"" translates back to ""proposed distribution,"" which accurately captures the intended meaning of a distribution that is suggested or used as a basis for sampling. This aligns well with the AI domain-specific usage, where the proposal distribution is a key component in algorithms for approximating complex distributions. The other candidates either misinterpret the term or do not fit the context of AI methodologies.
```","['dissemination of proposals', 'proposed distribution', 'distribution of proposals', 'supply distribution']"
152,pruning algorithm,"[{'word': 'алгоритм обрезки', 'ratio': 0.8}, {'word': 'алгоритм отсечения', 'ratio': 0.2}]",алгоритм отсечения,алгоритм обрезки,"```
1. Candidate: алгоритм отсечения
2. Explanation: The term ""алгоритм отсечения"" is the best fit for ""pruning algorithm"" in the context of AI. In AI, ""pruning"" often refers to the process of reducing the size of a model or search space by removing less important elements, which aligns with the meaning of ""отсечение"" (cutting off or pruning). The back translation of ""алгоритм отсечения"" as ""pruning algorithm"" confirms its semantic accuracy and contextual fit, making it more appropriate than ""алгоритм обрезки,"" which back translates to ""trimming algorithm"" and may imply a less precise or different type of reduction not specific to AI contexts.
```","['trimming algorithm', 'pruning algorithm']"
153,random crop,"[{'word': 'случайное обрезание', 'ratio': 0.6}, {'word': 'Случайная обрезка', 'ratio': 0.1}, {'word': 'случайная обрезка', 'ratio': 0.1}, {'word': 'random crop случайное обрезание', 'ratio': 0.1}, {'word': 'случайный обрез', 'ratio': 0.1}]",случайная обрезка,случайное обрезание,"```
1. Candidate: ""случайная обрезка""
2. Explanation: ""Случайная обрезка"" is the best translation candidate because it accurately captures the concept of ""random crop"" in the context of image processing and data augmentation in AI. The term ""обрезка"" (trimming or cropping) aligns well with the process of randomly selecting and cropping a portion of an image, which is a common technique used during training to improve model robustness. The back translation ""random trimming"" maintains the intended meaning, ensuring semantic accuracy and contextual fit within the AI domain.
```","['random trimming', 'Random cropping', 'accidental circumcision', 'random harvest', 'random crop', 'accidental cut']"
154,recommendation model,"[{'word': 'модель рекомендаций', 'ratio': 0.9}, {'word': 'Рекомендательная модель', 'ratio': 0.1}]",рекомендательная модель,модель рекомендаций,"```
1. Candidate: ""рекомендательная модель""
2. Explanation: ""Рекомендательная модель"" is the best fit because it accurately captures the concept of a ""recommendation model"" in the AI domain. This term is widely used in Russian technical literature to describe systems that provide recommendations, such as those used in machine learning and AI. The back translation also aligns perfectly with the original English term, ensuring semantic accuracy and contextual fit.
```","['recommendation model', 'recommendation model', 'Recommendation model']"
155,regression task,"[{'word': 'задача регрессии', 'ratio': 0.8}, {'word': 'регрессионная задача', 'ratio': 0.2}]",регрессионная задача,задача регрессии,"```
1. Candidate: ""регрессионная задача""
2. Explanation: ""Регрессионная задача"" is the best fit because it directly translates to ""regression task,"" maintaining the focus on the task-oriented nature of the term within the AI domain. In AI and machine learning contexts, ""регрессионная задача"" is commonly used to describe tasks where the goal is to predict continuous values, aligning well with the provided context of predicting real-valued outputs. The back translation as ""regression problem"" also supports its appropriateness, as it reflects the task's nature of solving a problem related to regression analysis.
```","['regression problem', 'regression problem']"
156,relative positional embedding,"[{'word': 'относительное позиционное встраивание', 'ratio': 1.0}]",относительное позиционное вложение,относительное позиционное встраивание,"```
1. Candidate: относительное позиционное вложение
2. Explanation: The term ""относительное позиционное вложение"" is the best fit for translating ""relative positional embedding"" in the context of AI and transformer models. In the AI domain, ""вложение"" is commonly used to refer to embeddings, which are representations of data in a continuous vector space. This aligns well with the concept of positional embeddings in transformer models, which are used to encode the positions of tokens in a sequence relative to each other. The back translation of ""относительное позиционное вложение"" accurately returns to ""relative positional embedding,"" indicating a strong semantic and contextual fit. Additionally, ""вложение"" is a more established term in the context of embeddings in machine learning literature, making it a more precise choice for conveying the intended meaning in Russian.
```","['relative positional embedding', 'relative positional embedding']"
157,satisfiability problem,"[{'word': 'задача удовлетворимости', 'ratio': 0.5}, {'word': 'проблема удовлетворимости', 'ratio': 0.5}]",проблема удовлетворимости,задача удовлетворимости,"```
1. Candidate: ""проблема удовлетворимости""
2. Explanation: The term ""satisfiability problem"" in the context of AI and logic refers to determining if there exists an interpretation that satisfies a given logical formula. The candidate ""проблема удовлетворимости"" directly translates back to ""satisfaction problem,"" which closely aligns with the original English term and its intended meaning in the domain of logic and computational theory. This candidate maintains the semantic accuracy and contextual fit, as it is commonly used in Russian literature to describe problems related to logical satisfiability, such as SAT (satisfiability) problems.
```","['feasibility problem', 'satisfaction task', 'satisfaction problem']"
158,scene recognition,"[{'word': 'распознавание сцены', 'ratio': 0.7}, {'word': 'scene recognition распознавание сцен', 'ratio': 0.1}, {'word': 'распознавание сцен', 'ratio': 0.1}, {'word': 'Распознавание сцены', 'ratio': 0.1}]",распознавание сцен,распознавание сцены,"```
1. Candidate: ""распознавание сцен""
2. Explanation: ""распознавание сцен"" is the best translation candidate because it accurately captures the concept of ""scene recognition"" in the context of AI and computer vision. The term ""сцен"" (scenes) is used in the plural form, which aligns with the typical usage in AI literature where multiple scenes are often analyzed or recognized. This candidate also maintains semantic accuracy and consistency with the original English term, as confirmed by the back translation, which directly translates back to ""scene recognition."" This ensures that the term is understood correctly in both languages within the AI domain.
```","['scene recognition', 'scene recognition', 'Scene recognition', 'scene recognition']"
159,semantic equivalence,"[{'word': 'семантическое эквивалентность', 'ratio': 0.7777777777777778}, {'word': 'семантическая эквивалентность', 'ratio': 0.2222222222222222}]",семантическая эквивалентность,семантическое эквивалентность,"```
1. Candidate: ""семантическая эквивалентность""
2. Explanation: The term ""семантическая эквивалентность"" is the correct translation for ""semantic equivalence"" in the context of AI and linguistics. The adjective ""семантическая"" correctly agrees in gender with the noun ""эквивалентность,"" which is feminine in Russian. This translation maintains the semantic accuracy and aligns with the domain-specific usage in AI, where precise terminology is crucial for discussing concepts like symmetry and permutation invariance in semantic parsing and cognate detection.
```","['semantic equivalence', 'semantic equivalence']"
160,semantic feature,"[{'word': 'семантическая особенность', 'ratio': 0.5555555555555556}, {'word': 'семантическая характеристика', 'ratio': 0.4444444444444444}]",семантическая характеристика,семантическая особенность,"```
1. Candidate: семантическая характеристика
2. Explanation: The term ""семантическая характеристика"" is the best fit for translating ""semantic feature"" in the context of AI and linguistics. In the AI domain, ""feature"" often refers to a characteristic or attribute used in models to represent data. ""Характеристика"" aligns well with this meaning, as it conveys the idea of a defining attribute or property, which is crucial for understanding and processing semantic information in AI models. Additionally, the back translation ""semantic characteristic"" maintains the intended meaning, ensuring contextual accuracy.
```","['semantic feature', 'semantic characteristic', 'semantic feature']"
161,sentiment classification,"[{'word': 'классификация настроений', 'ratio': 0.7777777777777778}, {'word': 'классификация тональности', 'ratio': 0.2222222222222222}]",классификация тональности,классификация настроений,"```
1. Candidate: классификация тональности
2. Explanation: In the context of AI and natural language processing, ""классификация тональности"" is a more accurate translation for ""sentiment classification."" The term ""тональность"" (tone) is commonly used in Russian to refer to the emotional or subjective tone of a text, which aligns with the concept of sentiment analysis in AI. This translation captures the essence of analyzing and classifying the emotional tone of text data, which is the primary focus of sentiment classification tasks. The back translation as ""tone classification"" also fits well within the AI domain, maintaining the semantic integrity of the original term.
```","['sentiment classification', 'tone classification']"
162,source token,"[{'word': 'исходный токен', 'ratio': 0.7}, {'word': 'токен источника', 'ratio': 0.3}]",токен источника,исходный токен,"```
1. Candidate: ""токен источника""
2. Explanation: The term ""токен источника"" directly translates to ""source token,"" maintaining the original meaning and context within AI terminology. In the context of machine translation and attention mechanisms, ""source token"" refers to tokens from the input sequence, which aligns with ""токен источника"" as it accurately conveys the idea of tokens originating from the source sequence. The back translation confirms this accuracy, making it the best fit for the AI domain-specific usage.
```","['source token', 'original token']"
163,sparsification,"[{'word': 'разрежение', 'ratio': 0.8}, {'word': 'разреживание', 'ratio': 0.2}]",разреживание,разрежение,"```
1. Candidate: разреживание
2. Explanation: In the context of AI and machine learning, ""sparsification"" refers to the process of reducing the number of parameters or elements in a model while maintaining its performance. The term ""разреживание"" is the best fit because it directly relates to the concept of making something less dense or more sparse, which aligns with the idea of reducing parameters in a model. While ""разреженность"" translates to ""sparsity,"" which is a related concept, ""разреживание"" more accurately captures the process-oriented nature of ""sparsification."" ""Разрежение,"" on the other hand, translates to ""underpressure,"" which does not fit the context of AI model optimization. Therefore, ""разреживание"" is the most semantically accurate and contextually appropriate translation for ""sparsification"" in the AI domain.
```","['sparsity', 'rarefaction', 'underpressure']"
164,state transition probability,"[{'word': 'вероятность перехода состояния', 'ratio': 0.7}, {'word': 'вероятность перехода состояний', 'ratio': 0.3}]",вероятность перехода состояний,вероятность перехода состояния,"```
1. Candidate: вероятность перехода состояний
2. Explanation: The term ""вероятность перехода состояний"" is the best fit because it accurately captures the concept of ""state transition probability"" in the context of AI and systems dynamics. In Russian, ""состояний"" is the plural form, which aligns with the idea of transitioning between multiple states, as is typical in Markov decision processes and other AI models. The back translation also matches perfectly, ensuring semantic accuracy and contextual fit within the AI domain.
```","['state transition probability', 'state transition probability']"
165,steerable filter,"[{'word': 'управляемый фильтр', 'ratio': 0.5555555555555556}, {'word': 'направляемый фильтр', 'ratio': 0.3333333333333333}, {'word': 'steerable filter - Направляемый фильтр', 'ratio': 0.1111111111111111}]",направляемый фильтр,управляемый фильтр,"```
1. Candidate: направляемый фильтр
2. Explanation: The term ""steerable filter"" in the context of image processing and AI refers to a type of filter that can be oriented in different directions to analyze image features like edges and textures. The candidate ""направляемый фильтр"" translates back to ""guided filter,"" which captures the essence of being able to direct or orient the filter, aligning well with the concept of ""steerable"" in the AI domain. The other candidates, ""управляемый фильтр"" (controlled filter) and the untranslated ""steerable filter - Направляемый фильтр,"" do not convey the specific technical meaning as accurately. ""Управляемый"" suggests a broader sense of control rather than directionality, and leaving the term untranslated does not provide a clear understanding in Russian. Therefore, ""направляемый фильтр"" is the best fit for maintaining semantic accuracy and contextual relevance in AI terminology.
```","['controlled filter', 'guided filter', 'steerable filter - Steerable filter']"
166,stochastic gradient method,"[{'word': 'стохастический градиентный метод', 'ratio': 1.0}]",метод стохастического градиента,стохастический градиентный метод,"```
1. Candidate: метод стохастического градиента
2. Explanation: The candidate ""метод стохастического градиента"" is the best fit because it accurately reflects the structure and meaning of the English term ""stochastic gradient method"" in the context of AI. In Russian, this phrase is commonly used in academic and technical literature to describe methods involving stochastic gradients, aligning well with the domain-specific usage. The back translation also confirms its semantic accuracy, as it directly translates back to ""stochastic gradient method,"" ensuring contextual fit and clarity in AI-related discussions.
```","['stochastic gradient method', 'stochastic gradient method']"
167,symmetric matrix,"[{'word': 'симметрическая матрица', 'ratio': 0.6}, {'word': 'симметричная матрица', 'ratio': 0.2}, {'word': 'Симметричная матрица', 'ratio': 0.1}, {'word': '""симметрическая матрица""', 'ratio': 0.1}]",симметричная матрица,симметрическая матрица,"```
1. Candidate: ""симметричная матрица""

2. Explanation: The term ""симметричная матрица"" is the most semantically accurate translation for ""symmetric matrix"" in the context of AI and mathematics. In Russian mathematical terminology, ""симметричная матрица"" is commonly used to describe matrices that are equal to their transpose, which aligns with the definition of symmetric matrices in English. The back translation also accurately returns ""symmetric matrix,"" ensuring contextual fit and consistency. Additionally, this term is widely recognized in academic and technical literature, making it the best fit for domain-specific usage.
```","['symmetric matrix', 'Symmetric matrix', 'symmetric matrix', '""symmetric matrix""']"
168,temporal derivative,"[{'word': 'временная производная', 'ratio': 0.5}, {'word': 'темпоральная производная', 'ratio': 0.2}, {'word': 'временной производная', 'ratio': 0.2}, {'word': 'temporal derivative - временная производная', 'ratio': 0.1}]",темпоральная производная,временная производная,"```
1. Candidate: ""темпоральная производная""
2. Explanation: The term ""темпоральная производная"" is the best fit because it directly translates to ""temporal derivative,"" maintaining the specific meaning used in the AI domain. In the context of AI and computer vision, ""temporal"" often refers to changes over time in a sequence of data, such as video frames. The term ""темпоральная"" is more precise in capturing this aspect of time-related changes, as opposed to ""временной,"" which can be more generally interpreted as ""time-related"" without the specific connotation of temporal analysis in sequences. The back translation confirms the semantic accuracy, as it returns to ""temporal derivative,"" ensuring contextual fit and domain-specific usage.
```","['temporal derivative', 'time derivative', 'temporal derivative - time derivative', 'time derivative']"
169,temporal variable,"[{'word': 'временная переменная', 'ratio': 0.8}, {'word': 'темпоральная переменная', 'ratio': 0.1}, {'word': 'Темпоральная переменная', 'ratio': 0.1}]",темпоральная переменная,временная переменная,"```
1. Candidate: ""темпоральная переменная""
2. Explanation: The term ""темпоральная переменная"" is the best fit because it directly translates to ""temporal variable,"" maintaining the semantic meaning in the context of AI and scheduling problems. The use of ""темпоральная"" aligns with the technical terminology used in Russian for concepts related to time and temporal reasoning, ensuring accuracy and consistency in the AI domain. The back translation confirms that the meaning is preserved without introducing ambiguity, unlike ""временная переменная,"" which translates to ""temporary variable"" and could imply a different, non-temporal context.
```","['temporary variable', 'Temporal variable', 'temporal variable']"
170,term frequency,"[{'word': 'частотность термина', 'ratio': 0.7}, {'word': 'частота термина', 'ratio': 0.2}, {'word': 'Частотность термина', 'ratio': 0.1}]",Частота термина,частотность термина,"```
1. Candidate: ""Частота термина""
2. Explanation: ""Частота термина"" is the best translation candidate because it accurately captures the concept of ""term frequency"" in the context of AI and natural language processing. The term ""частота"" directly translates to ""frequency,"" which is crucial for understanding how often a term appears within a given dataset or document. This aligns well with the AI domain's usage, where ""term frequency"" is a common metric used in text analysis and information retrieval. Additionally, the back translation to ""term frequency"" confirms its semantic accuracy and contextual fit.
```","['Term frequency', 'term frequency', 'term frequency']"
171,time-series datum,"[{'word': 'данные временного ряда', 'ratio': 0.6}, {'word': 'данные временных рядов', 'ratio': 0.2}, {'word': 'элемент временного ряда', 'ratio': 0.1}, {'word': 'временной ряд данных', 'ratio': 0.1}]",элемент временного ряда,данные временного ряда,"```
1. Candidate: ""элемент временного ряда""
2. Explanation: The term ""time-series datum"" refers to a single data point within a time series, which is best captured by ""элемент временного ряда"" in Russian. This translation accurately reflects the singular nature of ""datum"" as opposed to ""data,"" which is plural. The back translation ""time series element"" aligns well with the original English term, maintaining the specificity required in AI contexts where individual data points are often analyzed separately within a time series.
```","['time series data', 'time series data', 'time series data', 'time series element']"
172,topic assignment,"[{'word': 'назначение темы', 'ratio': 0.5}, {'word': 'назначение тем', 'ratio': 0.4}, {'word': 'присвоение тем', 'ratio': 0.1}]",присвоение тем,назначение темы,"```
1. Candidate: ""присвоение тем""
2. Explanation: The term ""присвоение тем"" directly translates to ""topic assignment,"" which aligns well with the AI domain-specific usage. In the context of AI, particularly in models dealing with topic modeling or natural language processing, ""topic assignment"" refers to the process of associating topics with segments of text. The candidate ""присвоение тем"" accurately captures this meaning, as ""присвоение"" implies the act of assigning or associating, and ""тем"" refers to topics. This translation maintains semantic accuracy and fits well within the context of AI, where precise terminology is crucial for understanding model outputs and processes.
```","['setting the topic', 'assignment of topics', 'purpose of the topic', 'topic assignment']"
173,trainable parameter,"[{'word': 'настраиваемый параметр', 'ratio': 0.5}, {'word': 'обучаемый параметр', 'ratio': 0.5}]",обучаемый параметр,настраиваемый параметр,"```
1. Candidate: обучаемый параметр
2. Explanation: The term ""обучаемый параметр"" directly translates to ""trainable parameter,"" which accurately reflects the concept in AI where parameters are adjusted or ""trained"" during the learning process of a model. This term is widely used in the Russian AI community to describe parameters that are subject to optimization during training. The alternative ""настраиваемый параметр"" translates to ""custom parameter,"" which implies manual adjustment or configuration rather than automatic training, thus not fitting the context of AI model training where parameters are optimized through algorithms. Therefore, ""обучаемый параметр"" is the best fit for maintaining semantic accuracy and contextual relevance in AI terminology.
```","['trainable parameter', 'custom parameter']"
174,training error,"[{'word': 'ошибка обучения', 'ratio': 0.7}, {'word': 'ошибка на обучающей выборке', 'ratio': 0.2}, {'word': 'ошибка на обучении', 'ratio': 0.1}]",ошибка на обучающей выборке,ошибка обучения,"```
1. Candidate: ошибка на обучающей выборке
2. Explanation: The term ""ошибка на обучающей выборке"" translates back to ""error on the training set,"" which accurately captures the concept of ""training error"" in the context of AI and machine learning. This term specifically refers to the error calculated on the dataset used to train the model, which is crucial for understanding model performance and overfitting. The other candidates, ""ошибка обучения"" and ""ошибка на обучении,"" translate to ""learning error"" and ""error during training,"" respectively, which are less precise and could be interpreted more broadly, potentially leading to confusion in the AI domain.
```","['learning error', 'error on the training set', 'error during training']"
175,training example,"[{'word': 'обучающий пример', 'ratio': 0.7}, {'word': 'пример для обучения', 'ratio': 0.2}, {'word': 'образец для обучения', 'ratio': 0.1}]",пример обучения,обучающий пример,"```
1. Candidate: ""пример обучения""
2. Explanation: The term ""пример обучения"" directly translates back to ""training example,"" which maintains the original meaning and context. In the AI domain, ""training example"" refers to a specific instance used in the training process of a machine learning model. The other candidates, such as ""обучающий пример"" and ""пример для обучения,"" introduce nuances like ""teaching"" or ""example for teaching,"" which can imply a broader or slightly different context. ""Образец для обучения"" translates to ""sample for training,"" which, while close, shifts the focus to a sample rather than an example, potentially altering the intended meaning. ""Пример обучения"" is concise and accurately reflects the AI-specific usage of a data point used in training algorithms.
```","['teaching example', 'example for teaching', 'training example', 'sample for training']"
176,training token,"[{'word': 'токен обучения', 'ratio': 0.7}, {'word': 'обучающий токен', 'ratio': 0.2}, {'word': 'токен для обучения', 'ratio': 0.1}]",обучающий токен,токен обучения,"```
1. Candidate: обучающий токен
2. Explanation: The term ""обучающий токен"" is the best fit for translating ""training token"" in the context of AI and machine learning. This candidate directly translates to ""training token"" in English, maintaining the semantic accuracy and contextual fit. In the AI domain, ""обучающий"" (training) is commonly used to describe processes or elements involved in the training phase of machine learning models, such as datasets, data points, or tokens. This ensures that the term is understood correctly by Russian-speaking professionals in the field, preserving the intended meaning and technical specificity.
```","['learning token', 'training token', 'training token', 'learning token']"
177,tree-based model,"[{'word': 'модель на основе дерева', 'ratio': 0.5}, {'word': 'модель на основе деревьев', 'ratio': 0.3}, {'word': 'Модель на основе деревьев', 'ratio': 0.1}, {'word': 'Деревовидная модель', 'ratio': 0.1}]",модель на основе деревьев,модель на основе дерева,"```
1. Candidate: ""модель на основе деревьев""

2. Explanation: The candidate ""модель на основе деревьев"" is the best fit because it directly translates to ""tree-based model,"" maintaining both the semantic accuracy and the contextual fit within the AI domain. This term accurately reflects the concept of models that utilize decision trees or similar structures, which is crucial in machine learning and AI contexts. The back translation also aligns well with the original English term, ensuring that the meaning is preserved across languages. Additionally, this translation is consistent with the terminology used in Russian technical literature related to AI and machine learning, where ""деревья"" (trees) are commonly referenced in the context of algorithms like decision trees, random forests, and gradient boosting trees.
```","['tree model', 'Tree-based model', 'tree-based model', 'Tree model', 'tree based model']"
178,treebank annotation,"[{'word': 'аннотация дерева', 'ratio': 0.5}, {'word': 'Аннотация дерева', 'ratio': 0.2}, {'word': 'аннотация синтаксического дерева', 'ratio': 0.1}, {'word': 'аннотация деревьев', 'ratio': 0.1}, {'word': 'аннотация дереворазметки', 'ratio': 0.1}]",аннотация синтаксического дерева,аннотация дерева,"```
1. Candidate: ""аннотация синтаксического дерева""

2. Explanation: The term ""treebank annotation"" refers to the process of annotating syntactic structures in a corpus of sentences, which is crucial in natural language processing and computational linguistics. The candidate ""аннотация синтаксического дерева"" translates to ""syntax tree annotation,"" which accurately captures the concept of annotating syntactic trees. This candidate maintains the domain-specific meaning and context of the original term, ensuring semantic accuracy and contextual fit in the AI and linguistic fields. The other candidates either lose the syntactic aspect or misinterpret the term, making them less suitable for the AI domain-specific usage.
```","['abstract tree markup', 'trees abstract', 'tree tree abstract', 'tree abstract', 'Tree abstract', 'syntax tree annotation']"
179,uncertainty,"[{'word': 'неопределенность', 'ratio': 0.8}, {'word': 'неопределённость', 'ratio': 0.1}, {'word': 'Неопределенность', 'ratio': 0.1}]",неопределённость,неопределенность,"```
1. Candidate: ""неопределённость""
2. Explanation: The term ""неопределённость"" is the best fit for translating ""uncertainty"" in the context of AI and machine learning. This term accurately captures the concept of uncertainty in probabilistic models and statistical analysis, which is crucial in AI for modeling and predicting outcomes with inherent variability. The use of ""неопределённость"" aligns well with the technical context where uncertainty quantification is essential, such as in predicting depth values and handling occlusions in hand recognition scenarios. Additionally, the back translation to ""uncertainty"" confirms its semantic accuracy and contextual fit in the AI domain.
```","['uncertainty', 'Uncertainty', 'uncertainty']"
180,unsupervised method,"[{'word': 'неконтролируемый метод', 'ratio': 0.6}, {'word': 'метод без учителя', 'ratio': 0.2}, {'word': 'ненаблюдаемый метод', 'ratio': 0.1}, {'word': 'Несупервизированный метод', 'ratio': 0.1}]",метод без учителя,неконтролируемый метод,"```
1. Candidate: метод без учителя
2. Explanation: ""Метод без учителя"" is the best translation candidate because it accurately captures the concept of ""unsupervised method"" in the AI domain. The term ""без учителя"" directly translates to ""without a teacher,"" which aligns with the idea of unsupervised learning where no labeled data is used. This translation maintains semantic accuracy and is commonly used in Russian AI literature to describe methods that do not rely on annotated data, fitting well within the context provided.
```","['unsupervised method', 'unobservable method', 'unsupervised method', 'Non-supervised method']"
181,user-item matrix,"[{'word': 'матрица пользователь-объект', 'ratio': 0.7}, {'word': 'матрица пользователь-товар', 'ratio': 0.2}, {'word': 'матрица пользователь-элемент', 'ratio': 0.1}]",матрица пользователь-элемент,матрица пользователь-объект,"```
1. Candidate: ""матрица пользователь-элемент""
2. Explanation: The term ""user-item matrix"" is commonly used in AI and machine learning, particularly in recommendation systems, to describe a matrix that represents the relationship between users and items (such as products, movies, etc.). The candidate ""матрица пользователь-элемент"" directly translates back to ""user-item matrix,"" maintaining the original meaning and context. This translation accurately reflects the domain-specific usage, as ""элемент"" (element) is a broad term that can encompass various types of items, aligning well with the AI context where the matrix can include different kinds of items or entities. Other candidates like ""пользователь-товар"" (user-product) and ""пользователь-объект"" (user-object) are more specific or slightly off in context, while ""пользовательских элементов"" (custom element) changes the meaning significantly, making ""пользователь-элемент"" the most semantically accurate choice.
```","['user-product matrix', 'user-object matrix', 'custom element matrix', 'user-item matrix']"
182,value network,"[{'word': 'сеть ценности', 'ratio': 0.5}, {'word': 'сеть ценностей', 'ratio': 0.2}, {'word': 'ценностная сеть', 'ratio': 0.1}, {'word': 'Сеть ценности', 'ratio': 0.1}, {'word': 'сеть значений', 'ratio': 0.1}]",ценностная сеть,сеть ценности,"```
1. Candidate: ""ценностная сеть""

2. Explanation: The term ""ценностная сеть"" is the best fit for translating ""value network"" in the context of AI. This choice captures the concept of a network that evaluates or assigns value, which is crucial in AI models for decision-making and learning processes. The term ""ценностная"" directly relates to ""value"" in the sense of worth or importance, aligning well with the AI domain's usage where the network is responsible for estimating or predicting values. Additionally, the back translation as ""value network"" confirms its semantic accuracy and contextual fit, ensuring that the intended meaning is preserved in both languages.
```","['network of meanings', 'value network', 'value network', 'value network', 'value network', 'Value Network']"
183,value-based reinforcement learning,"[{'word': 'обучение с подкреплением на основе ценностей', 'ratio': 0.5}, {'word': 'обучение с подкреплением на основе ценности', 'ratio': 0.4}, {'word': 'Обучение с подкреплением на основе ценности', 'ratio': 0.1}]",обучение с подкреплением на основе ценности,обучение с подкреплением на основе ценностей,"```
1. Candidate: обучение с подкреплением на основе ценности

2. Explanation: The candidate ""обучение с подкреплением на основе ценности"" is the best fit for translating ""value-based reinforcement learning"" in the context of AI. This translation accurately captures the concept of ""value"" as a singular, abstract principle that guides the learning process, which aligns with the domain-specific usage in reinforcement learning. The back translation ""value-based reinforcement learning"" closely matches the original term, indicating semantic accuracy and contextual fit. The use of ""ценности"" in the other candidates suggests a plural form, which could imply multiple values or principles, potentially leading to confusion in the context of reinforcement learning where the focus is typically on a singular value function.
```","['values-based reinforcement learning', 'value-based reinforcement learning', 'Value-based reinforcement learning']"
184,vanishing gradient,"[{'word': 'исчезающий градиент', 'ratio': 0.5}, {'word': 'затухающий градиент', 'ratio': 0.2}, {'word': 'пропадающий градиент', 'ratio': 0.1}, {'word': 'затухание градиента', 'ratio': 0.1}, {'word': 'проблема исчезающего градиента', 'ratio': 0.1}]",проблема исчезающего градиента,исчезающий градиент,"```
1. Candidate: ""проблема исчезающего градиента""
2. Explanation: The term ""vanishing gradient"" in the context of AI and neural networks refers to a specific problem where gradients become too small for effective learning during backpropagation. The candidate ""проблема исчезающего градиента"" directly translates to ""vanishing gradient problem,"" which accurately captures both the concept and the issue being described. This translation maintains the semantic accuracy and contextual fit, as it explicitly denotes the problem aspect, which is crucial in the AI domain where understanding the challenges in training deep networks is essential. Other candidates like ""исчезающий градиент"" or ""затухание градиента"" do not explicitly convey the problematic nature of the phenomenon, which is critical for understanding the context in which mitigation strategies are discussed.
```","['vanishing gradient', 'gradient decay', 'vanishing gradient problem', 'fading gradient', 'vanishing gradient']"
185,volume rendering,"[{'word': 'объемная визуализация', 'ratio': 0.7}, {'word': 'визуализация объема', 'ratio': 0.1}, {'word': 'Объемная визуализация', 'ratio': 0.1}, {'word': 'объемная отрисовка', 'ratio': 0.1}]",объемный рендеринг,объемная визуализация,"```
1. Candidate: ""объемный рендеринг""

2. Explanation: ""Объемный рендеринг"" is the best translation candidate for ""volume rendering"" in the context of AI and computer graphics. This term directly translates to ""volumetric rendering,"" which accurately captures the process of rendering 3D data into 2D images by simulating the absorption and emission of light through a volume. This is a well-established term in the field of computer graphics and AI, particularly in contexts involving 3D visualization and differentiable rendering techniques. The back translation ""volumetric rendering"" maintains the technical specificity and aligns with the domain-specific usage, ensuring semantic accuracy and contextual fit.
```","['volume rendering', 'volumetric visualization', 'Volumetric visualization', 'volumetric rendering', 'volume visualization']"
186,weight parameter,"[{'word': 'параметр веса', 'ratio': 0.8}, {'word': 'весовой параметр', 'ratio': 0.1}, {'word': 'Параметр веса', 'ratio': 0.1}]",весовой параметр,параметр веса,"```
1. Candidate: ""весовой параметр""
2. Explanation: The term ""весовой параметр"" is the best fit for translating ""weight parameter"" in the context of AI. In the AI domain, ""весовой параметр"" is commonly used to refer to parameters that adjust the influence or importance of certain features or components during model training. This aligns well with the provided context where the weight parameter is adjusted to influence the model's reliance on certain outputs or observations. The back translation also accurately returns to ""weight parameter,"" indicating a strong semantic and contextual fit.
```","['weight parameter', 'weight parameter', 'Weight parameter']"
187,weight vector,"[{'word': 'вектор весов', 'ratio': 0.9}, {'word': 'весовой вектор', 'ratio': 0.1}]",весовой вектор,вектор весов,"```
1. Candidate: ""весовой вектор""
2. Explanation: ""Весовой вектор"" is the best translation candidate because it accurately captures the concept of a ""weight vector"" in the context of AI and machine learning. In these fields, a ""weight vector"" refers to a vector of weights used in algorithms, such as those in neural networks or linear models, to adjust the influence of input features. The term ""весовой вектор"" is commonly used in Russian technical literature to describe this concept, ensuring both semantic accuracy and contextual fit. The back translation to ""weight vector"" confirms its appropriateness, maintaining the intended meaning without introducing ambiguity or incorrect associations, unlike ""вектор весов,"" which could imply a different concept related to scales or measurements.
```","['weight vector', 'vector scales', 'weight vector']"
188,worst case,"[{'word': 'худший случай', 'ratio': 0.5555555555555556}, {'word': 'наихудший случай', 'ratio': 0.3333333333333333}, {'word': 'worst case худший случай', 'ratio': 0.1111111111111111}]",наихудший случай,худший случай,"```
1. Candidate: ""наихудший случай""
2. Explanation: ""Наихудший случай"" is the best fit for the translation of ""worst case"" in the context of AI and computational complexity. This term is commonly used in Russian technical literature to describe the scenario where an algorithm performs at its least efficient level. It accurately conveys the concept of the worst possible scenario in terms of performance or complexity, aligning well with the domain-specific usage in computer science and AI. The back translation to ""worst case"" confirms its semantic accuracy and contextual fit.
```","['worst case', 'worst case', 'worst case']"
189,2D-3D correspondence,"[{'word': '2D-3D соответствие', 'ratio': 0.5}, {'word': 'соответствие 2D-3D', 'ratio': 0.5}]",соответствие 2D-3D,2D-3D соответствие,"```
1. Candidate: ""соответствие 2D-3D""
2. Explanation: The term ""соответствие 2D-3D"" is the best fit for translating ""2D-3D correspondence"" in the context of AI and computer vision. In this domain, ""correspondence"" typically refers to the relationship or mapping between two sets of data, such as 2D image points and 3D model points. The word ""соответствие"" accurately captures this meaning, as it denotes a match or alignment between elements, which is crucial for tasks like pose estimation and object detection. Additionally, the back translation to ""2D-3D correspondence"" confirms its semantic accuracy and contextual fit, ensuring that the technical meaning is preserved in both languages.
```","['2D-3D correspondence', '2D-3D correspondence', '2D-3D correspondence']"
190,3D mesh,"[{'word': '3D сетка', 'ratio': 0.7777777777777778}, {'word': '3D модель', 'ratio': 0.2222222222222222}]",3D модель,3D сетка,"```
1. Candidate: 3D модель
2. Explanation: In the context of AI and computer vision, ""3D mesh"" refers to a digital representation of a three-dimensional object, typically used in graphics and modeling. The term ""3D модель"" (3D model) is more semantically accurate in Russian for this context, as it conveys the idea of a complete three-dimensional structure, which aligns with the concept of object reconstruction from images. While ""3D сетка"" (3D mesh) is a direct translation, it may not fully capture the broader concept of a 3D model in Russian, which is more commonly used in the AI domain to describe such reconstructions.
```","['3D mesh', '3D model']"
191,Hedge algorithm,"[{'word': 'алгоритм Hedge', 'ratio': 0.5555555555555556}, {'word': 'алгоритм Хеджа', 'ratio': 0.2222222222222222}, {'word': 'Hedge algorithm алгоритм Хеджа', 'ratio': 0.1111111111111111}, {'word': 'алгоритм Хедж', 'ratio': 0.1111111111111111}]",алгоритм Хеджа,алгоритм Hedge,"```
1. Candidate: ""алгоритм Хеджа""

2. Explanation: The term ""алгоритм Хеджа"" is the best fit for translating ""Hedge algorithm"" in the context of AI and machine learning. This candidate maintains the original name ""Hedge"" as a proper noun, which is common practice in technical translations to preserve the specific identity of well-known algorithms. The use of ""Хеджа"" is a transliteration that respects the pronunciation and recognition of the term in Russian, ensuring that it is understood as referring to the specific algorithm developed by Littlestone and Warmuth, and later by Freund and Schapire. This choice avoids confusion with the more generic term ""hedging,"" which could imply financial or risk management contexts rather than the specific AI algorithm. Additionally, the back translation accuracy confirms that the meaning is preserved as ""Hedge algorithm,"" ensuring semantic accuracy and contextual fit within the AI domain. 
```","['Hedge algorithm', 'Hedge algorithm', 'Hedge algorithm', 'Hedge algorithm', 'Hedging algorithm']"
192,Iverson bracket,"[{'word': 'скобка Айверсона', 'ratio': 0.5}, {'word': 'скобки Айверсона', 'ratio': 0.375}, {'word': 'Скобки Айверсона', 'ratio': 0.125}]",Скобки Айверсона,скобка Айверсона,"```
1. Candidate: ""Скобки Айверсона""
2. Explanation: The term ""Iverson bracket"" in the context of AI and mathematics refers to a notation used to denote a condition that evaluates to 1 if true and 0 if false. The translation ""Скобки Айверсона"" accurately captures the plural form of ""brackets,"" which is consistent with the mathematical usage of the term. The back translation ""Iverson brackets"" maintains the original meaning, ensuring semantic accuracy and contextual fit within the AI domain. The use of ""скобки"" (brackets) is more appropriate than ""кронштейн"" (bracket) or ""скобка"" (brace), as it aligns with the conventional mathematical notation in Russian.
```","['Iverson bracket', 'Iverson brackets', 'Iverson brace', 'Iverson braces']"
193,Lexical Functional Grammar,"[{'word': 'Лексико-функциональная грамматика', 'ratio': 0.8888888888888888}, {'word': 'Лексическая функциональная грамматика', 'ratio': 0.1111111111111111}]",Лексическая функциональная грамматика,Лексико-функциональная грамматика,"```
1. Candidate: ""Лексическая функциональная грамматика""
2. Explanation: The term ""Лексическая функциональная грамматика"" is the best fit because it accurately reflects the original English term ""Lexical Functional Grammar"" in both semantic and syntactic contexts. The word ""Лексическая"" directly translates to ""Lexical,"" and ""функциональная"" translates to ""Functional,"" maintaining the integrity of the original term. This translation is widely accepted in the AI and linguistic communities when referring to this specific syntactic formalism, ensuring that the domain-specific usage is preserved. The back translation also aligns perfectly with the original term, confirming its accuracy and contextual fit.
```","['Lexico-functional grammar', 'Lexical functional grammar']"
194,Libratus,"[{'word': 'Libratus', 'ratio': 0.6666666666666666}, {'word': 'Либратус', 'ratio': 0.2222222222222222}, {'word': 'Весы', 'ratio': 0.1111111111111111}]",Либратус,Libratus,"```
1. Candidate: ""Либратус""

2. Explanation: The best translation candidate is ""Либратус"" because it maintains the original name of the AI system, which is crucial for preserving the identity and recognition of the technology in the AI domain. Proper nouns, especially those related to specific AI systems or algorithms, are typically transliterated rather than translated to ensure consistency and accuracy across languages. This approach avoids confusion and maintains the integrity of the term within the context of AI research and literature. The other candidate, ""Весы"" (meaning ""Scales""), is not appropriate as it translates the term into a common noun unrelated to the AI system's identity or function.
```","['Libratus', 'Libratus', 'Scales']"
195,Markov logic network,"[{'word': 'Сеть логики Маркова', 'ratio': 0.5}, {'word': 'сеть логики Маркова', 'ratio': 0.3}, {'word': 'логическая сеть Маркова', 'ratio': 0.1}, {'word': 'Сеть Маркова на логике', 'ratio': 0.1}]",Марковская логическая сеть,Сеть логики Маркова,"```
1. Candidate: ""Марковская логическая сеть""
2. Explanation: ""Марковская логическая сеть"" is the best fit because it directly translates to ""Markov logic network"" and maintains the semantic structure of the original term. In the AI domain, it is crucial to preserve the order and relationship of terms to ensure clarity and accuracy. This candidate accurately reflects the concept of a network based on Markov logic, which is essential for understanding the context of weighted first-order clauses and their role in defining a Markov network. The back translation also confirms its accuracy and contextual fit.
```","['Markov network on logic', 'Markov logic network', 'Markov logic network', 'Markov logic network', 'Markov logic network']"
196,answer span,"[{'word': 'диапазон ответа', 'ratio': 0.9}, {'word': 'интервал ответа', 'ratio': 0.1}]",интервал ответа,диапазон ответа,"```
1. Candidate: ""интервал ответа""
2. Explanation: The term ""answer span"" in the context of AI and natural language processing refers to a specific segment of text that contains the answer to a given question. The translation ""интервал ответа"" (response interval) captures this meaning more accurately than ""диапазон ответа"" or ""диапазон ответов,"" which suggest a range or variety of responses rather than a specific segment. ""Интервал"" implies a defined start and end, aligning well with the concept of a span in text, making it the best fit for the AI domain-specific usage.
```","['response range', 'response range', 'response interval']"
197,autodiff,"[{'word': 'автодифференцирование', 'ratio': 0.7}, {'word': 'автоматическое дифференцирование', 'ratio': 0.2}, {'word': 'автодифференциация', 'ratio': 0.1}]",автоматическое дифференцирование,автодифференцирование,"```
1. Candidate: ""автоматическое дифференцирование""
2. Explanation: ""Автоматическое дифференцирование"" is the best fit because it accurately captures the concept of ""autodiff"" in the context of AI and machine learning. This term is widely used in the Russian-speaking AI community to describe the process of automatically computing derivatives, which is essential for tasks like optimizing neural networks. The back translation ""automatic differentiation"" aligns well with the original English term, ensuring semantic accuracy and contextual fit.
```","['autodifferentiation', 'auto differential', 'automatic differentiation', 'autodifferentiation']"
198,backbone network,"[{'word': 'основная сеть', 'ratio': 0.6}, {'word': 'базовая сеть', 'ratio': 0.1}, {'word': 'сеть основного узла', 'ratio': 0.1}, {'word': 'сеть основы', 'ratio': 0.1}, {'word': 'сеть-основа', 'ratio': 0.1}]",магистральная сеть,основная сеть,"```
1. Candidate: ""магистральная сеть""
2. Explanation: The term ""магистральная сеть"" is the best fit for translating ""backbone network"" in the context of AI and neural networks. In the AI domain, a ""backbone network"" refers to the main structure or framework that processes input data and extracts features, which aligns with the concept of a ""магистральная сеть"" as a primary or main network. This translation maintains semantic accuracy and is commonly used in technical contexts to describe the core network infrastructure, ensuring that the meaning is preserved in both languages. Additionally, the back translation to ""backbone network"" confirms its contextual fit and accuracy.
```","['backbone network', 'backbone network', 'core network', 'main node network', 'main network', 'network basics']"
199,big-O notation,"[{'word': 'нотация большого O', 'ratio': 0.6}, {'word': 'нотация Большого О', 'ratio': 0.1}, {'word': 'нотация «большое О»', 'ratio': 0.1}, {'word': 'нотация ""большое O""', 'ratio': 0.1}, {'word': 'нотация большого О', 'ratio': 0.1}]",нотация «большое О»,нотация большого O,"```
1. Candidate: ""нотация «большое О»""
2. Explanation: This candidate is the best fit because it accurately captures the term ""big-O notation"" in a way that is commonly used in Russian mathematical and computer science literature. The use of the word ""нотация"" (notation) aligns with the technical nature of the term, and the phrase «большое О» is a direct and clear translation of ""big O,"" maintaining the original meaning and context. The back translation to ""big O notation"" confirms its semantic accuracy and contextual fit within the AI domain.
```","['big O notation', '""Big O"" designation', 'big O notation', 'big O notation', 'Big O notation', '""big O"" notation']"
200,constraint set,"[{'word': 'множество ограничений', 'ratio': 1.0}]",набор ограничений,множество ограничений,"```
1. Candidate: набор ограничений
2. Explanation: The term ""набор ограничений"" translates back to ""set of constraints,"" which closely matches the original English term ""constraint set."" In the context of AI and mathematical optimization, ""constraint set"" refers to a specific set of conditions or limits applied to a problem or model. The candidate ""набор ограничений"" accurately captures this meaning, maintaining the technical nuance required in AI terminology. The alternative ""множество ограничений"" translates back to ""many restrictions,"" which implies a different meaning and lacks the precision needed for the context of defining a specific set of constraints in an experiment.
```","['many restrictions', 'set of constraints']"
201,convolution layer,"[{'word': 'сверточный слой', 'ratio': 0.7}, {'word': 'свёрточный слой', 'ratio': 0.2}, {'word': 'слой свертки', 'ratio': 0.1}]",свёрточный слой,сверточный слой,"```
1. Candidate: ""свёрточный слой""
2. Explanation: The term ""свёрточный слой"" is the best fit for translating ""convolution layer"" in the context of AI and neural networks. This term is widely used in Russian technical literature and accurately conveys the concept of a layer in a neural network that performs convolution operations. The back translation ""convolutional layer"" closely matches the original English term, ensuring semantic accuracy and contextual fit. Additionally, the use of ""свёрточный"" aligns with the standard terminology in the AI domain, making it the most appropriate choice for conveying the intended meaning in both provided contexts.
```","['convolutional layer', 'convolution layer', 'convolutional layer']"
202,covariate shift,"[{'word': 'смещение ковариат', 'ratio': 0.7}, {'word': 'covariate shift смещение ковариат', 'ratio': 0.1}, {'word': 'сдвиг ковариат', 'ratio': 0.1}, {'word': 'Сдвиг ковариат', 'ratio': 0.1}]",ковариатный сдвиг,смещение ковариат,"```
1. Candidate: ""ковариатный сдвиг""
2. Explanation: The term ""ковариатный сдвиг"" is the best fit because it directly translates to ""covariate shift,"" maintaining both the semantic and contextual accuracy needed in the AI domain. This term is widely recognized in the Russian-speaking AI community and accurately conveys the concept of changes in the distribution of input features (covariates) between training and test datasets, which is crucial for understanding model generalization and adaptation challenges. The back translation also aligns perfectly with the original English term, ensuring consistency and clarity in communication.
```","['covariate bias', 'covariate shift', 'shift of covariates', 'covariate shift', 'Shift of covariates']"
203,cross entropy,"[{'word': 'кросс-энтропия', 'ratio': 0.7}, {'word': 'перекрестная энтропия', 'ratio': 0.2}, {'word': 'Кросс-энтропия', 'ratio': 0.1}]",перекрестная энтропия,кросс-энтропия,"```
1. Candidate: перекрестная энтропия
2. Explanation: The term ""перекрестная энтропия"" is the most semantically accurate translation for ""cross entropy"" in the context of AI and machine learning. It directly translates to ""cross entropy"" and is widely used in Russian technical literature to describe the concept of cross entropy in statistical models and neural networks. The other candidates, ""Кросс-энтропия"" and ""кросс-энтропия,"" are transliterations rather than translations, which might not convey the precise meaning in a technical context. ""Перекрестная энтропия"" ensures clarity and understanding for Russian-speaking audiences familiar with AI terminology.
```","['Cross entropy', 'cross entropy', 'cross entropy']"
204,cycle inequality,"[{'word': 'циклическая неравенство', 'ratio': 0.7}, {'word': 'циклическое неравенство', 'ratio': 0.2}, {'word': 'циклические неравенства', 'ratio': 0.1}]",неравенство цикла,циклическая неравенство,"```
1. Candidate: неравенство цикла

2. Explanation: The term ""cycle inequality"" in the context of AI and mathematical optimization refers to a specific type of inequality related to cycles in graph theory, particularly in the study of polytopes and optimization problems. The candidate ""неравенство цикла"" directly translates to ""cycle inequality,"" maintaining the precise meaning and context of the original term. This translation is semantically accurate as it preserves the technical specificity required in the AI domain, where the term is used to describe a class of inequalities related to cycles in graphs. The back translation also confirms the accuracy, as it returns to ""cycle inequality,"" ensuring contextual fit and domain-specific usage.
```","['cyclical inequality', 'cycle inequality', 'cyclic inequalities', 'cyclic inequality']"
205,dialogue generation,"[{'word': 'генерация диалога', 'ratio': 0.5}, {'word': 'генерация диалогов', 'ratio': 0.3}, {'word': 'Генерация диалогов', 'ratio': 0.1}, {'word': 'генерация диалоговистория диалога', 'ratio': 0.1}]",генерация диалогов,генерация диалога,"```
1. Candidate: ""генерация диалогов""
2. Explanation: ""Генерация диалогов"" is the best translation candidate because it accurately captures the concept of generating dialogues in a plural form, which is consistent with the AI domain's focus on creating multiple dialogue instances or sequences. The back translation ""dialog generation"" closely aligns with the original English term ""dialogue generation,"" ensuring semantic accuracy and contextual fit. The plural form ""диалогов"" is appropriate as it reflects the generation of multiple dialogues, which is often the case in AI applications involving dialogue systems.
```","['dialog generation', 'dialogue generation dialogue history', 'dialogue generation', 'Dialogue generation']"
206,document-level,"[{'word': 'уровень документа', 'ratio': 0.7}, {'word': 'на уровне документа', 'ratio': 0.2}, {'word': 'Уровень документа', 'ratio': 0.1}]",на уровне документа,уровень документа,"```
1. Candidate: ""на уровне документа""
2. Explanation: The phrase ""на уровне документа"" translates back to ""at the document level,"" which accurately captures the intended meaning in the context of AI and NLP. This candidate emphasizes the scope or granularity of analysis or processing, which is crucial in AI terminology when discussing document-level tasks or datasets. The other candidates, ""Уровень документа"" and ""уровень документа,"" translate back to ""Document level"" and ""document level,"" respectively, which might imply a more static or categorical interpretation rather than a dynamic or process-oriented one. Therefore, ""на уровне документа"" is the best fit for conveying the intended meaning in the AI domain-specific context.
```","['at the document level', 'Document level', 'document level']"
207,encoder model,"[{'word': 'модель кодировщика', 'ratio': 0.8}, {'word': 'модель энкодера', 'ratio': 0.2}]",модель энкодера,модель кодировщика,"```
1. Candidate: ""модель энкодера""
2. Explanation: The term ""модель энкодера"" is the best fit for translating ""encoder model"" in the context of AI and machine learning. In the AI domain, ""энкодер"" is a widely accepted transliteration of ""encoder,"" which maintains the technical specificity and familiarity for Russian-speaking professionals. This term is commonly used in Russian technical literature and discussions about neural networks and machine learning architectures, ensuring semantic accuracy and contextual fit. The back translation also accurately returns to ""encoder model,"" confirming its appropriateness in both languages.
```","['encoder model', 'encoder model', 'encoder model']"
208,image-text pre-training,"[{'word': 'предварительное обучение на изображениях и текстах', 'ratio': 0.5}, {'word': 'предварительное обучение на основе изображений и текста', 'ratio': 0.2}, {'word': 'предварительное обучение на паре изображений и текста', 'ratio': 0.1}, {'word': 'предварительное обучение на паре изображение-текст', 'ratio': 0.1}, {'word': 'предтренировка на основе изображений и текста', 'ratio': 0.1}]",предварительное обучение на основе изображений и текста,предварительное обучение на изображениях и текстах,"```
1. Candidate: ""предварительное обучение на основе изображений и текста""
2. Explanation: This candidate is the best fit because it accurately captures the concept of ""pre-training"" in the context of AI, where models are trained on datasets that include both images and text. The phrase ""на основе"" (based on) effectively conveys the idea that the training process utilizes both images and text as foundational elements, aligning well with the original English term ""image-text pre-training."" Additionally, the back translation ""pre-training based on images and text"" maintains the intended meaning without introducing any ambiguity, ensuring semantic accuracy and contextual fit within the AI domain.
```","['preliminary training on image-text pair', 'pre-training based on images and text', 'pre-training on images and texts', 'pre-training image and text', 'pre-training on a pair of images and text', 'pre-workout based on images and text']"
209,indicator vector,"[{'word': 'вектор индикаторов', 'ratio': 0.8}, {'word': 'Индикаторный вектор', 'ratio': 0.1}, {'word': 'индикаторный вектор', 'ratio': 0.1}]",индикаторный вектор,вектор индикаторов,"```
1. Candidate: индикаторный вектор
2. Explanation: The term ""индикаторный вектор"" is the best fit for translating ""indicator vector"" in the context of AI and mathematical formulations. This choice maintains the semantic accuracy and aligns well with the domain-specific usage. In the context of AI, an ""indicator vector"" often refers to a vector used to represent certain states or conditions, such as partitions in a graph or constraints in optimization problems. The term ""индикаторный"" is an adjective form that directly modifies ""вектор,"" preserving the technical meaning and ensuring clarity in mathematical and AI-related contexts. Additionally, the back translation to ""indicator vector"" confirms its accuracy and appropriateness in the given context.
```","['indicator vector', 'indicator vector', 'Indicator vector', 'indicator vector']"
210,inference algorithm,"[{'word': 'алгоритм вывода', 'ratio': 0.8888888888888888}, {'word': 'алгоритм инференции', 'ratio': 0.1111111111111111}]",алгоритм инференции,алгоритм вывода,"```
1. Candidate: алгоритм инференции
2. Explanation: The term ""алгоритм инференции"" is the best fit for translating ""inference algorithm"" in the context of AI. In the AI domain, ""инференция"" is commonly used to refer to the process of drawing conclusions or making predictions based on a model, which aligns with the concept of inference in machine learning and probabilistic models. The back translation also accurately returns ""inference algorithm,"" indicating a strong semantic match. On the other hand, ""алгоритм вывода"" could be interpreted more broadly as ""output algorithm"" or ""deduction algorithm,"" which might not capture the specific AI-related connotation of ""inference"" as used in the context of machine learning and probabilistic reasoning.
```","['inference algorithm', 'inference algorithm']"
211,information theoretic,"[{'word': 'информационно-теоретический', 'ratio': 0.8}, {'word': 'информационно-технический', 'ratio': 0.1}, {'word': 'теоретико-информационный', 'ratio': 0.1}]",теоретико-информационный,информационно-теоретический,"```
1. Candidate: теоретико-информационный
2. Explanation: The term ""information theoretic"" in the context of AI and machine learning often refers to concepts and methods derived from information theory, which is a mathematical framework for quantifying information. The candidate ""теоретико-информационный"" directly translates to ""information-theoretic,"" maintaining the semantic accuracy and domain-specific usage. It accurately reflects the theoretical aspect of information theory as applied in AI contexts, such as measuring information gain or contribution, which aligns with the examples provided. The back translation also confirms its fit, as it returns to ""information-theoretic,"" ensuring consistency and precision in the translation.
```","['information-theoretical', 'information technology', 'information-theoretic', 'information theory']"
212,infoset,"[{'word': 'информационный набор', 'ratio': 0.6}, {'word': 'инфосет', 'ratio': 0.3}, {'word': 'информационное множество', 'ratio': 0.1}]",информационное множество,информационный набор,"```
1. Candidate: ""информационное множество""
2. Explanation: The term ""информационное множество"" is the best fit for translating ""infoset"" in the context of game theory and AI. In the domain of game theory, an ""infoset"" refers to a set of game states that are indistinguishable to a player, which aligns with the concept of a ""set"" or ""множество"" in Russian. This translation maintains semantic accuracy and is commonly used in academic and technical literature related to game theory, ensuring that the term is understood correctly in the context of AI and strategic decision-making. The back translation to ""information set"" also confirms its appropriateness, as it closely matches the original English term and its intended meaning.
```","['information set', 'information set', 'infoset']"
213,interaction matrix,"[{'word': 'матрица взаимодействия', 'ratio': 0.8}, {'word': 'матрица взаимодействий', 'ratio': 0.2}]",матрица взаимодействий,матрица взаимодействия,"```
1. Candidate: матрица взаимодействий
2. Explanation: The term ""матрица взаимодействий"" is the best fit for translating ""interaction matrix"" in the context of AI and machine learning. In Russian, ""взаимодействий"" is the plural form, which accurately reflects the multiple interactions between users and items in a bipartite graph, as described in the context. This plural form captures the essence of the matrix being composed of numerous interactions, aligning well with the domain-specific usage where multiple user-item interactions are considered. The back translation to ""interaction matrix"" confirms its semantic accuracy and contextual fit.
```","['interaction matrix', 'interaction matrix']"
214,lambda calculus,"[{'word': 'λ-исчисление', 'ratio': 0.6}, {'word': 'лямбда-исчисление', 'ratio': 0.2}, {'word': 'исчисление λ', 'ratio': 0.1}, {'word': 'ламбда-исчисление', 'ratio': 0.1}]",лямбда-исчисление,λ-исчисление,"```
1. Candidate: ""лямбда-исчисление""
2. Explanation: ""лямбда-исчисление"" is the best translation candidate because it directly translates to ""lambda calculus"" and is widely recognized in Russian academic and technical literature related to computer science and mathematical logic. This term maintains the semantic accuracy and is commonly used in the AI domain to refer to the formal system in mathematical logic and computer science for expressing computation based on function abstraction and application. The back translation also accurately returns to ""lambda calculus,"" ensuring contextual fit and consistency with the original English term.
```","['lambda calculus', 'calculus λ', 'λ-calculus', 'lambda calculus']"
215,multi-modal learning,"[{'word': 'многомодальное обучение', 'ratio': 0.6666666666666666}, {'word': 'мультимодальное обучение', 'ratio': 0.2222222222222222}, {'word': 'Много-модальное обучение', 'ratio': 0.1111111111111111}]",мультимодальное обучение,многомодальное обучение,"```
1. Candidate: ""мультимодальное обучение""
2. Explanation: The term ""мультимодальное обучение"" is the best fit for translating ""multi-modal learning"" in the context of AI. This translation is semantically accurate and widely accepted in the Russian AI community. It captures the essence of integrating multiple modes of data (such as text, image, and audio) in learning processes, which is a key aspect of multi-modal learning. The back translation to ""multimodal learning"" confirms its contextual fit and accuracy, ensuring that the original meaning is preserved. Additionally, this term aligns with established terminology used in Russian academic and technical literature on AI.
```","['multimodal learning', 'Multi-modal learning', 'multimodal learning']"
216,multivariate time series,"[{'word': 'многомерный временной ряд', 'ratio': 0.5}, {'word': 'Многомерный временной ряд', 'ratio': 0.2}, {'word': 'multivariate time series многомерный временной ряд', 'ratio': 0.1}, {'word': 'многомерные временные ряды', 'ratio': 0.1}, {'word': 'контролируемая донастройка', 'ratio': 0.1}]",многомерные временные ряды,многомерный временной ряд,"```
1. Candidate: ""многомерные временные ряды""
2. Explanation: The term ""многомерные временные ряды"" is the best fit for translating ""multivariate time series"" in the context of AI and data analysis. This candidate accurately captures the concept of multiple variables being observed over time, which is essential in the context of time series analysis. The plural form ""ряды"" aligns with the English term ""series,"" which is typically used in the plural when referring to data sets involving multiple variables. The back translation also confirms the semantic accuracy, as it directly translates back to ""multivariate time series,"" ensuring contextual fit and domain-specific usage.
```","['multivariate time series', 'multivariate time series', 'controlled adjustment', 'Multivariate time series', 'multivariate time series']"
217,orthographic camera model,"[{'word': 'ортографическая камера', 'ratio': 0.5555555555555556}, {'word': 'ортографическая модель камеры', 'ratio': 0.3333333333333333}, {'word': 'ортографическая камера модель', 'ratio': 0.1111111111111111}]",ортографическая модель камеры,ортографическая камера,"```
1. Candidate: ""ортографическая модель камеры""
2. Explanation: The term ""ортографическая модель камеры"" is the best fit because it accurately captures the concept of an ""orthographic camera model"" in the context of AI and computer vision. The term ""ортографическая"" correctly translates ""orthographic,"" which refers to a type of projection used in computer graphics where objects are represented without perspective distortion. The word ""модель"" translates to ""model,"" maintaining the technical aspect of the term. This candidate also aligns well with the back translation, ensuring semantic accuracy and contextual fit within the AI domain.
```","['orthographic camera model', 'orthogonal camera model', 'orthographic camera', 'orthographic camera model']"
218,perceptual loss,"[{'word': 'перцептивные потери', 'ratio': 0.6}, {'word': 'перцептивная потеря', 'ratio': 0.2}, {'word': 'перцептивная ошибка', 'ratio': 0.1}, {'word': 'Перцептивные потери', 'ratio': 0.1}]",перцептивная ошибка,перцептивные потери,"```
1. Candidate: ""перцептивная ошибка""
2. Explanation: In the context of AI and machine learning, ""perceptual loss"" refers to a type of loss function used to measure the difference between high-level features of images, often used in tasks like image reconstruction or style transfer. The term ""перцептивная ошибка"" (perceptual error) captures the essence of this concept more accurately than the other candidates. ""Ошибка"" (error) aligns well with the notion of a loss function, which is essentially an error metric used to guide the optimization process. The other candidates, such as ""перцептивная потеря"" (perceptual loss) and ""потеря восприятия"" (loss of perception), do not convey the technical nuance of a loss function as effectively. Additionally, ""перцептивные потери"" (perceptual losses) is plural, which does not match the singular form used in the context provided. Therefore, ""перцептивная ошибка"" is the best fit for accurately conveying the AI domain-specific usage of ""perceptual loss.""
```","['perceptual loss', 'loss of perception', 'perceptual error', 'Perceptual losses', 'perceptual losses']"
219,pre-training task,"[{'word': 'задача предварительного обучения', 'ratio': 0.5}, {'word': 'задача предобучения', 'ratio': 0.4}, {'word': 'Задача предварительного обучения', 'ratio': 0.1}]",задача предобучения,задача предварительного обучения,"```
1. Candidate: ""задача предобучения""
2. Explanation: The term ""задача предобучения"" is the best fit because it directly translates to ""pretraining task,"" which accurately reflects the AI domain-specific usage. The term ""предобучение"" is widely used in the context of machine learning and AI to describe the process of training a model on a large dataset before fine-tuning it on a specific task. This candidate maintains both semantic accuracy and contextual fit, as evidenced by the back translation aligning perfectly with the original English term.
```","['pretraining task', 'pre-workout task', 'Pre-learning task', 'pre-learning task']"
220,probabilistic inference,"[{'word': 'вероятностное вывод', 'ratio': 0.7}, {'word': 'вероятностное заключение', 'ratio': 0.1}, {'word': 'дерево зависимостей', 'ratio': 0.1}, {'word': 'вероятностное выведение', 'ratio': 0.1}]",вероятностное выведение,вероятностное вывод,"```
1. Candidate: вероятностное выведение
2. Explanation: The term ""вероятностное выведение"" is the best fit for ""probabilistic inference"" in the context of AI and machine learning. This translation accurately captures the process of drawing conclusions based on probability, which is central to probabilistic inference methods used in algorithms like Markov random fields and belief propagation. The back translation also aligns well with the original English term, ensuring semantic accuracy and contextual fit within the AI domain.
```","['probabilistic inference', 'probabilistic inference', 'probabilistic conclusion', 'probabilistic inference', 'dependency tree']"
221,prototype embedding,"[{'word': 'встраивание прототипа', 'ratio': 0.8}, {'word': 'встраивание прототипов', 'ratio': 0.2}]",встраивание прототипов,встраивание прототипа,"```
1. Candidate: ""встраивание прототипов""
2. Explanation: The term ""prototype embedding"" in the AI context refers to the process of integrating or representing prototypes within a model's feature space. The candidate ""встраивание прототипов"" accurately captures this meaning by using ""встраивание,"" which translates to ""embedding"" in the sense of integrating or incorporating. Additionally, ""прототипов"" is the plural form, aligning with the context where multiple prototypes are updated during training. This candidate maintains semantic accuracy and contextual fit, as confirmed by the back translation ""embedding prototypes,"" which closely matches the original English term.
```","['implementation of the prototype', 'embedding a prototype', 'embedding prototypes']"
222,recommendation system,"[{'word': 'система рекомендаций', 'ratio': 0.7}, {'word': 'рекомендательная система', 'ratio': 0.2}, {'word': 'Система рекомендаций', 'ratio': 0.1}]",рекомендательная система,система рекомендаций,"```
1. Candidate: ""рекомендательная система""
2. Explanation: The term ""рекомендательная система"" is the most semantically accurate and contextually appropriate translation for ""recommendation system"" in the AI domain. This term is widely used in Russian technical literature and aligns well with the English term's meaning, referring to systems that provide personalized suggestions based on user data. The back translation also accurately reflects the original term, ensuring consistency and clarity in both languages. Additionally, ""рекомендательная система"" is commonly used in discussions about algorithms and machine learning, making it the best fit for the given context.
```","['recommendation system', 'recommendation system', 'Recommendation system']"
223,softmax activation,"[{'word': 'активация софтмакс', 'ratio': 0.6666666666666666}, {'word': 'софтмакс активация', 'ratio': 0.1111111111111111}, {'word': 'Активация софтмакс', 'ratio': 0.1111111111111111}, {'word': 'Активация softmax', 'ratio': 0.1111111111111111}]",активация softmax,активация софтмакс,"```
1. Candidate: ""активация softmax""

2. Explanation: The candidate ""активация softmax"" is the best fit for translating ""softmax activation"" in the context of AI terminology. This choice maintains the original English term ""softmax"" in its transliterated form, which is common practice in Russian technical language to preserve the specificity and recognizability of established AI terms. The use of ""активация"" accurately translates ""activation,"" ensuring semantic accuracy. Additionally, the back translation perfectly matches the original term, confirming its contextual fit and correctness in the AI domain.
```","['Softmax activation', 'softmax activation', 'Softmax activation', 'softmax activation', 'softmax activation']"
224,softmax activation function,"[{'word': 'функция активации софтмакс', 'ratio': 0.7777777777777778}, {'word': 'Функция активации софтмакс', 'ratio': 0.1111111111111111}, {'word': 'Функция активации softmax', 'ratio': 0.1111111111111111}]",Функция активации softmax,функция активации софтмакс,"```
1. Candidate: ""Функция активации softmax""
2. Explanation: The candidate ""Функция активации softmax"" is the best fit because it maintains the original English term ""softmax"" in Latin script, which is a common practice in Russian technical literature to preserve the precise meaning and recognition of specialized terms. This approach ensures semantic accuracy and consistency with international AI terminology, facilitating better understanding among professionals familiar with the term in its original form. Additionally, the back translation perfectly matches the original English term, indicating a high level of contextual fit and accuracy.
```","['softmax activation function', 'softmax activation function', 'Softmax activation function', 'softmax activation function']"
225,super-resolution,"[{'word': 'суперразрешение', 'ratio': 0.8}, {'word': 'super-resolution - сверхразрешение', 'ratio': 0.1}, {'word': 'Суперразрешение', 'ratio': 0.1}]",сверхразрешение,суперразрешение,"```
1. Candidate: ""сверхразрешение""

2. Explanation: The term ""сверхразрешение"" is the best fit for translating ""super-resolution"" in the context of AI and image processing. In Russian, ""сверхразрешение"" is commonly used in technical and scientific literature to describe the process of enhancing the resolution of an image beyond its original capabilities, which aligns with the AI domain-specific usage. This term accurately conveys the concept of improving image fidelity and detail, as described in the provided context. Additionally, the back translation ""super resolution"" maintains the original meaning, ensuring semantic accuracy and contextual fit.
```","['super resolution', 'super-resolution - super resolution', 'Super resolution', 'super resolution']"
226,temporal variable,"[{'word': 'временная переменная', 'ratio': 0.8}, {'word': 'темпоральная переменная', 'ratio': 0.1}, {'word': 'Темпоральная переменная', 'ratio': 0.1}]",темпоральная переменная,временная переменная,"```
1. Candidate: ""темпоральная переменная""
2. Explanation: The term ""темпоральная переменная"" is the best fit because it directly translates to ""temporal variable,"" maintaining the semantic accuracy needed in the AI domain. The term ""темпоральная"" is a loanword from Latin, commonly used in scientific and technical contexts in Russian to denote time-related concepts, similar to its usage in English. This ensures that the term is understood in the context of scheduling problems and temporal analysis, aligning well with the original English term's meaning and usage.
```","['temporal variable', 'Temporal variable', 'temporary variable']"
227,test accuracy,"[{'word': 'точность тестирования', 'ratio': 0.5555555555555556}, {'word': 'точность на тестовых данных', 'ratio': 0.3333333333333333}, {'word': 'Тестовая точность', 'ratio': 0.1111111111111111}]",точность на тестовых данных,точность тестирования,"```
1. Candidate: ""точность на тестовых данных""
2. Explanation: The candidate ""точность на тестовых данных"" translates back to ""accuracy on test data,"" which closely aligns with the original English term ""test accuracy"" in the context of AI. This term is commonly used in AI and machine learning to refer to the accuracy of a model when evaluated on a separate test dataset. The phrase captures the essence of evaluating model performance on unseen data, which is crucial for assessing generalization in AI models. Other candidates like ""точность теста"" and ""Тестовая точность"" are less precise and could be interpreted in broader contexts outside of AI, while ""точность тестирования"" suggests a process rather than a specific metric, making ""точность на тестовых данных"" the most semantically accurate and contextually fitting choice.
```","['accuracy on test data', 'test accuracy', 'Test accuracy', 'testing accuracy']"
228,test domain,"[{'word': 'тестовая область', 'ratio': 1.0}]",тестовый домен,тестовая область,"```
1. Candidate: ""тестовый домен""
2. Explanation: The term ""test domain"" in the context of AI and machine learning typically refers to a specific area or set of data used for testing a model's performance. The translation ""тестовый домен"" directly corresponds to ""test domain"" and is commonly used in Russian technical literature to describe this concept. The back translation also accurately reflects the original term, ensuring semantic accuracy and contextual fit within the AI domain. In contrast, ""тестовая область"" translates to ""test area,"" which could imply a physical or less specific area, making it less precise for the intended technical context.
```","['test area', 'test domain']"
229,unigram distribution,"[{'word': 'униграммное распределение', 'ratio': 0.5}, {'word': 'распределение униграмм', 'ratio': 0.4}, {'word': 'unigram distribution Распределение униграмм', 'ratio': 0.1}]",распределение униграмм,униграммное распределение,"```
1. Candidate: ""распределение униграмм""
2. Explanation: ""Распределение униграмм"" is the best translation candidate because it accurately reflects the term ""unigram distribution"" in a way that is consistent with Russian linguistic norms and AI domain-specific usage. The term ""распределение"" (distribution) is commonly used in statistical and computational contexts, and ""униграмм"" (unigram) is a direct transliteration that maintains the technical specificity of the term. This candidate also aligns well with the back translation, ensuring semantic accuracy and contextual fit within the AI domain.
```","['unigram distribution', 'unigram distribution', 'unigram distribution Unigram distribution']"
