"HITId","HITTypeId","Title","Description","Keywords","Reward","CreationTime","MaxAssignments","RequesterAnnotation","AssignmentDurationInSeconds","AutoApprovalDelayInSeconds","Expiration","NumberOfSimilarHITs","LifetimeInSeconds","AssignmentId","WorkerId","AssignmentStatus","AcceptTime","SubmitTime","AutoApprovalTime","ApprovalTime","RejectionTime","RequesterFeedback","WorkTimeInSeconds","LifetimeApprovalRate","Last30DaysApprovalRate","Last7DaysApprovalRate","Input.en_word1","Input.anno1_word1","Input.anno2_word1","Input.en_word2","Input.anno1_word2","Input.anno2_word2","Input.en_word3","Input.anno1_word3","Input.anno2_word3","Input.en_word4","Input.anno1_word4","Input.anno2_word4","Input.en_word5","Input.anno1_word5","Input.anno2_word5","Answer.A.1","Answer.A.2","Answer.A.3","Answer.A.4","Answer.A.5","Answer.B.1","Answer.B.2","Answer.B.3","Answer.B.4","Answer.B.5","Answer.C.1","Answer.C.2","Answer.C.3","Answer.C.4","Answer.C.5","Answer.D.1","Answer.D.2","Answer.D.3","Answer.D.4","Answer.D.5","Approve","Reject"
"3R16PJFTTK5KXKQ4N6LNL1HVN31K4I","3MRHU5294N3O7KAE1TUQJOAS6HI2AD","Ranking the Quality of AI Terminology Translation from English to Arabic","In this task, you will compare the quality of translations for scientific terms generated by two different methods. The input will include an English term, a context paragraph where the term is used, and its translations in Arabic.","Translation, AI Terminology, Multilingual, Ranking","$0.01","Fri Dec 06 03:36:17 PST 2024","5","BatchId:5277380;OriginalHitTemplateId:928390912;","3600","3600","Fri Dec 13 03:36:17 PST 2024","","","3OVHNO1VEOFV8V6D7KUR04V8KVCDZ1","A1G4DX33KADZA3","Approved","Fri Dec 06 03:37:15 PST 2024","Fri Dec 06 03:40:45 PST 2024","Fri Dec 06 04:40:45 PST 2024","Fri Dec 06 04:41:35 PST 2024","","","210","100% (21/21)","100% (21/21)","100% (21/21)","decoder","المُفكِك","وحدة فك الترميز","CamemBERT","كاميمبيرت","CamemBERT","AI","الذكاء الاصطناعي","AI","spans","الأقسام","امتدادات","CRF","نموذج الحقول العشوائية المشروطة","CRF","false","false","false","false","false","false","false","false","false","false","true","true","true","true","true","false","false","false","false","false"
"3R16PJFTTK5KXKQ4N6LNL1HVN31K4I","3MRHU5294N3O7KAE1TUQJOAS6HI2AD","Ranking the Quality of AI Terminology Translation from English to Arabic","In this task, you will compare the quality of translations for scientific terms generated by two different methods. The input will include an English term, a context paragraph where the term is used, and its translations in Arabic.","Translation, AI Terminology, Multilingual, Ranking","$0.01","Fri Dec 06 03:36:17 PST 2024","5","BatchId:5277380;OriginalHitTemplateId:928390912;","3600","3600","Fri Dec 13 03:36:17 PST 2024","","","3OCHAWUVG6YEH6C8YJST7WANW4BKXO","A2P8U65V6NL7B5","Approved","Fri Dec 06 03:37:20 PST 2024","Fri Dec 06 03:50:00 PST 2024","Fri Dec 06 04:50:00 PST 2024","Fri Dec 06 04:50:35 PST 2024","","","760","100% (49/49)","100% (49/49)","100% (49/49)","decoder","المُفكِك","وحدة فك الترميز","CamemBERT","كاميمبيرت","CamemBERT","AI","الذكاء الاصطناعي","AI","spans","الأقسام","امتدادات","CRF","نموذج الحقول العشوائية المشروطة","CRF","false","true","false","false","false","false","false","true","false","true","true","false","false","true","false","false","false","false","false","false"
"3R16PJFTTK5KXKQ4N6LNL1HVN31K4I","3MRHU5294N3O7KAE1TUQJOAS6HI2AD","Ranking the Quality of AI Terminology Translation from English to Arabic","In this task, you will compare the quality of translations for scientific terms generated by two different methods. The input will include an English term, a context paragraph where the term is used, and its translations in Arabic.","Translation, AI Terminology, Multilingual, Ranking","$0.01","Fri Dec 06 03:36:17 PST 2024","5","BatchId:5277380;OriginalHitTemplateId:928390912;","3600","3600","Fri Dec 13 03:36:17 PST 2024","","","3M1CVSFP6IJOWW2A0EKCJABYUQ1QAR","A2744LPDY86TJO","Approved","Fri Dec 06 04:38:37 PST 2024","Fri Dec 06 04:40:58 PST 2024","Fri Dec 06 05:40:58 PST 2024","Fri Dec 06 05:41:35 PST 2024","","","141","100% (5/5)","100% (5/5)","100% (5/5)","decoder","المُفكِك","وحدة فك الترميز","CamemBERT","كاميمبيرت","CamemBERT","AI","الذكاء الاصطناعي","AI","spans","الأقسام","امتدادات","CRF","نموذج الحقول العشوائية المشروطة","CRF","true","true","true","false","false","false","false","false","false","true","false","false","false","false","false","false","false","false","false","false"
"3R16PJFTTK5KXKQ4N6LNL1HVN31K4I","3MRHU5294N3O7KAE1TUQJOAS6HI2AD","Ranking the Quality of AI Terminology Translation from English to Arabic","In this task, you will compare the quality of translations for scientific terms generated by two different methods. The input will include an English term, a context paragraph where the term is used, and its translations in Arabic.","Translation, AI Terminology, Multilingual, Ranking","$0.01","Fri Dec 06 03:36:17 PST 2024","5","BatchId:5277380;OriginalHitTemplateId:928390912;","3600","3600","Fri Dec 13 03:36:17 PST 2024","","","3PPTZCWAL8YPX4AIC60B03273A0QZI","A39PWDRYNY2WM0","Approved","Fri Dec 06 04:37:01 PST 2024","Fri Dec 06 05:03:11 PST 2024","Fri Dec 06 06:03:11 PST 2024","Fri Dec 06 06:03:35 PST 2024","","","1570","100% (55/55)","100% (55/55)","100% (55/55)","decoder","المُفكِك","وحدة فك الترميز","CamemBERT","كاميمبيرت","CamemBERT","AI","الذكاء الاصطناعي","AI","spans","الأقسام","امتدادات","CRF","نموذج الحقول العشوائية المشروطة","CRF","false","true","false","false","false","false","false","true","true","true","true","false","false","false","false","false","false","false","false","false"
"3R16PJFTTK5KXKQ4N6LNL1HVN31K4I","3MRHU5294N3O7KAE1TUQJOAS6HI2AD","Ranking the Quality of AI Terminology Translation from English to Arabic","In this task, you will compare the quality of translations for scientific terms generated by two different methods. The input will include an English term, a context paragraph where the term is used, and its translations in Arabic.","Translation, AI Terminology, Multilingual, Ranking","$0.01","Fri Dec 06 03:36:17 PST 2024","5","BatchId:5277380;OriginalHitTemplateId:928390912;","3600","3600","Fri Dec 13 03:36:17 PST 2024","","","3IOEN3P9SPXZSQ6QPMDL2414QUD169","A38SYZRVLTMOFG","Approved","Fri Dec 06 05:38:11 PST 2024","Fri Dec 06 06:01:00 PST 2024","Fri Dec 06 07:01:00 PST 2024","Fri Dec 06 07:01:35 PST 2024","","","1369","100% (49/49)","100% (49/49)","100% (49/49)","decoder","المُفكِك","وحدة فك الترميز","CamemBERT","كاميمبيرت","CamemBERT","AI","الذكاء الاصطناعي","AI","spans","الأقسام","امتدادات","CRF","نموذج الحقول العشوائية المشروطة","CRF","false","true","false","false","false","false","false","true","false","true","true","false","false","true","false","false","false","false","false","false"
"3WPCIUYH2RMW0ZZKAQ08PWYXJTLTDA","3MRHU5294N3O7KAE1TUQJOAS6HI2AD","Ranking the Quality of AI Terminology Translation from English to Arabic","In this task, you will compare the quality of translations for scientific terms generated by two different methods. The input will include an English term, a context paragraph where the term is used, and its translations in Arabic.","Translation, AI Terminology, Multilingual, Ranking","$0.01","Fri Dec 06 03:36:17 PST 2024","5","BatchId:5277380;OriginalHitTemplateId:928390912;","3600","3600","Fri Dec 13 03:36:17 PST 2024","","","3MRNMEIQWNKB36P9SJ3ISPKA5M4DLI","A11BQAB549UAEG","Approved","Fri Dec 06 03:37:11 PST 2024","Fri Dec 06 03:38:32 PST 2024","Fri Dec 06 04:38:32 PST 2024","Fri Dec 06 04:38:35 PST 2024","","","81","100% (14/14)","100% (14/14)","100% (14/14)","systems","الأنظمة","نظم","OOV","خارج المفردات","OOV","PaLM","بالم","PaLM","morphological","المورفولوجي","مورفولوجي","NLI","استنتاج اللغة الطبيعية","NLI","false","false","false","false","false","true","false","true","false","true","false","true","false","true","false","false","false","false","false","false"
"3WPCIUYH2RMW0ZZKAQ08PWYXJTLTDA","3MRHU5294N3O7KAE1TUQJOAS6HI2AD","Ranking the Quality of AI Terminology Translation from English to Arabic","In this task, you will compare the quality of translations for scientific terms generated by two different methods. The input will include an English term, a context paragraph where the term is used, and its translations in Arabic.","Translation, AI Terminology, Multilingual, Ranking","$0.01","Fri Dec 06 03:36:17 PST 2024","5","BatchId:5277380;OriginalHitTemplateId:928390912;","3600","3600","Fri Dec 13 03:36:17 PST 2024","","","3EFVCAY5LLNTRL5I8QGPQITHQ628J5","ASVJ75M0TNT6Z","Approved","Fri Dec 06 03:37:13 PST 2024","Fri Dec 06 03:38:47 PST 2024","Fri Dec 06 04:38:47 PST 2024","Fri Dec 06 04:39:35 PST 2024","","","94","100% (25/25)","100% (25/25)","100% (25/25)","systems","الأنظمة","نظم","OOV","خارج المفردات","OOV","PaLM","بالم","PaLM","morphological","المورفولوجي","مورفولوجي","NLI","استنتاج اللغة الطبيعية","NLI","false","false","false","true","false","false","true","false","false","false","true","false","false","false","false","false","false","false","false","true"
"3WPCIUYH2RMW0ZZKAQ08PWYXJTLTDA","3MRHU5294N3O7KAE1TUQJOAS6HI2AD","Ranking the Quality of AI Terminology Translation from English to Arabic","In this task, you will compare the quality of translations for scientific terms generated by two different methods. The input will include an English term, a context paragraph where the term is used, and its translations in Arabic.","Translation, AI Terminology, Multilingual, Ranking","$0.01","Fri Dec 06 03:36:17 PST 2024","5","BatchId:5277380;OriginalHitTemplateId:928390912;","3600","3600","Fri Dec 13 03:36:17 PST 2024","","","3LWJHTCVCU0JSNJIBU64XBMPR57FQK","A158IFJD0BERSB","Approved","Fri Dec 06 03:37:36 PST 2024","Fri Dec 06 03:39:30 PST 2024","Fri Dec 06 04:39:30 PST 2024","Fri Dec 06 04:39:35 PST 2024","","","114","100% (6/6)","100% (6/6)","100% (6/6)","systems","الأنظمة","نظم","OOV","خارج المفردات","OOV","PaLM","بالم","PaLM","morphological","المورفولوجي","مورفولوجي","NLI","استنتاج اللغة الطبيعية","NLI","false","false","false","false","false","true","false","true","false","false","false","true","false","false","true","false","false","false","true","false"
"3WPCIUYH2RMW0ZZKAQ08PWYXJTLTDA","3MRHU5294N3O7KAE1TUQJOAS6HI2AD","Ranking the Quality of AI Terminology Translation from English to Arabic","In this task, you will compare the quality of translations for scientific terms generated by two different methods. The input will include an English term, a context paragraph where the term is used, and its translations in Arabic.","Translation, AI Terminology, Multilingual, Ranking","$0.01","Fri Dec 06 03:36:17 PST 2024","5","BatchId:5277380;OriginalHitTemplateId:928390912;","3600","3600","Fri Dec 13 03:36:17 PST 2024","","","3TDXMTX3CT8ASW2OXTYRU3IQ7WO6I6","A21X87H2GCSME0","Approved","Fri Dec 06 03:38:01 PST 2024","Fri Dec 06 03:44:15 PST 2024","Fri Dec 06 04:44:15 PST 2024","Fri Dec 06 04:44:35 PST 2024","","","374","100% (9/9)","100% (9/9)","100% (9/9)","systems","الأنظمة","نظم","OOV","خارج المفردات","OOV","PaLM","بالم","PaLM","morphological","المورفولوجي","مورفولوجي","NLI","استنتاج اللغة الطبيعية","NLI","false","false","false","false","false","false","true","false","true","false","false","false","true","false","true","false","false","false","false","false"
"3WPCIUYH2RMW0ZZKAQ08PWYXJTLTDA","3MRHU5294N3O7KAE1TUQJOAS6HI2AD","Ranking the Quality of AI Terminology Translation from English to Arabic","In this task, you will compare the quality of translations for scientific terms generated by two different methods. The input will include an English term, a context paragraph where the term is used, and its translations in Arabic.","Translation, AI Terminology, Multilingual, Ranking","$0.01","Fri Dec 06 03:36:17 PST 2024","5","BatchId:5277380;OriginalHitTemplateId:928390912;","3600","3600","Fri Dec 13 03:36:17 PST 2024","","","3M0BCWMB8DAYZ33OI1JE6ADQ08VWBM","A251BWQW2F81FT","Approved","Fri Dec 06 04:06:26 PST 2024","Fri Dec 06 04:19:13 PST 2024","Fri Dec 06 05:19:13 PST 2024","Fri Dec 06 05:19:35 PST 2024","","","767","100% (31/31)","100% (31/31)","100% (31/31)","systems","الأنظمة","نظم","OOV","خارج المفردات","OOV","PaLM","بالم","PaLM","morphological","المورفولوجي","مورفولوجي","NLI","استنتاج اللغة الطبيعية","NLI","true","false","true","true","false","false","true","false","false","true","false","false","false","false","false","false","false","false","false","false"
"3T5ZXGO9EV2MBKCOL4VABJ6DN4WQZS","3MRHU5294N3O7KAE1TUQJOAS6HI2AD","Ranking the Quality of AI Terminology Translation from English to Arabic","In this task, you will compare the quality of translations for scientific terms generated by two different methods. The input will include an English term, a context paragraph where the term is used, and its translations in Arabic.","Translation, AI Terminology, Multilingual, Ranking","$0.01","Fri Dec 06 03:36:17 PST 2024","5","BatchId:5277380;OriginalHitTemplateId:928390912;","3600","3600","Fri Dec 13 03:36:17 PST 2024","","","3EQHHY4HQA60D1WF2MOJHLRAWOKG57","A38SYZRVLTMOFG","Approved","Fri Dec 06 03:37:07 PST 2024","Fri Dec 06 04:00:30 PST 2024","Fri Dec 06 05:00:30 PST 2024","Fri Dec 06 05:00:35 PST 2024","","","1403","100% (49/49)","100% (49/49)","100% (49/49)","BERTs","نماذج BERT","BERTs","CONLL","تنسيق كونل","CoNLL","VisualBERT","فيجوال بيرت","VisualBERT","corresponding","المطابق","تطابق","newswire","وكالة الأنباء","إخبارية","true","true","true","false","true","false","false","false","true","false","false","false","false","false","false","false","false","false","false","false"
"3T5ZXGO9EV2MBKCOL4VABJ6DN4WQZS","3MRHU5294N3O7KAE1TUQJOAS6HI2AD","Ranking the Quality of AI Terminology Translation from English to Arabic","In this task, you will compare the quality of translations for scientific terms generated by two different methods. The input will include an English term, a context paragraph where the term is used, and its translations in Arabic.","Translation, AI Terminology, Multilingual, Ranking","$0.01","Fri Dec 06 03:36:17 PST 2024","5","BatchId:5277380;OriginalHitTemplateId:928390912;","3600","3600","Fri Dec 13 03:36:17 PST 2024","","","3I2PTA7R3B8U89BWC5X1DOEUZ1OQKX","A1XD6THGBT1T9T","Approved","Fri Dec 06 04:37:53 PST 2024","Fri Dec 06 04:48:33 PST 2024","Fri Dec 06 05:48:33 PST 2024","Fri Dec 06 05:48:35 PST 2024","","","640","100% (43/43)","100% (43/43)","100% (42/42)","BERTs","نماذج BERT","BERTs","CONLL","تنسيق كونل","CoNLL","VisualBERT","فيجوال بيرت","VisualBERT","corresponding","المطابق","تطابق","newswire","وكالة الأنباء","إخبارية","true","false","true","true","false","false","false","false","false","true","false","true","false","false","false","false","false","false","false","false"
"3T5ZXGO9EV2MBKCOL4VABJ6DN4WQZS","3MRHU5294N3O7KAE1TUQJOAS6HI2AD","Ranking the Quality of AI Terminology Translation from English to Arabic","In this task, you will compare the quality of translations for scientific terms generated by two different methods. The input will include an English term, a context paragraph where the term is used, and its translations in Arabic.","Translation, AI Terminology, Multilingual, Ranking","$0.01","Fri Dec 06 03:36:17 PST 2024","5","BatchId:5277380;OriginalHitTemplateId:928390912;","3600","3600","Fri Dec 13 03:36:17 PST 2024","","","31Q0U3WYD7TIWQKV8WID8I10L6317G","AWGV35294HOYB","Approved","Fri Dec 06 04:37:39 PST 2024","Fri Dec 06 05:34:08 PST 2024","Fri Dec 06 06:34:08 PST 2024","Fri Dec 06 06:34:35 PST 2024","","","3389","100% (43/43)","100% (43/43)","100% (43/43)","BERTs","نماذج BERT","BERTs","CONLL","تنسيق كونل","CoNLL","VisualBERT","فيجوال بيرت","VisualBERT","corresponding","المطابق","تطابق","newswire","وكالة الأنباء","إخبارية","true","false","true","false","true","false","true","false","true","false","false","false","false","false","false","false","false","false","false","false"
"3T5ZXGO9EV2MBKCOL4VABJ6DN4WQZS","3MRHU5294N3O7KAE1TUQJOAS6HI2AD","Ranking the Quality of AI Terminology Translation from English to Arabic","In this task, you will compare the quality of translations for scientific terms generated by two different methods. The input will include an English term, a context paragraph where the term is used, and its translations in Arabic.","Translation, AI Terminology, Multilingual, Ranking","$0.01","Fri Dec 06 03:36:17 PST 2024","5","BatchId:5277380;OriginalHitTemplateId:928390912;","3600","3600","Fri Dec 13 03:36:17 PST 2024","","","352YTHGRODRWHENQ8NNRXTXXBT94HY","A2QX81MMC8KN80","Approved","Fri Dec 06 05:37:59 PST 2024","Fri Dec 06 06:04:47 PST 2024","Fri Dec 06 07:04:47 PST 2024","Fri Dec 06 07:05:35 PST 2024","","","1608","100% (22/22)","100% (22/22)","100% (22/22)","BERTs","نماذج BERT","BERTs","CONLL","تنسيق كونل","CoNLL","VisualBERT","فيجوال بيرت","VisualBERT","corresponding","المطابق","تطابق","newswire","وكالة الأنباء","إخبارية","false","false","false","false","false","true","false","false","true","false","false","true","true","false","true","false","false","false","false","false"
"3T5ZXGO9EV2MBKCOL4VABJ6DN4WQZS","3MRHU5294N3O7KAE1TUQJOAS6HI2AD","Ranking the Quality of AI Terminology Translation from English to Arabic","In this task, you will compare the quality of translations for scientific terms generated by two different methods. The input will include an English term, a context paragraph where the term is used, and its translations in Arabic.","Translation, AI Terminology, Multilingual, Ranking","$0.01","Fri Dec 06 03:36:17 PST 2024","5","BatchId:5277380;OriginalHitTemplateId:928390912;","3600","3600","Fri Dec 13 03:36:17 PST 2024","","","3TY7ZAOG5XY6KG6XV73MYINCM1FK0Q","A1L8EGJ85A7DZR","Approved","Fri Dec 06 07:39:43 PST 2024","Fri Dec 06 07:42:20 PST 2024","Fri Dec 06 08:42:20 PST 2024","Fri Dec 06 08:42:35 PST 2024","","","157","100% (27/27)","100% (27/27)","100% (27/27)","BERTs","نماذج BERT","BERTs","CONLL","تنسيق كونل","CoNLL","VisualBERT","فيجوال بيرت","VisualBERT","corresponding","المطابق","تطابق","newswire","وكالة الأنباء","إخبارية","true","false","false","false","false","false","true","false","true","false","false","false","true","false","true","false","false","false","false","false"
"32204AGABSQ97AIGCMKRHYY6LR6HGY","3MRHU5294N3O7KAE1TUQJOAS6HI2AD","Ranking the Quality of AI Terminology Translation from English to Arabic","In this task, you will compare the quality of translations for scientific terms generated by two different methods. The input will include an English term, a context paragraph where the term is used, and its translations in Arabic.","Translation, AI Terminology, Multilingual, Ranking","$0.01","Fri Dec 06 03:36:18 PST 2024","5","BatchId:5277380;OriginalHitTemplateId:928390912;","3600","3600","Fri Dec 13 03:36:18 PST 2024","","","36NEMU28XXRUIU7L9Q9NKQOKC70MW2","A38SYZRVLTMOFG","Approved","Fri Dec 06 03:37:04 PST 2024","Fri Dec 06 03:59:58 PST 2024","Fri Dec 06 04:59:58 PST 2024","Fri Dec 06 05:00:35 PST 2024","","","1374","100% (49/49)","100% (49/49)","100% (49/49)","knowledge","المعرفة","معرفة","syntactic","نحوي","النحوي","translation","ترجمة","الترجمة","features","الميزات","ميزات","KinyaBERT","كينيا بيرت","KinyaBERT","true","true","true","true","false","false","false","false","false","true","false","false","false","false","false","false","false","false","false","false"
"32204AGABSQ97AIGCMKRHYY6LR6HGY","3MRHU5294N3O7KAE1TUQJOAS6HI2AD","Ranking the Quality of AI Terminology Translation from English to Arabic","In this task, you will compare the quality of translations for scientific terms generated by two different methods. The input will include an English term, a context paragraph where the term is used, and its translations in Arabic.","Translation, AI Terminology, Multilingual, Ranking","$0.01","Fri Dec 06 03:36:18 PST 2024","5","BatchId:5277380;OriginalHitTemplateId:928390912;","3600","3600","Fri Dec 13 03:36:18 PST 2024","","","3TPZPLC3MIQ3CZ2ARMQDWX7IJJGP3U","A39PWDRYNY2WM0","Approved","Fri Dec 06 03:37:48 PST 2024","Fri Dec 06 04:09:35 PST 2024","Fri Dec 06 05:09:35 PST 2024","Fri Dec 06 05:10:35 PST 2024","","","1907","100% (55/55)","100% (55/55)","100% (55/55)","knowledge","المعرفة","معرفة","syntactic","نحوي","النحوي","translation","ترجمة","الترجمة","features","الميزات","ميزات","KinyaBERT","كينيا بيرت","KinyaBERT","true","true","true","true","true","false","false","false","false","false","false","false","false","false","false","false","false","false","false","false"
"32204AGABSQ97AIGCMKRHYY6LR6HGY","3MRHU5294N3O7KAE1TUQJOAS6HI2AD","Ranking the Quality of AI Terminology Translation from English to Arabic","In this task, you will compare the quality of translations for scientific terms generated by two different methods. The input will include an English term, a context paragraph where the term is used, and its translations in Arabic.","Translation, AI Terminology, Multilingual, Ranking","$0.01","Fri Dec 06 03:36:18 PST 2024","5","BatchId:5277380;OriginalHitTemplateId:928390912;","3600","3600","Fri Dec 13 03:36:18 PST 2024","","","3RUIQRXJBT2U1ID15016B2SFEV6LL6","A186ORPGIU3WNL","Approved","Fri Dec 06 03:37:31 PST 2024","Fri Dec 06 04:30:33 PST 2024","Fri Dec 06 05:30:33 PST 2024","Fri Dec 06 05:30:35 PST 2024","","","3182","100% (53/53)","100% (52/52)","100% (52/52)","knowledge","المعرفة","معرفة","syntactic","نحوي","النحوي","translation","ترجمة","الترجمة","features","الميزات","ميزات","KinyaBERT","كينيا بيرت","KinyaBERT","true","true","true","true","false","false","false","false","false","true","false","false","false","false","false","false","false","false","false","false"
"32204AGABSQ97AIGCMKRHYY6LR6HGY","3MRHU5294N3O7KAE1TUQJOAS6HI2AD","Ranking the Quality of AI Terminology Translation from English to Arabic","In this task, you will compare the quality of translations for scientific terms generated by two different methods. The input will include an English term, a context paragraph where the term is used, and its translations in Arabic.","Translation, AI Terminology, Multilingual, Ranking","$0.01","Fri Dec 06 03:36:18 PST 2024","5","BatchId:5277380;OriginalHitTemplateId:928390912;","3600","3600","Fri Dec 13 03:36:18 PST 2024","","","3M81GAB8AIXTF6726SK8ELV4C7FBQY","A2FXDEKCCUT9OJ","Approved","Fri Dec 06 04:37:16 PST 2024","Fri Dec 06 04:51:21 PST 2024","Fri Dec 06 05:51:21 PST 2024","Fri Dec 06 05:51:35 PST 2024","","","845","100% (36/36)","100% (36/36)","100% (36/36)","knowledge","المعرفة","معرفة","syntactic","نحوي","النحوي","translation","ترجمة","الترجمة","features","الميزات","ميزات","KinyaBERT","كينيا بيرت","KinyaBERT","true","true","true","true","false","false","false","false","false","true","false","false","false","false","false","false","false","false","false","false"
"32204AGABSQ97AIGCMKRHYY6LR6HGY","3MRHU5294N3O7KAE1TUQJOAS6HI2AD","Ranking the Quality of AI Terminology Translation from English to Arabic","In this task, you will compare the quality of translations for scientific terms generated by two different methods. The input will include an English term, a context paragraph where the term is used, and its translations in Arabic.","Translation, AI Terminology, Multilingual, Ranking","$0.01","Fri Dec 06 03:36:18 PST 2024","5","BatchId:5277380;OriginalHitTemplateId:928390912;","3600","3600","Fri Dec 13 03:36:18 PST 2024","","","3EF8EXOTTJ9BGLLX957AB869C0W1JE","A11JXYZDAUX0UP","Approved","Fri Dec 06 04:37:17 PST 2024","Fri Dec 06 05:30:45 PST 2024","Fri Dec 06 06:30:45 PST 2024","Fri Dec 06 06:31:35 PST 2024","","","3208","100% (1186/1186)","100% (1186/1186)","100% (1184/1184)","knowledge","المعرفة","معرفة","syntactic","نحوي","النحوي","translation","ترجمة","الترجمة","features","الميزات","ميزات","KinyaBERT","كينيا بيرت","KinyaBERT","true","true","true","true","true","false","false","false","false","false","false","false","false","false","false","false","false","false","false","false"
"33BFF6QPJIPQAO1HC6Z7Z7JKWAEW35","3MRHU5294N3O7KAE1TUQJOAS6HI2AD","Ranking the Quality of AI Terminology Translation from English to Arabic","In this task, you will compare the quality of translations for scientific terms generated by two different methods. The input will include an English term, a context paragraph where the term is used, and its translations in Arabic.","Translation, AI Terminology, Multilingual, Ranking","$0.01","Fri Dec 06 03:36:18 PST 2024","5","BatchId:5277380;OriginalHitTemplateId:928390912;","3600","3600","Fri Dec 13 03:36:18 PST 2024","","","32N49TQG3YWG14YRMDEMPXA6BH9AVW","A198MZX1B7ZOPY","Approved","Fri Dec 06 03:37:03 PST 2024","Fri Dec 06 03:39:01 PST 2024","Fri Dec 06 04:39:01 PST 2024","Fri Dec 06 04:39:35 PST 2024","","","118","100% (17/17)","100% (17/17)","100% (17/17)","search","بحث","البحث","sequences","تسلسلات","تسلسل","entities","الكيانات","كيانات","grounding","التأسيس","تأسيس","AmbigQA","أمبج كيو إيه","AmbigQA","true","false","true","false","true","false","true","false","true","false","false","false","false","false","false","false","false","false","false","false"
"33BFF6QPJIPQAO1HC6Z7Z7JKWAEW35","3MRHU5294N3O7KAE1TUQJOAS6HI2AD","Ranking the Quality of AI Terminology Translation from English to Arabic","In this task, you will compare the quality of translations for scientific terms generated by two different methods. The input will include an English term, a context paragraph where the term is used, and its translations in Arabic.","Translation, AI Terminology, Multilingual, Ranking","$0.01","Fri Dec 06 03:36:18 PST 2024","5","BatchId:5277380;OriginalHitTemplateId:928390912;","3600","3600","Fri Dec 13 03:36:18 PST 2024","","","3H7XDTSHKU5UQKBZYNBS7L4NGLOGWO","A2MZEUP2ECO1AI","Approved","Fri Dec 06 03:37:17 PST 2024","Fri Dec 06 04:04:36 PST 2024","Fri Dec 06 05:04:36 PST 2024","Fri Dec 06 05:05:35 PST 2024","","","1639","100% (34/34)","100% (34/34)","100% (34/34)","search","بحث","البحث","sequences","تسلسلات","تسلسل","entities","الكيانات","كيانات","grounding","التأسيس","تأسيس","AmbigQA","أمبج كيو إيه","AmbigQA","true","false","true","false","false","false","true","false","true","false","false","false","false","false","true","false","false","false","false","false"
"33BFF6QPJIPQAO1HC6Z7Z7JKWAEW35","3MRHU5294N3O7KAE1TUQJOAS6HI2AD","Ranking the Quality of AI Terminology Translation from English to Arabic","In this task, you will compare the quality of translations for scientific terms generated by two different methods. The input will include an English term, a context paragraph where the term is used, and its translations in Arabic.","Translation, AI Terminology, Multilingual, Ranking","$0.01","Fri Dec 06 03:36:18 PST 2024","5","BatchId:5277380;OriginalHitTemplateId:928390912;","3600","3600","Fri Dec 13 03:36:18 PST 2024","","","3L4D84MILH6MKW6BBUAV3VMGTPRJHU","A1XD6THGBT1T9T","Approved","Fri Dec 06 04:37:20 PST 2024","Fri Dec 06 04:47:50 PST 2024","Fri Dec 06 05:47:50 PST 2024","Fri Dec 06 05:48:35 PST 2024","","","630","100% (43/43)","100% (43/43)","100% (42/42)","search","بحث","البحث","sequences","تسلسلات","تسلسل","entities","الكيانات","كيانات","grounding","التأسيس","تأسيس","AmbigQA","أمبج كيو إيه","AmbigQA","false","true","true","true","true","false","false","false","false","false","true","false","false","false","false","false","false","false","false","false"
"33BFF6QPJIPQAO1HC6Z7Z7JKWAEW35","3MRHU5294N3O7KAE1TUQJOAS6HI2AD","Ranking the Quality of AI Terminology Translation from English to Arabic","In this task, you will compare the quality of translations for scientific terms generated by two different methods. The input will include an English term, a context paragraph where the term is used, and its translations in Arabic.","Translation, AI Terminology, Multilingual, Ranking","$0.01","Fri Dec 06 03:36:18 PST 2024","5","BatchId:5277380;OriginalHitTemplateId:928390912;","3600","3600","Fri Dec 13 03:36:18 PST 2024","","","33JKGHPFYU84V0Y7HPI0O7BTJVWMNB","ASVJ75M0TNT6Z","Approved","Fri Dec 06 05:37:38 PST 2024","Fri Dec 06 05:40:17 PST 2024","Fri Dec 06 06:40:17 PST 2024","Fri Dec 06 06:40:35 PST 2024","","","159","100% (25/25)","100% (25/25)","100% (25/25)","search","بحث","البحث","sequences","تسلسلات","تسلسل","entities","الكيانات","كيانات","grounding","التأسيس","تأسيس","AmbigQA","أمبج كيو إيه","AmbigQA","false","false","false","false","false","false","false","false","false","false","true","false","true","true","false","false","true","false","false","true"
"33BFF6QPJIPQAO1HC6Z7Z7JKWAEW35","3MRHU5294N3O7KAE1TUQJOAS6HI2AD","Ranking the Quality of AI Terminology Translation from English to Arabic","In this task, you will compare the quality of translations for scientific terms generated by two different methods. The input will include an English term, a context paragraph where the term is used, and its translations in Arabic.","Translation, AI Terminology, Multilingual, Ranking","$0.01","Fri Dec 06 03:36:18 PST 2024","5","BatchId:5277380;OriginalHitTemplateId:928390912;","3600","3600","Fri Dec 13 03:36:18 PST 2024","","","3RRCEFRB74QMQ1K48VDVBIUZGG44BI","A9M8N3BOH6013","Approved","Fri Dec 06 05:38:11 PST 2024","Fri Dec 06 05:57:55 PST 2024","Fri Dec 06 06:57:55 PST 2024","Fri Dec 06 06:58:35 PST 2024","","","1184","100% (44/44)","100% (44/44)","100% (44/44)","search","بحث","البحث","sequences","تسلسلات","تسلسل","entities","الكيانات","كيانات","grounding","التأسيس","تأسيس","AmbigQA","أمبج كيو إيه","AmbigQA","true","false","true","false","true","false","true","false","false","false","false","false","false","true","false","false","false","false","false","false"
"389A2A3055WLFYWFCSHNLFEA1ICC0H","3MRHU5294N3O7KAE1TUQJOAS6HI2AD","Ranking the Quality of AI Terminology Translation from English to Arabic","In this task, you will compare the quality of translations for scientific terms generated by two different methods. The input will include an English term, a context paragraph where the term is used, and its translations in Arabic.","Translation, AI Terminology, Multilingual, Ranking","$0.01","Fri Dec 06 03:36:18 PST 2024","5","BatchId:5277380;OriginalHitTemplateId:928390912;","3600","3600","Fri Dec 13 03:36:18 PST 2024","","","3TS1AR6UQ8S9M5E3FVXYXK5UMFF7FE","A1XD6THGBT1T9T","Approved","Fri Dec 06 03:36:56 PST 2024","Fri Dec 06 03:47:16 PST 2024","Fri Dec 06 04:47:16 PST 2024","Fri Dec 06 04:47:35 PST 2024","","","620","100% (43/43)","100% (43/43)","100% (42/42)","English","الإنجليزية","إنجليزي","algorithms","الخوارزميات","خوارزميات","languages","اللغات","لغات","pretrained","مدرّب مسبقاً","مدرب مسبقًا","graph","الرسم البياني","رسم بياني","true","true","true","false","true","false","false","false","false","false","false","false","false","true","false","false","false","false","false","false"
"389A2A3055WLFYWFCSHNLFEA1ICC0H","3MRHU5294N3O7KAE1TUQJOAS6HI2AD","Ranking the Quality of AI Terminology Translation from English to Arabic","In this task, you will compare the quality of translations for scientific terms generated by two different methods. The input will include an English term, a context paragraph where the term is used, and its translations in Arabic.","Translation, AI Terminology, Multilingual, Ranking","$0.01","Fri Dec 06 03:36:18 PST 2024","5","BatchId:5277380;OriginalHitTemplateId:928390912;","3600","3600","Fri Dec 13 03:36:18 PST 2024","","","3FDJT1UU7MM5FNSYSD9YFDJ3351K5E","A2MZEUP2ECO1AI","Approved","Fri Dec 06 03:37:04 PST 2024","Fri Dec 06 04:03:50 PST 2024","Fri Dec 06 05:03:50 PST 2024","Fri Dec 06 05:04:35 PST 2024","","","1606","100% (34/34)","100% (34/34)","100% (34/34)","English","الإنجليزية","إنجليزي","algorithms","الخوارزميات","خوارزميات","languages","اللغات","لغات","pretrained","مدرّب مسبقاً","مدرب مسبقًا","graph","الرسم البياني","رسم بياني","true","true","true","false","true","false","false","false","true","false","false","false","false","false","false","false","false","false","false","false"
"389A2A3055WLFYWFCSHNLFEA1ICC0H","3MRHU5294N3O7KAE1TUQJOAS6HI2AD","Ranking the Quality of AI Terminology Translation from English to Arabic","In this task, you will compare the quality of translations for scientific terms generated by two different methods. The input will include an English term, a context paragraph where the term is used, and its translations in Arabic.","Translation, AI Terminology, Multilingual, Ranking","$0.01","Fri Dec 06 03:36:18 PST 2024","5","BatchId:5277380;OriginalHitTemplateId:928390912;","3600","3600","Fri Dec 13 03:36:18 PST 2024","","","3GD6L00D3AB1HTRIC2K2R0YQGVY1MR","A2D6SB3TU1NYQ7","Approved","Fri Dec 06 04:37:50 PST 2024","Fri Dec 06 05:01:24 PST 2024","Fri Dec 06 06:01:24 PST 2024","Fri Dec 06 06:01:35 PST 2024","","","1414","100% (45/45)","100% (45/45)","100% (45/45)","English","الإنجليزية","إنجليزي","algorithms","الخوارزميات","خوارزميات","languages","اللغات","لغات","pretrained","مدرّب مسبقاً","مدرب مسبقًا","graph","الرسم البياني","رسم بياني","true","true","true","false","true","false","false","false","true","false","false","false","false","false","false","false","false","false","false","false"
"389A2A3055WLFYWFCSHNLFEA1ICC0H","3MRHU5294N3O7KAE1TUQJOAS6HI2AD","Ranking the Quality of AI Terminology Translation from English to Arabic","In this task, you will compare the quality of translations for scientific terms generated by two different methods. The input will include an English term, a context paragraph where the term is used, and its translations in Arabic.","Translation, AI Terminology, Multilingual, Ranking","$0.01","Fri Dec 06 03:36:18 PST 2024","5","BatchId:5277380;OriginalHitTemplateId:928390912;","3600","3600","Fri Dec 13 03:36:18 PST 2024","","","3X4MXAO0BY2LFAKDEY546PIUIWFWRK","A198MZX1B7ZOPY","Approved","Fri Dec 06 05:39:04 PST 2024","Fri Dec 06 05:40:07 PST 2024","Fri Dec 06 06:40:07 PST 2024","Fri Dec 06 06:40:35 PST 2024","","","63","100% (17/17)","100% (17/17)","100% (17/17)","English","الإنجليزية","إنجليزي","algorithms","الخوارزميات","خوارزميات","languages","اللغات","لغات","pretrained","مدرّب مسبقاً","مدرب مسبقًا","graph","الرسم البياني","رسم بياني","true","false","false","false","true","false","true","false","true","false","false","false","true","false","false","false","false","false","false","false"
"389A2A3055WLFYWFCSHNLFEA1ICC0H","3MRHU5294N3O7KAE1TUQJOAS6HI2AD","Ranking the Quality of AI Terminology Translation from English to Arabic","In this task, you will compare the quality of translations for scientific terms generated by two different methods. The input will include an English term, a context paragraph where the term is used, and its translations in Arabic.","Translation, AI Terminology, Multilingual, Ranking","$0.01","Fri Dec 06 03:36:18 PST 2024","5","BatchId:5277380;OriginalHitTemplateId:928390912;","3600","3600","Fri Dec 13 03:36:18 PST 2024","","","3DUZQ9U6S42K10KL3D0DAX4CXNGVSD","A3OAFR48DADAOM","Approved","Fri Dec 06 05:38:11 PST 2024","Fri Dec 06 06:04:11 PST 2024","Fri Dec 06 07:04:11 PST 2024","Fri Dec 06 07:04:35 PST 2024","","","1560","100% (41/41)","100% (41/41)","100% (41/41)","English","الإنجليزية","إنجليزي","algorithms","الخوارزميات","خوارزميات","languages","اللغات","لغات","pretrained","مدرّب مسبقاً","مدرب مسبقًا","graph","الرسم البياني","رسم بياني","true","true","true","false","true","false","false","false","true","false","false","false","false","false","false","false","false","false","false","false"
"37VUR2VJ7R3LMNHX8BLNZKXK6AIC1K","3MRHU5294N3O7KAE1TUQJOAS6HI2AD","Ranking the Quality of AI Terminology Translation from English to Arabic","In this task, you will compare the quality of translations for scientific terms generated by two different methods. The input will include an English term, a context paragraph where the term is used, and its translations in Arabic.","Translation, AI Terminology, Multilingual, Ranking","$0.01","Fri Dec 06 03:36:18 PST 2024","5","BatchId:5277380;OriginalHitTemplateId:928390912;","3600","3600","Fri Dec 13 03:36:18 PST 2024","","","3ZSANO2JCXLV53YV3YV9SB1Q9TSSFM","A39PWDRYNY2WM0","Approved","Fri Dec 06 03:37:15 PST 2024","Fri Dec 06 04:08:27 PST 2024","Fri Dec 06 05:08:27 PST 2024","Fri Dec 06 05:08:35 PST 2024","","","1872","100% (55/55)","100% (55/55)","100% (55/55)","ViLBERT","فيلبرت","ViLBERT","subword","وحدة صرفية","الكلمات الفرعية","CodeBERT","كودبيرت","CodeBERT","computational","الحوسبة","الحسابية","regression","انحدار","تراجع","true","false","true","false","true","false","true","false","true","false","false","false","false","false","false","false","false","false","false","false"
"37VUR2VJ7R3LMNHX8BLNZKXK6AIC1K","3MRHU5294N3O7KAE1TUQJOAS6HI2AD","Ranking the Quality of AI Terminology Translation from English to Arabic","In this task, you will compare the quality of translations for scientific terms generated by two different methods. The input will include an English term, a context paragraph where the term is used, and its translations in Arabic.","Translation, AI Terminology, Multilingual, Ranking","$0.01","Fri Dec 06 03:36:18 PST 2024","5","BatchId:5277380;OriginalHitTemplateId:928390912;","3600","3600","Fri Dec 13 03:36:18 PST 2024","","","3VA45EW4951PHWCUPIZFJ4NVBU61OX","A9M8N3BOH6013","Approved","Fri Dec 06 04:36:59 PST 2024","Fri Dec 06 04:53:47 PST 2024","Fri Dec 06 05:53:47 PST 2024","Fri Dec 06 05:54:35 PST 2024","","","1008","100% (44/44)","100% (44/44)","100% (44/44)","ViLBERT","فيلبرت","ViLBERT","subword","وحدة صرفية","الكلمات الفرعية","CodeBERT","كودبيرت","CodeBERT","computational","الحوسبة","الحسابية","regression","انحدار","تراجع","true","false","true","false","true","false","true","false","true","false","false","false","false","false","false","false","false","false","false","false"
"37VUR2VJ7R3LMNHX8BLNZKXK6AIC1K","3MRHU5294N3O7KAE1TUQJOAS6HI2AD","Ranking the Quality of AI Terminology Translation from English to Arabic","In this task, you will compare the quality of translations for scientific terms generated by two different methods. The input will include an English term, a context paragraph where the term is used, and its translations in Arabic.","Translation, AI Terminology, Multilingual, Ranking","$0.01","Fri Dec 06 03:36:18 PST 2024","5","BatchId:5277380;OriginalHitTemplateId:928390912;","3600","3600","Fri Dec 13 03:36:18 PST 2024","","","3II4UPYCO1LMU35MKOBE9BJ4FTYQDT","A2FXDEKCCUT9OJ","Approved","Fri Dec 06 04:39:13 PST 2024","Fri Dec 06 04:56:18 PST 2024","Fri Dec 06 05:56:18 PST 2024","Fri Dec 06 05:56:35 PST 2024","","","1025","100% (36/36)","100% (36/36)","100% (36/36)","ViLBERT","فيلبرت","ViLBERT","subword","وحدة صرفية","الكلمات الفرعية","CodeBERT","كودبيرت","CodeBERT","computational","الحوسبة","الحسابية","regression","انحدار","تراجع","true","false","true","false","true","false","true","false","true","false","false","false","false","false","false","false","false","false","false","false"
"37VUR2VJ7R3LMNHX8BLNZKXK6AIC1K","3MRHU5294N3O7KAE1TUQJOAS6HI2AD","Ranking the Quality of AI Terminology Translation from English to Arabic","In this task, you will compare the quality of translations for scientific terms generated by two different methods. The input will include an English term, a context paragraph where the term is used, and its translations in Arabic.","Translation, AI Terminology, Multilingual, Ranking","$0.01","Fri Dec 06 03:36:18 PST 2024","5","BatchId:5277380;OriginalHitTemplateId:928390912;","3600","3600","Fri Dec 13 03:36:18 PST 2024","","","3HFNH7HEMZSP6NFDMECMFWM1SK7QGU","A186ORPGIU3WNL","Approved","Fri Dec 06 04:37:55 PST 2024","Fri Dec 06 05:10:30 PST 2024","Fri Dec 06 06:10:30 PST 2024","Fri Dec 06 06:10:35 PST 2024","","","1955","100% (53/53)","100% (52/52)","100% (52/52)","ViLBERT","فيلبرت","ViLBERT","subword","وحدة صرفية","الكلمات الفرعية","CodeBERT","كودبيرت","CodeBERT","computational","الحوسبة","الحسابية","regression","انحدار","تراجع","true","true","true","false","true","false","false","false","false","false","false","false","false","true","false","false","false","false","false","false"
"37VUR2VJ7R3LMNHX8BLNZKXK6AIC1K","3MRHU5294N3O7KAE1TUQJOAS6HI2AD","Ranking the Quality of AI Terminology Translation from English to Arabic","In this task, you will compare the quality of translations for scientific terms generated by two different methods. The input will include an English term, a context paragraph where the term is used, and its translations in Arabic.","Translation, AI Terminology, Multilingual, Ranking","$0.01","Fri Dec 06 03:36:18 PST 2024","5","BatchId:5277380;OriginalHitTemplateId:928390912;","3600","3600","Fri Dec 13 03:36:18 PST 2024","","","3K5TEWLKGDPV7MHPY16Z6VYPOT3IV5","A3MDTRJTDIDNX","Approved","Fri Dec 06 06:38:40 PST 2024","Fri Dec 06 06:46:10 PST 2024","Fri Dec 06 07:46:10 PST 2024","Fri Dec 06 07:46:35 PST 2024","","","450","100% (53/53)","100% (53/53)","100% (53/53)","ViLBERT","فيلبرت","ViLBERT","subword","وحدة صرفية","الكلمات الفرعية","CodeBERT","كودبيرت","CodeBERT","computational","الحوسبة","الحسابية","regression","انحدار","تراجع","false","false","false","false","false","true","true","true","false","true","false","false","false","true","false","false","false","false","false","false"
"3S37Y8CWJPEBSKKLCK4Q9CBQAAAW4Q","3MRHU5294N3O7KAE1TUQJOAS6HI2AD","Ranking the Quality of AI Terminology Translation from English to Arabic","In this task, you will compare the quality of translations for scientific terms generated by two different methods. The input will include an English term, a context paragraph where the term is used, and its translations in Arabic.","Translation, AI Terminology, Multilingual, Ranking","$0.01","Fri Dec 06 03:36:18 PST 2024","5","BatchId:5277380;OriginalHitTemplateId:928390912;","3600","3600","Fri Dec 13 03:36:18 PST 2024","","","39LOEL67OAJI673T55O2ABCSU9G83T","A198MZX1B7ZOPY","Approved","Fri Dec 06 03:37:04 PST 2024","Fri Dec 06 03:39:15 PST 2024","Fri Dec 06 04:39:15 PST 2024","Fri Dec 06 04:39:35 PST 2024","","","131","100% (17/17)","100% (17/17)","100% (17/17)","motivated","مدفوع","بدافع منهم","BART","بارت","BART","IDF","التردد العكسي في المستندات","IDF","VFL","دوري فيكتوريا لكرة القدم","VFL","dependencies","التبعيات","تبعيات","true","false","true","false","true","false","true","false","true","false","false","false","false","false","false","false","false","false","false","false"
"3S37Y8CWJPEBSKKLCK4Q9CBQAAAW4Q","3MRHU5294N3O7KAE1TUQJOAS6HI2AD","Ranking the Quality of AI Terminology Translation from English to Arabic","In this task, you will compare the quality of translations for scientific terms generated by two different methods. The input will include an English term, a context paragraph where the term is used, and its translations in Arabic.","Translation, AI Terminology, Multilingual, Ranking","$0.01","Fri Dec 06 03:36:18 PST 2024","5","BatchId:5277380;OriginalHitTemplateId:928390912;","3600","3600","Fri Dec 13 03:36:18 PST 2024","","","3I33IC7ZWXG74D0PY3UBNSDVEJGA2O","A3MDTRJTDIDNX","Approved","Fri Dec 06 03:36:54 PST 2024","Fri Dec 06 03:50:02 PST 2024","Fri Dec 06 04:50:02 PST 2024","Fri Dec 06 04:50:35 PST 2024","","","788","100% (53/53)","100% (53/53)","100% (53/53)","motivated","مدفوع","بدافع منهم","BART","بارت","BART","IDF","التردد العكسي في المستندات","IDF","VFL","دوري فيكتوريا لكرة القدم","VFL","dependencies","التبعيات","تبعيات","true","true","false","false","true","false","false","true","false","false","false","false","false","true","false","false","false","false","false","false"
"3S37Y8CWJPEBSKKLCK4Q9CBQAAAW4Q","3MRHU5294N3O7KAE1TUQJOAS6HI2AD","Ranking the Quality of AI Terminology Translation from English to Arabic","In this task, you will compare the quality of translations for scientific terms generated by two different methods. The input will include an English term, a context paragraph where the term is used, and its translations in Arabic.","Translation, AI Terminology, Multilingual, Ranking","$0.01","Fri Dec 06 03:36:18 PST 2024","5","BatchId:5277380;OriginalHitTemplateId:928390912;","3600","3600","Fri Dec 13 03:36:18 PST 2024","","","3JPSL1DZ5AD3TZPIKMSVFGGTPE7NAS","A251BWQW2F81FT","Approved","Fri Dec 06 03:37:13 PST 2024","Fri Dec 06 04:13:52 PST 2024","Fri Dec 06 05:13:52 PST 2024","Fri Dec 06 05:14:35 PST 2024","","","2199","100% (31/31)","100% (31/31)","100% (31/31)","motivated","مدفوع","بدافع منهم","BART","بارت","BART","IDF","التردد العكسي في المستندات","IDF","VFL","دوري فيكتوريا لكرة القدم","VFL","dependencies","التبعيات","تبعيات","false","true","false","false","true","true","false","false","false","false","false","false","true","false","false","false","false","false","true","false"
"3S37Y8CWJPEBSKKLCK4Q9CBQAAAW4Q","3MRHU5294N3O7KAE1TUQJOAS6HI2AD","Ranking the Quality of AI Terminology Translation from English to Arabic","In this task, you will compare the quality of translations for scientific terms generated by two different methods. The input will include an English term, a context paragraph where the term is used, and its translations in Arabic.","Translation, AI Terminology, Multilingual, Ranking","$0.01","Fri Dec 06 03:36:18 PST 2024","5","BatchId:5277380;OriginalHitTemplateId:928390912;","3600","3600","Fri Dec 13 03:36:18 PST 2024","","","3Z7EFSHGNRSWY80K66BVJDXFRV2CX3","AWGV35294HOYB","Approved","Fri Dec 06 03:37:01 PST 2024","Fri Dec 06 04:31:20 PST 2024","Fri Dec 06 05:31:20 PST 2024","Fri Dec 06 05:31:35 PST 2024","","","3259","100% (43/43)","100% (43/43)","100% (43/43)","motivated","مدفوع","بدافع منهم","BART","بارت","BART","IDF","التردد العكسي في المستندات","IDF","VFL","دوري فيكتوريا لكرة القدم","VFL","dependencies","التبعيات","تبعيات","false","true","false","false","true","true","false","true","false","false","false","false","false","true","false","false","false","false","false","false"
"3S37Y8CWJPEBSKKLCK4Q9CBQAAAW4Q","3MRHU5294N3O7KAE1TUQJOAS6HI2AD","Ranking the Quality of AI Terminology Translation from English to Arabic","In this task, you will compare the quality of translations for scientific terms generated by two different methods. The input will include an English term, a context paragraph where the term is used, and its translations in Arabic.","Translation, AI Terminology, Multilingual, Ranking","$0.01","Fri Dec 06 03:36:18 PST 2024","5","BatchId:5277380;OriginalHitTemplateId:928390912;","3600","3600","Fri Dec 13 03:36:18 PST 2024","","","37M28K1J08R7A9YX5O03M9ZCGWHJA3","ASVJ75M0TNT6Z","Approved","Fri Dec 06 05:37:37 PST 2024","Fri Dec 06 05:39:24 PST 2024","Fri Dec 06 06:39:24 PST 2024","Fri Dec 06 06:39:35 PST 2024","","","107","100% (25/25)","100% (25/25)","100% (25/25)","motivated","مدفوع","بدافع منهم","BART","بارت","BART","IDF","التردد العكسي في المستندات","IDF","VFL","دوري فيكتوريا لكرة القدم","VFL","dependencies","التبعيات","تبعيات","false","false","false","false","false","false","false","false","false","false","true","false","true","false","true","false","true","false","true","false"
"3RIHDBQ1OVC9ZKE2NPIMU3I3HDIMHB","3MRHU5294N3O7KAE1TUQJOAS6HI2AD","Ranking the Quality of AI Terminology Translation from English to Arabic","In this task, you will compare the quality of translations for scientific terms generated by two different methods. The input will include an English term, a context paragraph where the term is used, and its translations in Arabic.","Translation, AI Terminology, Multilingual, Ranking","$0.01","Fri Dec 06 03:36:18 PST 2024","5","BatchId:5277380;OriginalHitTemplateId:928390912;","3600","3600","Fri Dec 13 03:36:18 PST 2024","","","36WLNQG78HO4I3HXX1P8K46QT4SEBQ","A1G4DX33KADZA3","Approved","Fri Dec 06 03:37:50 PST 2024","Fri Dec 06 03:42:29 PST 2024","Fri Dec 06 04:42:29 PST 2024","Fri Dec 06 04:42:35 PST 2024","","","279","100% (21/21)","100% (21/21)","100% (21/21)","classifiers","المصنّفات","مصنفات","grammar","القواعد","قواعد","documents","الوثائق","مستندات","domains","المجالات","مجالات","annotations","التعليقات التوضيحية","تعليقات توضيحية","false","false","false","false","false","false","false","false","false","false","true","false","true","false","true","false","true","false","true","false"
"3RIHDBQ1OVC9ZKE2NPIMU3I3HDIMHB","3MRHU5294N3O7KAE1TUQJOAS6HI2AD","Ranking the Quality of AI Terminology Translation from English to Arabic","In this task, you will compare the quality of translations for scientific terms generated by two different methods. The input will include an English term, a context paragraph where the term is used, and its translations in Arabic.","Translation, AI Terminology, Multilingual, Ranking","$0.01","Fri Dec 06 03:36:18 PST 2024","5","BatchId:5277380;OriginalHitTemplateId:928390912;","3600","3600","Fri Dec 13 03:36:18 PST 2024","","","3L0KT67Y8WU15UFQ8ONXHW86F4IYSP","ASVJ75M0TNT6Z","Approved","Fri Dec 06 03:37:33 PST 2024","Fri Dec 06 03:44:02 PST 2024","Fri Dec 06 04:44:02 PST 2024","Fri Dec 06 04:44:35 PST 2024","","","389","100% (25/25)","100% (25/25)","100% (25/25)","classifiers","المصنّفات","مصنفات","grammar","القواعد","قواعد","documents","الوثائق","مستندات","domains","المجالات","مجالات","annotations","التعليقات التوضيحية","تعليقات توضيحية","false","false","true","false","false","true","false","false","false","true","false","true","false","false","false","false","false","false","true","false"
"3RIHDBQ1OVC9ZKE2NPIMU3I3HDIMHB","3MRHU5294N3O7KAE1TUQJOAS6HI2AD","Ranking the Quality of AI Terminology Translation from English to Arabic","In this task, you will compare the quality of translations for scientific terms generated by two different methods. The input will include an English term, a context paragraph where the term is used, and its translations in Arabic.","Translation, AI Terminology, Multilingual, Ranking","$0.01","Fri Dec 06 03:36:18 PST 2024","5","BatchId:5277380;OriginalHitTemplateId:928390912;","3600","3600","Fri Dec 13 03:36:18 PST 2024","","","333U7HK6IRT58G19PYR5CA7I1Y6DJP","A3MDTRJTDIDNX","Approved","Fri Dec 06 04:37:35 PST 2024","Fri Dec 06 05:19:23 PST 2024","Fri Dec 06 06:19:23 PST 2024","Fri Dec 06 06:19:35 PST 2024","","","2508","100% (53/53)","100% (53/53)","100% (53/53)","classifiers","المصنّفات","مصنفات","grammar","القواعد","قواعد","documents","الوثائق","مستندات","domains","المجالات","مجالات","annotations","التعليقات التوضيحية","تعليقات توضيحية","true","true","true","true","true","false","false","false","false","false","false","false","false","false","false","false","false","false","false","false"
"3RIHDBQ1OVC9ZKE2NPIMU3I3HDIMHB","3MRHU5294N3O7KAE1TUQJOAS6HI2AD","Ranking the Quality of AI Terminology Translation from English to Arabic","In this task, you will compare the quality of translations for scientific terms generated by two different methods. The input will include an English term, a context paragraph where the term is used, and its translations in Arabic.","Translation, AI Terminology, Multilingual, Ranking","$0.01","Fri Dec 06 03:36:18 PST 2024","5","BatchId:5277380;OriginalHitTemplateId:928390912;","3600","3600","Fri Dec 13 03:36:18 PST 2024","","","31QNSG6A59707Q4G7HRSNSO8ZCA878","AWULBUF1OMXQ5","Approved","Fri Dec 06 05:38:53 PST 2024","Fri Dec 06 05:43:55 PST 2024","Fri Dec 06 06:43:55 PST 2024","Fri Dec 06 06:44:35 PST 2024","","","302","100% (4/4)","100% (4/4)","100% (4/4)","classifiers","المصنّفات","مصنفات","grammar","القواعد","قواعد","documents","الوثائق","مستندات","domains","المجالات","مجالات","annotations","التعليقات التوضيحية","تعليقات توضيحية","false","false","false","false","false","false","false","false","false","false","true","false","false","true","false","false","true","false","false","true"
"3RIHDBQ1OVC9ZKE2NPIMU3I3HDIMHB","3MRHU5294N3O7KAE1TUQJOAS6HI2AD","Ranking the Quality of AI Terminology Translation from English to Arabic","In this task, you will compare the quality of translations for scientific terms generated by two different methods. The input will include an English term, a context paragraph where the term is used, and its translations in Arabic.","Translation, AI Terminology, Multilingual, Ranking","$0.01","Fri Dec 06 03:36:18 PST 2024","5","BatchId:5277380;OriginalHitTemplateId:928390912;","3600","3600","Fri Dec 13 03:36:18 PST 2024","","","3IX2EGZR7TXZ9QKE7ZMPHZOMGYQRJ0","A2DAZGA8XO0RQ6","Approved","Fri Dec 06 05:38:32 PST 2024","Fri Dec 06 05:57:50 PST 2024","Fri Dec 06 06:57:50 PST 2024","Fri Dec 06 06:58:35 PST 2024","","","1158","100% (12/12)","100% (12/12)","100% (12/12)","classifiers","المصنّفات","مصنفات","grammar","القواعد","قواعد","documents","الوثائق","مستندات","domains","المجالات","مجالات","annotations","التعليقات التوضيحية","تعليقات توضيحية","false","false","false","false","false","true","false","false","true","false","false","true","false","false","true","false","false","true","false","false"
"3H781YYV7AW1S5DK6LBSVEGIJ5MTE3","3MRHU5294N3O7KAE1TUQJOAS6HI2AD","Ranking the Quality of AI Terminology Translation from English to Arabic","In this task, you will compare the quality of translations for scientific terms generated by two different methods. The input will include an English term, a context paragraph where the term is used, and its translations in Arabic.","Translation, AI Terminology, Multilingual, Ranking","$0.01","Fri Dec 06 03:36:18 PST 2024","5","BatchId:5277380;OriginalHitTemplateId:928390912;","3600","3600","Fri Dec 13 03:36:18 PST 2024","","","3ZV9H2YQQVLTW8ZB3848ORFECGJW3W","A21X87H2GCSME0","Approved","Fri Dec 06 03:37:29 PST 2024","Fri Dec 06 03:43:14 PST 2024","Fri Dec 06 04:43:14 PST 2024","Fri Dec 06 04:43:35 PST 2024","","","345","100% (9/9)","100% (9/9)","100% (9/9)","Semantic","دلالي","الدلاليّة","data","البيانات","بيانات","attention","الانتباه","انتباه","unseen","غير مرئي","غير المرئيي","queries","استعلامات","استفسارات","false","false","false","false","false","false","false","false","false","false","true","false","false","true","false","false","true","false","false","true"
"3H781YYV7AW1S5DK6LBSVEGIJ5MTE3","3MRHU5294N3O7KAE1TUQJOAS6HI2AD","Ranking the Quality of AI Terminology Translation from English to Arabic","In this task, you will compare the quality of translations for scientific terms generated by two different methods. The input will include an English term, a context paragraph where the term is used, and its translations in Arabic.","Translation, AI Terminology, Multilingual, Ranking","$0.01","Fri Dec 06 03:36:18 PST 2024","5","BatchId:5277380;OriginalHitTemplateId:928390912;","3600","3600","Fri Dec 13 03:36:18 PST 2024","","","3DQQ64TANYZ03X4Y161F1UIFHCBPW1","A3EKM55NFX1H6B","Approved","Fri Dec 06 03:37:10 PST 2024","Fri Dec 06 03:57:46 PST 2024","Fri Dec 06 04:57:46 PST 2024","Fri Dec 06 04:58:35 PST 2024","","","1236","100% (29/29)","100% (29/29)","100% (29/29)","Semantic","دلالي","الدلاليّة","data","البيانات","بيانات","attention","الانتباه","انتباه","unseen","غير مرئي","غير المرئيي","queries","استعلامات","استفسارات","false","true","true","false","true","true","false","false","true","false","false","false","false","false","false","false","false","false","false","false"
"3H781YYV7AW1S5DK6LBSVEGIJ5MTE3","3MRHU5294N3O7KAE1TUQJOAS6HI2AD","Ranking the Quality of AI Terminology Translation from English to Arabic","In this task, you will compare the quality of translations for scientific terms generated by two different methods. The input will include an English term, a context paragraph where the term is used, and its translations in Arabic.","Translation, AI Terminology, Multilingual, Ranking","$0.01","Fri Dec 06 03:36:18 PST 2024","5","BatchId:5277380;OriginalHitTemplateId:928390912;","3600","3600","Fri Dec 13 03:36:18 PST 2024","","","35GCEFQ6IN2XQ34GEVOFNV9WTINZ3P","AG9MLSV2QCVD4","Approved","Fri Dec 06 03:37:36 PST 2024","Fri Dec 06 04:19:12 PST 2024","Fri Dec 06 05:19:12 PST 2024","Fri Dec 06 05:19:35 PST 2024","","","2496","100% (24/24)","100% (24/24)","100% (24/24)","Semantic","دلالي","الدلاليّة","data","البيانات","بيانات","attention","الانتباه","انتباه","unseen","غير مرئي","غير المرئيي","queries","استعلامات","استفسارات","false","true","true","false","true","true","false","false","true","false","false","false","false","false","false","false","false","false","false","false"
"3H781YYV7AW1S5DK6LBSVEGIJ5MTE3","3MRHU5294N3O7KAE1TUQJOAS6HI2AD","Ranking the Quality of AI Terminology Translation from English to Arabic","In this task, you will compare the quality of translations for scientific terms generated by two different methods. The input will include an English term, a context paragraph where the term is used, and its translations in Arabic.","Translation, AI Terminology, Multilingual, Ranking","$0.01","Fri Dec 06 03:36:18 PST 2024","5","BatchId:5277380;OriginalHitTemplateId:928390912;","3600","3600","Fri Dec 13 03:36:18 PST 2024","","","3137ONMDKYJ09KP8DNHMLFXN9IQGEH","A9M8N3BOH6013","Approved","Fri Dec 06 04:37:38 PST 2024","Fri Dec 06 04:56:42 PST 2024","Fri Dec 06 05:56:42 PST 2024","Fri Dec 06 05:57:35 PST 2024","","","1144","100% (44/44)","100% (44/44)","100% (44/44)","Semantic","دلالي","الدلاليّة","data","البيانات","بيانات","attention","الانتباه","انتباه","unseen","غير مرئي","غير المرئيي","queries","استعلامات","استفسارات","true","true","true","false","true","false","false","false","true","false","false","false","false","false","false","false","false","false","false","false"
"3H781YYV7AW1S5DK6LBSVEGIJ5MTE3","3MRHU5294N3O7KAE1TUQJOAS6HI2AD","Ranking the Quality of AI Terminology Translation from English to Arabic","In this task, you will compare the quality of translations for scientific terms generated by two different methods. The input will include an English term, a context paragraph where the term is used, and its translations in Arabic.","Translation, AI Terminology, Multilingual, Ranking","$0.01","Fri Dec 06 03:36:18 PST 2024","5","BatchId:5277380;OriginalHitTemplateId:928390912;","3600","3600","Fri Dec 13 03:36:18 PST 2024","","","30LB5CDZNUO19B5JV86WLXBPQ62Z0T","A186ORPGIU3WNL","Approved","Fri Dec 06 04:37:20 PST 2024","Fri Dec 06 05:09:48 PST 2024","Fri Dec 06 06:09:48 PST 2024","Fri Dec 06 06:10:35 PST 2024","","","1948","100% (53/53)","100% (52/52)","100% (52/52)","Semantic","دلالي","الدلاليّة","data","البيانات","بيانات","attention","الانتباه","انتباه","unseen","غير مرئي","غير المرئيي","queries","استعلامات","استفسارات","false","true","true","false","true","true","false","false","true","false","false","false","false","false","false","false","false","false","false","false"
"3K3IX1W4TN50A0319Z0MULPU9N3PAZ","3MRHU5294N3O7KAE1TUQJOAS6HI2AD","Ranking the Quality of AI Terminology Translation from English to Arabic","In this task, you will compare the quality of translations for scientific terms generated by two different methods. The input will include an English term, a context paragraph where the term is used, and its translations in Arabic.","Translation, AI Terminology, Multilingual, Ranking","$0.01","Fri Dec 06 03:36:18 PST 2024","5","BatchId:5277380;OriginalHitTemplateId:928390912;","3600","3600","Fri Dec 13 03:36:18 PST 2024","","","3XIQGXAUMUMQMR5OFP3K3R51QKB7X5","A2QX81MMC8KN80","Approved","Fri Dec 06 03:37:03 PST 2024","Fri Dec 06 03:37:53 PST 2024","Fri Dec 06 04:37:53 PST 2024","Fri Dec 06 04:38:35 PST 2024","","","50","100% (22/22)","100% (22/22)","100% (22/22)","structured","منظم","منظمة","Moreover","علاوة على ذلك","وفضلا عن ذلك","contextualized","السياقي","السياقية","reasoning","التفكير","المنطق","sense","معنى","حسي","false","false","false","false","false","false","true","false","false","false","true","false","false","true","false","false","false","true","false","true"
"3K3IX1W4TN50A0319Z0MULPU9N3PAZ","3MRHU5294N3O7KAE1TUQJOAS6HI2AD","Ranking the Quality of AI Terminology Translation from English to Arabic","In this task, you will compare the quality of translations for scientific terms generated by two different methods. The input will include an English term, a context paragraph where the term is used, and its translations in Arabic.","Translation, AI Terminology, Multilingual, Ranking","$0.01","Fri Dec 06 03:36:18 PST 2024","5","BatchId:5277380;OriginalHitTemplateId:928390912;","3600","3600","Fri Dec 13 03:36:18 PST 2024","","","3U5NZHP4L9GI679967FF0R8S2OYHPT","A198MZX1B7ZOPY","Approved","Fri Dec 06 03:37:01 PST 2024","Fri Dec 06 03:38:46 PST 2024","Fri Dec 06 04:38:46 PST 2024","Fri Dec 06 04:39:35 PST 2024","","","105","100% (17/17)","100% (17/17)","100% (17/17)","structured","منظم","منظمة","Moreover","علاوة على ذلك","وفضلا عن ذلك","contextualized","السياقي","السياقية","reasoning","التفكير","المنطق","sense","معنى","حسي","false","false","true","false","true","false","true","false","true","false","true","false","false","false","false","false","false","false","false","false"
"3K3IX1W4TN50A0319Z0MULPU9N3PAZ","3MRHU5294N3O7KAE1TUQJOAS6HI2AD","Ranking the Quality of AI Terminology Translation from English to Arabic","In this task, you will compare the quality of translations for scientific terms generated by two different methods. The input will include an English term, a context paragraph where the term is used, and its translations in Arabic.","Translation, AI Terminology, Multilingual, Ranking","$0.01","Fri Dec 06 03:36:18 PST 2024","5","BatchId:5277380;OriginalHitTemplateId:928390912;","3600","3600","Fri Dec 13 03:36:18 PST 2024","","","3TMFV4NEPQSFX55HFPZ4F8NPS2AW8N","A19I2ZK220NTAE","Approved","Fri Dec 06 04:36:59 PST 2024","Fri Dec 06 05:01:17 PST 2024","Fri Dec 06 06:01:17 PST 2024","Fri Dec 06 06:01:35 PST 2024","","","1458","100% (32/32)","100% (32/32)","100% (32/32)","structured","منظم","منظمة","Moreover","علاوة على ذلك","وفضلا عن ذلك","contextualized","السياقي","السياقية","reasoning","التفكير","المنطق","sense","معنى","حسي","true","true","false","false","true","false","false","true","false","false","false","false","false","true","false","false","false","false","false","false"
"3K3IX1W4TN50A0319Z0MULPU9N3PAZ","3MRHU5294N3O7KAE1TUQJOAS6HI2AD","Ranking the Quality of AI Terminology Translation from English to Arabic","In this task, you will compare the quality of translations for scientific terms generated by two different methods. The input will include an English term, a context paragraph where the term is used, and its translations in Arabic.","Translation, AI Terminology, Multilingual, Ranking","$0.01","Fri Dec 06 03:36:18 PST 2024","5","BatchId:5277380;OriginalHitTemplateId:928390912;","3600","3600","Fri Dec 13 03:36:18 PST 2024","","","3GLB5JMZFF9VHEB8HS62FXF296PGDO","AWGV35294HOYB","Approved","Fri Dec 06 05:38:00 PST 2024","Fri Dec 06 05:46:41 PST 2024","Fri Dec 06 06:46:41 PST 2024","Fri Dec 06 06:47:35 PST 2024","","","521","100% (43/43)","100% (43/43)","100% (43/43)","structured","منظم","منظمة","Moreover","علاوة على ذلك","وفضلا عن ذلك","contextualized","السياقي","السياقية","reasoning","التفكير","المنطق","sense","معنى","حسي","false","true","false","false","true","true","false","true","true","false","false","false","false","false","false","false","false","false","false","false"
"3K3IX1W4TN50A0319Z0MULPU9N3PAZ","3MRHU5294N3O7KAE1TUQJOAS6HI2AD","Ranking the Quality of AI Terminology Translation from English to Arabic","In this task, you will compare the quality of translations for scientific terms generated by two different methods. The input will include an English term, a context paragraph where the term is used, and its translations in Arabic.","Translation, AI Terminology, Multilingual, Ranking","$0.01","Fri Dec 06 03:36:18 PST 2024","5","BatchId:5277380;OriginalHitTemplateId:928390912;","3600","3600","Fri Dec 13 03:36:18 PST 2024","","","3DPNQGW4L3TGKP39C4WN02872G264A","A2P8U65V6NL7B5","Approved","Fri Dec 06 05:38:32 PST 2024","Fri Dec 06 05:47:07 PST 2024","Fri Dec 06 06:47:07 PST 2024","Fri Dec 06 06:47:35 PST 2024","","","515","100% (49/49)","100% (49/49)","100% (49/49)","structured","منظم","منظمة","Moreover","علاوة على ذلك","وفضلا عن ذلك","contextualized","السياقي","السياقية","reasoning","التفكير","المنطق","sense","معنى","حسي","false","true","false","false","true","true","false","true","false","false","false","false","false","true","false","false","false","false","false","false"
"3KA7IJSNXNJ5TA8TFD0IPW90R5OPBU","3MRHU5294N3O7KAE1TUQJOAS6HI2AD","Ranking the Quality of AI Terminology Translation from English to Arabic","In this task, you will compare the quality of translations for scientific terms generated by two different methods. The input will include an English term, a context paragraph where the term is used, and its translations in Arabic.","Translation, AI Terminology, Multilingual, Ranking","$0.01","Fri Dec 06 03:36:18 PST 2024","5","BatchId:5277380;OriginalHitTemplateId:928390912;","3600","3600","Fri Dec 13 03:36:18 PST 2024","","","36H9ULYP6K8260F5G4MV0AA3DAFJFX","A3EKM55NFX1H6B","Approved","Fri Dec 06 03:37:24 PST 2024","Fri Dec 06 03:59:36 PST 2024","Fri Dec 06 04:59:36 PST 2024","Fri Dec 06 05:00:35 PST 2024","","","1332","100% (29/29)","100% (29/29)","100% (29/29)","computation","الحساب","حساب","terminology","مصطلحات","مصطلح","BPE","ترميز BPE","BPE","binary","ثنائي","تصنيف ثنائي","FLR","تقليل زمن التأخير النهائي (FLR","FLR","true","false","false","false","false","false","true","false","true","false","false","false","true","false","true","false","false","false","false","false"
"3KA7IJSNXNJ5TA8TFD0IPW90R5OPBU","3MRHU5294N3O7KAE1TUQJOAS6HI2AD","Ranking the Quality of AI Terminology Translation from English to Arabic","In this task, you will compare the quality of translations for scientific terms generated by two different methods. The input will include an English term, a context paragraph where the term is used, and its translations in Arabic.","Translation, AI Terminology, Multilingual, Ranking","$0.01","Fri Dec 06 03:36:18 PST 2024","5","BatchId:5277380;OriginalHitTemplateId:928390912;","3600","3600","Fri Dec 13 03:36:18 PST 2024","","","3634BBTX0686BPVZYM1VO9V30VQIFK","A1KYZPQ0T7WECC","Approved","Fri Dec 06 03:37:11 PST 2024","Fri Dec 06 04:04:08 PST 2024","Fri Dec 06 05:04:08 PST 2024","Fri Dec 06 05:04:35 PST 2024","","","1617","100% (15/15)","100% (15/15)","100% (14/14)","computation","الحساب","حساب","terminology","مصطلحات","مصطلح","BPE","ترميز BPE","BPE","binary","ثنائي","تصنيف ثنائي","FLR","تقليل زمن التأخير النهائي (FLR","FLR","true","false","false","false","false","false","true","false","true","false","false","false","true","false","true","false","false","false","false","false"
"3KA7IJSNXNJ5TA8TFD0IPW90R5OPBU","3MRHU5294N3O7KAE1TUQJOAS6HI2AD","Ranking the Quality of AI Terminology Translation from English to Arabic","In this task, you will compare the quality of translations for scientific terms generated by two different methods. The input will include an English term, a context paragraph where the term is used, and its translations in Arabic.","Translation, AI Terminology, Multilingual, Ranking","$0.01","Fri Dec 06 03:36:18 PST 2024","5","BatchId:5277380;OriginalHitTemplateId:928390912;","3600","3600","Fri Dec 13 03:36:18 PST 2024","","","3OXV7EAXLW4V2TK5CQR4QXG1OER363","AG9MLSV2QCVD4","Approved","Fri Dec 06 03:37:17 PST 2024","Fri Dec 06 04:17:58 PST 2024","Fri Dec 06 05:17:58 PST 2024","Fri Dec 06 05:18:35 PST 2024","","","2441","100% (24/24)","100% (24/24)","100% (24/24)","computation","الحساب","حساب","terminology","مصطلحات","مصطلح","BPE","ترميز BPE","BPE","binary","ثنائي","تصنيف ثنائي","FLR","تقليل زمن التأخير النهائي (FLR","FLR","true","false","false","false","false","false","true","true","true","true","false","false","false","false","false","false","false","false","false","false"
"3KA7IJSNXNJ5TA8TFD0IPW90R5OPBU","3MRHU5294N3O7KAE1TUQJOAS6HI2AD","Ranking the Quality of AI Terminology Translation from English to Arabic","In this task, you will compare the quality of translations for scientific terms generated by two different methods. The input will include an English term, a context paragraph where the term is used, and its translations in Arabic.","Translation, AI Terminology, Multilingual, Ranking","$0.01","Fri Dec 06 03:36:18 PST 2024","5","BatchId:5277380;OriginalHitTemplateId:928390912;","3600","3600","Fri Dec 13 03:36:18 PST 2024","","","3TY7ZAOG5XY6KG6XV73MYINCMXQK0T","AWGV35294HOYB","Approved","Fri Dec 06 03:37:03 PST 2024","Fri Dec 06 04:31:47 PST 2024","Fri Dec 06 05:31:47 PST 2024","Fri Dec 06 05:32:35 PST 2024","","","3284","100% (43/43)","100% (43/43)","100% (43/43)","computation","الحساب","حساب","terminology","مصطلحات","مصطلح","BPE","ترميز BPE","BPE","binary","ثنائي","تصنيف ثنائي","FLR","تقليل زمن التأخير النهائي (FLR","FLR","true","false","true","false","false","false","true","false","true","false","false","false","false","false","true","false","false","false","false","false"
"3KA7IJSNXNJ5TA8TFD0IPW90R5OPBU","3MRHU5294N3O7KAE1TUQJOAS6HI2AD","Ranking the Quality of AI Terminology Translation from English to Arabic","In this task, you will compare the quality of translations for scientific terms generated by two different methods. The input will include an English term, a context paragraph where the term is used, and its translations in Arabic.","Translation, AI Terminology, Multilingual, Ranking","$0.01","Fri Dec 06 03:36:18 PST 2024","5","BatchId:5277380;OriginalHitTemplateId:928390912;","3600","3600","Fri Dec 13 03:36:18 PST 2024","","","3ATPCQ38JQOX5YTWRO16WWE0TZIYA2","A3MDTRJTDIDNX","Approved","Fri Dec 06 04:38:35 PST 2024","Fri Dec 06 05:20:00 PST 2024","Fri Dec 06 06:20:00 PST 2024","Fri Dec 06 06:20:35 PST 2024","","","2485","100% (53/53)","100% (53/53)","100% (53/53)","computation","الحساب","حساب","terminology","مصطلحات","مصطلح","BPE","ترميز BPE","BPE","binary","ثنائي","تصنيف ثنائي","FLR","تقليل زمن التأخير النهائي (FLR","FLR","true","false","false","false","false","false","true","true","true","true","false","false","false","false","false","false","false","false","false","false"
"3RZS0FBRX1OO3F0ZTDWD0GFI9QOPC1","3MRHU5294N3O7KAE1TUQJOAS6HI2AD","Ranking the Quality of AI Terminology Translation from English to Arabic","In this task, you will compare the quality of translations for scientific terms generated by two different methods. The input will include an English term, a context paragraph where the term is used, and its translations in Arabic.","Translation, AI Terminology, Multilingual, Ranking","$0.01","Fri Dec 06 03:36:18 PST 2024","5","BatchId:5277380;OriginalHitTemplateId:928390912;","3600","3600","Fri Dec 13 03:36:18 PST 2024","","","3U088ZLJV27XFG0EKLMPMTH79400W6","A1G4DX33KADZA3","Approved","Fri Dec 06 03:37:23 PST 2024","Fri Dec 06 03:41:19 PST 2024","Fri Dec 06 04:41:19 PST 2024","Fri Dec 06 04:41:35 PST 2024","","","236","100% (21/21)","100% (21/21)","100% (21/21)","Similar","مشابه","مماثلة","corpora","مجموعات نصوص","المجاميع","generalize","تعميم","التعميم","gradient","التدرج","تدرج","named","مسمى","مسماة","false","false","false","false","false","false","false","false","false","false","true","false","true","false","true","false","true","false","true","false"
"3RZS0FBRX1OO3F0ZTDWD0GFI9QOPC1","3MRHU5294N3O7KAE1TUQJOAS6HI2AD","Ranking the Quality of AI Terminology Translation from English to Arabic","In this task, you will compare the quality of translations for scientific terms generated by two different methods. The input will include an English term, a context paragraph where the term is used, and its translations in Arabic.","Translation, AI Terminology, Multilingual, Ranking","$0.01","Fri Dec 06 03:36:18 PST 2024","5","BatchId:5277380;OriginalHitTemplateId:928390912;","3600","3600","Fri Dec 13 03:36:18 PST 2024","","","3URFVVM16NWHPXHZTFKGA4ZW6VDZU3","AWULBUF1OMXQ5","Approved","Fri Dec 06 03:45:14 PST 2024","Fri Dec 06 03:46:30 PST 2024","Fri Dec 06 04:46:30 PST 2024","Fri Dec 06 04:46:35 PST 2024","","","76","100% (4/4)","100% (4/4)","100% (4/4)","Similar","مشابه","مماثلة","corpora","مجموعات نصوص","المجاميع","generalize","تعميم","التعميم","gradient","التدرج","تدرج","named","مسمى","مسماة","false","false","false","true","false","true","false","true","false","false","false","false","false","false","true","false","true","false","false","false"
"3RZS0FBRX1OO3F0ZTDWD0GFI9QOPC1","3MRHU5294N3O7KAE1TUQJOAS6HI2AD","Ranking the Quality of AI Terminology Translation from English to Arabic","In this task, you will compare the quality of translations for scientific terms generated by two different methods. The input will include an English term, a context paragraph where the term is used, and its translations in Arabic.","Translation, AI Terminology, Multilingual, Ranking","$0.01","Fri Dec 06 03:36:18 PST 2024","5","BatchId:5277380;OriginalHitTemplateId:928390912;","3600","3600","Fri Dec 13 03:36:18 PST 2024","","","3WOKGM4L7JUPA7RCTZVF5Z4L620O0H","A2E2FFMXS9F9KR","Approved","Fri Dec 06 03:37:26 PST 2024","Fri Dec 06 04:28:18 PST 2024","Fri Dec 06 05:28:18 PST 2024","Fri Dec 06 05:28:35 PST 2024","","","3052","100% (51/51)","100% (51/51)","100% (51/51)","Similar","مشابه","مماثلة","corpora","مجموعات نصوص","المجاميع","generalize","تعميم","التعميم","gradient","التدرج","تدرج","named","مسمى","مسماة","true","true","true","true","false","false","false","false","false","false","false","false","false","false","true","false","false","false","false","false"
"3RZS0FBRX1OO3F0ZTDWD0GFI9QOPC1","3MRHU5294N3O7KAE1TUQJOAS6HI2AD","Ranking the Quality of AI Terminology Translation from English to Arabic","In this task, you will compare the quality of translations for scientific terms generated by two different methods. The input will include an English term, a context paragraph where the term is used, and its translations in Arabic.","Translation, AI Terminology, Multilingual, Ranking","$0.01","Fri Dec 06 03:36:18 PST 2024","5","BatchId:5277380;OriginalHitTemplateId:928390912;","3600","3600","Fri Dec 13 03:36:18 PST 2024","","","3AAJC4I4FY68BH65HGG232QLPF9ZJ1","A3IG9HHR3NL9R0","Approved","Fri Dec 06 04:37:58 PST 2024","Fri Dec 06 04:51:28 PST 2024","Fri Dec 06 05:51:28 PST 2024","Fri Dec 06 05:51:35 PST 2024","","","810","100% (50/50)","100% (50/50)","100% (50/50)","Similar","مشابه","مماثلة","corpora","مجموعات نصوص","المجاميع","generalize","تعميم","التعميم","gradient","التدرج","تدرج","named","مسمى","مسماة","true","false","false","false","false","false","true","true","true","true","false","false","false","false","false","false","false","false","false","false"
"3RZS0FBRX1OO3F0ZTDWD0GFI9QOPC1","3MRHU5294N3O7KAE1TUQJOAS6HI2AD","Ranking the Quality of AI Terminology Translation from English to Arabic","In this task, you will compare the quality of translations for scientific terms generated by two different methods. The input will include an English term, a context paragraph where the term is used, and its translations in Arabic.","Translation, AI Terminology, Multilingual, Ranking","$0.01","Fri Dec 06 03:36:18 PST 2024","5","BatchId:5277380;OriginalHitTemplateId:928390912;","3600","3600","Fri Dec 13 03:36:18 PST 2024","","","3HMIGG0U43KJMA0HUQHS05853BIY8Y","A2GJB7TBZM91Z4","Approved","Fri Dec 06 04:38:34 PST 2024","Fri Dec 06 04:58:20 PST 2024","Fri Dec 06 05:58:20 PST 2024","Fri Dec 06 05:58:35 PST 2024","","","1186","100% (23/23)","100% (23/23)","100% (23/23)","Similar","مشابه","مماثلة","corpora","مجموعات نصوص","المجاميع","generalize","تعميم","التعميم","gradient","التدرج","تدرج","named","مسمى","مسماة","true","false","true","true","false","false","true","false","false","false","false","false","false","false","true","false","false","false","false","false"
"3GKAWYFRB67Y876DT9ROKMX0UQ0PD1","3MRHU5294N3O7KAE1TUQJOAS6HI2AD","Ranking the Quality of AI Terminology Translation from English to Arabic","In this task, you will compare the quality of translations for scientific terms generated by two different methods. The input will include an English term, a context paragraph where the term is used, and its translations in Arabic.","Translation, AI Terminology, Multilingual, Ranking","$0.01","Fri Dec 06 03:36:18 PST 2024","5","BatchId:5277380;OriginalHitTemplateId:928390912;","3600","3600","Fri Dec 13 03:36:18 PST 2024","","","3AAPLD8UCUVGYZ2GNOOZ519PRRJTHA","A38SYZRVLTMOFG","Approved","Fri Dec 06 03:37:33 PST 2024","Fri Dec 06 04:02:26 PST 2024","Fri Dec 06 05:02:26 PST 2024","Fri Dec 06 05:02:35 PST 2024","","","1493","100% (49/49)","100% (49/49)","100% (49/49)","representations","التمثيلات","تمثيلات","tagging","الوسم","وضع علامات","morphologically","صرفياً","مورفولوجيا","ICLR","مؤتمر ICLR","ICLR","conversational","محادثاتي","حواري","true","true","false","true","false","false","false","true","false","false","false","false","false","false","true","false","false","false","false","false"
"3GKAWYFRB67Y876DT9ROKMX0UQ0PD1","3MRHU5294N3O7KAE1TUQJOAS6HI2AD","Ranking the Quality of AI Terminology Translation from English to Arabic","In this task, you will compare the quality of translations for scientific terms generated by two different methods. The input will include an English term, a context paragraph where the term is used, and its translations in Arabic.","Translation, AI Terminology, Multilingual, Ranking","$0.01","Fri Dec 06 03:36:18 PST 2024","5","BatchId:5277380;OriginalHitTemplateId:928390912;","3600","3600","Fri Dec 13 03:36:18 PST 2024","","","39U1BHVTD3514RVH83ZX178F8M23TE","AG9MLSV2QCVD4","Approved","Fri Dec 06 03:37:29 PST 2024","Fri Dec 06 04:18:52 PST 2024","Fri Dec 06 05:18:52 PST 2024","Fri Dec 06 05:19:35 PST 2024","","","2483","100% (24/24)","100% (24/24)","100% (24/24)","representations","التمثيلات","تمثيلات","tagging","الوسم","وضع علامات","morphologically","صرفياً","مورفولوجيا","ICLR","مؤتمر ICLR","ICLR","conversational","محادثاتي","حواري","true","true","false","true","false","false","false","true","false","true","false","false","false","false","false","false","false","false","false","false"
"3GKAWYFRB67Y876DT9ROKMX0UQ0PD1","3MRHU5294N3O7KAE1TUQJOAS6HI2AD","Ranking the Quality of AI Terminology Translation from English to Arabic","In this task, you will compare the quality of translations for scientific terms generated by two different methods. The input will include an English term, a context paragraph where the term is used, and its translations in Arabic.","Translation, AI Terminology, Multilingual, Ranking","$0.01","Fri Dec 06 03:36:18 PST 2024","5","BatchId:5277380;OriginalHitTemplateId:928390912;","3600","3600","Fri Dec 13 03:36:18 PST 2024","","","3OLF68YTNRFR57C1MY9I7B7KNNLFAD","AWGV35294HOYB","Approved","Fri Dec 06 03:36:56 PST 2024","Fri Dec 06 04:29:23 PST 2024","Fri Dec 06 05:29:23 PST 2024","Fri Dec 06 05:29:35 PST 2024","","","3147","100% (43/43)","100% (43/43)","100% (43/43)","representations","التمثيلات","تمثيلات","tagging","الوسم","وضع علامات","morphologically","صرفياً","مورفولوجيا","ICLR","مؤتمر ICLR","ICLR","conversational","محادثاتي","حواري","true","true","false","true","true","false","false","true","false","false","false","false","false","false","false","false","false","false","false","false"
"3GKAWYFRB67Y876DT9ROKMX0UQ0PD1","3MRHU5294N3O7KAE1TUQJOAS6HI2AD","Ranking the Quality of AI Terminology Translation from English to Arabic","In this task, you will compare the quality of translations for scientific terms generated by two different methods. The input will include an English term, a context paragraph where the term is used, and its translations in Arabic.","Translation, AI Terminology, Multilingual, Ranking","$0.01","Fri Dec 06 03:36:18 PST 2024","5","BatchId:5277380;OriginalHitTemplateId:928390912;","3600","3600","Fri Dec 13 03:36:18 PST 2024","","","3M23Y66POKLZMA5K25S5Y5ODGVW6S6","AC4I7XU10MQXK","Approved","Fri Dec 06 04:37:51 PST 2024","Fri Dec 06 05:21:37 PST 2024","Fri Dec 06 06:21:37 PST 2024","Fri Dec 06 06:22:35 PST 2024","","","2626","100% (58/58)","100% (58/58)","100% (58/58)","representations","التمثيلات","تمثيلات","tagging","الوسم","وضع علامات","morphologically","صرفياً","مورفولوجيا","ICLR","مؤتمر ICLR","ICLR","conversational","محادثاتي","حواري","true","false","false","true","false","false","true","true","false","true","false","false","false","false","false","false","false","false","false","false"
"3GKAWYFRB67Y876DT9ROKMX0UQ0PD1","3MRHU5294N3O7KAE1TUQJOAS6HI2AD","Ranking the Quality of AI Terminology Translation from English to Arabic","In this task, you will compare the quality of translations for scientific terms generated by two different methods. The input will include an English term, a context paragraph where the term is used, and its translations in Arabic.","Translation, AI Terminology, Multilingual, Ranking","$0.01","Fri Dec 06 03:36:18 PST 2024","5","BatchId:5277380;OriginalHitTemplateId:928390912;","3600","3600","Fri Dec 13 03:36:18 PST 2024","","","3PQMUDRV79KQLGXPZU7GR68VGPSIIP","A2FXDEKCCUT9OJ","Approved","Fri Dec 06 05:30:37 PST 2024","Fri Dec 06 05:54:31 PST 2024","Fri Dec 06 06:54:31 PST 2024","Fri Dec 06 06:54:35 PST 2024","","","1434","100% (36/36)","100% (36/36)","100% (36/36)","representations","التمثيلات","تمثيلات","tagging","الوسم","وضع علامات","morphologically","صرفياً","مورفولوجيا","ICLR","مؤتمر ICLR","ICLR","conversational","محادثاتي","حواري","true","true","false","true","false","false","false","true","false","false","false","false","false","false","true","false","false","false","false","false"
"3CO05SML8CJPL0LYUP7IAADW1JFR02","3MRHU5294N3O7KAE1TUQJOAS6HI2AD","Ranking the Quality of AI Terminology Translation from English to Arabic","In this task, you will compare the quality of translations for scientific terms generated by two different methods. The input will include an English term, a context paragraph where the term is used, and its translations in Arabic.","Translation, AI Terminology, Multilingual, Ranking","$0.01","Fri Dec 06 03:36:18 PST 2024","5","BatchId:5277380;OriginalHitTemplateId:928390912;","3600","3600","Fri Dec 13 03:36:18 PST 2024","","","3Z7VU45IPGV1G0Q1RRAWZ2UZVY9Z1X","A21X87H2GCSME0","Approved","Fri Dec 06 03:37:35 PST 2024","Fri Dec 06 03:43:39 PST 2024","Fri Dec 06 04:43:39 PST 2024","Fri Dec 06 04:44:35 PST 2024","","","364","100% (9/9)","100% (9/9)","100% (9/9)","downstream","المهام اللاحقة","البيانات المنخفضة","nouns","الأسماء","أسماء","LinCE","لينس","LinCE","outputs","المخرجات","مخرجات","transformers","المحولات","محولات","false","false","false","false","false","false","false","false","false","false","true","false","false","true","false","false","true","false","false","true"
"3CO05SML8CJPL0LYUP7IAADW1JFR02","3MRHU5294N3O7KAE1TUQJOAS6HI2AD","Ranking the Quality of AI Terminology Translation from English to Arabic","In this task, you will compare the quality of translations for scientific terms generated by two different methods. The input will include an English term, a context paragraph where the term is used, and its translations in Arabic.","Translation, AI Terminology, Multilingual, Ranking","$0.01","Fri Dec 06 03:36:18 PST 2024","5","BatchId:5277380;OriginalHitTemplateId:928390912;","3600","3600","Fri Dec 13 03:36:18 PST 2024","","","3VSOLARPKTNIKCM3AXUGA773EFZ39E","A38SYZRVLTMOFG","Approved","Fri Dec 06 03:37:18 PST 2024","Fri Dec 06 04:01:25 PST 2024","Fri Dec 06 05:01:25 PST 2024","Fri Dec 06 05:01:35 PST 2024","","","1447","100% (49/49)","100% (49/49)","100% (49/49)","downstream","المهام اللاحقة","البيانات المنخفضة","nouns","الأسماء","أسماء","LinCE","لينس","LinCE","outputs","المخرجات","مخرجات","transformers","المحولات","محولات","false","true","true","true","true","true","false","false","false","false","false","false","false","false","false","false","false","false","false","false"
"3CO05SML8CJPL0LYUP7IAADW1JFR02","3MRHU5294N3O7KAE1TUQJOAS6HI2AD","Ranking the Quality of AI Terminology Translation from English to Arabic","In this task, you will compare the quality of translations for scientific terms generated by two different methods. The input will include an English term, a context paragraph where the term is used, and its translations in Arabic.","Translation, AI Terminology, Multilingual, Ranking","$0.01","Fri Dec 06 03:36:18 PST 2024","5","BatchId:5277380;OriginalHitTemplateId:928390912;","3600","3600","Fri Dec 13 03:36:18 PST 2024","","","3Z2R0DQ0JZSAUQH1E8WXJB3MZYF2EC","A3HSZ9YLOBCCPR","Approved","Fri Dec 06 03:37:48 PST 2024","Fri Dec 06 04:18:21 PST 2024","Fri Dec 06 05:18:21 PST 2024","Fri Dec 06 05:18:35 PST 2024","","","2433","100% (39/39)","100% (39/39)","100% (39/39)","downstream","المهام اللاحقة","البيانات المنخفضة","nouns","الأسماء","أسماء","LinCE","لينس","LinCE","outputs","المخرجات","مخرجات","transformers","المحولات","محولات","false","true","true","true","true","true","false","false","false","false","false","false","false","false","false","false","false","false","false","false"
"3CO05SML8CJPL0LYUP7IAADW1JFR02","3MRHU5294N3O7KAE1TUQJOAS6HI2AD","Ranking the Quality of AI Terminology Translation from English to Arabic","In this task, you will compare the quality of translations for scientific terms generated by two different methods. The input will include an English term, a context paragraph where the term is used, and its translations in Arabic.","Translation, AI Terminology, Multilingual, Ranking","$0.01","Fri Dec 06 03:36:18 PST 2024","5","BatchId:5277380;OriginalHitTemplateId:928390912;","3600","3600","Fri Dec 13 03:36:18 PST 2024","","","3IRIK4HM3SYJFTGO5J25J0KVUR46C4","A186ORPGIU3WNL","Approved","Fri Dec 06 03:37:33 PST 2024","Fri Dec 06 04:30:56 PST 2024","Fri Dec 06 05:30:56 PST 2024","Fri Dec 06 05:31:35 PST 2024","","","3203","100% (53/53)","100% (52/52)","100% (52/52)","downstream","المهام اللاحقة","البيانات المنخفضة","nouns","الأسماء","أسماء","LinCE","لينس","LinCE","outputs","المخرجات","مخرجات","transformers","المحولات","محولات","false","true","true","true","true","true","false","false","false","false","false","false","false","false","false","false","false","false","false","false"
"3CO05SML8CJPL0LYUP7IAADW1JFR02","3MRHU5294N3O7KAE1TUQJOAS6HI2AD","Ranking the Quality of AI Terminology Translation from English to Arabic","In this task, you will compare the quality of translations for scientific terms generated by two different methods. The input will include an English term, a context paragraph where the term is used, and its translations in Arabic.","Translation, AI Terminology, Multilingual, Ranking","$0.01","Fri Dec 06 03:36:18 PST 2024","5","BatchId:5277380;OriginalHitTemplateId:928390912;","3600","3600","Fri Dec 13 03:36:18 PST 2024","","","308Q0PEVBQRXAF4MV013ED9SXZB9I3","A198MZX1B7ZOPY","Approved","Fri Dec 06 05:38:53 PST 2024","Fri Dec 06 05:39:55 PST 2024","Fri Dec 06 06:39:55 PST 2024","Fri Dec 06 06:40:35 PST 2024","","","62","100% (17/17)","100% (17/17)","100% (17/17)","downstream","المهام اللاحقة","البيانات المنخفضة","nouns","الأسماء","أسماء","LinCE","لينس","LinCE","outputs","المخرجات","مخرجات","transformers","المحولات","محولات","true","false","false","false","true","false","true","false","true","false","false","false","true","false","false","false","false","false","false","false"
"3Z3R5YC0QK1TYJDG1WVYDW1IV61TFL","3MRHU5294N3O7KAE1TUQJOAS6HI2AD","Ranking the Quality of AI Terminology Translation from English to Arabic","In this task, you will compare the quality of translations for scientific terms generated by two different methods. The input will include an English term, a context paragraph where the term is used, and its translations in Arabic.","Translation, AI Terminology, Multilingual, Ranking","$0.01","Fri Dec 06 03:36:18 PST 2024","5","BatchId:5277380;OriginalHitTemplateId:928390912;","3600","3600","Fri Dec 13 03:36:18 PST 2024","","","3634BBTX0686BPVZYM1VO9V30VQFIH","A2P8U65V6NL7B5","Approved","Fri Dec 06 03:36:59 PST 2024","Fri Dec 06 03:48:47 PST 2024","Fri Dec 06 04:48:47 PST 2024","Fri Dec 06 04:49:35 PST 2024","","","708","100% (49/49)","100% (49/49)","100% (49/49)","annotated","مُعَلَّم","مشروحة","graphs","الرسوم البيانية","نماذج","existing","موجود","الحالي","counterfactual","افتراض مغاير للواقع","counterfactual","metrics","المقاييس","مقاييس","true","false","true","false","true","false","true","false","true","false","false","false","false","false","false","false","false","false","false","false"
"3Z3R5YC0QK1TYJDG1WVYDW1IV61TFL","3MRHU5294N3O7KAE1TUQJOAS6HI2AD","Ranking the Quality of AI Terminology Translation from English to Arabic","In this task, you will compare the quality of translations for scientific terms generated by two different methods. The input will include an English term, a context paragraph where the term is used, and its translations in Arabic.","Translation, AI Terminology, Multilingual, Ranking","$0.01","Fri Dec 06 03:36:18 PST 2024","5","BatchId:5277380;OriginalHitTemplateId:928390912;","3600","3600","Fri Dec 13 03:36:18 PST 2024","","","3Y9N9SS8LGPUN2ZKMDZIW3QT50DD34","A3AHE81HVRXFCD","Approved","Fri Dec 06 03:37:03 PST 2024","Fri Dec 06 03:53:51 PST 2024","Fri Dec 06 04:53:51 PST 2024","Fri Dec 06 04:54:35 PST 2024","","","1008","100% (22/22)","100% (22/22)","100% (22/22)","annotated","مُعَلَّم","مشروحة","graphs","الرسوم البيانية","نماذج","existing","موجود","الحالي","counterfactual","افتراض مغاير للواقع","counterfactual","metrics","المقاييس","مقاييس","false","false","true","false","true","true","true","false","true","false","false","false","false","false","false","false","false","false","false","false"
"3Z3R5YC0QK1TYJDG1WVYDW1IV61TFL","3MRHU5294N3O7KAE1TUQJOAS6HI2AD","Ranking the Quality of AI Terminology Translation from English to Arabic","In this task, you will compare the quality of translations for scientific terms generated by two different methods. The input will include an English term, a context paragraph where the term is used, and its translations in Arabic.","Translation, AI Terminology, Multilingual, Ranking","$0.01","Fri Dec 06 03:36:18 PST 2024","5","BatchId:5277380;OriginalHitTemplateId:928390912;","3600","3600","Fri Dec 13 03:36:18 PST 2024","","","3KJYX6QCMRPR2X1VGJRZIWDP143JVL","A3OAFR48DADAOM","Approved","Fri Dec 06 03:37:00 PST 2024","Fri Dec 06 04:11:30 PST 2024","Fri Dec 06 05:11:30 PST 2024","Fri Dec 06 05:11:35 PST 2024","","","2070","100% (41/41)","100% (41/41)","100% (41/41)","annotated","مُعَلَّم","مشروحة","graphs","الرسوم البيانية","نماذج","existing","موجود","الحالي","counterfactual","افتراض مغاير للواقع","counterfactual","metrics","المقاييس","مقاييس","false","false","true","false","true","true","true","false","true","false","false","false","false","false","false","false","false","false","false","false"
"3Z3R5YC0QK1TYJDG1WVYDW1IV61TFL","3MRHU5294N3O7KAE1TUQJOAS6HI2AD","Ranking the Quality of AI Terminology Translation from English to Arabic","In this task, you will compare the quality of translations for scientific terms generated by two different methods. The input will include an English term, a context paragraph where the term is used, and its translations in Arabic.","Translation, AI Terminology, Multilingual, Ranking","$0.01","Fri Dec 06 03:36:18 PST 2024","5","BatchId:5277380;OriginalHitTemplateId:928390912;","3600","3600","Fri Dec 13 03:36:18 PST 2024","","","3WQ3B2KGEQU5Y2NLLDUTDKNW4WUB1C","A2FXDEKCCUT9OJ","Approved","Fri Dec 06 04:37:35 PST 2024","Fri Dec 06 04:54:25 PST 2024","Fri Dec 06 05:54:25 PST 2024","Fri Dec 06 05:54:35 PST 2024","","","1010","100% (36/36)","100% (36/36)","100% (36/36)","annotated","مُعَلَّم","مشروحة","graphs","الرسوم البيانية","نماذج","existing","موجود","الحالي","counterfactual","افتراض مغاير للواقع","counterfactual","metrics","المقاييس","مقاييس","true","false","false","false","true","false","true","false","true","false","false","false","true","false","false","false","false","false","false","false"
"3Z3R5YC0QK1TYJDG1WVYDW1IV61TFL","3MRHU5294N3O7KAE1TUQJOAS6HI2AD","Ranking the Quality of AI Terminology Translation from English to Arabic","In this task, you will compare the quality of translations for scientific terms generated by two different methods. The input will include an English term, a context paragraph where the term is used, and its translations in Arabic.","Translation, AI Terminology, Multilingual, Ranking","$0.01","Fri Dec 06 03:36:18 PST 2024","5","BatchId:5277380;OriginalHitTemplateId:928390912;","3600","3600","Fri Dec 13 03:36:18 PST 2024","","","36H9ULYP6K8260F5G4MV0AA3DAEJFW","A3QIWEQXAGMGD","Approved","Fri Dec 06 04:37:00 PST 2024","Fri Dec 06 05:12:57 PST 2024","Fri Dec 06 06:12:57 PST 2024","Fri Dec 06 06:13:35 PST 2024","","","2157","100% (26/26)","100% (26/26)","100% (26/26)","annotated","مُعَلَّم","مشروحة","graphs","الرسوم البيانية","نماذج","existing","موجود","الحالي","counterfactual","افتراض مغاير للواقع","counterfactual","metrics","المقاييس","مقاييس","true","false","false","false","true","false","true","true","true","false","false","false","false","false","false","false","false","false","false","false"
"3VMV5CHJ0PTZCJ9BCG1GVH1UWL1TGK","3MRHU5294N3O7KAE1TUQJOAS6HI2AD","Ranking the Quality of AI Terminology Translation from English to Arabic","In this task, you will compare the quality of translations for scientific terms generated by two different methods. The input will include an English term, a context paragraph where the term is used, and its translations in Arabic.","Translation, AI Terminology, Multilingual, Ranking","$0.01","Fri Dec 06 03:36:18 PST 2024","5","BatchId:5277380;OriginalHitTemplateId:928390912;","3600","3600","Fri Dec 13 03:36:18 PST 2024","","","32XVDSJFPHB86E9EV6KGWJ8V8052M0","A14ICQPNQ6RZXB","Approved","Fri Dec 06 03:37:00 PST 2024","Fri Dec 06 03:44:22 PST 2024","Fri Dec 06 04:44:22 PST 2024","Fri Dec 06 04:44:35 PST 2024","","","442","100% (9/9)","100% (9/9)","100% (9/9)","verbs","الأفعال","أفعال","augmented","مُعزز","معزز","re","إعادة","RE","For","على سبيل المثال","ل","TreeDST","شجرةDST","TreeDST","false","false","false","false","false","true","false","true","false","true","false","true","false","true","false","false","false","false","false","false"
"3VMV5CHJ0PTZCJ9BCG1GVH1UWL1TGK","3MRHU5294N3O7KAE1TUQJOAS6HI2AD","Ranking the Quality of AI Terminology Translation from English to Arabic","In this task, you will compare the quality of translations for scientific terms generated by two different methods. The input will include an English term, a context paragraph where the term is used, and its translations in Arabic.","Translation, AI Terminology, Multilingual, Ranking","$0.01","Fri Dec 06 03:36:18 PST 2024","5","BatchId:5277380;OriginalHitTemplateId:928390912;","3600","3600","Fri Dec 13 03:36:18 PST 2024","","","3PDJHANYKNUAW1R4RBG6URHB7J8H6N","A3MDTRJTDIDNX","Approved","Fri Dec 06 03:36:56 PST 2024","Fri Dec 06 03:50:35 PST 2024","Fri Dec 06 04:50:35 PST 2024","Fri Dec 06 04:51:35 PST 2024","","","819","100% (53/53)","100% (53/53)","100% (53/53)","verbs","الأفعال","أفعال","augmented","مُعزز","معزز","re","إعادة","RE","For","على سبيل المثال","ل","TreeDST","شجرةDST","TreeDST","true","true","false","false","true","false","false","true","false","false","false","false","false","true","false","false","false","false","false","false"
"3VMV5CHJ0PTZCJ9BCG1GVH1UWL1TGK","3MRHU5294N3O7KAE1TUQJOAS6HI2AD","Ranking the Quality of AI Terminology Translation from English to Arabic","In this task, you will compare the quality of translations for scientific terms generated by two different methods. The input will include an English term, a context paragraph where the term is used, and its translations in Arabic.","Translation, AI Terminology, Multilingual, Ranking","$0.01","Fri Dec 06 03:36:18 PST 2024","5","BatchId:5277380;OriginalHitTemplateId:928390912;","3600","3600","Fri Dec 13 03:36:18 PST 2024","","","3DI28L7YXSS355Z5V4WJESTH7S11EU","ASVJ75M0TNT6Z","Approved","Fri Dec 06 05:38:10 PST 2024","Fri Dec 06 05:40:49 PST 2024","Fri Dec 06 06:40:49 PST 2024","Fri Dec 06 06:41:35 PST 2024","","","159","100% (25/25)","100% (25/25)","100% (25/25)","verbs","الأفعال","أفعال","augmented","مُعزز","معزز","re","إعادة","RE","For","على سبيل المثال","ل","TreeDST","شجرةDST","TreeDST","false","false","false","false","false","false","false","false","false","false","true","false","false","true","false","false","true","true","false","true"
"3VMV5CHJ0PTZCJ9BCG1GVH1UWL1TGK","3MRHU5294N3O7KAE1TUQJOAS6HI2AD","Ranking the Quality of AI Terminology Translation from English to Arabic","In this task, you will compare the quality of translations for scientific terms generated by two different methods. The input will include an English term, a context paragraph where the term is used, and its translations in Arabic.","Translation, AI Terminology, Multilingual, Ranking","$0.01","Fri Dec 06 03:36:18 PST 2024","5","BatchId:5277380;OriginalHitTemplateId:928390912;","3600","3600","Fri Dec 13 03:36:18 PST 2024","","","3CP1TO84PBFAY7O8373UFHX9M5F52D","A1XD6THGBT1T9T","Approved","Fri Dec 06 05:37:27 PST 2024","Fri Dec 06 05:56:10 PST 2024","Fri Dec 06 06:56:10 PST 2024","Fri Dec 06 06:56:35 PST 2024","","","1123","100% (43/43)","100% (43/43)","100% (42/42)","verbs","الأفعال","أفعال","augmented","مُعزز","معزز","re","إعادة","RE","For","على سبيل المثال","ل","TreeDST","شجرةDST","TreeDST","true","true","false","true","true","false","false","true","false","false","false","false","false","false","false","false","false","false","false","false"
"3VMV5CHJ0PTZCJ9BCG1GVH1UWL1TGK","3MRHU5294N3O7KAE1TUQJOAS6HI2AD","Ranking the Quality of AI Terminology Translation from English to Arabic","In this task, you will compare the quality of translations for scientific terms generated by two different methods. The input will include an English term, a context paragraph where the term is used, and its translations in Arabic.","Translation, AI Terminology, Multilingual, Ranking","$0.01","Fri Dec 06 03:36:18 PST 2024","5","BatchId:5277380;OriginalHitTemplateId:928390912;","3600","3600","Fri Dec 13 03:36:18 PST 2024","","","3K2755HG5AHP3EFD680KXCFQ8SYDFX","A3IG9HHR3NL9R0","Approved","Fri Dec 06 05:38:32 PST 2024","Fri Dec 06 06:02:39 PST 2024","Fri Dec 06 07:02:39 PST 2024","Fri Dec 06 07:03:35 PST 2024","","","1447","100% (50/50)","100% (50/50)","100% (50/50)","verbs","الأفعال","أفعال","augmented","مُعزز","معزز","re","إعادة","RE","For","على سبيل المثال","ل","TreeDST","شجرةDST","TreeDST","true","true","false","false","false","false","false","false","false","true","false","false","true","true","false","false","false","false","false","false"
"3EQVJH0T5HZDCF4MWMJYGHDVBLETHJ","3MRHU5294N3O7KAE1TUQJOAS6HI2AD","Ranking the Quality of AI Terminology Translation from English to Arabic","In this task, you will compare the quality of translations for scientific terms generated by two different methods. The input will include an English term, a context paragraph where the term is used, and its translations in Arabic.","Translation, AI Terminology, Multilingual, Ranking","$0.01","Fri Dec 06 03:36:18 PST 2024","5","BatchId:5277380;OriginalHitTemplateId:928390912;","3600","3600","Fri Dec 13 03:36:18 PST 2024","","","3MYYFCXHJLLIHISFOH59CTLWWSPG42","A198MZX1B7ZOPY","Approved","Fri Dec 06 03:37:07 PST 2024","Fri Dec 06 03:39:52 PST 2024","Fri Dec 06 04:39:52 PST 2024","Fri Dec 06 04:40:35 PST 2024","","","165","100% (17/17)","100% (17/17)","100% (17/17)","spoken","محكي","منطوق","transformer","المحول","محول","embedding","تضمين","التضمين","seq2seq","نموذج تسلسل إلى تسلسل","seq2seq","structure","الهيكل","بنية","true","false","false","false","true","false","true","false","true","false","false","false","true","false","false","false","false","false","false","false"
"3EQVJH0T5HZDCF4MWMJYGHDVBLETHJ","3MRHU5294N3O7KAE1TUQJOAS6HI2AD","Ranking the Quality of AI Terminology Translation from English to Arabic","In this task, you will compare the quality of translations for scientific terms generated by two different methods. The input will include an English term, a context paragraph where the term is used, and its translations in Arabic.","Translation, AI Terminology, Multilingual, Ranking","$0.01","Fri Dec 06 03:36:18 PST 2024","5","BatchId:5277380;OriginalHitTemplateId:928390912;","3600","3600","Fri Dec 13 03:36:18 PST 2024","","","3B1NLC6UGHA46BEYM1XXFRWRNOLPG2","A38SYZRVLTMOFG","Approved","Fri Dec 06 03:37:03 PST 2024","Fri Dec 06 03:59:30 PST 2024","Fri Dec 06 04:59:30 PST 2024","Fri Dec 06 04:59:35 PST 2024","","","1347","100% (49/49)","100% (49/49)","100% (49/49)","spoken","محكي","منطوق","transformer","المحول","محول","embedding","تضمين","التضمين","seq2seq","نموذج تسلسل إلى تسلسل","seq2seq","structure","الهيكل","بنية","false","true","true","false","true","false","false","false","true","false","true","false","false","false","false","false","false","false","false","false"
"3EQVJH0T5HZDCF4MWMJYGHDVBLETHJ","3MRHU5294N3O7KAE1TUQJOAS6HI2AD","Ranking the Quality of AI Terminology Translation from English to Arabic","In this task, you will compare the quality of translations for scientific terms generated by two different methods. The input will include an English term, a context paragraph where the term is used, and its translations in Arabic.","Translation, AI Terminology, Multilingual, Ranking","$0.01","Fri Dec 06 03:36:18 PST 2024","5","BatchId:5277380;OriginalHitTemplateId:928390912;","3600","3600","Fri Dec 13 03:36:18 PST 2024","","","3YWRV122CAD251GCKPK3XK2S7M08U1","A3QIWEQXAGMGD","Approved","Fri Dec 06 04:37:16 PST 2024","Fri Dec 06 05:13:35 PST 2024","Fri Dec 06 06:13:35 PST 2024","Fri Dec 06 06:14:35 PST 2024","","","2179","100% (26/26)","100% (26/26)","100% (26/26)","spoken","محكي","منطوق","transformer","المحول","محول","embedding","تضمين","التضمين","seq2seq","نموذج تسلسل إلى تسلسل","seq2seq","structure","الهيكل","بنية","true","true","false","false","true","false","false","true","true","false","false","false","false","false","false","false","false","false","false","false"
"3EQVJH0T5HZDCF4MWMJYGHDVBLETHJ","3MRHU5294N3O7KAE1TUQJOAS6HI2AD","Ranking the Quality of AI Terminology Translation from English to Arabic","In this task, you will compare the quality of translations for scientific terms generated by two different methods. The input will include an English term, a context paragraph where the term is used, and its translations in Arabic.","Translation, AI Terminology, Multilingual, Ranking","$0.01","Fri Dec 06 03:36:18 PST 2024","5","BatchId:5277380;OriginalHitTemplateId:928390912;","3600","3600","Fri Dec 13 03:36:18 PST 2024","","","326O153BM0CXX0FHBXGEFUUQWRJDEF","A1L8EGJ85A7DZR","Approved","Fri Dec 06 05:38:32 PST 2024","Fri Dec 06 05:43:19 PST 2024","Fri Dec 06 06:43:19 PST 2024","Fri Dec 06 06:43:35 PST 2024","","","287","100% (27/27)","100% (27/27)","100% (27/27)","spoken","محكي","منطوق","transformer","المحول","محول","embedding","تضمين","التضمين","seq2seq","نموذج تسلسل إلى تسلسل","seq2seq","structure","الهيكل","بنية","false","true","true","false","true","false","false","false","true","false","true","false","false","false","false","false","false","false","false","false"
"3EQVJH0T5HZDCF4MWMJYGHDVBLETHJ","3MRHU5294N3O7KAE1TUQJOAS6HI2AD","Ranking the Quality of AI Terminology Translation from English to Arabic","In this task, you will compare the quality of translations for scientific terms generated by two different methods. The input will include an English term, a context paragraph where the term is used, and its translations in Arabic.","Translation, AI Terminology, Multilingual, Ranking","$0.01","Fri Dec 06 03:36:18 PST 2024","5","BatchId:5277380;OriginalHitTemplateId:928390912;","3600","3600","Fri Dec 13 03:36:18 PST 2024","","","3QBD8R3Z2JX69V9DC0IHH2UYNFN4OM","A2QX81MMC8KN80","Approved","Fri Dec 06 05:38:43 PST 2024","Fri Dec 06 06:05:12 PST 2024","Fri Dec 06 07:05:12 PST 2024","Fri Dec 06 07:05:35 PST 2024","","","1589","100% (22/22)","100% (22/22)","100% (22/22)","spoken","محكي","منطوق","transformer","المحول","محول","embedding","تضمين","التضمين","seq2seq","نموذج تسلسل إلى تسلسل","seq2seq","structure","الهيكل","بنية","false","false","false","false","false","true","false","false","true","false","false","true","true","false","true","false","false","false","false","false"
"3L60IFZKGKWN76DRWS292YA70RJHHX","3MRHU5294N3O7KAE1TUQJOAS6HI2AD","Ranking the Quality of AI Terminology Translation from English to Arabic","In this task, you will compare the quality of translations for scientific terms generated by two different methods. The input will include an English term, a context paragraph where the term is used, and its translations in Arabic.","Translation, AI Terminology, Multilingual, Ranking","$0.01","Fri Dec 06 03:36:18 PST 2024","5","BatchId:5277380;OriginalHitTemplateId:928390912;","3600","3600","Fri Dec 13 03:36:18 PST 2024","","","3ERMJ6L4DG6FSF6K1I1BSAP3JGRM70","A1G4DX33KADZA3","Approved","Fri Dec 06 03:37:45 PST 2024","Fri Dec 06 03:42:18 PST 2024","Fri Dec 06 04:42:18 PST 2024","Fri Dec 06 04:42:35 PST 2024","","","273","100% (21/21)","100% (21/21)","100% (21/21)","visual","بصري","مرئي","multitask","متعدد المهام","متعددة المهام","XLM","إكس إل إم","XLM","compositionality","التركيبية","نمذجة التركيبة","correlations","الارتباطات","ارتباطات","false","false","false","false","false","false","false","false","false","false","true","false","true","false","true","false","true","false","true","false"
"3L60IFZKGKWN76DRWS292YA70RJHHX","3MRHU5294N3O7KAE1TUQJOAS6HI2AD","Ranking the Quality of AI Terminology Translation from English to Arabic","In this task, you will compare the quality of translations for scientific terms generated by two different methods. The input will include an English term, a context paragraph where the term is used, and its translations in Arabic.","Translation, AI Terminology, Multilingual, Ranking","$0.01","Fri Dec 06 03:36:18 PST 2024","5","BatchId:5277380;OriginalHitTemplateId:928390912;","3600","3600","Fri Dec 13 03:36:18 PST 2024","","","3CN4LGXD5F2I39DFINRFJTS01OG4YP","ASVJ75M0TNT6Z","Approved","Fri Dec 06 03:37:50 PST 2024","Fri Dec 06 03:45:51 PST 2024","Fri Dec 06 04:45:51 PST 2024","Fri Dec 06 04:46:35 PST 2024","","","481","100% (25/25)","100% (25/25)","100% (25/25)","visual","بصري","مرئي","multitask","متعدد المهام","متعددة المهام","XLM","إكس إل إم","XLM","compositionality","التركيبية","نمذجة التركيبة","correlations","الارتباطات","ارتباطات","false","false","true","false","false","true","false","false","false","true","false","false","false","true","false","false","true","false","false","false"
"3L60IFZKGKWN76DRWS292YA70RJHHX","3MRHU5294N3O7KAE1TUQJOAS6HI2AD","Ranking the Quality of AI Terminology Translation from English to Arabic","In this task, you will compare the quality of translations for scientific terms generated by two different methods. The input will include an English term, a context paragraph where the term is used, and its translations in Arabic.","Translation, AI Terminology, Multilingual, Ranking","$0.01","Fri Dec 06 03:36:18 PST 2024","5","BatchId:5277380;OriginalHitTemplateId:928390912;","3600","3600","Fri Dec 13 03:36:18 PST 2024","","","3T3IWE1XGO1TBS1J6EBTEF1QIEFTQ6","A3OAFR48DADAOM","Approved","Fri Dec 06 03:37:36 PST 2024","Fri Dec 06 04:18:12 PST 2024","Fri Dec 06 05:18:12 PST 2024","Fri Dec 06 05:18:35 PST 2024","","","2436","100% (41/41)","100% (41/41)","100% (41/41)","visual","بصري","مرئي","multitask","متعدد المهام","متعددة المهام","XLM","إكس إل إم","XLM","compositionality","التركيبية","نمذجة التركيبة","correlations","الارتباطات","ارتباطات","true","true","false","false","true","false","false","true","true","false","false","false","false","false","false","false","false","false","false","false"
"3L60IFZKGKWN76DRWS292YA70RJHHX","3MRHU5294N3O7KAE1TUQJOAS6HI2AD","Ranking the Quality of AI Terminology Translation from English to Arabic","In this task, you will compare the quality of translations for scientific terms generated by two different methods. The input will include an English term, a context paragraph where the term is used, and its translations in Arabic.","Translation, AI Terminology, Multilingual, Ranking","$0.01","Fri Dec 06 03:36:18 PST 2024","5","BatchId:5277380;OriginalHitTemplateId:928390912;","3600","3600","Fri Dec 13 03:36:18 PST 2024","","","36PW28KO4HAZZTC5RNPCPTMKBOMEAE","A1L8EGJ85A7DZR","Approved","Fri Dec 06 05:38:53 PST 2024","Fri Dec 06 05:43:36 PST 2024","Fri Dec 06 06:43:36 PST 2024","Fri Dec 06 06:44:35 PST 2024","","","283","100% (27/27)","100% (27/27)","100% (27/27)","visual","بصري","مرئي","multitask","متعدد المهام","متعددة المهام","XLM","إكس إل إم","XLM","compositionality","التركيبية","نمذجة التركيبة","correlations","الارتباطات","ارتباطات","true","true","false","false","true","false","false","true","true","false","false","false","false","false","false","false","false","false","false","false"
"3L60IFZKGKWN76DRWS292YA70RJHHX","3MRHU5294N3O7KAE1TUQJOAS6HI2AD","Ranking the Quality of AI Terminology Translation from English to Arabic","In this task, you will compare the quality of translations for scientific terms generated by two different methods. The input will include an English term, a context paragraph where the term is used, and its translations in Arabic.","Translation, AI Terminology, Multilingual, Ranking","$0.01","Fri Dec 06 03:36:18 PST 2024","5","BatchId:5277380;OriginalHitTemplateId:928390912;","3600","3600","Fri Dec 13 03:36:18 PST 2024","","","3BXQMRHWKHCHQQIGEQUM223NRT4UMU","A2GJB7TBZM91Z4","Approved","Fri Dec 06 05:37:59 PST 2024","Fri Dec 06 05:54:40 PST 2024","Fri Dec 06 06:54:40 PST 2024","Fri Dec 06 06:55:35 PST 2024","","","1001","100% (23/23)","100% (23/23)","100% (23/23)","visual","بصري","مرئي","multitask","متعدد المهام","متعددة المهام","XLM","إكس إل إم","XLM","compositionality","التركيبية","نمذجة التركيبة","correlations","الارتباطات","ارتباطات","true","true","false","false","true","false","false","true","true","false","false","false","false","false","false","false","false","false","false","false"
"3JTPR5MT09Q2T3U41B4XQTN9NZWK5N","3MRHU5294N3O7KAE1TUQJOAS6HI2AD","Ranking the Quality of AI Terminology Translation from English to Arabic","In this task, you will compare the quality of translations for scientific terms generated by two different methods. The input will include an English term, a context paragraph where the term is used, and its translations in Arabic.","Translation, AI Terminology, Multilingual, Ranking","$0.01","Fri Dec 06 03:36:18 PST 2024","5","BatchId:5277380;OriginalHitTemplateId:928390912;","3600","3600","Fri Dec 13 03:36:18 PST 2024","","","3PEIJLRY6B75C66PNXBWV74IJBKXWX","ASVJ75M0TNT6Z","Approved","Fri Dec 06 03:37:17 PST 2024","Fri Dec 06 03:39:41 PST 2024","Fri Dec 06 04:39:41 PST 2024","Fri Dec 06 04:40:35 PST 2024","","","144","100% (25/25)","100% (25/25)","100% (25/25)","softmax","سوفتماكس","softmax","corpus","مجموعة نصوص","مجموعة","VALSE","فالس","VALSE","meaning","المعنى","معنى","ARENA","أرينا","ARENA","false","false","true","false","false","true","false","false","false","true","false","true","false","false","false","false","false","false","true","false"
"3JTPR5MT09Q2T3U41B4XQTN9NZWK5N","3MRHU5294N3O7KAE1TUQJOAS6HI2AD","Ranking the Quality of AI Terminology Translation from English to Arabic","In this task, you will compare the quality of translations for scientific terms generated by two different methods. The input will include an English term, a context paragraph where the term is used, and its translations in Arabic.","Translation, AI Terminology, Multilingual, Ranking","$0.01","Fri Dec 06 03:36:18 PST 2024","5","BatchId:5277380;OriginalHitTemplateId:928390912;","3600","3600","Fri Dec 13 03:36:18 PST 2024","","","3K9FOBBF2ZXKPIGMHDHLOUW4JQ6NLA","A3OAFR48DADAOM","Approved","Fri Dec 06 03:37:18 PST 2024","Fri Dec 06 04:16:36 PST 2024","Fri Dec 06 05:16:36 PST 2024","Fri Dec 06 05:17:35 PST 2024","","","2358","100% (41/41)","100% (41/41)","100% (41/41)","softmax","سوفتماكس","softmax","corpus","مجموعة نصوص","مجموعة","VALSE","فالس","VALSE","meaning","المعنى","معنى","ARENA","أرينا","ARENA","true","false","true","true","true","false","true","false","false","false","false","false","false","false","false","false","false","false","false","false"
"3JTPR5MT09Q2T3U41B4XQTN9NZWK5N","3MRHU5294N3O7KAE1TUQJOAS6HI2AD","Ranking the Quality of AI Terminology Translation from English to Arabic","In this task, you will compare the quality of translations for scientific terms generated by two different methods. The input will include an English term, a context paragraph where the term is used, and its translations in Arabic.","Translation, AI Terminology, Multilingual, Ranking","$0.01","Fri Dec 06 03:36:18 PST 2024","5","BatchId:5277380;OriginalHitTemplateId:928390912;","3600","3600","Fri Dec 13 03:36:18 PST 2024","","","3KWTYT087IHGZTAGDDLZUDWIS6E5LC","A39PWDRYNY2WM0","Approved","Fri Dec 06 04:38:40 PST 2024","Fri Dec 06 05:05:28 PST 2024","Fri Dec 06 06:05:28 PST 2024","Fri Dec 06 06:05:35 PST 2024","","","1608","100% (55/55)","100% (55/55)","100% (55/55)","softmax","سوفتماكس","softmax","corpus","مجموعة نصوص","مجموعة","VALSE","فالس","VALSE","meaning","المعنى","معنى","ARENA","أرينا","ARENA","true","false","true","true","true","false","true","false","false","false","false","false","false","false","false","false","false","false","false","false"
"3JTPR5MT09Q2T3U41B4XQTN9NZWK5N","3MRHU5294N3O7KAE1TUQJOAS6HI2AD","Ranking the Quality of AI Terminology Translation from English to Arabic","In this task, you will compare the quality of translations for scientific terms generated by two different methods. The input will include an English term, a context paragraph where the term is used, and its translations in Arabic.","Translation, AI Terminology, Multilingual, Ranking","$0.01","Fri Dec 06 03:36:18 PST 2024","5","BatchId:5277380;OriginalHitTemplateId:928390912;","3600","3600","Fri Dec 13 03:36:18 PST 2024","","","3U088ZLJV27XFG0EKLMPMTH79570WF","A1L8EGJ85A7DZR","Approved","Fri Dec 06 04:42:43 PST 2024","Fri Dec 06 05:09:48 PST 2024","Fri Dec 06 06:09:48 PST 2024","Fri Dec 06 06:10:35 PST 2024","","","1625","100% (27/27)","100% (27/27)","100% (27/27)","softmax","سوفتماكس","softmax","corpus","مجموعة نصوص","مجموعة","VALSE","فالس","VALSE","meaning","المعنى","معنى","ARENA","أرينا","ARENA","true","false","false","true","true","false","true","true","false","false","false","false","false","false","false","false","false","false","false","false"
"3JTPR5MT09Q2T3U41B4XQTN9NZWK5N","3MRHU5294N3O7KAE1TUQJOAS6HI2AD","Ranking the Quality of AI Terminology Translation from English to Arabic","In this task, you will compare the quality of translations for scientific terms generated by two different methods. The input will include an English term, a context paragraph where the term is used, and its translations in Arabic.","Translation, AI Terminology, Multilingual, Ranking","$0.01","Fri Dec 06 03:36:18 PST 2024","5","BatchId:5277380;OriginalHitTemplateId:928390912;","3600","3600","Fri Dec 13 03:36:18 PST 2024","","","3EICBYG64MAV3OVVP2WUS4P0GXMJCL","A3Q32FL0WWF4KZ","Approved","Fri Dec 06 04:36:58 PST 2024","Fri Dec 06 05:12:58 PST 2024","Fri Dec 06 06:12:58 PST 2024","Fri Dec 06 06:13:35 PST 2024","","","2160","100% (40/40)","100% (40/40)","100% (40/40)","softmax","سوفتماكس","softmax","corpus","مجموعة نصوص","مجموعة","VALSE","فالس","VALSE","meaning","المعنى","معنى","ARENA","أرينا","ARENA","true","false","false","true","false","false","true","true","false","true","false","false","false","false","false","false","false","false","false","false"
"3VIVIU06G1Q9VFPMT707UFJIHQXMI4","3MRHU5294N3O7KAE1TUQJOAS6HI2AD","Ranking the Quality of AI Terminology Translation from English to Arabic","In this task, you will compare the quality of translations for scientific terms generated by two different methods. The input will include an English term, a context paragraph where the term is used, and its translations in Arabic.","Translation, AI Terminology, Multilingual, Ranking","$0.01","Fri Dec 06 03:36:18 PST 2024","5","BatchId:5277380;OriginalHitTemplateId:928390912;","3600","3600","Fri Dec 13 03:36:18 PST 2024","","","3LBXNTKX099U0ATHUM14HNW7LAYX96","A2DAZGA8XO0RQ6","Approved","Fri Dec 06 03:36:54 PST 2024","Fri Dec 06 03:37:36 PST 2024","Fri Dec 06 04:37:36 PST 2024","Fri Dec 06 04:38:35 PST 2024","","","42","100% (12/12)","100% (12/12)","100% (12/12)","decoding","فك التشفير","فك تشفير","datasets","مجموعات البيانات","مجموعة بيانات","perplexity","الارتباك","حيرة","BSARD","بي إس إيه آر دي","BSARD","retrieved","المسترجع","مسترجع","false","false","false","false","false","true","false","true","false","true","false","true","false","true","false","false","false","false","false","false"
"3VIVIU06G1Q9VFPMT707UFJIHQXMI4","3MRHU5294N3O7KAE1TUQJOAS6HI2AD","Ranking the Quality of AI Terminology Translation from English to Arabic","In this task, you will compare the quality of translations for scientific terms generated by two different methods. The input will include an English term, a context paragraph where the term is used, and its translations in Arabic.","Translation, AI Terminology, Multilingual, Ranking","$0.01","Fri Dec 06 03:36:18 PST 2024","5","BatchId:5277380;OriginalHitTemplateId:928390912;","3600","3600","Fri Dec 13 03:36:18 PST 2024","","","3X65QVEQII11YEJVSN878J2SKMSLCQ","A3AHE81HVRXFCD","Approved","Fri Dec 06 03:37:26 PST 2024","Fri Dec 06 03:54:34 PST 2024","Fri Dec 06 04:54:34 PST 2024","Fri Dec 06 04:54:35 PST 2024","","","1028","100% (22/22)","100% (22/22)","100% (22/22)","decoding","فك التشفير","فك تشفير","datasets","مجموعات البيانات","مجموعة بيانات","perplexity","الارتباك","حيرة","BSARD","بي إس إيه آر دي","BSARD","retrieved","المسترجع","مسترجع","false","false","true","false","true","true","true","false","true","false","false","false","false","false","false","false","false","false","false","false"
"3VIVIU06G1Q9VFPMT707UFJIHQXMI4","3MRHU5294N3O7KAE1TUQJOAS6HI2AD","Ranking the Quality of AI Terminology Translation from English to Arabic","In this task, you will compare the quality of translations for scientific terms generated by two different methods. The input will include an English term, a context paragraph where the term is used, and its translations in Arabic.","Translation, AI Terminology, Multilingual, Ranking","$0.01","Fri Dec 06 03:36:18 PST 2024","5","BatchId:5277380;OriginalHitTemplateId:928390912;","3600","3600","Fri Dec 13 03:36:18 PST 2024","","","35GCEFQ6IN2XQ34GEVOFNV9WTIO3ZU","A2D6SB3TU1NYQ7","Approved","Fri Dec 06 03:37:31 PST 2024","Fri Dec 06 04:20:48 PST 2024","Fri Dec 06 05:20:48 PST 2024","Fri Dec 06 05:21:35 PST 2024","","","2597","100% (45/45)","100% (45/45)","100% (45/45)","decoding","فك التشفير","فك تشفير","datasets","مجموعات البيانات","مجموعة بيانات","perplexity","الارتباك","حيرة","BSARD","بي إس إيه آر دي","BSARD","retrieved","المسترجع","مسترجع","true","true","true","true","true","false","false","false","false","false","false","false","false","false","false","false","false","false","false","false"
"3VIVIU06G1Q9VFPMT707UFJIHQXMI4","3MRHU5294N3O7KAE1TUQJOAS6HI2AD","Ranking the Quality of AI Terminology Translation from English to Arabic","In this task, you will compare the quality of translations for scientific terms generated by two different methods. The input will include an English term, a context paragraph where the term is used, and its translations in Arabic.","Translation, AI Terminology, Multilingual, Ranking","$0.01","Fri Dec 06 03:36:18 PST 2024","5","BatchId:5277380;OriginalHitTemplateId:928390912;","3600","3600","Fri Dec 13 03:36:18 PST 2024","","","379J5II416UGVC39OEE2Y72V5Y5LEJ","AS0K8SAHI5SQD","Approved","Fri Dec 06 03:37:27 PST 2024","Fri Dec 06 04:34:13 PST 2024","Fri Dec 06 05:34:13 PST 2024","Fri Dec 06 05:34:35 PST 2024","","","3406","100% (13/13)","100% (13/13)","100% (13/13)","decoding","فك التشفير","فك تشفير","datasets","مجموعات البيانات","مجموعة بيانات","perplexity","الارتباك","حيرة","BSARD","بي إس إيه آر دي","BSARD","retrieved","المسترجع","مسترجع","true","false","false","true","true","false","true","true","false","false","false","false","false","false","false","false","false","false","false","false"
"3VIVIU06G1Q9VFPMT707UFJIHQXMI4","3MRHU5294N3O7KAE1TUQJOAS6HI2AD","Ranking the Quality of AI Terminology Translation from English to Arabic","In this task, you will compare the quality of translations for scientific terms generated by two different methods. The input will include an English term, a context paragraph where the term is used, and its translations in Arabic.","Translation, AI Terminology, Multilingual, Ranking","$0.01","Fri Dec 06 03:36:18 PST 2024","5","BatchId:5277380;OriginalHitTemplateId:928390912;","3600","3600","Fri Dec 13 03:36:18 PST 2024","","","3LEP4MGT3YEZQX3X16EOEMO5TSQBDT","A3QIWEQXAGMGD","Approved","Fri Dec 06 04:37:12 PST 2024","Fri Dec 06 05:13:13 PST 2024","Fri Dec 06 06:13:13 PST 2024","Fri Dec 06 06:13:35 PST 2024","","","2161","100% (26/26)","100% (26/26)","100% (26/26)","decoding","فك التشفير","فك تشفير","datasets","مجموعات البيانات","مجموعة بيانات","perplexity","الارتباك","حيرة","BSARD","بي إس إيه آر دي","BSARD","retrieved","المسترجع","مسترجع","true","false","true","true","true","false","true","false","false","false","false","false","false","false","false","false","false","false","false","false"
"3VW0145YMFQ5QQ9SBPL76GYIU5MMJG","3MRHU5294N3O7KAE1TUQJOAS6HI2AD","Ranking the Quality of AI Terminology Translation from English to Arabic","In this task, you will compare the quality of translations for scientific terms generated by two different methods. The input will include an English term, a context paragraph where the term is used, and its translations in Arabic.","Translation, AI Terminology, Multilingual, Ranking","$0.01","Fri Dec 06 03:36:18 PST 2024","5","BatchId:5277380;OriginalHitTemplateId:928390912;","3600","3600","Fri Dec 13 03:36:18 PST 2024","","","3H0W84IWB2GRYAYMTYBYKJBUBQUREF","A1G4DX33KADZA3","Approved","Fri Dec 06 03:37:36 PST 2024","Fri Dec 06 03:42:04 PST 2024","Fri Dec 06 04:42:04 PST 2024","Fri Dec 06 04:42:35 PST 2024","","","268","100% (21/21)","100% (21/21)","100% (21/21)","tokens","الرموز","رموز","annotators","المُعَلِّقون","المعلقين","edit","تعديل","تحرير","news","أخبار","الأخبار","adversarial","خصمي","عدائي","false","false","false","false","false","false","false","false","false","false","true","false","true","false","true","false","true","false","true","false"
"3VW0145YMFQ5QQ9SBPL76GYIU5MMJG","3MRHU5294N3O7KAE1TUQJOAS6HI2AD","Ranking the Quality of AI Terminology Translation from English to Arabic","In this task, you will compare the quality of translations for scientific terms generated by two different methods. The input will include an English term, a context paragraph where the term is used, and its translations in Arabic.","Translation, AI Terminology, Multilingual, Ranking","$0.01","Fri Dec 06 03:36:18 PST 2024","5","BatchId:5277380;OriginalHitTemplateId:928390912;","3600","3600","Fri Dec 13 03:36:18 PST 2024","","","3LRLIPTPE8N2LT4FN90FNOZPVJ2KAK","A9M8N3BOH6013","Approved","Fri Dec 06 03:37:06 PST 2024","Fri Dec 06 03:47:50 PST 2024","Fri Dec 06 04:47:50 PST 2024","Fri Dec 06 04:48:35 PST 2024","","","644","100% (44/44)","100% (44/44)","100% (44/44)","tokens","الرموز","رموز","annotators","المُعَلِّقون","المعلقين","edit","تعديل","تحرير","news","أخبار","الأخبار","adversarial","خصمي","عدائي","true","false","true","false","false","false","true","false","false","false","false","false","false","true","true","false","false","false","false","false"
"3VW0145YMFQ5QQ9SBPL76GYIU5MMJG","3MRHU5294N3O7KAE1TUQJOAS6HI2AD","Ranking the Quality of AI Terminology Translation from English to Arabic","In this task, you will compare the quality of translations for scientific terms generated by two different methods. The input will include an English term, a context paragraph where the term is used, and its translations in Arabic.","Translation, AI Terminology, Multilingual, Ranking","$0.01","Fri Dec 06 03:36:18 PST 2024","5","BatchId:5277380;OriginalHitTemplateId:928390912;","3600","3600","Fri Dec 13 03:36:18 PST 2024","","","3C2NJ6JBKSVEOWUE77ZG9YXVDQF2N0","A3IG9HHR3NL9R0","Approved","Fri Dec 06 03:37:00 PST 2024","Fri Dec 06 03:54:44 PST 2024","Fri Dec 06 04:54:44 PST 2024","Fri Dec 06 04:55:35 PST 2024","","","1064","100% (50/50)","100% (50/50)","100% (50/50)","tokens","الرموز","رموز","annotators","المُعَلِّقون","المعلقين","edit","تعديل","تحرير","news","أخبار","الأخبار","adversarial","خصمي","عدائي","true","false","true","true","false","false","true","false","false","false","false","false","false","false","true","false","false","false","false","false"
"3VW0145YMFQ5QQ9SBPL76GYIU5MMJG","3MRHU5294N3O7KAE1TUQJOAS6HI2AD","Ranking the Quality of AI Terminology Translation from English to Arabic","In this task, you will compare the quality of translations for scientific terms generated by two different methods. The input will include an English term, a context paragraph where the term is used, and its translations in Arabic.","Translation, AI Terminology, Multilingual, Ranking","$0.01","Fri Dec 06 03:36:18 PST 2024","5","BatchId:5277380;OriginalHitTemplateId:928390912;","3600","3600","Fri Dec 13 03:36:18 PST 2024","","","3LJ7UR74RZRORA91BLI42DUTX4C4NZ","AG9MLSV2QCVD4","Approved","Fri Dec 06 03:37:44 PST 2024","Fri Dec 06 04:19:54 PST 2024","Fri Dec 06 05:19:54 PST 2024","Fri Dec 06 05:20:35 PST 2024","","","2530","100% (24/24)","100% (24/24)","100% (24/24)","tokens","الرموز","رموز","annotators","المُعَلِّقون","المعلقين","edit","تعديل","تحرير","news","أخبار","الأخبار","adversarial","خصمي","عدائي","true","false","true","true","false","false","true","false","false","false","false","false","false","false","true","false","false","false","false","false"
"3VW0145YMFQ5QQ9SBPL76GYIU5MMJG","3MRHU5294N3O7KAE1TUQJOAS6HI2AD","Ranking the Quality of AI Terminology Translation from English to Arabic","In this task, you will compare the quality of translations for scientific terms generated by two different methods. The input will include an English term, a context paragraph where the term is used, and its translations in Arabic.","Translation, AI Terminology, Multilingual, Ranking","$0.01","Fri Dec 06 03:36:18 PST 2024","5","BatchId:5277380;OriginalHitTemplateId:928390912;","3600","3600","Fri Dec 13 03:36:18 PST 2024","","","308XBLVES0ITR7M2J798JB598TGRBE","A2YVLMI4PRDECY","Approved","Fri Dec 06 03:36:46 PST 2024","Fri Dec 06 04:35:03 PST 2024","Fri Dec 06 05:35:03 PST 2024","Fri Dec 06 05:35:35 PST 2024","","","3497","100% (32/32)","100% (32/32)","100% (32/32)","tokens","الرموز","رموز","annotators","المُعَلِّقون","المعلقين","edit","تعديل","تحرير","news","أخبار","الأخبار","adversarial","خصمي","عدائي","true","false","true","true","false","false","true","false","false","false","false","false","false","false","true","false","false","false","false","false"
"3BCRDCM0PU8YC7UI6UE2IZ19JU7K63","3MRHU5294N3O7KAE1TUQJOAS6HI2AD","Ranking the Quality of AI Terminology Translation from English to Arabic","In this task, you will compare the quality of translations for scientific terms generated by two different methods. The input will include an English term, a context paragraph where the term is used, and its translations in Arabic.","Translation, AI Terminology, Multilingual, Ranking","$0.01","Fri Dec 06 03:36:19 PST 2024","5","BatchId:5277380;OriginalHitTemplateId:928390912;","3600","3600","Fri Dec 13 03:36:19 PST 2024","","","3ZSY5X72NFPDA1BBNCEUPV58FS0ROJ","A158IFJD0BERSB","Approved","Fri Dec 06 03:37:40 PST 2024","Fri Dec 06 03:40:13 PST 2024","Fri Dec 06 04:40:13 PST 2024","Fri Dec 06 04:40:35 PST 2024","","","153","100% (6/6)","100% (6/6)","100% (6/6)","sentiment","المشاعر","شعور","contexts","السياقات","سياقات","Hence","وبالتالي","ومن ثم","predicates","المحمولات","الفرضيات","learning","التعلم","تعلم","false","false","false","false","true","true","false","true","false","false","false","false","false","false","false","false","true","false","true","false"
"3BCRDCM0PU8YC7UI6UE2IZ19JU7K63","3MRHU5294N3O7KAE1TUQJOAS6HI2AD","Ranking the Quality of AI Terminology Translation from English to Arabic","In this task, you will compare the quality of translations for scientific terms generated by two different methods. The input will include an English term, a context paragraph where the term is used, and its translations in Arabic.","Translation, AI Terminology, Multilingual, Ranking","$0.01","Fri Dec 06 03:36:19 PST 2024","5","BatchId:5277380;OriginalHitTemplateId:928390912;","3600","3600","Fri Dec 13 03:36:19 PST 2024","","","3MYYFCXHJLLIHISFOH59CTLWWSQ4GR","ASVJ75M0TNT6Z","Approved","Fri Dec 06 03:37:41 PST 2024","Fri Dec 06 03:45:20 PST 2024","Fri Dec 06 04:45:20 PST 2024","Fri Dec 06 04:45:35 PST 2024","","","459","100% (25/25)","100% (25/25)","100% (25/25)","sentiment","المشاعر","شعور","contexts","السياقات","سياقات","Hence","وبالتالي","ومن ثم","predicates","المحمولات","الفرضيات","learning","التعلم","تعلم","false","false","true","false","false","true","false","false","false","true","false","true","false","false","false","false","false","false","true","false"
"3BCRDCM0PU8YC7UI6UE2IZ19JU7K63","3MRHU5294N3O7KAE1TUQJOAS6HI2AD","Ranking the Quality of AI Terminology Translation from English to Arabic","In this task, you will compare the quality of translations for scientific terms generated by two different methods. The input will include an English term, a context paragraph where the term is used, and its translations in Arabic.","Translation, AI Terminology, Multilingual, Ranking","$0.01","Fri Dec 06 03:36:19 PST 2024","5","BatchId:5277380;OriginalHitTemplateId:928390912;","3600","3600","Fri Dec 13 03:36:19 PST 2024","","","39PAAFCOD4ELG0X0SD53K20YZ6UTV0","A38SYZRVLTMOFG","Approved","Fri Dec 06 03:37:39 PST 2024","Fri Dec 06 04:03:31 PST 2024","Fri Dec 06 05:03:31 PST 2024","Fri Dec 06 05:03:35 PST 2024","","","1552","100% (49/49)","100% (49/49)","100% (49/49)","sentiment","المشاعر","شعور","contexts","السياقات","سياقات","Hence","وبالتالي","ومن ثم","predicates","المحمولات","الفرضيات","learning","التعلم","تعلم","true","true","true","false","true","false","false","false","false","false","false","false","false","false","false","false","false","false","true","false"
"3BCRDCM0PU8YC7UI6UE2IZ19JU7K63","3MRHU5294N3O7KAE1TUQJOAS6HI2AD","Ranking the Quality of AI Terminology Translation from English to Arabic","In this task, you will compare the quality of translations for scientific terms generated by two different methods. The input will include an English term, a context paragraph where the term is used, and its translations in Arabic.","Translation, AI Terminology, Multilingual, Ranking","$0.01","Fri Dec 06 03:36:19 PST 2024","5","BatchId:5277380;OriginalHitTemplateId:928390912;","3600","3600","Fri Dec 13 03:36:19 PST 2024","","","36DSNE9QZNCWCDSYF75LN4JH5B6JOJ","A2MZEUP2ECO1AI","Approved","Fri Dec 06 04:37:57 PST 2024","Fri Dec 06 05:28:31 PST 2024","Fri Dec 06 06:28:31 PST 2024","Fri Dec 06 06:28:35 PST 2024","","","3034","100% (34/34)","100% (34/34)","100% (34/34)","sentiment","المشاعر","شعور","contexts","السياقات","سياقات","Hence","وبالتالي","ومن ثم","predicates","المحمولات","الفرضيات","learning","التعلم","تعلم","true","true","true","false","true","false","false","false","true","false","false","false","false","false","false","false","false","false","false","false"
"3BCRDCM0PU8YC7UI6UE2IZ19JU7K63","3MRHU5294N3O7KAE1TUQJOAS6HI2AD","Ranking the Quality of AI Terminology Translation from English to Arabic","In this task, you will compare the quality of translations for scientific terms generated by two different methods. The input will include an English term, a context paragraph where the term is used, and its translations in Arabic.","Translation, AI Terminology, Multilingual, Ranking","$0.01","Fri Dec 06 03:36:19 PST 2024","5","BatchId:5277380;OriginalHitTemplateId:928390912;","3600","3600","Fri Dec 13 03:36:19 PST 2024","","","33JKGHPFYU84V0Y7HPI0O7BTJW3MNK","A19I2ZK220NTAE","Approved","Fri Dec 06 05:38:11 PST 2024","Fri Dec 06 05:48:20 PST 2024","Fri Dec 06 06:48:20 PST 2024","Fri Dec 06 06:48:35 PST 2024","","","609","100% (32/32)","100% (32/32)","100% (32/32)","sentiment","المشاعر","شعور","contexts","السياقات","سياقات","Hence","وبالتالي","ومن ثم","predicates","المحمولات","الفرضيات","learning","التعلم","تعلم","true","true","true","false","true","false","false","false","false","false","false","false","false","false","false","false","false","false","true","false"
"3126F2F5GPH30DKDP428Q4FLU21PEU","3MRHU5294N3O7KAE1TUQJOAS6HI2AD","Ranking the Quality of AI Terminology Translation from English to Arabic","In this task, you will compare the quality of translations for scientific terms generated by two different methods. The input will include an English term, a context paragraph where the term is used, and its translations in Arabic.","Translation, AI Terminology, Multilingual, Ranking","$0.01","Fri Dec 06 03:36:19 PST 2024","5","BatchId:5277380;OriginalHitTemplateId:928390912;","3600","3600","Fri Dec 13 03:36:19 PST 2024","","","3ZPBJO59K7F9HA6J1YOK0XR3O5VDHB","ASVJ75M0TNT6Z","Approved","Fri Dec 06 03:37:09 PST 2024","Fri Dec 06 03:37:59 PST 2024","Fri Dec 06 04:37:59 PST 2024","Fri Dec 06 04:38:35 PST 2024","","","50","100% (25/25)","100% (25/25)","100% (25/25)","ablation","دراسة الاجتثاث","استئصال","XLNet","إكس إل نت","XLNet","semantics","الدلالات","دلالات","modalities","الأنماط","طرائق","weights","الأوزان","أوزان","false","false","false","false","false","false","true","false","true","false","true","false","true","false","true","false","false","false","false","false"
"3126F2F5GPH30DKDP428Q4FLU21PEU","3MRHU5294N3O7KAE1TUQJOAS6HI2AD","Ranking the Quality of AI Terminology Translation from English to Arabic","In this task, you will compare the quality of translations for scientific terms generated by two different methods. The input will include an English term, a context paragraph where the term is used, and its translations in Arabic.","Translation, AI Terminology, Multilingual, Ranking","$0.01","Fri Dec 06 03:36:19 PST 2024","5","BatchId:5277380;OriginalHitTemplateId:928390912;","3600","3600","Fri Dec 13 03:36:19 PST 2024","","","3K2755HG5AHP3EFD680KXCFQ8QIDFD","A198MZX1B7ZOPY","Approved","Fri Dec 06 03:37:08 PST 2024","Fri Dec 06 03:42:50 PST 2024","Fri Dec 06 04:42:50 PST 2024","Fri Dec 06 04:43:35 PST 2024","","","342","100% (17/17)","100% (17/17)","100% (17/17)","ablation","دراسة الاجتثاث","استئصال","XLNet","إكس إل نت","XLNet","semantics","الدلالات","دلالات","modalities","الأنماط","طرائق","weights","الأوزان","أوزان","true","false","true","false","false","false","true","false","true","true","false","false","false","false","false","false","false","false","false","false"
"3126F2F5GPH30DKDP428Q4FLU21PEU","3MRHU5294N3O7KAE1TUQJOAS6HI2AD","Ranking the Quality of AI Terminology Translation from English to Arabic","In this task, you will compare the quality of translations for scientific terms generated by two different methods. The input will include an English term, a context paragraph where the term is used, and its translations in Arabic.","Translation, AI Terminology, Multilingual, Ranking","$0.01","Fri Dec 06 03:36:19 PST 2024","5","BatchId:5277380;OriginalHitTemplateId:928390912;","3600","3600","Fri Dec 13 03:36:19 PST 2024","","","3GGAI1SQEDCL4W1GSZ9M8WHHKRICMJ","A14ICQPNQ6RZXB","Approved","Fri Dec 06 03:36:58 PST 2024","Fri Dec 06 03:43:48 PST 2024","Fri Dec 06 04:43:48 PST 2024","Fri Dec 06 04:44:35 PST 2024","","","410","100% (9/9)","100% (9/9)","100% (9/9)","ablation","دراسة الاجتثاث","استئصال","XLNet","إكس إل نت","XLNet","semantics","الدلالات","دلالات","modalities","الأنماط","طرائق","weights","الأوزان","أوزان","true","false","false","false","true","false","true","false","true","false","false","false","true","false","false","false","false","false","false","false"
"3126F2F5GPH30DKDP428Q4FLU21PEU","3MRHU5294N3O7KAE1TUQJOAS6HI2AD","Ranking the Quality of AI Terminology Translation from English to Arabic","In this task, you will compare the quality of translations for scientific terms generated by two different methods. The input will include an English term, a context paragraph where the term is used, and its translations in Arabic.","Translation, AI Terminology, Multilingual, Ranking","$0.01","Fri Dec 06 03:36:19 PST 2024","5","BatchId:5277380;OriginalHitTemplateId:928390912;","3600","3600","Fri Dec 13 03:36:19 PST 2024","","","3DYGAII7P3MVJ08CPX29950TTBUPQX","A2P8U65V6NL7B5","Approved","Fri Dec 06 03:37:07 PST 2024","Fri Dec 06 03:49:43 PST 2024","Fri Dec 06 04:49:43 PST 2024","Fri Dec 06 04:50:35 PST 2024","","","756","100% (49/49)","100% (49/49)","100% (49/49)","ablation","دراسة الاجتثاث","استئصال","XLNet","إكس إل نت","XLNet","semantics","الدلالات","دلالات","modalities","الأنماط","طرائق","weights","الأوزان","أوزان","false","true","true","true","true","false","false","false","false","false","true","false","false","false","false","false","false","false","false","false"
"3126F2F5GPH30DKDP428Q4FLU21PEU","3MRHU5294N3O7KAE1TUQJOAS6HI2AD","Ranking the Quality of AI Terminology Translation from English to Arabic","In this task, you will compare the quality of translations for scientific terms generated by two different methods. The input will include an English term, a context paragraph where the term is used, and its translations in Arabic.","Translation, AI Terminology, Multilingual, Ranking","$0.01","Fri Dec 06 03:36:19 PST 2024","5","BatchId:5277380;OriginalHitTemplateId:928390912;","3600","3600","Fri Dec 13 03:36:19 PST 2024","","","3KOPY89HMQG7QOZCW9LTZ1L6ALHJ3X","A3QIWEQXAGMGD","Approved","Fri Dec 06 04:37:39 PST 2024","Fri Dec 06 05:14:44 PST 2024","Fri Dec 06 06:14:44 PST 2024","Fri Dec 06 06:15:35 PST 2024","","","2225","100% (26/26)","100% (26/26)","100% (26/26)","ablation","دراسة الاجتثاث","استئصال","XLNet","إكس إل نت","XLNet","semantics","الدلالات","دلالات","modalities","الأنماط","طرائق","weights","الأوزان","أوزان","false","true","true","true","true","false","false","false","false","false","true","false","false","false","false","false","false","false","false","false"
"3TFJJUELTY3SB8ZTRFL1437PYGWC21","3MRHU5294N3O7KAE1TUQJOAS6HI2AD","Ranking the Quality of AI Terminology Translation from English to Arabic","In this task, you will compare the quality of translations for scientific terms generated by two different methods. The input will include an English term, a context paragraph where the term is used, and its translations in Arabic.","Translation, AI Terminology, Multilingual, Ranking","$0.01","Fri Dec 06 03:36:19 PST 2024","5","BatchId:5277380;OriginalHitTemplateId:928390912;","3600","3600","Fri Dec 13 03:36:19 PST 2024","","","3LJ7UR74RZRORA91BLI42DUTX4BN4H","ASVJ75M0TNT6Z","Approved","Fri Dec 06 03:37:10 PST 2024","Fri Dec 06 03:38:12 PST 2024","Fri Dec 06 04:38:12 PST 2024","Fri Dec 06 04:38:35 PST 2024","","","62","100% (25/25)","100% (25/25)","100% (25/25)","Clustering","التجميع","تجميع","language","لغة","اللغة","encoders","المشفرات","مشفرو","coreference","الإحالة المرجعية","مراجع مشترك","monolingual","أحادي اللغة","أحاديّ اللغة","false","false","false","false","false","true","false","true","false","false","false","true","false","false","true","false","false","false","true","false"
"3TFJJUELTY3SB8ZTRFL1437PYGWC21","3MRHU5294N3O7KAE1TUQJOAS6HI2AD","Ranking the Quality of AI Terminology Translation from English to Arabic","In this task, you will compare the quality of translations for scientific terms generated by two different methods. The input will include an English term, a context paragraph where the term is used, and its translations in Arabic.","Translation, AI Terminology, Multilingual, Ranking","$0.01","Fri Dec 06 03:36:19 PST 2024","5","BatchId:5277380;OriginalHitTemplateId:928390912;","3600","3600","Fri Dec 13 03:36:19 PST 2024","","","3IXQG4FA2BCNN7QGPQ9MSQ5F27BB9C","AC4I7XU10MQXK","Approved","Fri Dec 06 03:37:11 PST 2024","Fri Dec 06 04:06:56 PST 2024","Fri Dec 06 05:06:56 PST 2024","Fri Dec 06 05:07:35 PST 2024","","","1785","100% (58/58)","100% (58/58)","100% (58/58)","Clustering","التجميع","تجميع","language","لغة","اللغة","encoders","المشفرات","مشفرو","coreference","الإحالة المرجعية","مراجع مشترك","monolingual","أحادي اللغة","أحاديّ اللغة","true","false","false","true","true","false","false","true","false","false","false","true","false","false","false","false","false","false","false","false"
"3TFJJUELTY3SB8ZTRFL1437PYGWC21","3MRHU5294N3O7KAE1TUQJOAS6HI2AD","Ranking the Quality of AI Terminology Translation from English to Arabic","In this task, you will compare the quality of translations for scientific terms generated by two different methods. The input will include an English term, a context paragraph where the term is used, and its translations in Arabic.","Translation, AI Terminology, Multilingual, Ranking","$0.01","Fri Dec 06 03:36:19 PST 2024","5","BatchId:5277380;OriginalHitTemplateId:928390912;","3600","3600","Fri Dec 13 03:36:19 PST 2024","","","3EO896NRAE9CP5X6BORKHEP44JNTJF","A13QHI6P2C910K","Approved","Fri Dec 06 03:37:34 PST 2024","Fri Dec 06 04:35:39 PST 2024","Fri Dec 06 05:35:39 PST 2024","Fri Dec 06 05:36:35 PST 2024","","","3485","100% (39/39)","100% (39/39)","100% (39/39)","Clustering","التجميع","تجميع","language","لغة","اللغة","encoders","المشفرات","مشفرو","coreference","الإحالة المرجعية","مراجع مشترك","monolingual","أحادي اللغة","أحاديّ اللغة","true","false","false","false","true","false","false","true","true","false","false","true","false","false","false","false","false","false","false","false"
"3TFJJUELTY3SB8ZTRFL1437PYGWC21","3MRHU5294N3O7KAE1TUQJOAS6HI2AD","Ranking the Quality of AI Terminology Translation from English to Arabic","In this task, you will compare the quality of translations for scientific terms generated by two different methods. The input will include an English term, a context paragraph where the term is used, and its translations in Arabic.","Translation, AI Terminology, Multilingual, Ranking","$0.01","Fri Dec 06 03:36:19 PST 2024","5","BatchId:5277380;OriginalHitTemplateId:928390912;","3600","3600","Fri Dec 13 03:36:19 PST 2024","","","3OJSZ2ATDAAHK8LE9JKPB8EHXL8752","A3Q32FL0WWF4KZ","Approved","Fri Dec 06 04:45:52 PST 2024","Fri Dec 06 05:18:36 PST 2024","Fri Dec 06 06:18:36 PST 2024","Fri Dec 06 06:19:35 PST 2024","","","1964","100% (40/40)","100% (40/40)","100% (40/40)","Clustering","التجميع","تجميع","language","لغة","اللغة","encoders","المشفرات","مشفرو","coreference","الإحالة المرجعية","مراجع مشترك","monolingual","أحادي اللغة","أحاديّ اللغة","true","false","false","true","true","false","true","true","false","false","false","false","false","false","false","false","false","false","false","false"
"3TFJJUELTY3SB8ZTRFL1437PYGWC21","3MRHU5294N3O7KAE1TUQJOAS6HI2AD","Ranking the Quality of AI Terminology Translation from English to Arabic","In this task, you will compare the quality of translations for scientific terms generated by two different methods. The input will include an English term, a context paragraph where the term is used, and its translations in Arabic.","Translation, AI Terminology, Multilingual, Ranking","$0.01","Fri Dec 06 03:36:19 PST 2024","5","BatchId:5277380;OriginalHitTemplateId:928390912;","3600","3600","Fri Dec 13 03:36:19 PST 2024","","","3DY46V3X37W2X47VLQ5SDO0L6F655E","A3OAFR48DADAOM","Approved","Fri Dec 06 05:37:38 PST 2024","Fri Dec 06 06:03:54 PST 2024","Fri Dec 06 07:03:54 PST 2024","Fri Dec 06 07:04:35 PST 2024","","","1576","100% (41/41)","100% (41/41)","100% (41/41)","Clustering","التجميع","تجميع","language","لغة","اللغة","encoders","المشفرات","مشفرو","coreference","الإحالة المرجعية","مراجع مشترك","monolingual","أحادي اللغة","أحاديّ اللغة","true","true","false","false","true","false","false","true","true","false","false","false","false","false","false","false","false","false","false","false"
"3KVQ0UJWQEZTO3OLQPN0E4H4A65W5V","3MRHU5294N3O7KAE1TUQJOAS6HI2AD","Ranking the Quality of AI Terminology Translation from English to Arabic","In this task, you will compare the quality of translations for scientific terms generated by two different methods. The input will include an English term, a context paragraph where the term is used, and its translations in Arabic.","Translation, AI Terminology, Multilingual, Ranking","$0.01","Fri Dec 06 03:36:19 PST 2024","5","BatchId:5277380;OriginalHitTemplateId:928390912;","3600","3600","Fri Dec 13 03:36:19 PST 2024","","","3OJSZ2ATDAAHK8LE9JKPB8EHXL275W","A3MF0MGWJJZ794","Approved","Fri Dec 06 03:37:44 PST 2024","Fri Dec 06 03:41:54 PST 2024","Fri Dec 06 04:41:54 PST 2024","Fri Dec 06 04:42:35 PST 2024","","","250","100% (9/9)","100% (9/9)","100% (9/9)","generated","الذي تم توليده","الناشئة","BIO","ترميز BIO","BIO","interpretable","قابل للتفسير","قابلةٍ للتفسير","Architectures","الهياكل","هياكل","parsing","التحليل النحوي","تحليل","false","false","false","false","false","false","true","false","true","false","true","false","false","false","true","false","false","true","false","false"
"3KVQ0UJWQEZTO3OLQPN0E4H4A65W5V","3MRHU5294N3O7KAE1TUQJOAS6HI2AD","Ranking the Quality of AI Terminology Translation from English to Arabic","In this task, you will compare the quality of translations for scientific terms generated by two different methods. The input will include an English term, a context paragraph where the term is used, and its translations in Arabic.","Translation, AI Terminology, Multilingual, Ranking","$0.01","Fri Dec 06 03:36:19 PST 2024","5","BatchId:5277380;OriginalHitTemplateId:928390912;","3600","3600","Fri Dec 13 03:36:19 PST 2024","","","3IXEICO79KX01AIZR5XV8AKZID3T69","AS0K8SAHI5SQD","Approved","Fri Dec 06 03:37:27 PST 2024","Fri Dec 06 04:34:33 PST 2024","Fri Dec 06 05:34:33 PST 2024","Fri Dec 06 05:34:35 PST 2024","","","3426","100% (13/13)","100% (13/13)","100% (13/13)","generated","الذي تم توليده","الناشئة","BIO","ترميز BIO","BIO","interpretable","قابل للتفسير","قابلةٍ للتفسير","Architectures","الهياكل","هياكل","parsing","التحليل النحوي","تحليل","false","true","false","true","false","true","false","true","false","true","false","false","false","false","false","false","false","false","false","false"
"3KVQ0UJWQEZTO3OLQPN0E4H4A65W5V","3MRHU5294N3O7KAE1TUQJOAS6HI2AD","Ranking the Quality of AI Terminology Translation from English to Arabic","In this task, you will compare the quality of translations for scientific terms generated by two different methods. The input will include an English term, a context paragraph where the term is used, and its translations in Arabic.","Translation, AI Terminology, Multilingual, Ranking","$0.01","Fri Dec 06 03:36:19 PST 2024","5","BatchId:5277380;OriginalHitTemplateId:928390912;","3600","3600","Fri Dec 13 03:36:19 PST 2024","","","3NQL1CS159MHXMWU2JS2SJSDE8CYVU","A13QHI6P2C910K","Approved","Fri Dec 06 03:37:34 PST 2024","Fri Dec 06 04:35:58 PST 2024","Fri Dec 06 05:35:58 PST 2024","Fri Dec 06 05:36:35 PST 2024","","","3504","100% (39/39)","100% (39/39)","100% (39/39)","generated","الذي تم توليده","الناشئة","BIO","ترميز BIO","BIO","interpretable","قابل للتفسير","قابلةٍ للتفسير","Architectures","الهياكل","هياكل","parsing","التحليل النحوي","تحليل","false","false","false","true","false","true","false","true","false","true","false","true","false","false","false","false","false","false","false","false"
"3KVQ0UJWQEZTO3OLQPN0E4H4A65W5V","3MRHU5294N3O7KAE1TUQJOAS6HI2AD","Ranking the Quality of AI Terminology Translation from English to Arabic","In this task, you will compare the quality of translations for scientific terms generated by two different methods. The input will include an English term, a context paragraph where the term is used, and its translations in Arabic.","Translation, AI Terminology, Multilingual, Ranking","$0.01","Fri Dec 06 03:36:19 PST 2024","5","BatchId:5277380;OriginalHitTemplateId:928390912;","3600","3600","Fri Dec 13 03:36:19 PST 2024","","","30H4UDGLTKW4YLAKX4VSSWGOJB7MPJ","A28SLGT2GKXKT7","Approved","Fri Dec 06 04:42:01 PST 2024","Fri Dec 06 04:44:07 PST 2024","Fri Dec 06 05:44:07 PST 2024","Fri Dec 06 05:44:35 PST 2024","","","126","100% (1/1)","100% (1/1)","100% (1/1)","generated","الذي تم توليده","الناشئة","BIO","ترميز BIO","BIO","interpretable","قابل للتفسير","قابلةٍ للتفسير","Architectures","الهياكل","هياكل","parsing","التحليل النحوي","تحليل","false","false","false","false","false","true","false","false","false","false","false","true","false","true","true","false","false","false","false","false"
"3KVQ0UJWQEZTO3OLQPN0E4H4A65W5V","3MRHU5294N3O7KAE1TUQJOAS6HI2AD","Ranking the Quality of AI Terminology Translation from English to Arabic","In this task, you will compare the quality of translations for scientific terms generated by two different methods. The input will include an English term, a context paragraph where the term is used, and its translations in Arabic.","Translation, AI Terminology, Multilingual, Ranking","$0.01","Fri Dec 06 03:36:19 PST 2024","5","BatchId:5277380;OriginalHitTemplateId:928390912;","3600","3600","Fri Dec 13 03:36:19 PST 2024","","","3XM0HYN6N2D6MXI7G679FOBFA86EPA","A3OAFR48DADAOM","Approved","Fri Dec 06 04:36:58 PST 2024","Fri Dec 06 05:35:48 PST 2024","Fri Dec 06 06:35:48 PST 2024","Fri Dec 06 06:36:35 PST 2024","","","3530","100% (41/41)","100% (41/41)","100% (41/41)","generated","الذي تم توليده","الناشئة","BIO","ترميز BIO","BIO","interpretable","قابل للتفسير","قابلةٍ للتفسير","Architectures","الهياكل","هياكل","parsing","التحليل النحوي","تحليل","false","true","false","true","false","true","false","true","false","true","false","false","false","false","false","false","false","false","false","false"
"3JYPJ2TAZZMV6RK9KFME8M0L63GPFC","3MRHU5294N3O7KAE1TUQJOAS6HI2AD","Ranking the Quality of AI Terminology Translation from English to Arabic","In this task, you will compare the quality of translations for scientific terms generated by two different methods. The input will include an English term, a context paragraph where the term is used, and its translations in Arabic.","Translation, AI Terminology, Multilingual, Ranking","$0.01","Fri Dec 06 03:36:19 PST 2024","5","BatchId:5277380;OriginalHitTemplateId:928390912;","3600","3600","Fri Dec 13 03:36:19 PST 2024","","","3300DTYQTKVRM9JMGJMYFT1PF4SQED","A1G4DX33KADZA3","Approved","Fri Dec 06 03:37:18 PST 2024","Fri Dec 06 03:41:08 PST 2024","Fri Dec 06 04:41:08 PST 2024","Fri Dec 06 04:41:35 PST 2024","","","230","100% (21/21)","100% (21/21)","100% (21/21)","linguistics","اللغويات","لغويات","previous","سابق","السابق","Dialogue","الحوار","حوار","encode","ترميز","تشفير","QA","الأسئلة والأجوبة","ضمان الجودة","false","false","false","false","false","false","false","false","false","false","true","true","true","false","true","false","false","false","true","false"
"3JYPJ2TAZZMV6RK9KFME8M0L63GPFC","3MRHU5294N3O7KAE1TUQJOAS6HI2AD","Ranking the Quality of AI Terminology Translation from English to Arabic","In this task, you will compare the quality of translations for scientific terms generated by two different methods. The input will include an English term, a context paragraph where the term is used, and its translations in Arabic.","Translation, AI Terminology, Multilingual, Ranking","$0.01","Fri Dec 06 03:36:19 PST 2024","5","BatchId:5277380;OriginalHitTemplateId:928390912;","3600","3600","Fri Dec 13 03:36:19 PST 2024","","","3AMYWKA6YT0KOIDRVOBWE0ECJ5M6O0","A2WPXOAESFQ5TS","Approved","Fri Dec 06 03:36:45 PST 2024","Fri Dec 06 03:59:43 PST 2024","Fri Dec 06 04:59:43 PST 2024","Fri Dec 06 05:00:35 PST 2024","","","1378","100% (4/4)","100% (4/4)","100% (4/4)","linguistics","اللغويات","لغويات","previous","سابق","السابق","Dialogue","الحوار","حوار","encode","ترميز","تشفير","QA","الأسئلة والأجوبة","ضمان الجودة","true","true","true","false","false","false","false","false","false","true","false","false","false","true","false","false","false","false","false","false"
"3JYPJ2TAZZMV6RK9KFME8M0L63GPFC","3MRHU5294N3O7KAE1TUQJOAS6HI2AD","Ranking the Quality of AI Terminology Translation from English to Arabic","In this task, you will compare the quality of translations for scientific terms generated by two different methods. The input will include an English term, a context paragraph where the term is used, and its translations in Arabic.","Translation, AI Terminology, Multilingual, Ranking","$0.01","Fri Dec 06 03:36:19 PST 2024","5","BatchId:5277380;OriginalHitTemplateId:928390912;","3600","3600","Fri Dec 13 03:36:19 PST 2024","","","3WJ1OXY92SUIQS2EEK3CXJQY0J88AP","A3OAFR48DADAOM","Approved","Fri Dec 06 03:37:09 PST 2024","Fri Dec 06 04:14:25 PST 2024","Fri Dec 06 05:14:25 PST 2024","Fri Dec 06 05:14:35 PST 2024","","","2236","100% (41/41)","100% (41/41)","100% (41/41)","linguistics","اللغويات","لغويات","previous","سابق","السابق","Dialogue","الحوار","حوار","encode","ترميز","تشفير","QA","الأسئلة والأجوبة","ضمان الجودة","true","false","true","true","false","false","false","false","false","false","false","true","false","false","false","false","false","false","false","true"
"3JYPJ2TAZZMV6RK9KFME8M0L63GPFC","3MRHU5294N3O7KAE1TUQJOAS6HI2AD","Ranking the Quality of AI Terminology Translation from English to Arabic","In this task, you will compare the quality of translations for scientific terms generated by two different methods. The input will include an English term, a context paragraph where the term is used, and its translations in Arabic.","Translation, AI Terminology, Multilingual, Ranking","$0.01","Fri Dec 06 03:36:19 PST 2024","5","BatchId:5277380;OriginalHitTemplateId:928390912;","3600","3600","Fri Dec 13 03:36:19 PST 2024","","","3M0NZ3JDPJC04IRKSEC82S7G7EDZ5E","ASE8ADTSWOHDB","Approved","Fri Dec 06 03:36:43 PST 2024","Fri Dec 06 04:32:40 PST 2024","Fri Dec 06 05:32:40 PST 2024","Fri Dec 06 05:33:35 PST 2024","","","3357","100% (5/5)","100% (4/4)","100% (4/4)","linguistics","اللغويات","لغويات","previous","سابق","السابق","Dialogue","الحوار","حوار","encode","ترميز","تشفير","QA","الأسئلة والأجوبة","ضمان الجودة","false","true","false","false","true","true","false","false","true","false","false","false","true","false","false","false","false","false","false","false"
"3JYPJ2TAZZMV6RK9KFME8M0L63GPFC","3MRHU5294N3O7KAE1TUQJOAS6HI2AD","Ranking the Quality of AI Terminology Translation from English to Arabic","In this task, you will compare the quality of translations for scientific terms generated by two different methods. The input will include an English term, a context paragraph where the term is used, and its translations in Arabic.","Translation, AI Terminology, Multilingual, Ranking","$0.01","Fri Dec 06 03:36:19 PST 2024","5","BatchId:5277380;OriginalHitTemplateId:928390912;","3600","3600","Fri Dec 13 03:36:19 PST 2024","","","3P4RDNWNDNKMGRHVHCSG37NVT27IJN","A3IG9HHR3NL9R0","Approved","Fri Dec 06 05:37:38 PST 2024","Fri Dec 06 05:59:39 PST 2024","Fri Dec 06 06:59:39 PST 2024","Fri Dec 06 07:00:35 PST 2024","","","1321","100% (50/50)","100% (50/50)","100% (50/50)","linguistics","اللغويات","لغويات","previous","سابق","السابق","Dialogue","الحوار","حوار","encode","ترميز","تشفير","QA","الأسئلة والأجوبة","ضمان الجودة","true","false","true","false","false","false","false","false","true","false","false","true","false","false","true","false","false","false","false","false"
"391JB9X40FM01AFATALJ7VYV9UMMKF","3MRHU5294N3O7KAE1TUQJOAS6HI2AD","Ranking the Quality of AI Terminology Translation from English to Arabic","In this task, you will compare the quality of translations for scientific terms generated by two different methods. The input will include an English term, a context paragraph where the term is used, and its translations in Arabic.","Translation, AI Terminology, Multilingual, Ranking","$0.01","Fri Dec 06 03:36:19 PST 2024","5","BatchId:5277380;OriginalHitTemplateId:928390912;","3600","3600","Fri Dec 13 03:36:19 PST 2024","","","3JBT3HLQFQG4XS93CTLM0YCXYEFPZR","A9M8N3BOH6013","Approved","Fri Dec 06 03:44:33 PST 2024","Fri Dec 06 03:53:32 PST 2024","Fri Dec 06 04:53:32 PST 2024","Fri Dec 06 04:53:35 PST 2024","","","539","100% (44/44)","100% (44/44)","100% (44/44)","Additionally","بالإضافة إلى ذلك","وبالإضافة إلى ذلك","text","نص","النص","biases","التحيزات","biases","propose","اقترح","نقترح","approach","نهج","النهج","true","true","false","true","true","false","false","true","false","false","false","false","false","false","false","false","false","false","false","false"
"391JB9X40FM01AFATALJ7VYV9UMMKF","3MRHU5294N3O7KAE1TUQJOAS6HI2AD","Ranking the Quality of AI Terminology Translation from English to Arabic","In this task, you will compare the quality of translations for scientific terms generated by two different methods. The input will include an English term, a context paragraph where the term is used, and its translations in Arabic.","Translation, AI Terminology, Multilingual, Ranking","$0.01","Fri Dec 06 03:36:19 PST 2024","5","BatchId:5277380;OriginalHitTemplateId:928390912;","3600","3600","Fri Dec 13 03:36:19 PST 2024","","","33LK57MYLBJ1AKPV4APGV3H8LYMZSH","A2YVLMI4PRDECY","Approved","Fri Dec 06 03:38:21 PST 2024","Fri Dec 06 04:37:49 PST 2024","Fri Dec 06 05:37:49 PST 2024","Fri Dec 06 05:38:35 PST 2024","","","3568","100% (32/32)","100% (32/32)","100% (32/32)","Additionally","بالإضافة إلى ذلك","وبالإضافة إلى ذلك","text","نص","النص","biases","التحيزات","biases","propose","اقترح","نقترح","approach","نهج","النهج","true","true","false","true","true","false","false","true","false","false","false","false","false","false","false","false","false","false","false","false"
"391JB9X40FM01AFATALJ7VYV9UMMKF","3MRHU5294N3O7KAE1TUQJOAS6HI2AD","Ranking the Quality of AI Terminology Translation from English to Arabic","In this task, you will compare the quality of translations for scientific terms generated by two different methods. The input will include an English term, a context paragraph where the term is used, and its translations in Arabic.","Translation, AI Terminology, Multilingual, Ranking","$0.01","Fri Dec 06 03:36:19 PST 2024","5","BatchId:5277380;OriginalHitTemplateId:928390912;","3600","3600","Fri Dec 13 03:36:19 PST 2024","","","3WMOAN2SRTBNLNSGVHJRB3U6APFVNA","A2E2FFMXS9F9KR","Approved","Fri Dec 06 04:38:35 PST 2024","Fri Dec 06 04:47:25 PST 2024","Fri Dec 06 05:47:25 PST 2024","Fri Dec 06 05:47:35 PST 2024","","","530","100% (51/51)","100% (51/51)","100% (51/51)","Additionally","بالإضافة إلى ذلك","وبالإضافة إلى ذلك","text","نص","النص","biases","التحيزات","biases","propose","اقترح","نقترح","approach","نهج","النهج","true","true","false","false","true","false","false","true","false","false","false","false","false","true","false","false","false","false","false","false"
"391JB9X40FM01AFATALJ7VYV9UMMKF","3MRHU5294N3O7KAE1TUQJOAS6HI2AD","Ranking the Quality of AI Terminology Translation from English to Arabic","In this task, you will compare the quality of translations for scientific terms generated by two different methods. The input will include an English term, a context paragraph where the term is used, and its translations in Arabic.","Translation, AI Terminology, Multilingual, Ranking","$0.01","Fri Dec 06 03:36:19 PST 2024","5","BatchId:5277380;OriginalHitTemplateId:928390912;","3600","3600","Fri Dec 13 03:36:19 PST 2024","","","3MTMREQS4DWTGTYWCNJIBZTKIRIAWF","A2D6SB3TU1NYQ7","Approved","Fri Dec 06 04:37:34 PST 2024","Fri Dec 06 05:01:07 PST 2024","Fri Dec 06 06:01:07 PST 2024","Fri Dec 06 06:01:35 PST 2024","","","1413","100% (45/45)","100% (45/45)","100% (45/45)","Additionally","بالإضافة إلى ذلك","وبالإضافة إلى ذلك","text","نص","النص","biases","التحيزات","biases","propose","اقترح","نقترح","approach","نهج","النهج","true","true","false","false","true","false","false","true","true","false","false","false","false","false","false","false","false","false","false","false"
"391JB9X40FM01AFATALJ7VYV9UMMKF","3MRHU5294N3O7KAE1TUQJOAS6HI2AD","Ranking the Quality of AI Terminology Translation from English to Arabic","In this task, you will compare the quality of translations for scientific terms generated by two different methods. The input will include an English term, a context paragraph where the term is used, and its translations in Arabic.","Translation, AI Terminology, Multilingual, Ranking","$0.01","Fri Dec 06 03:36:19 PST 2024","5","BatchId:5277380;OriginalHitTemplateId:928390912;","3600","3600","Fri Dec 13 03:36:19 PST 2024","","","3S3AMIZX3CJI02V3F6AJP6UNBEXDCB","ASVJ75M0TNT6Z","Approved","Fri Dec 06 05:38:32 PST 2024","Fri Dec 06 05:42:52 PST 2024","Fri Dec 06 06:42:52 PST 2024","Fri Dec 06 06:43:35 PST 2024","","","260","100% (25/25)","100% (25/25)","100% (25/25)","Additionally","بالإضافة إلى ذلك","وبالإضافة إلى ذلك","text","نص","النص","biases","التحيزات","biases","propose","اقترح","نقترح","approach","نهج","النهج","false","false","false","false","false","false","false","false","false","false","true","false","true","false","true","false","true","false","true","false"
"3BAKUKE4AYQPSP6GQ8BIOFW66BLR15","3MRHU5294N3O7KAE1TUQJOAS6HI2AD","Ranking the Quality of AI Terminology Translation from English to Arabic","In this task, you will compare the quality of translations for scientific terms generated by two different methods. The input will include an English term, a context paragraph where the term is used, and its translations in Arabic.","Translation, AI Terminology, Multilingual, Ranking","$0.01","Fri Dec 06 03:36:19 PST 2024","5","BatchId:5277380;OriginalHitTemplateId:928390912;","3600","3600","Fri Dec 13 03:36:19 PST 2024","","","36V4Q8R5Z2EPYXBZXHAHS16YO6JMQY","A11BQAB549UAEG","Approved","Fri Dec 06 03:37:01 PST 2024","Fri Dec 06 03:37:54 PST 2024","Fri Dec 06 04:37:54 PST 2024","Fri Dec 06 04:38:35 PST 2024","","","53","100% (14/14)","100% (14/14)","100% (14/14)","context","السياق","context","morphemes","المورفيمات","مورفيمات","word2vec","وورد تو فيك","word2vec","GPT","نموذج GPT","GPT","encoding","ترميز","تشفير","false","false","false","false","false","true","false","true","false","true","false","true","false","true","false","false","false","false","false","false"
"3BAKUKE4AYQPSP6GQ8BIOFW66BLR15","3MRHU5294N3O7KAE1TUQJOAS6HI2AD","Ranking the Quality of AI Terminology Translation from English to Arabic","In this task, you will compare the quality of translations for scientific terms generated by two different methods. The input will include an English term, a context paragraph where the term is used, and its translations in Arabic.","Translation, AI Terminology, Multilingual, Ranking","$0.01","Fri Dec 06 03:36:19 PST 2024","5","BatchId:5277380;OriginalHitTemplateId:928390912;","3600","3600","Fri Dec 13 03:36:19 PST 2024","","","3ZY8KE4IS1H8OK58B9B8FXPBFZVQVJ","A2P8U65V6NL7B5","Approved","Fri Dec 06 03:37:26 PST 2024","Fri Dec 06 03:50:18 PST 2024","Fri Dec 06 04:50:18 PST 2024","Fri Dec 06 04:50:35 PST 2024","","","772","100% (49/49)","100% (49/49)","100% (49/49)","context","السياق","context","morphemes","المورفيمات","مورفيمات","word2vec","وورد تو فيك","word2vec","GPT","نموذج GPT","GPT","encoding","ترميز","تشفير","true","true","false","true","true","false","false","false","false","false","false","false","true","false","false","false","false","false","false","false"
"3BAKUKE4AYQPSP6GQ8BIOFW66BLR15","3MRHU5294N3O7KAE1TUQJOAS6HI2AD","Ranking the Quality of AI Terminology Translation from English to Arabic","In this task, you will compare the quality of translations for scientific terms generated by two different methods. The input will include an English term, a context paragraph where the term is used, and its translations in Arabic.","Translation, AI Terminology, Multilingual, Ranking","$0.01","Fri Dec 06 03:36:19 PST 2024","5","BatchId:5277380;OriginalHitTemplateId:928390912;","3600","3600","Fri Dec 13 03:36:19 PST 2024","","","3IO1LGZLKRBH3QQBO7M0HEOC40I86Z","A1KYZPQ0T7WECC","Approved","Fri Dec 06 03:37:07 PST 2024","Fri Dec 06 04:03:35 PST 2024","Fri Dec 06 05:03:35 PST 2024","Fri Dec 06 05:04:35 PST 2024","","","1588","100% (15/15)","100% (15/15)","100% (14/14)","context","السياق","context","morphemes","المورفيمات","مورفيمات","word2vec","وورد تو فيك","word2vec","GPT","نموذج GPT","GPT","encoding","ترميز","تشفير","false","true","false","false","true","true","false","false","true","false","false","false","false","false","false","false","false","true","false","false"
"3BAKUKE4AYQPSP6GQ8BIOFW66BLR15","3MRHU5294N3O7KAE1TUQJOAS6HI2AD","Ranking the Quality of AI Terminology Translation from English to Arabic","In this task, you will compare the quality of translations for scientific terms generated by two different methods. The input will include an English term, a context paragraph where the term is used, and its translations in Arabic.","Translation, AI Terminology, Multilingual, Ranking","$0.01","Fri Dec 06 03:36:19 PST 2024","5","BatchId:5277380;OriginalHitTemplateId:928390912;","3600","3600","Fri Dec 13 03:36:19 PST 2024","","","3MAOD8E578OFPCXBVWK9ZORRQ0NNX5","AWGV35294HOYB","Approved","Fri Dec 06 04:38:13 PST 2024","Fri Dec 06 05:36:46 PST 2024","Fri Dec 06 06:36:46 PST 2024","Fri Dec 06 06:37:35 PST 2024","","","3513","100% (43/43)","100% (43/43)","100% (43/43)","context","السياق","context","morphemes","المورفيمات","مورفيمات","word2vec","وورد تو فيك","word2vec","GPT","نموذج GPT","GPT","encoding","ترميز","تشفير","true","true","false","true","true","false","false","false","false","false","false","false","true","false","false","false","false","false","false","false"
"3BAKUKE4AYQPSP6GQ8BIOFW66BLR15","3MRHU5294N3O7KAE1TUQJOAS6HI2AD","Ranking the Quality of AI Terminology Translation from English to Arabic","In this task, you will compare the quality of translations for scientific terms generated by two different methods. The input will include an English term, a context paragraph where the term is used, and its translations in Arabic.","Translation, AI Terminology, Multilingual, Ranking","$0.01","Fri Dec 06 03:36:19 PST 2024","5","BatchId:5277380;OriginalHitTemplateId:928390912;","3600","3600","Fri Dec 13 03:36:19 PST 2024","","","324G5B4FBLMIP1ZDCDEDUDIQGEY70K","A2YVLMI4PRDECY","Approved","Fri Dec 06 04:39:13 PST 2024","Fri Dec 06 05:38:26 PST 2024","Fri Dec 06 06:38:26 PST 2024","Fri Dec 06 06:38:35 PST 2024","","","3553","100% (32/32)","100% (32/32)","100% (32/32)","context","السياق","context","morphemes","المورفيمات","مورفيمات","word2vec","وورد تو فيك","word2vec","GPT","نموذج GPT","GPT","encoding","ترميز","تشفير","false","true","false","true","true","true","false","false","false","false","false","false","true","false","false","false","false","false","false","false"
"3H781YYV7AW1S5DK6LBSVEGIJ5METO","3MRHU5294N3O7KAE1TUQJOAS6HI2AD","Ranking the Quality of AI Terminology Translation from English to Arabic","In this task, you will compare the quality of translations for scientific terms generated by two different methods. The input will include an English term, a context paragraph where the term is used, and its translations in Arabic.","Translation, AI Terminology, Multilingual, Ranking","$0.01","Fri Dec 06 03:36:19 PST 2024","5","BatchId:5277380;OriginalHitTemplateId:928390912;","3600","3600","Fri Dec 13 03:36:19 PST 2024","","","3Y9N9SS8LGPUN2ZKMDZIW3QT50E3DV","A11BQAB549UAEG","Approved","Fri Dec 06 03:37:20 PST 2024","Fri Dec 06 03:39:21 PST 2024","Fri Dec 06 04:39:21 PST 2024","Fri Dec 06 04:39:35 PST 2024","","","121","100% (14/14)","100% (14/14)","100% (14/14)","dataset","مجموعة البيانات","مجموعة بيانات","methods","طرق","أساليب","namely","أي","وهي","tasks","المهام","مهام","PubMed","بوبمد","PubMed","false","true","true","false","false","true","false","false","false","false","false","false","false","true","false","false","false","false","false","true"
"3H781YYV7AW1S5DK6LBSVEGIJ5METO","3MRHU5294N3O7KAE1TUQJOAS6HI2AD","Ranking the Quality of AI Terminology Translation from English to Arabic","In this task, you will compare the quality of translations for scientific terms generated by two different methods. The input will include an English term, a context paragraph where the term is used, and its translations in Arabic.","Translation, AI Terminology, Multilingual, Ranking","$0.01","Fri Dec 06 03:36:19 PST 2024","5","BatchId:5277380;OriginalHitTemplateId:928390912;","3600","3600","Fri Dec 13 03:36:19 PST 2024","","","3QL2OFSM9OWRMEMG40OMLB6HPIZCNS","A39PWDRYNY2WM0","Approved","Fri Dec 06 04:37:58 PST 2024","Fri Dec 06 05:05:08 PST 2024","Fri Dec 06 06:05:08 PST 2024","Fri Dec 06 06:05:35 PST 2024","","","1630","100% (55/55)","100% (55/55)","100% (55/55)","dataset","مجموعة البيانات","مجموعة بيانات","methods","طرق","أساليب","namely","أي","وهي","tasks","المهام","مهام","PubMed","بوبمد","PubMed","true","true","true","true","true","false","false","false","false","false","false","false","false","false","false","false","false","false","false","false"
"3H781YYV7AW1S5DK6LBSVEGIJ5METO","3MRHU5294N3O7KAE1TUQJOAS6HI2AD","Ranking the Quality of AI Terminology Translation from English to Arabic","In this task, you will compare the quality of translations for scientific terms generated by two different methods. The input will include an English term, a context paragraph where the term is used, and its translations in Arabic.","Translation, AI Terminology, Multilingual, Ranking","$0.01","Fri Dec 06 03:36:19 PST 2024","5","BatchId:5277380;OriginalHitTemplateId:928390912;","3600","3600","Fri Dec 13 03:36:19 PST 2024","","","3JW0YLFXRBUQN61ZDSFATOQBA9DWW2","A35H5DUMZH86PC","Approved","Fri Dec 06 04:37:14 PST 2024","Fri Dec 06 05:15:33 PST 2024","Fri Dec 06 06:15:33 PST 2024","Fri Dec 06 06:15:35 PST 2024","","","2299","100% (40/40)","100% (40/40)","100% (40/40)","dataset","مجموعة البيانات","مجموعة بيانات","methods","طرق","أساليب","namely","أي","وهي","tasks","المهام","مهام","PubMed","بوبمد","PubMed","true","true","false","true","true","false","false","false","false","false","false","false","true","false","false","false","false","false","false","false"
"3H781YYV7AW1S5DK6LBSVEGIJ5METO","3MRHU5294N3O7KAE1TUQJOAS6HI2AD","Ranking the Quality of AI Terminology Translation from English to Arabic","In this task, you will compare the quality of translations for scientific terms generated by two different methods. The input will include an English term, a context paragraph where the term is used, and its translations in Arabic.","Translation, AI Terminology, Multilingual, Ranking","$0.01","Fri Dec 06 03:36:19 PST 2024","5","BatchId:5277380;OriginalHitTemplateId:928390912;","3600","3600","Fri Dec 13 03:36:19 PST 2024","","","3018Q3ZVO04O8XHADT9CO0L3QD6ARH","A3QIWEQXAGMGD","Approved","Fri Dec 06 05:30:37 PST 2024","Fri Dec 06 05:33:33 PST 2024","Fri Dec 06 06:33:33 PST 2024","Fri Dec 06 06:33:35 PST 2024","","","176","100% (26/26)","100% (26/26)","100% (26/26)","dataset","مجموعة البيانات","مجموعة بيانات","methods","طرق","أساليب","namely","أي","وهي","tasks","المهام","مهام","PubMed","بوبمد","PubMed","true","true","false","true","true","false","false","false","false","false","false","false","true","false","false","false","false","false","false","false"
"3H781YYV7AW1S5DK6LBSVEGIJ5METO","3MRHU5294N3O7KAE1TUQJOAS6HI2AD","Ranking the Quality of AI Terminology Translation from English to Arabic","In this task, you will compare the quality of translations for scientific terms generated by two different methods. The input will include an English term, a context paragraph where the term is used, and its translations in Arabic.","Translation, AI Terminology, Multilingual, Ranking","$0.01","Fri Dec 06 03:36:19 PST 2024","5","BatchId:5277380;OriginalHitTemplateId:928390912;","3600","3600","Fri Dec 13 03:36:19 PST 2024","","","30MVJZJNH4RT5QOSDIM3QEOSADR9J4","A3MDTRJTDIDNX","Approved","Fri Dec 06 05:38:10 PST 2024","Fri Dec 06 05:40:00 PST 2024","Fri Dec 06 06:40:00 PST 2024","Fri Dec 06 06:40:35 PST 2024","","","110","100% (53/53)","100% (53/53)","100% (53/53)","dataset","مجموعة البيانات","مجموعة بيانات","methods","طرق","أساليب","namely","أي","وهي","tasks","المهام","مهام","PubMed","بوبمد","PubMed","true","true","false","true","true","false","false","false","false","false","false","false","true","false","false","false","false","false","false","false"
"3P6ENY9P8QAN31OB2AKU2ABM04YHIQ","3MRHU5294N3O7KAE1TUQJOAS6HI2AD","Ranking the Quality of AI Terminology Translation from English to Arabic","In this task, you will compare the quality of translations for scientific terms generated by two different methods. The input will include an English term, a context paragraph where the term is used, and its translations in Arabic.","Translation, AI Terminology, Multilingual, Ranking","$0.01","Fri Dec 06 03:36:19 PST 2024","5","BatchId:5277380;OriginalHitTemplateId:928390912;","3600","3600","Fri Dec 13 03:36:19 PST 2024","","","3NGI5ARFTBJ72WOV4ICU84SLLZ31PF","A158IFJD0BERSB","Approved","Fri Dec 06 03:37:38 PST 2024","Fri Dec 06 03:39:51 PST 2024","Fri Dec 06 04:39:51 PST 2024","Fri Dec 06 04:40:35 PST 2024","","","133","100% (6/6)","100% (6/6)","100% (6/6)","labeled","مُعَلَّم","مصنف","captions","التسميات التوضيحية","التعليقات","noun","اسم","أسم","unsupervised","غير خاضع للإشراف","غير الخاضع للإشراف","Morphology","علم الصرف","مورفولوجيا","false","false","true","false","false","true","false","false","false","true","false","true","false","false","false","false","false","false","true","false"
"3P6ENY9P8QAN31OB2AKU2ABM04YHIQ","3MRHU5294N3O7KAE1TUQJOAS6HI2AD","Ranking the Quality of AI Terminology Translation from English to Arabic","In this task, you will compare the quality of translations for scientific terms generated by two different methods. The input will include an English term, a context paragraph where the term is used, and its translations in Arabic.","Translation, AI Terminology, Multilingual, Ranking","$0.01","Fri Dec 06 03:36:19 PST 2024","5","BatchId:5277380;OriginalHitTemplateId:928390912;","3600","3600","Fri Dec 13 03:36:19 PST 2024","","","3SBEHTYCW5HCBGCU3CTJDU2J66GYIX","A198MZX1B7ZOPY","Approved","Fri Dec 06 03:37:28 PST 2024","Fri Dec 06 03:44:53 PST 2024","Fri Dec 06 04:44:53 PST 2024","Fri Dec 06 04:45:35 PST 2024","","","445","100% (17/17)","100% (17/17)","100% (17/17)","labeled","مُعَلَّم","مصنف","captions","التسميات التوضيحية","التعليقات","noun","اسم","أسم","unsupervised","غير خاضع للإشراف","غير الخاضع للإشراف","Morphology","علم الصرف","مورفولوجيا","false","true","false","true","false","true","false","true","false","true","false","false","false","false","false","false","false","false","false","false"
"3P6ENY9P8QAN31OB2AKU2ABM04YHIQ","3MRHU5294N3O7KAE1TUQJOAS6HI2AD","Ranking the Quality of AI Terminology Translation from English to Arabic","In this task, you will compare the quality of translations for scientific terms generated by two different methods. The input will include an English term, a context paragraph where the term is used, and its translations in Arabic.","Translation, AI Terminology, Multilingual, Ranking","$0.01","Fri Dec 06 03:36:19 PST 2024","5","BatchId:5277380;OriginalHitTemplateId:928390912;","3600","3600","Fri Dec 13 03:36:19 PST 2024","","","3F1567XTNEJARDS5886CNF0EO8JQ9C","A3QIWEQXAGMGD","Approved","Fri Dec 06 04:38:37 PST 2024","Fri Dec 06 05:16:24 PST 2024","Fri Dec 06 06:16:24 PST 2024","Fri Dec 06 06:16:35 PST 2024","","","2267","100% (26/26)","100% (26/26)","100% (26/26)","labeled","مُعَلَّم","مصنف","captions","التسميات التوضيحية","التعليقات","noun","اسم","أسم","unsupervised","غير خاضع للإشراف","غير الخاضع للإشراف","Morphology","علم الصرف","مورفولوجيا","false","false","false","true","true","true","true","true","false","false","false","false","false","false","false","false","false","false","false","false"
"3P6ENY9P8QAN31OB2AKU2ABM04YHIQ","3MRHU5294N3O7KAE1TUQJOAS6HI2AD","Ranking the Quality of AI Terminology Translation from English to Arabic","In this task, you will compare the quality of translations for scientific terms generated by two different methods. The input will include an English term, a context paragraph where the term is used, and its translations in Arabic.","Translation, AI Terminology, Multilingual, Ranking","$0.01","Fri Dec 06 03:36:19 PST 2024","5","BatchId:5277380;OriginalHitTemplateId:928390912;","3600","3600","Fri Dec 13 03:36:19 PST 2024","","","3R0T90IZ1AQLCM5UHWBRVRXKO6DGCO","ASVJ75M0TNT6Z","Approved","Fri Dec 06 05:37:48 PST 2024","Fri Dec 06 05:40:34 PST 2024","Fri Dec 06 06:40:34 PST 2024","Fri Dec 06 06:40:35 PST 2024","","","166","100% (25/25)","100% (25/25)","100% (25/25)","labeled","مُعَلَّم","مصنف","captions","التسميات التوضيحية","التعليقات","noun","اسم","أسم","unsupervised","غير خاضع للإشراف","غير الخاضع للإشراف","Morphology","علم الصرف","مورفولوجيا","false","false","false","false","false","false","false","false","false","false","true","true","true","false","true","false","false","false","true","false"
"3P6ENY9P8QAN31OB2AKU2ABM04YHIQ","3MRHU5294N3O7KAE1TUQJOAS6HI2AD","Ranking the Quality of AI Terminology Translation from English to Arabic","In this task, you will compare the quality of translations for scientific terms generated by two different methods. The input will include an English term, a context paragraph where the term is used, and its translations in Arabic.","Translation, AI Terminology, Multilingual, Ranking","$0.01","Fri Dec 06 03:36:19 PST 2024","5","BatchId:5277380;OriginalHitTemplateId:928390912;","3600","3600","Fri Dec 13 03:36:19 PST 2024","","","3R8YZBNQ9ZW6DU4CTB8S9J98TIVQ70","A3Q32FL0WWF4KZ","Approved","Fri Dec 06 05:39:14 PST 2024","Fri Dec 06 06:11:02 PST 2024","Fri Dec 06 07:11:02 PST 2024","Fri Dec 06 07:11:35 PST 2024","","","1908","100% (40/40)","100% (40/40)","100% (40/40)","labeled","مُعَلَّم","مصنف","captions","التسميات التوضيحية","التعليقات","noun","اسم","أسم","unsupervised","غير خاضع للإشراف","غير الخاضع للإشراف","Morphology","علم الصرف","مورفولوجيا","false","false","false","true","true","true","true","true","false","false","false","false","false","false","false","false","false","false","false","false"
"3UEDKCTPAC4HG78NP4JUOD15E5RK72","3MRHU5294N3O7KAE1TUQJOAS6HI2AD","Ranking the Quality of AI Terminology Translation from English to Arabic","In this task, you will compare the quality of translations for scientific terms generated by two different methods. The input will include an English term, a context paragraph where the term is used, and its translations in Arabic.","Translation, AI Terminology, Multilingual, Ranking","$0.01","Fri Dec 06 03:36:19 PST 2024","5","BatchId:5277380;OriginalHitTemplateId:928390912;","3600","3600","Fri Dec 13 03:36:19 PST 2024","","","3PQMUDRV79KQLGXPZU7GR68VGNIIIB","A2C5HSMKN7QDM8","Approved","Fri Dec 06 03:38:11 PST 2024","Fri Dec 06 03:44:21 PST 2024","Fri Dec 06 04:44:21 PST 2024","Fri Dec 06 04:44:35 PST 2024","","","370","100% (6/6)","100% (6/6)","100% (6/6)","semantically","دلاليًا","لغوياً","BLEU","مقياس بليو","BLEU","utterances","الكلام","اقوال","BETO","بيتو","BETO","Detecting","الكشف","كشف","false","true","false","true","false","true","false","true","false","true","false","false","false","false","false","false","false","false","false","false"
"3UEDKCTPAC4HG78NP4JUOD15E5RK72","3MRHU5294N3O7KAE1TUQJOAS6HI2AD","Ranking the Quality of AI Terminology Translation from English to Arabic","In this task, you will compare the quality of translations for scientific terms generated by two different methods. The input will include an English term, a context paragraph where the term is used, and its translations in Arabic.","Translation, AI Terminology, Multilingual, Ranking","$0.01","Fri Dec 06 03:36:19 PST 2024","5","BatchId:5277380;OriginalHitTemplateId:928390912;","3600","3600","Fri Dec 13 03:36:19 PST 2024","","","3NJM2BJS4EKRPZYTKF1EP0BCPWVCPH","A3OAFR48DADAOM","Approved","Fri Dec 06 03:39:24 PST 2024","Fri Dec 06 04:18:44 PST 2024","Fri Dec 06 05:18:44 PST 2024","Fri Dec 06 05:19:35 PST 2024","","","2360","100% (41/41)","100% (41/41)","100% (41/41)","semantically","دلاليًا","لغوياً","BLEU","مقياس بليو","BLEU","utterances","الكلام","اقوال","BETO","بيتو","BETO","Detecting","الكشف","كشف","true","true","false","true","true","false","false","true","false","false","false","false","false","false","false","false","false","false","false","false"
"3UEDKCTPAC4HG78NP4JUOD15E5RK72","3MRHU5294N3O7KAE1TUQJOAS6HI2AD","Ranking the Quality of AI Terminology Translation from English to Arabic","In this task, you will compare the quality of translations for scientific terms generated by two different methods. The input will include an English term, a context paragraph where the term is used, and its translations in Arabic.","Translation, AI Terminology, Multilingual, Ranking","$0.01","Fri Dec 06 03:36:19 PST 2024","5","BatchId:5277380;OriginalHitTemplateId:928390912;","3600","3600","Fri Dec 13 03:36:19 PST 2024","","","39GHHAVOMX5S8KIGWNQC96DCOLDJ4I","A35H5DUMZH86PC","Approved","Fri Dec 06 04:37:39 PST 2024","Fri Dec 06 05:16:37 PST 2024","Fri Dec 06 06:16:37 PST 2024","Fri Dec 06 06:17:35 PST 2024","","","2338","100% (40/40)","100% (40/40)","100% (40/40)","semantically","دلاليًا","لغوياً","BLEU","مقياس بليو","BLEU","utterances","الكلام","اقوال","BETO","بيتو","BETO","Detecting","الكشف","كشف","false","true","true","true","true","true","false","false","false","false","false","false","false","false","false","false","false","false","false","false"
"3UEDKCTPAC4HG78NP4JUOD15E5RK72","3MRHU5294N3O7KAE1TUQJOAS6HI2AD","Ranking the Quality of AI Terminology Translation from English to Arabic","In this task, you will compare the quality of translations for scientific terms generated by two different methods. The input will include an English term, a context paragraph where the term is used, and its translations in Arabic.","Translation, AI Terminology, Multilingual, Ranking","$0.01","Fri Dec 06 03:36:19 PST 2024","5","BatchId:5277380;OriginalHitTemplateId:928390912;","3600","3600","Fri Dec 13 03:36:19 PST 2024","","","3GFK2QRXXRVWANMFHRS13ODYQDH5W4","AC4I7XU10MQXK","Approved","Fri Dec 06 04:37:35 PST 2024","Fri Dec 06 05:21:16 PST 2024","Fri Dec 06 06:21:16 PST 2024","Fri Dec 06 06:21:35 PST 2024","","","2621","100% (58/58)","100% (58/58)","100% (58/58)","semantically","دلاليًا","لغوياً","BLEU","مقياس بليو","BLEU","utterances","الكلام","اقوال","BETO","بيتو","BETO","Detecting","الكشف","كشف","false","true","false","true","true","true","false","true","false","false","false","false","false","false","false","false","false","false","false","false"
"3UEDKCTPAC4HG78NP4JUOD15E5RK72","3MRHU5294N3O7KAE1TUQJOAS6HI2AD","Ranking the Quality of AI Terminology Translation from English to Arabic","In this task, you will compare the quality of translations for scientific terms generated by two different methods. The input will include an English term, a context paragraph where the term is used, and its translations in Arabic.","Translation, AI Terminology, Multilingual, Ranking","$0.01","Fri Dec 06 03:36:19 PST 2024","5","BatchId:5277380;OriginalHitTemplateId:928390912;","3600","3600","Fri Dec 13 03:36:19 PST 2024","","","39K0FND3AZTXBH4I8LDV21RTKOXAMF","A1A9RBD2M6F8VT","Approved","Fri Dec 06 05:29:44 PST 2024","Fri Dec 06 05:35:13 PST 2024","Fri Dec 06 06:35:13 PST 2024","Fri Dec 06 06:35:35 PST 2024","","","329","100% (2/2)","100% (2/2)","100% (2/2)","semantically","دلاليًا","لغوياً","BLEU","مقياس بليو","BLEU","utterances","الكلام","اقوال","BETO","بيتو","BETO","Detecting","الكشف","كشف","false","true","false","true","true","true","false","true","false","false","false","false","false","false","false","false","false","false","false","false"
"3EKTG13I0BHBLGXSEAXKMVBAYURMLI","3MRHU5294N3O7KAE1TUQJOAS6HI2AD","Ranking the Quality of AI Terminology Translation from English to Arabic","In this task, you will compare the quality of translations for scientific terms generated by two different methods. The input will include an English term, a context paragraph where the term is used, and its translations in Arabic.","Translation, AI Terminology, Multilingual, Ranking","$0.01","Fri Dec 06 03:36:19 PST 2024","5","BatchId:5277380;OriginalHitTemplateId:928390912;","3600","3600","Fri Dec 13 03:36:19 PST 2024","","","3E337GFOLRM43Q2L6MK5B2RWN9KGNX","A198MZX1B7ZOPY","Approved","Fri Dec 06 03:37:13 PST 2024","Fri Dec 06 03:43:16 PST 2024","Fri Dec 06 04:43:16 PST 2024","Fri Dec 06 04:43:35 PST 2024","","","363","100% (17/17)","100% (17/17)","100% (17/17)","API","واجهة برمجة التطبيقات","API","Modeling","النمذجة","نمذجة","3D object detection","الكشف عن الأجسام ثلاثية الأبعاد","كشف الأجسام ثلاثية الأبعاد","Baseline","خط الأساس","الأساس","Bayesian Network","شبكة بايزية","الشبكة البايزية","false","false","true","false","true","true","true","false","true","false","false","false","false","false","false","false","false","false","false","false"
"3EKTG13I0BHBLGXSEAXKMVBAYURMLI","3MRHU5294N3O7KAE1TUQJOAS6HI2AD","Ranking the Quality of AI Terminology Translation from English to Arabic","In this task, you will compare the quality of translations for scientific terms generated by two different methods. The input will include an English term, a context paragraph where the term is used, and its translations in Arabic.","Translation, AI Terminology, Multilingual, Ranking","$0.01","Fri Dec 06 03:36:19 PST 2024","5","BatchId:5277380;OriginalHitTemplateId:928390912;","3600","3600","Fri Dec 13 03:36:19 PST 2024","","","3QEMNNSB2FDCOL07OP289K29A2ZD79","A3IG9HHR3NL9R0","Approved","Fri Dec 06 03:37:05 PST 2024","Fri Dec 06 03:55:32 PST 2024","Fri Dec 06 04:55:32 PST 2024","Fri Dec 06 04:55:35 PST 2024","","","1107","100% (50/50)","100% (50/50)","100% (50/50)","API","واجهة برمجة التطبيقات","API","Modeling","النمذجة","نمذجة","3D object detection","الكشف عن الأجسام ثلاثية الأبعاد","كشف الأجسام ثلاثية الأبعاد","Baseline","خط الأساس","الأساس","Bayesian Network","شبكة بايزية","الشبكة البايزية","true","true","true","false","true","false","false","false","true","false","false","false","false","false","false","false","false","false","false","false"
"3EKTG13I0BHBLGXSEAXKMVBAYURMLI","3MRHU5294N3O7KAE1TUQJOAS6HI2AD","Ranking the Quality of AI Terminology Translation from English to Arabic","In this task, you will compare the quality of translations for scientific terms generated by two different methods. The input will include an English term, a context paragraph where the term is used, and its translations in Arabic.","Translation, AI Terminology, Multilingual, Ranking","$0.01","Fri Dec 06 03:36:19 PST 2024","5","BatchId:5277380;OriginalHitTemplateId:928390912;","3600","3600","Fri Dec 13 03:36:19 PST 2024","","","33CID5710M7DLENCZUX6FGYYE9G3LB","A186ORPGIU3WNL","Approved","Fri Dec 06 03:37:25 PST 2024","Fri Dec 06 04:30:15 PST 2024","Fri Dec 06 05:30:15 PST 2024","Fri Dec 06 05:30:35 PST 2024","","","3170","100% (53/53)","100% (52/52)","100% (52/52)","API","واجهة برمجة التطبيقات","API","Modeling","النمذجة","نمذجة","3D object detection","الكشف عن الأجسام ثلاثية الأبعاد","كشف الأجسام ثلاثية الأبعاد","Baseline","خط الأساس","الأساس","Bayesian Network","شبكة بايزية","الشبكة البايزية","false","true","true","false","true","true","false","false","true","false","false","false","false","false","false","false","false","false","false","false"
"3EKTG13I0BHBLGXSEAXKMVBAYURMLI","3MRHU5294N3O7KAE1TUQJOAS6HI2AD","Ranking the Quality of AI Terminology Translation from English to Arabic","In this task, you will compare the quality of translations for scientific terms generated by two different methods. The input will include an English term, a context paragraph where the term is used, and its translations in Arabic.","Translation, AI Terminology, Multilingual, Ranking","$0.01","Fri Dec 06 03:36:19 PST 2024","5","BatchId:5277380;OriginalHitTemplateId:928390912;","3600","3600","Fri Dec 13 03:36:19 PST 2024","","","34YB12FSQG2YL8HLUL55YN2WIJAGMX","A3QIWEQXAGMGD","Approved","Fri Dec 06 04:37:20 PST 2024","Fri Dec 06 05:13:54 PST 2024","Fri Dec 06 06:13:54 PST 2024","Fri Dec 06 06:14:35 PST 2024","","","2194","100% (26/26)","100% (26/26)","100% (26/26)","API","واجهة برمجة التطبيقات","API","Modeling","النمذجة","نمذجة","3D object detection","الكشف عن الأجسام ثلاثية الأبعاد","كشف الأجسام ثلاثية الأبعاد","Baseline","خط الأساس","الأساس","Bayesian Network","شبكة بايزية","الشبكة البايزية","true","true","true","false","true","false","false","false","true","false","false","false","false","false","false","false","false","false","false","false"
"3EKTG13I0BHBLGXSEAXKMVBAYURMLI","3MRHU5294N3O7KAE1TUQJOAS6HI2AD","Ranking the Quality of AI Terminology Translation from English to Arabic","In this task, you will compare the quality of translations for scientific terms generated by two different methods. The input will include an English term, a context paragraph where the term is used, and its translations in Arabic.","Translation, AI Terminology, Multilingual, Ranking","$0.01","Fri Dec 06 03:36:19 PST 2024","5","BatchId:5277380;OriginalHitTemplateId:928390912;","3600","3600","Fri Dec 13 03:36:19 PST 2024","","","3ND9UOO812GACCP09E88KD9VC29WL9","A1A9RBD2M6F8VT","Approved","Fri Dec 06 04:36:57 PST 2024","Fri Dec 06 05:23:16 PST 2024","Fri Dec 06 06:23:16 PST 2024","Fri Dec 06 06:23:35 PST 2024","","","2779","100% (2/2)","100% (2/2)","100% (2/2)","API","واجهة برمجة التطبيقات","API","Modeling","النمذجة","نمذجة","3D object detection","الكشف عن الأجسام ثلاثية الأبعاد","كشف الأجسام ثلاثية الأبعاد","Baseline","خط الأساس","الأساس","Bayesian Network","شبكة بايزية","الشبكة البايزية","true","true","false","false","false","false","false","true","true","true","false","false","false","false","false","false","false","false","false","false"
"3CESM1J3FZHP77OZV8X56AV461GW6B","3MRHU5294N3O7KAE1TUQJOAS6HI2AD","Ranking the Quality of AI Terminology Translation from English to Arabic","In this task, you will compare the quality of translations for scientific terms generated by two different methods. The input will include an English term, a context paragraph where the term is used, and its translations in Arabic.","Translation, AI Terminology, Multilingual, Ranking","$0.01","Fri Dec 06 03:36:19 PST 2024","5","BatchId:5277380;OriginalHitTemplateId:928390912;","3600","3600","Fri Dec 13 03:36:19 PST 2024","","","3OSWBBLG1WB6306Y62663JFXCVFXDP","A3UMJIYCNU3IMQ","Approved","Fri Dec 06 03:39:24 PST 2024","Fri Dec 06 03:40:47 PST 2024","Fri Dec 06 04:40:47 PST 2024","Fri Dec 06 04:41:35 PST 2024","","","83","100% (2/2)","100% (2/2)","100% (2/2)","Bayesian method","الأساليب البايزية","الطريقة البايزية","Cholesky factorization","تحليل تشوليسكي","تحليل شولي","Cohen's kappa","معامل كابا لكوهين","كابا كوهين","Computational linguistic","اللغويات الحاسوبية","اللسانيات الحاسوبية","Cross Entropy Loss","خسارة الإنتروبيا المتقاطعة","خسارة الانتروبيا المتقاطعة","false","false","false","false","false","true","false","true","true","false","false","true","false","false","true","false","false","false","false","false"
"3CESM1J3FZHP77OZV8X56AV461GW6B","3MRHU5294N3O7KAE1TUQJOAS6HI2AD","Ranking the Quality of AI Terminology Translation from English to Arabic","In this task, you will compare the quality of translations for scientific terms generated by two different methods. The input will include an English term, a context paragraph where the term is used, and its translations in Arabic.","Translation, AI Terminology, Multilingual, Ranking","$0.01","Fri Dec 06 03:36:19 PST 2024","5","BatchId:5277380;OriginalHitTemplateId:928390912;","3600","3600","Fri Dec 13 03:36:19 PST 2024","","","3QAVNHZ3E4ID5ZMX89CG2OC4KJ7ALD","A3IG9HHR3NL9R0","Approved","Fri Dec 06 03:37:00 PST 2024","Fri Dec 06 03:55:00 PST 2024","Fri Dec 06 04:55:00 PST 2024","Fri Dec 06 04:55:35 PST 2024","","","1080","100% (50/50)","100% (50/50)","100% (50/50)","Bayesian method","الأساليب البايزية","الطريقة البايزية","Cholesky factorization","تحليل تشوليسكي","تحليل شولي","Cohen's kappa","معامل كابا لكوهين","كابا كوهين","Computational linguistic","اللغويات الحاسوبية","اللسانيات الحاسوبية","Cross Entropy Loss","خسارة الإنتروبيا المتقاطعة","خسارة الانتروبيا المتقاطعة","false","false","true","true","true","true","true","false","false","false","false","false","false","false","false","false","false","false","false","false"
"3CESM1J3FZHP77OZV8X56AV461GW6B","3MRHU5294N3O7KAE1TUQJOAS6HI2AD","Ranking the Quality of AI Terminology Translation from English to Arabic","In this task, you will compare the quality of translations for scientific terms generated by two different methods. The input will include an English term, a context paragraph where the term is used, and its translations in Arabic.","Translation, AI Terminology, Multilingual, Ranking","$0.01","Fri Dec 06 03:36:19 PST 2024","5","BatchId:5277380;OriginalHitTemplateId:928390912;","3600","3600","Fri Dec 13 03:36:19 PST 2024","","","3QIYRE09YLV7ZBCIO3Z24FNQLK21NJ","AC4I7XU10MQXK","Approved","Fri Dec 06 03:37:38 PST 2024","Fri Dec 06 04:08:42 PST 2024","Fri Dec 06 05:08:42 PST 2024","Fri Dec 06 05:09:35 PST 2024","","","1864","100% (58/58)","100% (58/58)","100% (58/58)","Bayesian method","الأساليب البايزية","الطريقة البايزية","Cholesky factorization","تحليل تشوليسكي","تحليل شولي","Cohen's kappa","معامل كابا لكوهين","كابا كوهين","Computational linguistic","اللغويات الحاسوبية","اللسانيات الحاسوبية","Cross Entropy Loss","خسارة الإنتروبيا المتقاطعة","خسارة الانتروبيا المتقاطعة","false","false","true","true","true","false","true","false","false","false","true","false","false","false","false","false","false","false","false","false"
"3CESM1J3FZHP77OZV8X56AV461GW6B","3MRHU5294N3O7KAE1TUQJOAS6HI2AD","Ranking the Quality of AI Terminology Translation from English to Arabic","In this task, you will compare the quality of translations for scientific terms generated by two different methods. The input will include an English term, a context paragraph where the term is used, and its translations in Arabic.","Translation, AI Terminology, Multilingual, Ranking","$0.01","Fri Dec 06 03:36:19 PST 2024","5","BatchId:5277380;OriginalHitTemplateId:928390912;","3600","3600","Fri Dec 13 03:36:19 PST 2024","","","3WQ3B2KGEQU5Y2NLLDUTDKNW4VN1BT","A2C5HSMKN7QDM8","Approved","Fri Dec 06 04:36:46 PST 2024","Fri Dec 06 05:00:46 PST 2024","Fri Dec 06 06:00:46 PST 2024","Fri Dec 06 06:01:35 PST 2024","","","1440","100% (6/6)","100% (6/6)","100% (6/6)","Bayesian method","الأساليب البايزية","الطريقة البايزية","Cholesky factorization","تحليل تشوليسكي","تحليل شولي","Cohen's kappa","معامل كابا لكوهين","كابا كوهين","Computational linguistic","اللغويات الحاسوبية","اللسانيات الحاسوبية","Cross Entropy Loss","خسارة الإنتروبيا المتقاطعة","خسارة الانتروبيا المتقاطعة","true","false","false","false","true","false","true","true","true","false","false","false","false","false","false","false","false","false","false","false"
"3CESM1J3FZHP77OZV8X56AV461GW6B","3MRHU5294N3O7KAE1TUQJOAS6HI2AD","Ranking the Quality of AI Terminology Translation from English to Arabic","In this task, you will compare the quality of translations for scientific terms generated by two different methods. The input will include an English term, a context paragraph where the term is used, and its translations in Arabic.","Translation, AI Terminology, Multilingual, Ranking","$0.01","Fri Dec 06 03:36:19 PST 2024","5","BatchId:5277380;OriginalHitTemplateId:928390912;","3600","3600","Fri Dec 13 03:36:19 PST 2024","","","3HPZF4IVN47LYDQUB2XX2R4OT22YC3","A2DAZGA8XO0RQ6","Approved","Fri Dec 06 05:37:49 PST 2024","Fri Dec 06 05:39:44 PST 2024","Fri Dec 06 06:39:44 PST 2024","Fri Dec 06 06:40:35 PST 2024","","","115","100% (12/12)","100% (12/12)","100% (12/12)","Bayesian method","الأساليب البايزية","الطريقة البايزية","Cholesky factorization","تحليل تشوليسكي","تحليل شولي","Cohen's kappa","معامل كابا لكوهين","كابا كوهين","Computational linguistic","اللغويات الحاسوبية","اللسانيات الحاسوبية","Cross Entropy Loss","خسارة الإنتروبيا المتقاطعة","خسارة الانتروبيا المتقاطعة","false","false","false","false","false","true","false","true","true","false","false","true","false","false","true","false","false","false","false","false"
"3XUY87HIW6SVRYFDEMYZM8QZYZHMMK","3MRHU5294N3O7KAE1TUQJOAS6HI2AD","Ranking the Quality of AI Terminology Translation from English to Arabic","In this task, you will compare the quality of translations for scientific terms generated by two different methods. The input will include an English term, a context paragraph where the term is used, and its translations in Arabic.","Translation, AI Terminology, Multilingual, Ranking","$0.01","Fri Dec 06 03:36:19 PST 2024","5","BatchId:5277380;OriginalHitTemplateId:928390912;","3600","3600","Fri Dec 13 03:36:19 PST 2024","","","3FE7TXL1L01ZRT76NZRXDSS0I12Q2B","ASVJ75M0TNT6Z","Approved","Fri Dec 06 03:37:12 PST 2024","Fri Dec 06 03:38:26 PST 2024","Fri Dec 06 04:38:26 PST 2024","Fri Dec 06 04:38:35 PST 2024","","","74","100% (25/25)","100% (25/25)","100% (25/25)","Decoder","مفكك الترميز","المفكك","Dirac measure","قياس ديراك","مقياس ديراك","Dirichlet","ديريتشليه","ديريشليه","Euclidean plane","الطائرة الإقليدية","المستوى الإقليدي","Fairseq","فيرسيك","Fairseq","false","false","false","false","false","true","false","true","false","false","false","true","false","false","false","false","false","false","false","true"
"3XUY87HIW6SVRYFDEMYZM8QZYZHMMK","3MRHU5294N3O7KAE1TUQJOAS6HI2AD","Ranking the Quality of AI Terminology Translation from English to Arabic","In this task, you will compare the quality of translations for scientific terms generated by two different methods. The input will include an English term, a context paragraph where the term is used, and its translations in Arabic.","Translation, AI Terminology, Multilingual, Ranking","$0.01","Fri Dec 06 03:36:19 PST 2024","5","BatchId:5277380;OriginalHitTemplateId:928390912;","3600","3600","Fri Dec 13 03:36:19 PST 2024","","","33C7UALJV3CMW4PEI1AJMIXVWP318V","A21X87H2GCSME0","Approved","Fri Dec 06 03:37:30 PST 2024","Fri Dec 06 03:43:23 PST 2024","Fri Dec 06 04:43:23 PST 2024","Fri Dec 06 04:43:35 PST 2024","","","353","100% (9/9)","100% (9/9)","100% (9/9)","Decoder","مفكك الترميز","المفكك","Dirac measure","قياس ديراك","مقياس ديراك","Dirichlet","ديريتشليه","ديريشليه","Euclidean plane","الطائرة الإقليدية","المستوى الإقليدي","Fairseq","فيرسيك","Fairseq","false","false","false","false","false","true","false","false","true","false","false","true","false","false","true","false","false","false","false","false"
"3XUY87HIW6SVRYFDEMYZM8QZYZHMMK","3MRHU5294N3O7KAE1TUQJOAS6HI2AD","Ranking the Quality of AI Terminology Translation from English to Arabic","In this task, you will compare the quality of translations for scientific terms generated by two different methods. The input will include an English term, a context paragraph where the term is used, and its translations in Arabic.","Translation, AI Terminology, Multilingual, Ranking","$0.01","Fri Dec 06 03:36:19 PST 2024","5","BatchId:5277380;OriginalHitTemplateId:928390912;","3600","3600","Fri Dec 13 03:36:19 PST 2024","","","31LVTDXBLPO54G8EAKY2XE1EKNVRL2","A2IFN9328HNXWC","Approved","Fri Dec 06 03:37:39 PST 2024","Fri Dec 06 03:57:54 PST 2024","Fri Dec 06 04:57:54 PST 2024","Fri Dec 06 04:58:35 PST 2024","","","1215","100% (10/10)","100% (10/10)","100% (10/10)","Decoder","مفكك الترميز","المفكك","Dirac measure","قياس ديراك","مقياس ديراك","Dirichlet","ديريتشليه","ديريشليه","Euclidean plane","الطائرة الإقليدية","المستوى الإقليدي","Fairseq","فيرسيك","Fairseq","true","true","false","false","false","false","false","true","false","false","false","false","false","true","true","false","false","false","false","false"
"3XUY87HIW6SVRYFDEMYZM8QZYZHMMK","3MRHU5294N3O7KAE1TUQJOAS6HI2AD","Ranking the Quality of AI Terminology Translation from English to Arabic","In this task, you will compare the quality of translations for scientific terms generated by two different methods. The input will include an English term, a context paragraph where the term is used, and its translations in Arabic.","Translation, AI Terminology, Multilingual, Ranking","$0.01","Fri Dec 06 03:36:19 PST 2024","5","BatchId:5277380;OriginalHitTemplateId:928390912;","3600","3600","Fri Dec 13 03:36:19 PST 2024","","","3HMVI3QIC161BAGWV58DLVLXP451Y8","A2E2FFMXS9F9KR","Approved","Fri Dec 06 04:37:16 PST 2024","Fri Dec 06 04:42:41 PST 2024","Fri Dec 06 05:42:41 PST 2024","Fri Dec 06 05:43:35 PST 2024","","","325","100% (51/51)","100% (51/51)","100% (51/51)","Decoder","مفكك الترميز","المفكك","Dirac measure","قياس ديراك","مقياس ديراك","Dirichlet","ديريتشليه","ديريشليه","Euclidean plane","الطائرة الإقليدية","المستوى الإقليدي","Fairseq","فيرسيك","Fairseq","true","true","true","false","true","false","false","false","true","false","false","false","false","false","false","false","false","false","false","false"
"3XUY87HIW6SVRYFDEMYZM8QZYZHMMK","3MRHU5294N3O7KAE1TUQJOAS6HI2AD","Ranking the Quality of AI Terminology Translation from English to Arabic","In this task, you will compare the quality of translations for scientific terms generated by two different methods. The input will include an English term, a context paragraph where the term is used, and its translations in Arabic.","Translation, AI Terminology, Multilingual, Ranking","$0.01","Fri Dec 06 03:36:19 PST 2024","5","BatchId:5277380;OriginalHitTemplateId:928390912;","3600","3600","Fri Dec 13 03:36:19 PST 2024","","","34HJIJKLPNA1ZFIADC4VCUO6J9T4VZ","AC4I7XU10MQXK","Approved","Fri Dec 06 05:38:10 PST 2024","Fri Dec 06 05:50:15 PST 2024","Fri Dec 06 06:50:15 PST 2024","Fri Dec 06 06:50:35 PST 2024","","","725","100% (58/58)","100% (58/58)","100% (58/58)","Decoder","مفكك الترميز","المفكك","Dirac measure","قياس ديراك","مقياس ديراك","Dirichlet","ديريتشليه","ديريشليه","Euclidean plane","الطائرة الإقليدية","المستوى الإقليدي","Fairseq","فيرسيك","Fairseq","false","true","true","false","false","true","false","false","true","false","false","false","false","false","true","false","false","false","false","false"
"3PKJ68EHE4AJYC8HKS5UEBQMDJNHJ2","3MRHU5294N3O7KAE1TUQJOAS6HI2AD","Ranking the Quality of AI Terminology Translation from English to Arabic","In this task, you will compare the quality of translations for scientific terms generated by two different methods. The input will include an English term, a context paragraph where the term is used, and its translations in Arabic.","Translation, AI Terminology, Multilingual, Ranking","$0.01","Fri Dec 06 03:36:19 PST 2024","5","BatchId:5277380;OriginalHitTemplateId:928390912;","3600","3600","Fri Dec 13 03:36:19 PST 2024","","","3YT88D1N0QC2185UEUL50GLJP9B3K8","A9M8N3BOH6013","Approved","Fri Dec 06 03:37:24 PST 2024","Fri Dec 06 03:51:13 PST 2024","Fri Dec 06 04:51:13 PST 2024","Fri Dec 06 04:51:35 PST 2024","","","829","100% (44/44)","100% (44/44)","100% (44/44)","Fourier basis function","دالة الأساس فورييه","دالة أساس فورييه","Gamma distribution","توزيع جاما","توزيع غاما","Gaussian Mixture Model","نموذج الخليط الغاوسي","نموذج المزيج الغاوسي","Generative Model","نموذج توليدي","النموذج التوليدي","Hellinger distance","مسافة هيلنجر","مسافة هيلينجر","true","true","true","true","false","false","false","false","false","true","false","false","false","false","false","false","false","false","false","false"
"3PKJ68EHE4AJYC8HKS5UEBQMDJNHJ2","3MRHU5294N3O7KAE1TUQJOAS6HI2AD","Ranking the Quality of AI Terminology Translation from English to Arabic","In this task, you will compare the quality of translations for scientific terms generated by two different methods. The input will include an English term, a context paragraph where the term is used, and its translations in Arabic.","Translation, AI Terminology, Multilingual, Ranking","$0.01","Fri Dec 06 03:36:19 PST 2024","5","BatchId:5277380;OriginalHitTemplateId:928390912;","3600","3600","Fri Dec 13 03:36:19 PST 2024","","","3V26SBZTBVSYBWB9Z2JORWEB8DMZZM","A186ORPGIU3WNL","Approved","Fri Dec 06 03:37:48 PST 2024","Fri Dec 06 04:35:52 PST 2024","Fri Dec 06 05:35:52 PST 2024","Fri Dec 06 05:36:35 PST 2024","","","3484","100% (53/53)","100% (52/52)","100% (52/52)","Fourier basis function","دالة الأساس فورييه","دالة أساس فورييه","Gamma distribution","توزيع جاما","توزيع غاما","Gaussian Mixture Model","نموذج الخليط الغاوسي","نموذج المزيج الغاوسي","Generative Model","نموذج توليدي","النموذج التوليدي","Hellinger distance","مسافة هيلنجر","مسافة هيلينجر","true","true","true","true","false","false","false","false","false","false","false","false","false","false","true","false","false","false","false","false"
"3PKJ68EHE4AJYC8HKS5UEBQMDJNHJ2","3MRHU5294N3O7KAE1TUQJOAS6HI2AD","Ranking the Quality of AI Terminology Translation from English to Arabic","In this task, you will compare the quality of translations for scientific terms generated by two different methods. The input will include an English term, a context paragraph where the term is used, and its translations in Arabic.","Translation, AI Terminology, Multilingual, Ranking","$0.01","Fri Dec 06 03:36:19 PST 2024","5","BatchId:5277380;OriginalHitTemplateId:928390912;","3600","3600","Fri Dec 13 03:36:19 PST 2024","","","3WETL7AQWBMZJPKR77HZYR21SJG35N","A2YVLMI4PRDECY","Approved","Fri Dec 06 04:37:23 PST 2024","Fri Dec 06 05:35:19 PST 2024","Fri Dec 06 06:35:19 PST 2024","Fri Dec 06 06:35:35 PST 2024","","","3476","100% (32/32)","100% (32/32)","100% (32/32)","Fourier basis function","دالة الأساس فورييه","دالة أساس فورييه","Gamma distribution","توزيع جاما","توزيع غاما","Gaussian Mixture Model","نموذج الخليط الغاوسي","نموذج المزيج الغاوسي","Generative Model","نموذج توليدي","النموذج التوليدي","Hellinger distance","مسافة هيلنجر","مسافة هيلينجر","false","true","true","true","false","false","false","false","false","true","true","false","false","false","false","false","false","false","false","false"
"3PKJ68EHE4AJYC8HKS5UEBQMDJNHJ2","3MRHU5294N3O7KAE1TUQJOAS6HI2AD","Ranking the Quality of AI Terminology Translation from English to Arabic","In this task, you will compare the quality of translations for scientific terms generated by two different methods. The input will include an English term, a context paragraph where the term is used, and its translations in Arabic.","Translation, AI Terminology, Multilingual, Ranking","$0.01","Fri Dec 06 03:36:19 PST 2024","5","BatchId:5277380;OriginalHitTemplateId:928390912;","3600","3600","Fri Dec 13 03:36:19 PST 2024","","","369J354OFVOWW5WT75YO9R5ASK2G6W","A11JXYZDAUX0UP","Approved","Fri Dec 06 05:37:49 PST 2024","Fri Dec 06 05:44:13 PST 2024","Fri Dec 06 06:44:13 PST 2024","Fri Dec 06 06:44:35 PST 2024","","","384","100% (1186/1186)","100% (1186/1186)","100% (1184/1184)","Fourier basis function","دالة الأساس فورييه","دالة أساس فورييه","Gamma distribution","توزيع جاما","توزيع غاما","Gaussian Mixture Model","نموذج الخليط الغاوسي","نموذج المزيج الغاوسي","Generative Model","نموذج توليدي","النموذج التوليدي","Hellinger distance","مسافة هيلنجر","مسافة هيلينجر","true","true","true","true","false","false","false","false","false","true","false","false","false","false","false","false","false","false","false","false"
"3PKJ68EHE4AJYC8HKS5UEBQMDJNHJ2","3MRHU5294N3O7KAE1TUQJOAS6HI2AD","Ranking the Quality of AI Terminology Translation from English to Arabic","In this task, you will compare the quality of translations for scientific terms generated by two different methods. The input will include an English term, a context paragraph where the term is used, and its translations in Arabic.","Translation, AI Terminology, Multilingual, Ranking","$0.01","Fri Dec 06 03:36:19 PST 2024","5","BatchId:5277380;OriginalHitTemplateId:928390912;","3600","3600","Fri Dec 13 03:36:19 PST 2024","","","3QFUFYSY9GTC3IWKDXZRU8LKVDQ4FS","A2P8U65V6NL7B5","Approved","Fri Dec 06 05:37:38 PST 2024","Fri Dec 06 05:46:44 PST 2024","Fri Dec 06 06:46:44 PST 2024","Fri Dec 06 06:47:35 PST 2024","","","546","100% (49/49)","100% (49/49)","100% (49/49)","Fourier basis function","دالة الأساس فورييه","دالة أساس فورييه","Gamma distribution","توزيع جاما","توزيع غاما","Gaussian Mixture Model","نموذج الخليط الغاوسي","نموذج المزيج الغاوسي","Generative Model","نموذج توليدي","النموذج التوليدي","Hellinger distance","مسافة هيلنجر","مسافة هيلينجر","true","true","true","true","true","false","false","false","false","false","false","false","false","false","false","false","false","false","false","false"
"3FHTJGYT94E1KRG4VZSWQ70X7IGPGB","3MRHU5294N3O7KAE1TUQJOAS6HI2AD","Ranking the Quality of AI Terminology Translation from English to Arabic","In this task, you will compare the quality of translations for scientific terms generated by two different methods. The input will include an English term, a context paragraph where the term is used, and its translations in Arabic.","Translation, AI Terminology, Multilingual, Ranking","$0.01","Fri Dec 06 03:36:19 PST 2024","5","BatchId:5277380;OriginalHitTemplateId:928390912;","3600","3600","Fri Dec 13 03:36:19 PST 2024","","","3R6BYFZZPPQ31KKUX81WRJIIO8UFXH","A198MZX1B7ZOPY","Approved","Fri Dec 06 03:37:05 PST 2024","Fri Dec 06 03:39:35 PST 2024","Fri Dec 06 04:39:35 PST 2024","Fri Dec 06 04:40:35 PST 2024","","","150","100% (17/17)","100% (17/17)","100% (17/17)","Hessian matrix","مصفوفة هسيان","مصفوفة هيسيان","Hiero system","نظام هييرو","نظام هيرو","Huber loss","خسارة هوبير","خسارة هوبر","Kalman filter","فلتر كالمان","مرشح كالمان","Kernel","النواة","نواة","true","false","true","false","true","false","true","false","true","false","false","false","false","false","false","false","false","false","false","false"
"3FHTJGYT94E1KRG4VZSWQ70X7IGPGB","3MRHU5294N3O7KAE1TUQJOAS6HI2AD","Ranking the Quality of AI Terminology Translation from English to Arabic","In this task, you will compare the quality of translations for scientific terms generated by two different methods. The input will include an English term, a context paragraph where the term is used, and its translations in Arabic.","Translation, AI Terminology, Multilingual, Ranking","$0.01","Fri Dec 06 03:36:19 PST 2024","5","BatchId:5277380;OriginalHitTemplateId:928390912;","3600","3600","Fri Dec 13 03:36:19 PST 2024","","","3JNQLM5FTM0O0WRTVUJ1W6T68VG2LZ","A11BQAB549UAEG","Approved","Fri Dec 06 03:37:50 PST 2024","Fri Dec 06 03:42:11 PST 2024","Fri Dec 06 04:42:11 PST 2024","Fri Dec 06 04:42:35 PST 2024","","","261","100% (14/14)","100% (14/14)","100% (14/14)","Hessian matrix","مصفوفة هسيان","مصفوفة هيسيان","Hiero system","نظام هييرو","نظام هيرو","Huber loss","خسارة هوبير","خسارة هوبر","Kalman filter","فلتر كالمان","مرشح كالمان","Kernel","النواة","نواة","false","false","false","false","false","true","false","true","false","false","false","true","false","true","false","false","false","false","false","true"
"3FHTJGYT94E1KRG4VZSWQ70X7IGPGB","3MRHU5294N3O7KAE1TUQJOAS6HI2AD","Ranking the Quality of AI Terminology Translation from English to Arabic","In this task, you will compare the quality of translations for scientific terms generated by two different methods. The input will include an English term, a context paragraph where the term is used, and its translations in Arabic.","Translation, AI Terminology, Multilingual, Ranking","$0.01","Fri Dec 06 03:36:19 PST 2024","5","BatchId:5277380;OriginalHitTemplateId:928390912;","3600","3600","Fri Dec 13 03:36:19 PST 2024","","","3C2NJ6JBKSVEOWUE77ZG9YXVDQG2N1","A3MDTRJTDIDNX","Approved","Fri Dec 06 03:37:50 PST 2024","Fri Dec 06 03:51:31 PST 2024","Fri Dec 06 04:51:31 PST 2024","Fri Dec 06 04:51:35 PST 2024","","","821","100% (53/53)","100% (53/53)","100% (53/53)","Hessian matrix","مصفوفة هسيان","مصفوفة هيسيان","Hiero system","نظام هييرو","نظام هيرو","Huber loss","خسارة هوبير","خسارة هوبر","Kalman filter","فلتر كالمان","مرشح كالمان","Kernel","النواة","نواة","false","true","false","true","true","true","false","true","false","false","false","false","false","false","false","false","false","false","false","false"
"3FHTJGYT94E1KRG4VZSWQ70X7IGPGB","3MRHU5294N3O7KAE1TUQJOAS6HI2AD","Ranking the Quality of AI Terminology Translation from English to Arabic","In this task, you will compare the quality of translations for scientific terms generated by two different methods. The input will include an English term, a context paragraph where the term is used, and its translations in Arabic.","Translation, AI Terminology, Multilingual, Ranking","$0.01","Fri Dec 06 03:36:19 PST 2024","5","BatchId:5277380;OriginalHitTemplateId:928390912;","3600","3600","Fri Dec 13 03:36:19 PST 2024","","","3SLE99ER05R2TY8TTO3L5E78HA0ZBG","A1XD6THGBT1T9T","Approved","Fri Dec 06 03:44:33 PST 2024","Fri Dec 06 03:52:16 PST 2024","Fri Dec 06 04:52:16 PST 2024","Fri Dec 06 04:52:35 PST 2024","","","463","100% (43/43)","100% (43/43)","100% (42/42)","Hessian matrix","مصفوفة هسيان","مصفوفة هيسيان","Hiero system","نظام هييرو","نظام هيرو","Huber loss","خسارة هوبير","خسارة هوبر","Kalman filter","فلتر كالمان","مرشح كالمان","Kernel","النواة","نواة","true","true","true","true","true","false","false","false","false","false","false","false","false","false","false","false","false","false","false","false"
"3FHTJGYT94E1KRG4VZSWQ70X7IGPGB","3MRHU5294N3O7KAE1TUQJOAS6HI2AD","Ranking the Quality of AI Terminology Translation from English to Arabic","In this task, you will compare the quality of translations for scientific terms generated by two different methods. The input will include an English term, a context paragraph where the term is used, and its translations in Arabic.","Translation, AI Terminology, Multilingual, Ranking","$0.01","Fri Dec 06 03:36:19 PST 2024","5","BatchId:5277380;OriginalHitTemplateId:928390912;","3600","3600","Fri Dec 13 03:36:19 PST 2024","","","3C6FJU71T87HK77UXTIXWXQU013YU5","A3EKM55NFX1H6B","Approved","Fri Dec 06 03:37:33 PST 2024","Fri Dec 06 04:00:07 PST 2024","Fri Dec 06 05:00:07 PST 2024","Fri Dec 06 05:00:35 PST 2024","","","1354","100% (29/29)","100% (29/29)","100% (29/29)","Hessian matrix","مصفوفة هسيان","مصفوفة هيسيان","Hiero system","نظام هييرو","نظام هيرو","Huber loss","خسارة هوبير","خسارة هوبر","Kalman filter","فلتر كالمان","مرشح كالمان","Kernel","النواة","نواة","true","true","true","true","true","false","false","false","false","false","false","false","false","false","false","false","false","false","false","false"
"3D4BBDG70YAHWQVCVFZ6NDCH4UWC3C","3MRHU5294N3O7KAE1TUQJOAS6HI2AD","Ranking the Quality of AI Terminology Translation from English to Arabic","In this task, you will compare the quality of translations for scientific terms generated by two different methods. The input will include an English term, a context paragraph where the term is used, and its translations in Arabic.","Translation, AI Terminology, Multilingual, Ranking","$0.01","Fri Dec 06 03:36:19 PST 2024","5","BatchId:5277380;OriginalHitTemplateId:928390912;","3600","3600","Fri Dec 13 03:36:19 PST 2024","","","34MAJL3QPM1HN6GRT2YPTZWNSNL43J","A158IFJD0BERSB","Approved","Fri Dec 06 03:37:35 PST 2024","Fri Dec 06 03:38:57 PST 2024","Fri Dec 06 04:38:57 PST 2024","Fri Dec 06 04:39:35 PST 2024","","","82","100% (6/6)","100% (6/6)","100% (6/6)","Krippendorff's α","α لكريبندورف","ألفا كريبندورف","L2 regularisation","تسوية L2","تنظيم L2","Local Consistency","الاتساق المحلي","التناسق المحلي","Machine Reading Comprehension","فهم القراءة الآلية","فهم القراءة الآلي","Matrix Completion","اكتمال المصفوفة","إكمال المصفوفة","false","false","false","false","false","true","false","true","false","true","false","true","false","false","false","false","false","false","true","false"
"3D4BBDG70YAHWQVCVFZ6NDCH4UWC3C","3MRHU5294N3O7KAE1TUQJOAS6HI2AD","Ranking the Quality of AI Terminology Translation from English to Arabic","In this task, you will compare the quality of translations for scientific terms generated by two different methods. The input will include an English term, a context paragraph where the term is used, and its translations in Arabic.","Translation, AI Terminology, Multilingual, Ranking","$0.01","Fri Dec 06 03:36:19 PST 2024","5","BatchId:5277380;OriginalHitTemplateId:928390912;","3600","3600","Fri Dec 13 03:36:19 PST 2024","","","3ZOTGHDK50PPBGBO21EZF5A41UJSO8","A10A7EZUXBD0II","Approved","Fri Dec 06 03:37:20 PST 2024","Fri Dec 06 03:46:07 PST 2024","Fri Dec 06 04:46:07 PST 2024","Fri Dec 06 04:46:35 PST 2024","","","527","100% (3/3)","100% (3/3)","100% (3/3)","Krippendorff's α","α لكريبندورف","ألفا كريبندورف","L2 regularisation","تسوية L2","تنظيم L2","Local Consistency","الاتساق المحلي","التناسق المحلي","Machine Reading Comprehension","فهم القراءة الآلية","فهم القراءة الآلي","Matrix Completion","اكتمال المصفوفة","إكمال المصفوفة","true","false","false","false","false","false","false","true","true","false","false","true","false","false","true","false","false","false","false","false"
"3D4BBDG70YAHWQVCVFZ6NDCH4UWC3C","3MRHU5294N3O7KAE1TUQJOAS6HI2AD","Ranking the Quality of AI Terminology Translation from English to Arabic","In this task, you will compare the quality of translations for scientific terms generated by two different methods. The input will include an English term, a context paragraph where the term is used, and its translations in Arabic.","Translation, AI Terminology, Multilingual, Ranking","$0.01","Fri Dec 06 03:36:19 PST 2024","5","BatchId:5277380;OriginalHitTemplateId:928390912;","3600","3600","Fri Dec 13 03:36:19 PST 2024","","","3E47SOBEY8AZ8DBP7KBUG3A03IYCI3","A2IFN9328HNXWC","Approved","Fri Dec 06 03:36:57 PST 2024","Fri Dec 06 03:56:47 PST 2024","Fri Dec 06 04:56:47 PST 2024","Fri Dec 06 04:57:35 PST 2024","","","1190","100% (10/10)","100% (10/10)","100% (10/10)","Krippendorff's α","α لكريبندورف","ألفا كريبندورف","L2 regularisation","تسوية L2","تنظيم L2","Local Consistency","الاتساق المحلي","التناسق المحلي","Machine Reading Comprehension","فهم القراءة الآلية","فهم القراءة الآلي","Matrix Completion","اكتمال المصفوفة","إكمال المصفوفة","false","false","true","false","true","false","false","false","true","false","true","true","false","false","false","false","false","false","false","false"
"3D4BBDG70YAHWQVCVFZ6NDCH4UWC3C","3MRHU5294N3O7KAE1TUQJOAS6HI2AD","Ranking the Quality of AI Terminology Translation from English to Arabic","In this task, you will compare the quality of translations for scientific terms generated by two different methods. The input will include an English term, a context paragraph where the term is used, and its translations in Arabic.","Translation, AI Terminology, Multilingual, Ranking","$0.01","Fri Dec 06 03:36:19 PST 2024","5","BatchId:5277380;OriginalHitTemplateId:928390912;","3600","3600","Fri Dec 13 03:36:19 PST 2024","","","3NPFYT4IZUI9FKGP8S7E94IUPNTXGX","AWGV35294HOYB","Approved","Fri Dec 06 03:36:58 PST 2024","Fri Dec 06 04:30:50 PST 2024","Fri Dec 06 05:30:50 PST 2024","Fri Dec 06 05:31:35 PST 2024","","","3232","100% (43/43)","100% (43/43)","100% (43/43)","Krippendorff's α","α لكريبندورف","ألفا كريبندورف","L2 regularisation","تسوية L2","تنظيم L2","Local Consistency","الاتساق المحلي","التناسق المحلي","Machine Reading Comprehension","فهم القراءة الآلية","فهم القراءة الآلي","Matrix Completion","اكتمال المصفوفة","إكمال المصفوفة","false","false","true","false","true","false","false","false","true","false","true","true","false","false","false","false","false","false","false","false"
"3D4BBDG70YAHWQVCVFZ6NDCH4UWC3C","3MRHU5294N3O7KAE1TUQJOAS6HI2AD","Ranking the Quality of AI Terminology Translation from English to Arabic","In this task, you will compare the quality of translations for scientific terms generated by two different methods. The input will include an English term, a context paragraph where the term is used, and its translations in Arabic.","Translation, AI Terminology, Multilingual, Ranking","$0.01","Fri Dec 06 03:36:19 PST 2024","5","BatchId:5277380;OriginalHitTemplateId:928390912;","3600","3600","Fri Dec 13 03:36:19 PST 2024","","","345LHZDEDF6G44A688P763UHR08U3V","A3MDTRJTDIDNX","Approved","Fri Dec 06 04:37:55 PST 2024","Fri Dec 06 05:19:42 PST 2024","Fri Dec 06 06:19:42 PST 2024","Fri Dec 06 06:20:35 PST 2024","","","2507","100% (53/53)","100% (53/53)","100% (53/53)","Krippendorff's α","α لكريبندورف","ألفا كريبندورف","L2 regularisation","تسوية L2","تنظيم L2","Local Consistency","الاتساق المحلي","التناسق المحلي","Machine Reading Comprehension","فهم القراءة الآلية","فهم القراءة الآلي","Matrix Completion","اكتمال المصفوفة","إكمال المصفوفة","false","false","true","false","true","false","false","false","true","false","true","true","false","false","false","false","false","false","false","false"
"33P2GD6NS46E9WEZ2D56FQQZS8NHK1","3MRHU5294N3O7KAE1TUQJOAS6HI2AD","Ranking the Quality of AI Terminology Translation from English to Arabic","In this task, you will compare the quality of translations for scientific terms generated by two different methods. The input will include an English term, a context paragraph where the term is used, and its translations in Arabic.","Translation, AI Terminology, Multilingual, Ranking","$0.01","Fri Dec 06 03:36:19 PST 2024","5","BatchId:5277380;OriginalHitTemplateId:928390912;","3600","3600","Fri Dec 13 03:36:19 PST 2024","","","37UEWGM5HBMSE94AHAGJDZS0MHQR1W","A198MZX1B7ZOPY","Approved","Fri Dec 06 03:37:29 PST 2024","Fri Dec 06 03:45:05 PST 2024","Fri Dec 06 04:45:05 PST 2024","Fri Dec 06 04:45:35 PST 2024","","","456","100% (17/17)","100% (17/17)","100% (17/17)","Monte Carlo estimator","مُقدّر مونت كارلو","مقدر مونت كارلو","Monte Carlo simulation","محاكاة مونتي كارلو","محاكاة مونت كارلو","Nearest Neighbor","الجار الأقرب","أقرب جار","Quality Estimation","تقييم الجودة","تقدير الجودة","Rademacher complexity","تعقيد راديماخر","تعقيد راديماشر","false","true","false","true","false","true","false","true","false","true","false","false","false","false","false","false","false","false","false","false"
"33P2GD6NS46E9WEZ2D56FQQZS8NHK1","3MRHU5294N3O7KAE1TUQJOAS6HI2AD","Ranking the Quality of AI Terminology Translation from English to Arabic","In this task, you will compare the quality of translations for scientific terms generated by two different methods. The input will include an English term, a context paragraph where the term is used, and its translations in Arabic.","Translation, AI Terminology, Multilingual, Ranking","$0.01","Fri Dec 06 03:36:19 PST 2024","5","BatchId:5277380;OriginalHitTemplateId:928390912;","3600","3600","Fri Dec 13 03:36:19 PST 2024","","","3X31TUMD7F0HBB9XCQJNRNJ1GP1L10","A1U6UPXOFCXR24","Approved","Fri Dec 06 03:37:22 PST 2024","Fri Dec 06 04:27:40 PST 2024","Fri Dec 06 05:27:40 PST 2024","Fri Dec 06 05:28:35 PST 2024","","","3018","100% (17/17)","100% (17/17)","100% (17/17)","Monte Carlo estimator","مُقدّر مونت كارلو","مقدر مونت كارلو","Monte Carlo simulation","محاكاة مونتي كارلو","محاكاة مونت كارلو","Nearest Neighbor","الجار الأقرب","أقرب جار","Quality Estimation","تقييم الجودة","تقدير الجودة","Rademacher complexity","تعقيد راديماخر","تعقيد راديماشر","true","true","true","true","false","false","false","false","false","true","false","false","false","false","false","false","false","false","false","false"
"33P2GD6NS46E9WEZ2D56FQQZS8NHK1","3MRHU5294N3O7KAE1TUQJOAS6HI2AD","Ranking the Quality of AI Terminology Translation from English to Arabic","In this task, you will compare the quality of translations for scientific terms generated by two different methods. The input will include an English term, a context paragraph where the term is used, and its translations in Arabic.","Translation, AI Terminology, Multilingual, Ranking","$0.01","Fri Dec 06 03:36:19 PST 2024","5","BatchId:5277380;OriginalHitTemplateId:928390912;","3600","3600","Fri Dec 13 03:36:19 PST 2024","","","33F859I56ORG2D8ZN2XE5733LKJBH2","A39PWDRYNY2WM0","Approved","Fri Dec 06 04:37:18 PST 2024","Fri Dec 06 05:04:10 PST 2024","Fri Dec 06 06:04:10 PST 2024","Fri Dec 06 06:04:35 PST 2024","","","1612","100% (55/55)","100% (55/55)","100% (55/55)","Monte Carlo estimator","مُقدّر مونت كارلو","مقدر مونت كارلو","Monte Carlo simulation","محاكاة مونتي كارلو","محاكاة مونت كارلو","Nearest Neighbor","الجار الأقرب","أقرب جار","Quality Estimation","تقييم الجودة","تقدير الجودة","Rademacher complexity","تعقيد راديماخر","تعقيد راديماشر","true","true","true","true","false","false","false","false","false","true","false","false","false","false","false","false","false","false","false","false"
"33P2GD6NS46E9WEZ2D56FQQZS8NHK1","3MRHU5294N3O7KAE1TUQJOAS6HI2AD","Ranking the Quality of AI Terminology Translation from English to Arabic","In this task, you will compare the quality of translations for scientific terms generated by two different methods. The input will include an English term, a context paragraph where the term is used, and its translations in Arabic.","Translation, AI Terminology, Multilingual, Ranking","$0.01","Fri Dec 06 03:36:19 PST 2024","5","BatchId:5277380;OriginalHitTemplateId:928390912;","3600","3600","Fri Dec 13 03:36:19 PST 2024","","","34Q075JO1FR4EFKBNXX4T3RDDRR108","A35H5DUMZH86PC","Approved","Fri Dec 06 04:38:13 PST 2024","Fri Dec 06 05:17:30 PST 2024","Fri Dec 06 06:17:30 PST 2024","Fri Dec 06 06:17:35 PST 2024","","","2357","100% (40/40)","100% (40/40)","100% (40/40)","Monte Carlo estimator","مُقدّر مونت كارلو","مقدر مونت كارلو","Monte Carlo simulation","محاكاة مونتي كارلو","محاكاة مونت كارلو","Nearest Neighbor","الجار الأقرب","أقرب جار","Quality Estimation","تقييم الجودة","تقدير الجودة","Rademacher complexity","تعقيد راديماخر","تعقيد راديماشر","true","true","true","true","false","false","false","false","false","true","false","false","false","false","false","false","false","false","false","false"
"33P2GD6NS46E9WEZ2D56FQQZS8NHK1","3MRHU5294N3O7KAE1TUQJOAS6HI2AD","Ranking the Quality of AI Terminology Translation from English to Arabic","In this task, you will compare the quality of translations for scientific terms generated by two different methods. The input will include an English term, a context paragraph where the term is used, and its translations in Arabic.","Translation, AI Terminology, Multilingual, Ranking","$0.01","Fri Dec 06 03:36:19 PST 2024","5","BatchId:5277380;OriginalHitTemplateId:928390912;","3600","3600","Fri Dec 13 03:36:19 PST 2024","","","3WT783CTPTVPL5XJ1AJDUG6N8TLBC2","A11JXYZDAUX0UP","Approved","Fri Dec 06 04:37:39 PST 2024","Fri Dec 06 05:33:15 PST 2024","Fri Dec 06 06:33:15 PST 2024","Fri Dec 06 06:33:35 PST 2024","","","3336","100% (1186/1186)","100% (1186/1186)","100% (1184/1184)","Monte Carlo estimator","مُقدّر مونت كارلو","مقدر مونت كارلو","Monte Carlo simulation","محاكاة مونتي كارلو","محاكاة مونت كارلو","Nearest Neighbor","الجار الأقرب","أقرب جار","Quality Estimation","تقييم الجودة","تقدير الجودة","Rademacher complexity","تعقيد راديماخر","تعقيد راديماشر","true","true","true","true","false","false","false","false","false","true","false","false","false","false","false","false","false","false","false","false"
"3YLTXLH3EWKFKNBFF5AEB7CYMITPHA","3MRHU5294N3O7KAE1TUQJOAS6HI2AD","Ranking the Quality of AI Terminology Translation from English to Arabic","In this task, you will compare the quality of translations for scientific terms generated by two different methods. The input will include an English term, a context paragraph where the term is used, and its translations in Arabic.","Translation, AI Terminology, Multilingual, Ranking","$0.01","Fri Dec 06 03:36:19 PST 2024","5","BatchId:5277380;OriginalHitTemplateId:928390912;","3600","3600","Fri Dec 13 03:36:19 PST 2024","","","3PB5A5BD0DKF05AYQF3GF556NVMG7V","A2E2FFMXS9F9KR","Approved","Fri Dec 06 04:37:36 PST 2024","Fri Dec 06 04:46:12 PST 2024","Fri Dec 06 05:46:12 PST 2024","Fri Dec 06 05:46:35 PST 2024","","","516","100% (51/51)","100% (51/51)","100% (51/51)","Self-Attention","الاهتمام الذاتي","الانتباه الذاتي","Structure from motion","البنية من الحركة","الهيكل من الحركة","Traveling Salesman Problem","مسألة البائع المتجول","مشكلة البائع المتجول","Tucker decomposition","تحليل تاكر","تحليل توكر","Vertex Cover","غطاء فيرتكس","تغطية الرؤوس","false","true","true","true","false","false","false","false","false","false","true","false","false","false","true","false","false","false","false","false"
"3YLTXLH3EWKFKNBFF5AEB7CYMITPHA","3MRHU5294N3O7KAE1TUQJOAS6HI2AD","Ranking the Quality of AI Terminology Translation from English to Arabic","In this task, you will compare the quality of translations for scientific terms generated by two different methods. The input will include an English term, a context paragraph where the term is used, and its translations in Arabic.","Translation, AI Terminology, Multilingual, Ranking","$0.01","Fri Dec 06 03:36:19 PST 2024","5","BatchId:5277380;OriginalHitTemplateId:928390912;","3600","3600","Fri Dec 13 03:36:19 PST 2024","","","31T4R4OBOAU2JTUTOT7XPEKRP2NC78","A186ORPGIU3WNL","Approved","Fri Dec 06 04:37:14 PST 2024","Fri Dec 06 05:09:29 PST 2024","Fri Dec 06 06:09:29 PST 2024","Fri Dec 06 06:09:35 PST 2024","","","1935","100% (53/53)","100% (52/52)","100% (52/52)","Self-Attention","الاهتمام الذاتي","الانتباه الذاتي","Structure from motion","البنية من الحركة","الهيكل من الحركة","Traveling Salesman Problem","مسألة البائع المتجول","مشكلة البائع المتجول","Tucker decomposition","تحليل تاكر","تحليل توكر","Vertex Cover","غطاء فيرتكس","تغطية الرؤوس","false","true","true","false","false","false","false","false","true","false","true","false","false","false","true","false","false","false","false","false"
"3YLTXLH3EWKFKNBFF5AEB7CYMITPHA","3MRHU5294N3O7KAE1TUQJOAS6HI2AD","Ranking the Quality of AI Terminology Translation from English to Arabic","In this task, you will compare the quality of translations for scientific terms generated by two different methods. The input will include an English term, a context paragraph where the term is used, and its translations in Arabic.","Translation, AI Terminology, Multilingual, Ranking","$0.01","Fri Dec 06 03:36:19 PST 2024","5","BatchId:5277380;OriginalHitTemplateId:928390912;","3600","3600","Fri Dec 13 03:36:19 PST 2024","","","3T111IHZ5W4A3E75LNVCS5AJKTDR94","A2DAZGA8XO0RQ6","Approved","Fri Dec 06 05:37:27 PST 2024","Fri Dec 06 05:42:25 PST 2024","Fri Dec 06 06:42:25 PST 2024","Fri Dec 06 06:42:35 PST 2024","","","298","100% (12/12)","100% (12/12)","100% (12/12)","Self-Attention","الاهتمام الذاتي","الانتباه الذاتي","Structure from motion","البنية من الحركة","الهيكل من الحركة","Traveling Salesman Problem","مسألة البائع المتجول","مشكلة البائع المتجول","Tucker decomposition","تحليل تاكر","تحليل توكر","Vertex Cover","غطاء فيرتكس","تغطية الرؤوس","false","false","false","false","false","true","false","true","false","false","false","true","false","true","true","false","false","false","false","false"
"3YLTXLH3EWKFKNBFF5AEB7CYMITPHA","3MRHU5294N3O7KAE1TUQJOAS6HI2AD","Ranking the Quality of AI Terminology Translation from English to Arabic","In this task, you will compare the quality of translations for scientific terms generated by two different methods. The input will include an English term, a context paragraph where the term is used, and its translations in Arabic.","Translation, AI Terminology, Multilingual, Ranking","$0.01","Fri Dec 06 03:36:19 PST 2024","5","BatchId:5277380;OriginalHitTemplateId:928390912;","3600","3600","Fri Dec 13 03:36:19 PST 2024","","","34X6J5FLPBCZXP5EUKXPC9EHKDVJQ0","AC4I7XU10MQXK","Approved","Fri Dec 06 05:38:22 PST 2024","Fri Dec 06 05:50:35 PST 2024","Fri Dec 06 06:50:35 PST 2024","Fri Dec 06 06:51:35 PST 2024","","","733","100% (58/58)","100% (58/58)","100% (58/58)","Self-Attention","الاهتمام الذاتي","الانتباه الذاتي","Structure from motion","البنية من الحركة","الهيكل من الحركة","Traveling Salesman Problem","مسألة البائع المتجول","مشكلة البائع المتجول","Tucker decomposition","تحليل تاكر","تحليل توكر","Vertex Cover","غطاء فيرتكس","تغطية الرؤوس","true","false","true","false","false","false","true","false","true","false","false","false","false","false","true","false","false","false","false","false"
"3YLTXLH3EWKFKNBFF5AEB7CYMITPHA","3MRHU5294N3O7KAE1TUQJOAS6HI2AD","Ranking the Quality of AI Terminology Translation from English to Arabic","In this task, you will compare the quality of translations for scientific terms generated by two different methods. The input will include an English term, a context paragraph where the term is used, and its translations in Arabic.","Translation, AI Terminology, Multilingual, Ranking","$0.01","Fri Dec 06 03:36:19 PST 2024","5","BatchId:5277380;OriginalHitTemplateId:928390912;","3600","3600","Fri Dec 13 03:36:19 PST 2024","","","3VBEN272M2D1J3UQEI1RAW12A9ZGSI","A2C5HSMKN7QDM8","Approved","Fri Dec 06 05:38:11 PST 2024","Fri Dec 06 06:15:49 PST 2024","Fri Dec 06 07:15:49 PST 2024","Fri Dec 06 07:16:35 PST 2024","","","2258","100% (6/6)","100% (6/6)","100% (6/6)","Self-Attention","الاهتمام الذاتي","الانتباه الذاتي","Structure from motion","البنية من الحركة","الهيكل من الحركة","Traveling Salesman Problem","مسألة البائع المتجول","مشكلة البائع المتجول","Tucker decomposition","تحليل تاكر","تحليل توكر","Vertex Cover","غطاء فيرتكس","تغطية الرؤوس","false","true","true","false","false","false","false","false","true","false","true","false","false","false","true","false","false","false","false","false"
"3IQ9O0AYXNDD8AF6241JGTEABYTTIC","3MRHU5294N3O7KAE1TUQJOAS6HI2AD","Ranking the Quality of AI Terminology Translation from English to Arabic","In this task, you will compare the quality of translations for scientific terms generated by two different methods. The input will include an English term, a context paragraph where the term is used, and its translations in Arabic.","Translation, AI Terminology, Multilingual, Ranking","$0.01","Fri Dec 06 03:36:19 PST 2024","5","BatchId:5277380;OriginalHitTemplateId:928390912;","3600","3600","Fri Dec 13 03:36:19 PST 2024","","","3STRJBFXOE570P3OT9RWITPHJ8NKT5","AG9MLSV2QCVD4","Approved","Fri Dec 06 03:37:17 PST 2024","Fri Dec 06 04:18:16 PST 2024","Fri Dec 06 05:18:16 PST 2024","Fri Dec 06 05:18:35 PST 2024","","","2459","100% (24/24)","100% (24/24)","100% (24/24)","activation","تفعيل","تنشيط","activity detection","اكتشاف النشاط","كشف النشاط","aggregate function","دالة تجميعية","دالة تجميع","algorithm class","فئة الخوارزمية","فئة الخوارزميات","alias table","جدول البدائل","جدول الأسماء المستعارة","true","true","false","false","true","false","false","true","false","false","false","false","false","true","false","false","false","false","false","false"
"3IQ9O0AYXNDD8AF6241JGTEABYTTIC","3MRHU5294N3O7KAE1TUQJOAS6HI2AD","Ranking the Quality of AI Terminology Translation from English to Arabic","In this task, you will compare the quality of translations for scientific terms generated by two different methods. The input will include an English term, a context paragraph where the term is used, and its translations in Arabic.","Translation, AI Terminology, Multilingual, Ranking","$0.01","Fri Dec 06 03:36:19 PST 2024","5","BatchId:5277380;OriginalHitTemplateId:928390912;","3600","3600","Fri Dec 13 03:36:19 PST 2024","","","39KFRKBFI59M72NX176OXRY5IFFYOS","A19I2ZK220NTAE","Approved","Fri Dec 06 03:37:31 PST 2024","Fri Dec 06 04:31:25 PST 2024","Fri Dec 06 05:31:25 PST 2024","Fri Dec 06 05:31:35 PST 2024","","","3234","100% (32/32)","100% (32/32)","100% (32/32)","activation","تفعيل","تنشيط","activity detection","اكتشاف النشاط","كشف النشاط","aggregate function","دالة تجميعية","دالة تجميع","algorithm class","فئة الخوارزمية","فئة الخوارزميات","alias table","جدول البدائل","جدول الأسماء المستعارة","true","true","true","false","false","false","false","false","false","true","false","false","false","true","false","false","false","false","false","false"
"3IQ9O0AYXNDD8AF6241JGTEABYTTIC","3MRHU5294N3O7KAE1TUQJOAS6HI2AD","Ranking the Quality of AI Terminology Translation from English to Arabic","In this task, you will compare the quality of translations for scientific terms generated by two different methods. The input will include an English term, a context paragraph where the term is used, and its translations in Arabic.","Translation, AI Terminology, Multilingual, Ranking","$0.01","Fri Dec 06 03:36:19 PST 2024","5","BatchId:5277380;OriginalHitTemplateId:928390912;","3600","3600","Fri Dec 13 03:36:19 PST 2024","","","3OF2M9AATY23M1CNZ1GE4HQY449KZL","A38SYZRVLTMOFG","Approved","Fri Dec 06 04:37:54 PST 2024","Fri Dec 06 05:12:20 PST 2024","Fri Dec 06 06:12:20 PST 2024","Fri Dec 06 06:12:35 PST 2024","","","2066","100% (49/49)","100% (49/49)","100% (49/49)","activation","تفعيل","تنشيط","activity detection","اكتشاف النشاط","كشف النشاط","aggregate function","دالة تجميعية","دالة تجميع","algorithm class","فئة الخوارزمية","فئة الخوارزميات","alias table","جدول البدائل","جدول الأسماء المستعارة","true","true","true","false","false","false","false","false","false","false","false","false","false","true","true","false","false","false","false","false"
"3IQ9O0AYXNDD8AF6241JGTEABYTTIC","3MRHU5294N3O7KAE1TUQJOAS6HI2AD","Ranking the Quality of AI Terminology Translation from English to Arabic","In this task, you will compare the quality of translations for scientific terms generated by two different methods. The input will include an English term, a context paragraph where the term is used, and its translations in Arabic.","Translation, AI Terminology, Multilingual, Ranking","$0.01","Fri Dec 06 03:36:19 PST 2024","5","BatchId:5277380;OriginalHitTemplateId:928390912;","3600","3600","Fri Dec 13 03:36:19 PST 2024","","","39N5ACM9HW1PR1RQ8VRNNAA4JD09P9","A1L8EGJ85A7DZR","Approved","Fri Dec 06 05:30:16 PST 2024","Fri Dec 06 05:35:50 PST 2024","Fri Dec 06 06:35:50 PST 2024","Fri Dec 06 06:36:35 PST 2024","","","334","100% (27/27)","100% (27/27)","100% (27/27)","activation","تفعيل","تنشيط","activity detection","اكتشاف النشاط","كشف النشاط","aggregate function","دالة تجميعية","دالة تجميع","algorithm class","فئة الخوارزمية","فئة الخوارزميات","alias table","جدول البدائل","جدول الأسماء المستعارة","true","true","false","false","true","false","false","true","false","false","false","false","false","true","false","false","false","false","false","false"
"3IQ9O0AYXNDD8AF6241JGTEABYTTIC","3MRHU5294N3O7KAE1TUQJOAS6HI2AD","Ranking the Quality of AI Terminology Translation from English to Arabic","In this task, you will compare the quality of translations for scientific terms generated by two different methods. The input will include an English term, a context paragraph where the term is used, and its translations in Arabic.","Translation, AI Terminology, Multilingual, Ranking","$0.01","Fri Dec 06 03:36:19 PST 2024","5","BatchId:5277380;OriginalHitTemplateId:928390912;","3600","3600","Fri Dec 13 03:36:19 PST 2024","","","33LKR6A5KWY5UOH2LZLEDETIA2O1TK","A2DAZGA8XO0RQ6","Approved","Fri Dec 06 05:38:43 PST 2024","Fri Dec 06 05:58:04 PST 2024","Fri Dec 06 06:58:04 PST 2024","Fri Dec 06 06:58:35 PST 2024","","","1161","100% (12/12)","100% (12/12)","100% (12/12)","activation","تفعيل","تنشيط","activity detection","اكتشاف النشاط","كشف النشاط","aggregate function","دالة تجميعية","دالة تجميع","algorithm class","فئة الخوارزمية","فئة الخوارزميات","alias table","جدول البدائل","جدول الأسماء المستعارة","false","false","false","false","false","true","false","false","false","true","false","true","false","true","false","false","false","true","false","false"
"32W3UF2E05Z2EMEGVT4PXI4NIUSC4X","3MRHU5294N3O7KAE1TUQJOAS6HI2AD","Ranking the Quality of AI Terminology Translation from English to Arabic","In this task, you will compare the quality of translations for scientific terms generated by two different methods. The input will include an English term, a context paragraph where the term is used, and its translations in Arabic.","Translation, AI Terminology, Multilingual, Ranking","$0.01","Fri Dec 06 03:36:19 PST 2024","5","BatchId:5277380;OriginalHitTemplateId:928390912;","3600","3600","Fri Dec 13 03:36:19 PST 2024","","","3OF2M9AATY23M1CNZ1GE4HQY449ZK0","A11BQAB549UAEG","Approved","Fri Dec 06 03:37:41 PST 2024","Fri Dec 06 03:40:54 PST 2024","Fri Dec 06 04:40:54 PST 2024","Fri Dec 06 04:41:35 PST 2024","","","193","100% (14/14)","100% (14/14)","100% (14/14)","apprenticeship learning","التعلم بالتلمذة","تعلم التلمذة","architecture","معمارية","بنية","attention-based model","النموذج القائم على الانتباه","نموذج قائم على الانتباه","bag-of-word","حقيبة كلمات","حقيبة الكلمات","bart-large","بارت-لارج","بارت-كبير","false","false","false","false","true","true","false","true","false","false","false","true","false","true","false","false","false","false","false","false"
"32W3UF2E05Z2EMEGVT4PXI4NIUSC4X","3MRHU5294N3O7KAE1TUQJOAS6HI2AD","Ranking the Quality of AI Terminology Translation from English to Arabic","In this task, you will compare the quality of translations for scientific terms generated by two different methods. The input will include an English term, a context paragraph where the term is used, and its translations in Arabic.","Translation, AI Terminology, Multilingual, Ranking","$0.01","Fri Dec 06 03:36:19 PST 2024","5","BatchId:5277380;OriginalHitTemplateId:928390912;","3600","3600","Fri Dec 13 03:36:19 PST 2024","","","3X4MXAO0BY2LFAKDEY546PIUIUZRWV","ASVJ75M0TNT6Z","Approved","Fri Dec 06 03:37:45 PST 2024","Fri Dec 06 03:45:33 PST 2024","Fri Dec 06 04:45:33 PST 2024","Fri Dec 06 04:45:35 PST 2024","","","468","100% (25/25)","100% (25/25)","100% (25/25)","apprenticeship learning","التعلم بالتلمذة","تعلم التلمذة","architecture","معمارية","بنية","attention-based model","النموذج القائم على الانتباه","نموذج قائم على الانتباه","bag-of-word","حقيبة كلمات","حقيبة الكلمات","bart-large","بارت-لارج","بارت-كبير","false","false","false","false","true","true","false","true","false","false","false","false","false","false","false","false","true","false","true","false"
"32W3UF2E05Z2EMEGVT4PXI4NIUSC4X","3MRHU5294N3O7KAE1TUQJOAS6HI2AD","Ranking the Quality of AI Terminology Translation from English to Arabic","In this task, you will compare the quality of translations for scientific terms generated by two different methods. The input will include an English term, a context paragraph where the term is used, and its translations in Arabic.","Translation, AI Terminology, Multilingual, Ranking","$0.01","Fri Dec 06 03:36:19 PST 2024","5","BatchId:5277380;OriginalHitTemplateId:928390912;","3600","3600","Fri Dec 13 03:36:19 PST 2024","","","3IUZPWIU16LZS67IOEW75DWGN25KWV","A2E2FFMXS9F9KR","Approved","Fri Dec 06 03:37:20 PST 2024","Fri Dec 06 04:28:02 PST 2024","Fri Dec 06 05:28:02 PST 2024","Fri Dec 06 05:28:35 PST 2024","","","3042","100% (51/51)","100% (51/51)","100% (51/51)","apprenticeship learning","التعلم بالتلمذة","تعلم التلمذة","architecture","معمارية","بنية","attention-based model","النموذج القائم على الانتباه","نموذج قائم على الانتباه","bag-of-word","حقيبة كلمات","حقيبة الكلمات","bart-large","بارت-لارج","بارت-كبير","false","true","true","false","true","true","false","false","true","false","false","false","false","false","false","false","false","false","false","false"
"32W3UF2E05Z2EMEGVT4PXI4NIUSC4X","3MRHU5294N3O7KAE1TUQJOAS6HI2AD","Ranking the Quality of AI Terminology Translation from English to Arabic","In this task, you will compare the quality of translations for scientific terms generated by two different methods. The input will include an English term, a context paragraph where the term is used, and its translations in Arabic.","Translation, AI Terminology, Multilingual, Ranking","$0.01","Fri Dec 06 03:36:19 PST 2024","5","BatchId:5277380;OriginalHitTemplateId:928390912;","3600","3600","Fri Dec 13 03:36:19 PST 2024","","","32Z9ZLUT13Y0L7X8R720BR32SK9OHS","A2GJB7TBZM91Z4","Approved","Fri Dec 06 04:37:59 PST 2024","Fri Dec 06 04:57:37 PST 2024","Fri Dec 06 05:57:37 PST 2024","Fri Dec 06 05:58:35 PST 2024","","","1178","100% (23/23)","100% (23/23)","100% (23/23)","apprenticeship learning","التعلم بالتلمذة","تعلم التلمذة","architecture","معمارية","بنية","attention-based model","النموذج القائم على الانتباه","نموذج قائم على الانتباه","bag-of-word","حقيبة كلمات","حقيبة الكلمات","bart-large","بارت-لارج","بارت-كبير","true","true","true","false","false","false","false","false","false","true","false","false","false","true","false","false","false","false","false","false"
"32W3UF2E05Z2EMEGVT4PXI4NIUSC4X","3MRHU5294N3O7KAE1TUQJOAS6HI2AD","Ranking the Quality of AI Terminology Translation from English to Arabic","In this task, you will compare the quality of translations for scientific terms generated by two different methods. The input will include an English term, a context paragraph where the term is used, and its translations in Arabic.","Translation, AI Terminology, Multilingual, Ranking","$0.01","Fri Dec 06 03:36:19 PST 2024","5","BatchId:5277380;OriginalHitTemplateId:928390912;","3600","3600","Fri Dec 13 03:36:19 PST 2024","","","3WOKGM4L7JUPA7RCTZVF5Z4L6210OU","A11JXYZDAUX0UP","Approved","Fri Dec 06 04:37:56 PST 2024","Fri Dec 06 05:33:40 PST 2024","Fri Dec 06 06:33:40 PST 2024","Fri Dec 06 06:34:35 PST 2024","","","3344","100% (1186/1186)","100% (1186/1186)","100% (1184/1184)","apprenticeship learning","التعلم بالتلمذة","تعلم التلمذة","architecture","معمارية","بنية","attention-based model","النموذج القائم على الانتباه","نموذج قائم على الانتباه","bag-of-word","حقيبة كلمات","حقيبة الكلمات","bart-large","بارت-لارج","بارت-كبير","false","true","true","false","true","true","false","false","false","false","false","false","false","true","false","false","false","false","false","false"
"3VGET1QS0HD8B724EI2XCOV01C0W7A","3MRHU5294N3O7KAE1TUQJOAS6HI2AD","Ranking the Quality of AI Terminology Translation from English to Arabic","In this task, you will compare the quality of translations for scientific terms generated by two different methods. The input will include an English term, a context paragraph where the term is used, and its translations in Arabic.","Translation, AI Terminology, Multilingual, Ranking","$0.01","Fri Dec 06 03:36:19 PST 2024","5","BatchId:5277380;OriginalHitTemplateId:928390912;","3600","3600","Fri Dec 13 03:36:19 PST 2024","","","3S06PH7KS9IYDZL5Z9LZ8ABW7G01D1","A198MZX1B7ZOPY","Approved","Fri Dec 06 03:37:33 PST 2024","Fri Dec 06 03:45:17 PST 2024","Fri Dec 06 04:45:17 PST 2024","Fri Dec 06 04:45:35 PST 2024","","","464","100% (17/17)","100% (17/17)","100% (17/17)","beam search algorithm","خوارزمية البحث بالشعاع","خوارزمية البحث الشعاعي","benchmark dataset","مجموعة البيانات المرجعية","مجموعة بيانات مرجعية","bidirectional search","البحث ثنائي الاتجاه","البحث الثنائي الاتجاه","binary classification","التصنيف الثنائي","تصنيف ثنائي","binary vector","المتجه الثنائي","متجه ثنائي","true","false","true","false","true","false","true","false","true","false","false","false","false","false","false","false","false","false","false","false"
"3VGET1QS0HD8B724EI2XCOV01C0W7A","3MRHU5294N3O7KAE1TUQJOAS6HI2AD","Ranking the Quality of AI Terminology Translation from English to Arabic","In this task, you will compare the quality of translations for scientific terms generated by two different methods. The input will include an English term, a context paragraph where the term is used, and its translations in Arabic.","Translation, AI Terminology, Multilingual, Ranking","$0.01","Fri Dec 06 03:36:19 PST 2024","5","BatchId:5277380;OriginalHitTemplateId:928390912;","3600","3600","Fri Dec 13 03:36:19 PST 2024","","","3R2UR8A0ISUX7XXNWBKMEDRWG9LOXC","A2IFN9328HNXWC","Approved","Fri Dec 06 03:37:45 PST 2024","Fri Dec 06 03:58:10 PST 2024","Fri Dec 06 04:58:10 PST 2024","Fri Dec 06 04:58:35 PST 2024","","","1225","100% (10/10)","100% (10/10)","100% (10/10)","beam search algorithm","خوارزمية البحث بالشعاع","خوارزمية البحث الشعاعي","benchmark dataset","مجموعة البيانات المرجعية","مجموعة بيانات مرجعية","bidirectional search","البحث ثنائي الاتجاه","البحث الثنائي الاتجاه","binary classification","التصنيف الثنائي","تصنيف ثنائي","binary vector","المتجه الثنائي","متجه ثنائي","true","true","true","true","true","false","false","false","false","false","false","false","false","false","false","false","false","false","false","false"
"3VGET1QS0HD8B724EI2XCOV01C0W7A","3MRHU5294N3O7KAE1TUQJOAS6HI2AD","Ranking the Quality of AI Terminology Translation from English to Arabic","In this task, you will compare the quality of translations for scientific terms generated by two different methods. The input will include an English term, a context paragraph where the term is used, and its translations in Arabic.","Translation, AI Terminology, Multilingual, Ranking","$0.01","Fri Dec 06 03:36:19 PST 2024","5","BatchId:5277380;OriginalHitTemplateId:928390912;","3600","3600","Fri Dec 13 03:36:19 PST 2024","","","3OE22WJIG028B5G86J13JBNS1SMQUU","AC4I7XU10MQXK","Approved","Fri Dec 06 03:37:26 PST 2024","Fri Dec 06 04:08:20 PST 2024","Fri Dec 06 05:08:20 PST 2024","Fri Dec 06 05:08:35 PST 2024","","","1854","100% (58/58)","100% (58/58)","100% (58/58)","beam search algorithm","خوارزمية البحث بالشعاع","خوارزمية البحث الشعاعي","benchmark dataset","مجموعة البيانات المرجعية","مجموعة بيانات مرجعية","bidirectional search","البحث ثنائي الاتجاه","البحث الثنائي الاتجاه","binary classification","التصنيف الثنائي","تصنيف ثنائي","binary vector","المتجه الثنائي","متجه ثنائي","true","true","true","true","true","false","false","false","false","false","false","false","false","false","false","false","false","false","false","false"
"3VGET1QS0HD8B724EI2XCOV01C0W7A","3MRHU5294N3O7KAE1TUQJOAS6HI2AD","Ranking the Quality of AI Terminology Translation from English to Arabic","In this task, you will compare the quality of translations for scientific terms generated by two different methods. The input will include an English term, a context paragraph where the term is used, and its translations in Arabic.","Translation, AI Terminology, Multilingual, Ranking","$0.01","Fri Dec 06 03:36:19 PST 2024","5","BatchId:5277380;OriginalHitTemplateId:928390912;","3600","3600","Fri Dec 13 03:36:19 PST 2024","","","3EO896NRAE9CP5X6BORKHEP44JNJT5","A3OAFR48DADAOM","Approved","Fri Dec 06 03:36:59 PST 2024","Fri Dec 06 04:10:25 PST 2024","Fri Dec 06 05:10:25 PST 2024","Fri Dec 06 05:10:35 PST 2024","","","2006","100% (41/41)","100% (41/41)","100% (41/41)","beam search algorithm","خوارزمية البحث بالشعاع","خوارزمية البحث الشعاعي","benchmark dataset","مجموعة البيانات المرجعية","مجموعة بيانات مرجعية","bidirectional search","البحث ثنائي الاتجاه","البحث الثنائي الاتجاه","binary classification","التصنيف الثنائي","تصنيف ثنائي","binary vector","المتجه الثنائي","متجه ثنائي","true","true","true","true","true","false","false","false","false","false","false","false","false","false","false","false","false","false","false","false"
"3VGET1QS0HD8B724EI2XCOV01C0W7A","3MRHU5294N3O7KAE1TUQJOAS6HI2AD","Ranking the Quality of AI Terminology Translation from English to Arabic","In this task, you will compare the quality of translations for scientific terms generated by two different methods. The input will include an English term, a context paragraph where the term is used, and its translations in Arabic.","Translation, AI Terminology, Multilingual, Ranking","$0.01","Fri Dec 06 03:36:19 PST 2024","5","BatchId:5277380;OriginalHitTemplateId:928390912;","3600","3600","Fri Dec 13 03:36:19 PST 2024","","","3J4Q2Z4UTGHL395D1JG41Z8PM8WWQY","A2GJB7TBZM91Z4","Approved","Fri Dec 06 04:37:13 PST 2024","Fri Dec 06 04:56:49 PST 2024","Fri Dec 06 05:56:49 PST 2024","Fri Dec 06 05:57:35 PST 2024","","","1176","100% (23/23)","100% (23/23)","100% (23/23)","beam search algorithm","خوارزمية البحث بالشعاع","خوارزمية البحث الشعاعي","benchmark dataset","مجموعة البيانات المرجعية","مجموعة بيانات مرجعية","bidirectional search","البحث ثنائي الاتجاه","البحث الثنائي الاتجاه","binary classification","التصنيف الثنائي","تصنيف ثنائي","binary vector","المتجه الثنائي","متجه ثنائي","false","true","true","true","true","true","false","false","false","false","false","false","false","false","false","false","false","false","false","false"
"3UOMW19E7UKKA5IG9YNZ2AA1IQNC52","3MRHU5294N3O7KAE1TUQJOAS6HI2AD","Ranking the Quality of AI Terminology Translation from English to Arabic","In this task, you will compare the quality of translations for scientific terms generated by two different methods. The input will include an English term, a context paragraph where the term is used, and its translations in Arabic.","Translation, AI Terminology, Multilingual, Ranking","$0.01","Fri Dec 06 03:36:19 PST 2024","5","BatchId:5277380;OriginalHitTemplateId:928390912;","3600","3600","Fri Dec 13 03:36:19 PST 2024","","","3P59JYT763YCJ9ZY43LSIX3N2812T1","A1XD6THGBT1T9T","Approved","Fri Dec 06 03:37:03 PST 2024","Fri Dec 06 03:48:41 PST 2024","Fri Dec 06 04:48:41 PST 2024","Fri Dec 06 04:49:35 PST 2024","","","698","100% (43/43)","100% (43/43)","100% (42/42)","bootstrap learning","تعلم البوتستراب","تعلم التمهيد","camera parameter","معلمات الكاميرا","معامل الكاميرا","capsule network","شبكة الكبسولات","شبكة الكبسولة","causal language model","نموذج اللغة السببية","نموذج اللغة السببي","causal theory","النظرية السببية","نظرية السببية","true","true","false","true","true","false","false","true","false","false","false","false","false","false","false","false","false","false","false","false"
"3UOMW19E7UKKA5IG9YNZ2AA1IQNC52","3MRHU5294N3O7KAE1TUQJOAS6HI2AD","Ranking the Quality of AI Terminology Translation from English to Arabic","In this task, you will compare the quality of translations for scientific terms generated by two different methods. The input will include an English term, a context paragraph where the term is used, and its translations in Arabic.","Translation, AI Terminology, Multilingual, Ranking","$0.01","Fri Dec 06 03:36:19 PST 2024","5","BatchId:5277380;OriginalHitTemplateId:928390912;","3600","3600","Fri Dec 13 03:36:19 PST 2024","","","3WAKVUDHUEUY5NBTAKSXJK6XW31U79","A2GJB7TBZM91Z4","Approved","Fri Dec 06 04:38:11 PST 2024","Fri Dec 06 04:57:58 PST 2024","Fri Dec 06 05:57:58 PST 2024","Fri Dec 06 05:58:35 PST 2024","","","1187","100% (23/23)","100% (23/23)","100% (23/23)","bootstrap learning","تعلم البوتستراب","تعلم التمهيد","camera parameter","معلمات الكاميرا","معامل الكاميرا","capsule network","شبكة الكبسولات","شبكة الكبسولة","causal language model","نموذج اللغة السببية","نموذج اللغة السببي","causal theory","النظرية السببية","نظرية السببية","true","false","false","true","true","false","true","true","false","false","false","false","false","false","false","false","false","false","false","false"
"3UOMW19E7UKKA5IG9YNZ2AA1IQNC52","3MRHU5294N3O7KAE1TUQJOAS6HI2AD","Ranking the Quality of AI Terminology Translation from English to Arabic","In this task, you will compare the quality of translations for scientific terms generated by two different methods. The input will include an English term, a context paragraph where the term is used, and its translations in Arabic.","Translation, AI Terminology, Multilingual, Ranking","$0.01","Fri Dec 06 03:36:19 PST 2024","5","BatchId:5277380;OriginalHitTemplateId:928390912;","3600","3600","Fri Dec 13 03:36:19 PST 2024","","","3OLQQLKKNA3A0MF9LT2PISP319ZJEE","A251BWQW2F81FT","Approved","Fri Dec 06 04:37:22 PST 2024","Fri Dec 06 04:58:36 PST 2024","Fri Dec 06 05:58:36 PST 2024","Fri Dec 06 05:59:35 PST 2024","","","1274","100% (31/31)","100% (31/31)","100% (31/31)","bootstrap learning","تعلم البوتستراب","تعلم التمهيد","camera parameter","معلمات الكاميرا","معامل الكاميرا","capsule network","شبكة الكبسولات","شبكة الكبسولة","causal language model","نموذج اللغة السببية","نموذج اللغة السببي","causal theory","النظرية السببية","نظرية السببية","false","true","false","true","true","true","false","true","false","false","false","false","false","false","false","false","false","false","false","false"
"3UOMW19E7UKKA5IG9YNZ2AA1IQNC52","3MRHU5294N3O7KAE1TUQJOAS6HI2AD","Ranking the Quality of AI Terminology Translation from English to Arabic","In this task, you will compare the quality of translations for scientific terms generated by two different methods. The input will include an English term, a context paragraph where the term is used, and its translations in Arabic.","Translation, AI Terminology, Multilingual, Ranking","$0.01","Fri Dec 06 03:36:19 PST 2024","5","BatchId:5277380;OriginalHitTemplateId:928390912;","3600","3600","Fri Dec 13 03:36:19 PST 2024","","","3X08E93BHDWUZC7NVSP2X0SLY6Z66K","A3QIWEQXAGMGD","Approved","Fri Dec 06 05:37:49 PST 2024","Fri Dec 06 05:38:41 PST 2024","Fri Dec 06 06:38:41 PST 2024","Fri Dec 06 06:39:35 PST 2024","","","52","100% (26/26)","100% (26/26)","100% (26/26)","bootstrap learning","تعلم البوتستراب","تعلم التمهيد","camera parameter","معلمات الكاميرا","معامل الكاميرا","capsule network","شبكة الكبسولات","شبكة الكبسولة","causal language model","نموذج اللغة السببية","نموذج اللغة السببي","causal theory","النظرية السببية","نظرية السببية","false","true","false","true","true","true","false","true","false","false","false","false","false","false","false","false","false","false","false","false"
"3UOMW19E7UKKA5IG9YNZ2AA1IQNC52","3MRHU5294N3O7KAE1TUQJOAS6HI2AD","Ranking the Quality of AI Terminology Translation from English to Arabic","In this task, you will compare the quality of translations for scientific terms generated by two different methods. The input will include an English term, a context paragraph where the term is used, and its translations in Arabic.","Translation, AI Terminology, Multilingual, Ranking","$0.01","Fri Dec 06 03:36:19 PST 2024","5","BatchId:5277380;OriginalHitTemplateId:928390912;","3600","3600","Fri Dec 13 03:36:19 PST 2024","","","324G5B4FBLMIP1ZDCDEDUDIQGFC700","A2DAZGA8XO0RQ6","Approved","Fri Dec 06 05:58:54 PST 2024","Fri Dec 06 06:18:06 PST 2024","Fri Dec 06 07:18:06 PST 2024","Fri Dec 06 07:18:35 PST 2024","","","1152","100% (12/12)","100% (12/12)","100% (12/12)","bootstrap learning","تعلم البوتستراب","تعلم التمهيد","camera parameter","معلمات الكاميرا","معامل الكاميرا","capsule network","شبكة الكبسولات","شبكة الكبسولة","causal language model","نموذج اللغة السببية","نموذج اللغة السببي","causal theory","النظرية السببية","نظرية السببية","true","false","false","false","false","false","true","false","false","true","false","false","true","true","false","false","false","false","false","false"
"3X2LT8FDIDWCBL7NONU3QORVCW6W8X","3MRHU5294N3O7KAE1TUQJOAS6HI2AD","Ranking the Quality of AI Terminology Translation from English to Arabic","In this task, you will compare the quality of translations for scientific terms generated by two different methods. The input will include an English term, a context paragraph where the term is used, and its translations in Arabic.","Translation, AI Terminology, Multilingual, Ranking","$0.01","Fri Dec 06 03:36:20 PST 2024","5","BatchId:5277380;OriginalHitTemplateId:928390912;","3600","3600","Fri Dec 13 03:36:20 PST 2024","","","33NF62TLX1GDMM7JHFDSGN28L6WKJ0","A2987PX0SS9IX2","Approved","Fri Dec 06 03:37:11 PST 2024","Fri Dec 06 03:37:35 PST 2024","Fri Dec 06 04:37:35 PST 2024","Fri Dec 06 04:38:35 PST 2024","","","24","100% (1/1)","100% (1/1)","100% (1/1)","chart parser","محلل المخطط","محلل الرسم البياني","chart parsing","تحليل المخططات","تحليل الرسم البياني","closed-world","عالم مغلق","العالم المغلق","codebook","كتاب الشيفرات","كتاب الرموز","concept assertion","إثبات المفهوم","تأكيد المفهوم","false","false","true","true","false","false","false","false","false","true","false","false","false","false","false","false","false","false","false","false"
"3X2LT8FDIDWCBL7NONU3QORVCW6W8X","3MRHU5294N3O7KAE1TUQJOAS6HI2AD","Ranking the Quality of AI Terminology Translation from English to Arabic","In this task, you will compare the quality of translations for scientific terms generated by two different methods. The input will include an English term, a context paragraph where the term is used, and its translations in Arabic.","Translation, AI Terminology, Multilingual, Ranking","$0.01","Fri Dec 06 03:36:20 PST 2024","5","BatchId:5277380;OriginalHitTemplateId:928390912;","3600","3600","Fri Dec 13 03:36:20 PST 2024","","","3KV0LJBBHKZPAYQZAWZHXRG3KSLMRZ","A38SYZRVLTMOFG","Approved","Fri Dec 06 03:37:02 PST 2024","Fri Dec 06 03:59:03 PST 2024","Fri Dec 06 04:59:03 PST 2024","Fri Dec 06 04:59:35 PST 2024","","","1321","100% (49/49)","100% (49/49)","100% (49/49)","chart parser","محلل المخطط","محلل الرسم البياني","chart parsing","تحليل المخططات","تحليل الرسم البياني","closed-world","عالم مغلق","العالم المغلق","codebook","كتاب الشيفرات","كتاب الرموز","concept assertion","إثبات المفهوم","تأكيد المفهوم","false","true","true","false","true","true","false","false","true","false","false","false","false","false","false","false","false","false","false","false"
"3X2LT8FDIDWCBL7NONU3QORVCW6W8X","3MRHU5294N3O7KAE1TUQJOAS6HI2AD","Ranking the Quality of AI Terminology Translation from English to Arabic","In this task, you will compare the quality of translations for scientific terms generated by two different methods. The input will include an English term, a context paragraph where the term is used, and its translations in Arabic.","Translation, AI Terminology, Multilingual, Ranking","$0.01","Fri Dec 06 03:36:20 PST 2024","5","BatchId:5277380;OriginalHitTemplateId:928390912;","3600","3600","Fri Dec 13 03:36:20 PST 2024","","","3OB0CAO74Z3CFL1AXUBYDI146U8YHD","A2D6SB3TU1NYQ7","Approved","Fri Dec 06 04:38:38 PST 2024","Fri Dec 06 05:02:00 PST 2024","Fri Dec 06 06:02:00 PST 2024","Fri Dec 06 06:02:35 PST 2024","","","1402","100% (45/45)","100% (45/45)","100% (45/45)","chart parser","محلل المخطط","محلل الرسم البياني","chart parsing","تحليل المخططات","تحليل الرسم البياني","closed-world","عالم مغلق","العالم المغلق","codebook","كتاب الشيفرات","كتاب الرموز","concept assertion","إثبات المفهوم","تأكيد المفهوم","false","false","true","false","false","true","true","false","true","false","false","false","false","false","true","false","false","false","false","false"
"3X2LT8FDIDWCBL7NONU3QORVCW6W8X","3MRHU5294N3O7KAE1TUQJOAS6HI2AD","Ranking the Quality of AI Terminology Translation from English to Arabic","In this task, you will compare the quality of translations for scientific terms generated by two different methods. The input will include an English term, a context paragraph where the term is used, and its translations in Arabic.","Translation, AI Terminology, Multilingual, Ranking","$0.01","Fri Dec 06 03:36:20 PST 2024","5","BatchId:5277380;OriginalHitTemplateId:928390912;","3600","3600","Fri Dec 13 03:36:20 PST 2024","","","3IXEICO79KX01AIZR5XV8AKZIEAT6I","AC4I7XU10MQXK","Approved","Fri Dec 06 04:38:39 PST 2024","Fri Dec 06 05:22:20 PST 2024","Fri Dec 06 06:22:20 PST 2024","Fri Dec 06 06:22:35 PST 2024","","","2621","100% (58/58)","100% (58/58)","100% (58/58)","chart parser","محلل المخطط","محلل الرسم البياني","chart parsing","تحليل المخططات","تحليل الرسم البياني","closed-world","عالم مغلق","العالم المغلق","codebook","كتاب الشيفرات","كتاب الرموز","concept assertion","إثبات المفهوم","تأكيد المفهوم","false","false","true","false","true","true","false","false","true","false","false","true","false","false","false","false","false","false","false","false"
"3X2LT8FDIDWCBL7NONU3QORVCW6W8X","3MRHU5294N3O7KAE1TUQJOAS6HI2AD","Ranking the Quality of AI Terminology Translation from English to Arabic","In this task, you will compare the quality of translations for scientific terms generated by two different methods. The input will include an English term, a context paragraph where the term is used, and its translations in Arabic.","Translation, AI Terminology, Multilingual, Ranking","$0.01","Fri Dec 06 03:36:20 PST 2024","5","BatchId:5277380;OriginalHitTemplateId:928390912;","3600","3600","Fri Dec 13 03:36:20 PST 2024","","","3LPW2N6LKBGJIJXAMRD0L0S15Y95UA","A3AHE81HVRXFCD","Approved","Fri Dec 06 05:30:47 PST 2024","Fri Dec 06 05:51:58 PST 2024","Fri Dec 06 06:51:58 PST 2024","Fri Dec 06 06:52:35 PST 2024","","","1271","100% (22/22)","100% (22/22)","100% (22/22)","chart parser","محلل المخطط","محلل الرسم البياني","chart parsing","تحليل المخططات","تحليل الرسم البياني","closed-world","عالم مغلق","العالم المغلق","codebook","كتاب الشيفرات","كتاب الرموز","concept assertion","إثبات المفهوم","تأكيد المفهوم","false","false","true","false","false","false","false","false","true","true","true","true","false","false","false","false","false","false","false","false"
"3I4E7AFQ31D93LZCKMMJSUTAODITJO","3MRHU5294N3O7KAE1TUQJOAS6HI2AD","Ranking the Quality of AI Terminology Translation from English to Arabic","In this task, you will compare the quality of translations for scientific terms generated by two different methods. The input will include an English term, a context paragraph where the term is used, and its translations in Arabic.","Translation, AI Terminology, Multilingual, Ranking","$0.01","Fri Dec 06 03:36:20 PST 2024","5","BatchId:5277380;OriginalHitTemplateId:928390912;","3600","3600","Fri Dec 13 03:36:20 PST 2024","","","3IHR8NYAMPFOUVLER0VW62ZOXJD4PV","A158IFJD0BERSB","Approved","Fri Dec 06 03:37:45 PST 2024","Fri Dec 06 03:41:03 PST 2024","Fri Dec 06 04:41:03 PST 2024","Fri Dec 06 04:41:35 PST 2024","","","198","100% (6/6)","100% (6/6)","100% (6/6)","conditional probability distribution","التوزيع الاحتمالي المشروط","توزيع الاحتمال الشرطي","conditional text generation","توليد النص المشروط","توليد النص الشرطي","confidence interval","فاصل الثقة","فترة الثقة","constituent parsing","التحليل التأسيسي","تحليل المكونات","contingency table","جدول التداخل","جدول الطوارئ","false","false","true","false","false","true","false","false","false","true","false","false","false","true","false","false","true","false","false","false"
"3I4E7AFQ31D93LZCKMMJSUTAODITJO","3MRHU5294N3O7KAE1TUQJOAS6HI2AD","Ranking the Quality of AI Terminology Translation from English to Arabic","In this task, you will compare the quality of translations for scientific terms generated by two different methods. The input will include an English term, a context paragraph where the term is used, and its translations in Arabic.","Translation, AI Terminology, Multilingual, Ranking","$0.01","Fri Dec 06 03:36:20 PST 2024","5","BatchId:5277380;OriginalHitTemplateId:928390912;","3600","3600","Fri Dec 13 03:36:20 PST 2024","","","3SB5N7Y3OLI1IUAE5GI70QVJFGA0G7","A9M8N3BOH6013","Approved","Fri Dec 06 03:37:18 PST 2024","Fri Dec 06 03:50:39 PST 2024","Fri Dec 06 04:50:39 PST 2024","Fri Dec 06 04:51:35 PST 2024","","","801","100% (44/44)","100% (44/44)","100% (44/44)","conditional probability distribution","التوزيع الاحتمالي المشروط","توزيع الاحتمال الشرطي","conditional text generation","توليد النص المشروط","توليد النص الشرطي","confidence interval","فاصل الثقة","فترة الثقة","constituent parsing","التحليل التأسيسي","تحليل المكونات","contingency table","جدول التداخل","جدول الطوارئ","true","true","true","false","false","false","false","false","false","false","false","false","false","true","false","false","false","false","false","true"
"3I4E7AFQ31D93LZCKMMJSUTAODITJO","3MRHU5294N3O7KAE1TUQJOAS6HI2AD","Ranking the Quality of AI Terminology Translation from English to Arabic","In this task, you will compare the quality of translations for scientific terms generated by two different methods. The input will include an English term, a context paragraph where the term is used, and its translations in Arabic.","Translation, AI Terminology, Multilingual, Ranking","$0.01","Fri Dec 06 03:36:20 PST 2024","5","BatchId:5277380;OriginalHitTemplateId:928390912;","3600","3600","Fri Dec 13 03:36:20 PST 2024","","","3180JW2OTMQA43MGAS9MEYJQOG15J0","A3AHE81HVRXFCD","Approved","Fri Dec 06 03:36:50 PST 2024","Fri Dec 06 03:50:51 PST 2024","Fri Dec 06 04:50:51 PST 2024","Fri Dec 06 04:51:35 PST 2024","","","841","100% (22/22)","100% (22/22)","100% (22/22)","conditional probability distribution","التوزيع الاحتمالي المشروط","توزيع الاحتمال الشرطي","conditional text generation","توليد النص المشروط","توليد النص الشرطي","confidence interval","فاصل الثقة","فترة الثقة","constituent parsing","التحليل التأسيسي","تحليل المكونات","contingency table","جدول التداخل","جدول الطوارئ","true","true","true","false","false","false","false","false","false","false","false","false","false","true","false","false","false","false","false","true"
"3I4E7AFQ31D93LZCKMMJSUTAODITJO","3MRHU5294N3O7KAE1TUQJOAS6HI2AD","Ranking the Quality of AI Terminology Translation from English to Arabic","In this task, you will compare the quality of translations for scientific terms generated by two different methods. The input will include an English term, a context paragraph where the term is used, and its translations in Arabic.","Translation, AI Terminology, Multilingual, Ranking","$0.01","Fri Dec 06 03:36:20 PST 2024","5","BatchId:5277380;OriginalHitTemplateId:928390912;","3600","3600","Fri Dec 13 03:36:20 PST 2024","","","3YHH42UU5TTH4MOFG7FNDI0RBXW0LD","A2IFN9328HNXWC","Approved","Fri Dec 06 03:37:20 PST 2024","Fri Dec 06 03:57:39 PST 2024","Fri Dec 06 04:57:39 PST 2024","Fri Dec 06 04:58:35 PST 2024","","","1219","100% (10/10)","100% (10/10)","100% (10/10)","conditional probability distribution","التوزيع الاحتمالي المشروط","توزيع الاحتمال الشرطي","conditional text generation","توليد النص المشروط","توليد النص الشرطي","confidence interval","فاصل الثقة","فترة الثقة","constituent parsing","التحليل التأسيسي","تحليل المكونات","contingency table","جدول التداخل","جدول الطوارئ","true","true","true","false","false","false","false","false","false","false","false","false","false","true","false","false","false","false","false","true"
"3I4E7AFQ31D93LZCKMMJSUTAODITJO","3MRHU5294N3O7KAE1TUQJOAS6HI2AD","Ranking the Quality of AI Terminology Translation from English to Arabic","In this task, you will compare the quality of translations for scientific terms generated by two different methods. The input will include an English term, a context paragraph where the term is used, and its translations in Arabic.","Translation, AI Terminology, Multilingual, Ranking","$0.01","Fri Dec 06 03:36:20 PST 2024","5","BatchId:5277380;OriginalHitTemplateId:928390912;","3600","3600","Fri Dec 13 03:36:20 PST 2024","","","3UN61F00HE3R2R5TIXIVGP5HYX25RZ","A3SC8IBRLEFRUP","Approved","Fri Dec 06 03:45:14 PST 2024","Fri Dec 06 04:40:59 PST 2024","Fri Dec 06 05:40:59 PST 2024","Fri Dec 06 05:41:35 PST 2024","","","3345","100% (9/9)","100% (9/9)","100% (9/9)","conditional probability distribution","التوزيع الاحتمالي المشروط","توزيع الاحتمال الشرطي","conditional text generation","توليد النص المشروط","توليد النص الشرطي","confidence interval","فاصل الثقة","فترة الثقة","constituent parsing","التحليل التأسيسي","تحليل المكونات","contingency table","جدول التداخل","جدول الطوارئ","true","false","false","false","false","false","true","true","false","false","false","false","false","false","true","false","false","false","true","false"
"3J9L0X0VEW0CPQQXTF0HQKM6W2OW9M","3MRHU5294N3O7KAE1TUQJOAS6HI2AD","Ranking the Quality of AI Terminology Translation from English to Arabic","In this task, you will compare the quality of translations for scientific terms generated by two different methods. The input will include an English term, a context paragraph where the term is used, and its translations in Arabic.","Translation, AI Terminology, Multilingual, Ranking","$0.01","Fri Dec 06 03:36:20 PST 2024","5","BatchId:5277380;OriginalHitTemplateId:928390912;","3600","3600","Fri Dec 13 03:36:20 PST 2024","","","3S3AMIZX3CJI02V3F6AJP6UNBDQCD1","A1XD6THGBT1T9T","Approved","Fri Dec 06 03:36:54 PST 2024","Fri Dec 06 03:46:24 PST 2024","Fri Dec 06 04:46:24 PST 2024","Fri Dec 06 04:46:35 PST 2024","","","570","100% (43/43)","100% (43/43)","100% (42/42)","conversation history","تاريخ المحادثة","سجل المحادثة","conversational dialogue system","نظام الحوار التحادثي","نظام حوار محادثة","convolution neural network","الشبكة العصبية التلافيفية","شبكة الالتفاف العصبية","convolutional layer","طبقة تلافيفية","طبقة التلافيف","convolutional network","شبكة تلافيفية","شبكة التلافيف","true","false","true","true","true","false","true","false","false","false","false","false","false","false","false","false","false","false","false","false"
"3J9L0X0VEW0CPQQXTF0HQKM6W2OW9M","3MRHU5294N3O7KAE1TUQJOAS6HI2AD","Ranking the Quality of AI Terminology Translation from English to Arabic","In this task, you will compare the quality of translations for scientific terms generated by two different methods. The input will include an English term, a context paragraph where the term is used, and its translations in Arabic.","Translation, AI Terminology, Multilingual, Ranking","$0.01","Fri Dec 06 03:36:20 PST 2024","5","BatchId:5277380;OriginalHitTemplateId:928390912;","3600","3600","Fri Dec 13 03:36:20 PST 2024","","","3SITXWYCNDNDO38ES6F08TRX9A2BXV","A11JXYZDAUX0UP","Approved","Fri Dec 06 04:37:22 PST 2024","Fri Dec 06 05:31:17 PST 2024","Fri Dec 06 06:31:17 PST 2024","Fri Dec 06 06:31:35 PST 2024","","","3235","100% (1186/1186)","100% (1186/1186)","100% (1184/1184)","conversation history","تاريخ المحادثة","سجل المحادثة","conversational dialogue system","نظام الحوار التحادثي","نظام حوار محادثة","convolution neural network","الشبكة العصبية التلافيفية","شبكة الالتفاف العصبية","convolutional layer","طبقة تلافيفية","طبقة التلافيف","convolutional network","شبكة تلافيفية","شبكة التلافيف","true","true","true","true","true","false","false","false","false","false","false","false","false","false","false","false","false","false","false","false"
"3J9L0X0VEW0CPQQXTF0HQKM6W2OW9M","3MRHU5294N3O7KAE1TUQJOAS6HI2AD","Ranking the Quality of AI Terminology Translation from English to Arabic","In this task, you will compare the quality of translations for scientific terms generated by two different methods. The input will include an English term, a context paragraph where the term is used, and its translations in Arabic.","Translation, AI Terminology, Multilingual, Ranking","$0.01","Fri Dec 06 03:36:20 PST 2024","5","BatchId:5277380;OriginalHitTemplateId:928390912;","3600","3600","Fri Dec 13 03:36:20 PST 2024","","","3R0T90IZ1AQLCM5UHWBRVRXKO7GCGP","A3OAFR48DADAOM","Approved","Fri Dec 06 05:30:16 PST 2024","Fri Dec 06 06:03:38 PST 2024","Fri Dec 06 07:03:38 PST 2024","Fri Dec 06 07:04:35 PST 2024","","","2002","100% (41/41)","100% (41/41)","100% (41/41)","conversation history","تاريخ المحادثة","سجل المحادثة","conversational dialogue system","نظام الحوار التحادثي","نظام حوار محادثة","convolution neural network","الشبكة العصبية التلافيفية","شبكة الالتفاف العصبية","convolutional layer","طبقة تلافيفية","طبقة التلافيف","convolutional network","شبكة تلافيفية","شبكة التلافيف","true","true","true","true","true","false","false","false","false","false","false","false","false","false","false","false","false","false","false","false"
"3J9L0X0VEW0CPQQXTF0HQKM6W2OW9M","3MRHU5294N3O7KAE1TUQJOAS6HI2AD","Ranking the Quality of AI Terminology Translation from English to Arabic","In this task, you will compare the quality of translations for scientific terms generated by two different methods. The input will include an English term, a context paragraph where the term is used, and its translations in Arabic.","Translation, AI Terminology, Multilingual, Ranking","$0.01","Fri Dec 06 03:36:20 PST 2024","5","BatchId:5277380;OriginalHitTemplateId:928390912;","3600","3600","Fri Dec 13 03:36:20 PST 2024","","","3ZY8KE4IS1H8OK58B9B8FXPBF1AVQ7","A2C5HSMKN7QDM8","Approved","Fri Dec 06 05:38:32 PST 2024","Fri Dec 06 06:17:12 PST 2024","Fri Dec 06 07:17:12 PST 2024","Fri Dec 06 07:17:35 PST 2024","","","2320","100% (6/6)","100% (6/6)","100% (6/6)","conversation history","تاريخ المحادثة","سجل المحادثة","conversational dialogue system","نظام الحوار التحادثي","نظام حوار محادثة","convolution neural network","الشبكة العصبية التلافيفية","شبكة الالتفاف العصبية","convolutional layer","طبقة تلافيفية","طبقة التلافيف","convolutional network","شبكة تلافيفية","شبكة التلافيف","true","false","false","false","false","false","true","true","true","true","false","false","false","false","false","false","false","false","false","false"
"3J9L0X0VEW0CPQQXTF0HQKM6W2OW9M","3MRHU5294N3O7KAE1TUQJOAS6HI2AD","Ranking the Quality of AI Terminology Translation from English to Arabic","In this task, you will compare the quality of translations for scientific terms generated by two different methods. The input will include an English term, a context paragraph where the term is used, and its translations in Arabic.","Translation, AI Terminology, Multilingual, Ranking","$0.01","Fri Dec 06 03:36:20 PST 2024","5","BatchId:5277380;OriginalHitTemplateId:928390912;","3600","3600","Fri Dec 13 03:36:20 PST 2024","","","37W3JXSD6OMUCBWZSTXYELBRLJUYWO","AWULBUF1OMXQ5","Approved","Fri Dec 06 06:39:53 PST 2024","Fri Dec 06 06:45:52 PST 2024","Fri Dec 06 07:45:52 PST 2024","Fri Dec 06 07:46:35 PST 2024","","","359","100% (4/4)","100% (4/4)","100% (4/4)","conversation history","تاريخ المحادثة","سجل المحادثة","conversational dialogue system","نظام الحوار التحادثي","نظام حوار محادثة","convolution neural network","الشبكة العصبية التلافيفية","شبكة الالتفاف العصبية","convolutional layer","طبقة تلافيفية","طبقة التلافيف","convolutional network","شبكة تلافيفية","شبكة التلافيف","false","false","false","false","false","false","false","false","false","false","true","false","true","false","true","false","true","false","true","false"
"3W9XHF7WH194E55U27MVT9TN32ITKN","3MRHU5294N3O7KAE1TUQJOAS6HI2AD","Ranking the Quality of AI Terminology Translation from English to Arabic","In this task, you will compare the quality of translations for scientific terms generated by two different methods. The input will include an English term, a context paragraph where the term is used, and its translations in Arabic.","Translation, AI Terminology, Multilingual, Ranking","$0.01","Fri Dec 06 03:36:20 PST 2024","5","BatchId:5277380;OriginalHitTemplateId:928390912;","3600","3600","Fri Dec 13 03:36:20 PST 2024","","","3I0BTBYZAFZ14LVEZM4D7Q2NKC00Y5","A11BQAB549UAEG","Approved","Fri Dec 06 03:37:26 PST 2024","Fri Dec 06 03:40:06 PST 2024","Fri Dec 06 04:40:06 PST 2024","Fri Dec 06 04:40:35 PST 2024","","","160","100% (14/14)","100% (14/14)","100% (14/14)","convolutional representation","التمثيل التلافيفي","تمثيل تلافيفي","cost-sensitive learning","التعلم الحسّاس للتكلفة","التعلم الحساس للتكلفة","covariance structure","بنية التغاير","هيكل التباين","cycle consistency","تناسق الدورة","اتساق الدورة","data structure","هيكل البيانات","بنية البيانات","false","false","false","true","false","true","false","true","false","true","false","false","false","false","false","false","true","false","false","false"
"3W9XHF7WH194E55U27MVT9TN32ITKN","3MRHU5294N3O7KAE1TUQJOAS6HI2AD","Ranking the Quality of AI Terminology Translation from English to Arabic","In this task, you will compare the quality of translations for scientific terms generated by two different methods. The input will include an English term, a context paragraph where the term is used, and its translations in Arabic.","Translation, AI Terminology, Multilingual, Ranking","$0.01","Fri Dec 06 03:36:20 PST 2024","5","BatchId:5277380;OriginalHitTemplateId:928390912;","3600","3600","Fri Dec 13 03:36:20 PST 2024","","","3DY4FPOOAJ280LK8OO08KNZGBLXRVL","A1M151WPTX57PC","Approved","Fri Dec 06 03:37:45 PST 2024","Fri Dec 06 03:47:17 PST 2024","Fri Dec 06 04:47:17 PST 2024","Fri Dec 06 04:47:35 PST 2024","","","572","100% (4/4)","100% (4/4)","100% (4/4)","convolutional representation","التمثيل التلافيفي","تمثيل تلافيفي","cost-sensitive learning","التعلم الحسّاس للتكلفة","التعلم الحساس للتكلفة","covariance structure","بنية التغاير","هيكل التباين","cycle consistency","تناسق الدورة","اتساق الدورة","data structure","هيكل البيانات","بنية البيانات","false","false","false","false","true","true","true","true","false","false","false","false","false","true","false","false","false","false","false","false"
"3W9XHF7WH194E55U27MVT9TN32ITKN","3MRHU5294N3O7KAE1TUQJOAS6HI2AD","Ranking the Quality of AI Terminology Translation from English to Arabic","In this task, you will compare the quality of translations for scientific terms generated by two different methods. The input will include an English term, a context paragraph where the term is used, and its translations in Arabic.","Translation, AI Terminology, Multilingual, Ranking","$0.01","Fri Dec 06 03:36:20 PST 2024","5","BatchId:5277380;OriginalHitTemplateId:928390912;","3600","3600","Fri Dec 13 03:36:20 PST 2024","","","3Q8GYXHFE7GNWPGA00S0RU6VYX05CW","A2744LPDY86TJO","Approved","Fri Dec 06 04:38:39 PST 2024","Fri Dec 06 04:41:11 PST 2024","Fri Dec 06 05:41:11 PST 2024","Fri Dec 06 05:41:35 PST 2024","","","152","100% (5/5)","100% (5/5)","100% (5/5)","convolutional representation","التمثيل التلافيفي","تمثيل تلافيفي","cost-sensitive learning","التعلم الحسّاس للتكلفة","التعلم الحساس للتكلفة","covariance structure","بنية التغاير","هيكل التباين","cycle consistency","تناسق الدورة","اتساق الدورة","data structure","هيكل البيانات","بنية البيانات","true","true","false","false","true","false","false","true","true","false","false","false","false","false","false","false","false","false","false","false"
"3W9XHF7WH194E55U27MVT9TN32ITKN","3MRHU5294N3O7KAE1TUQJOAS6HI2AD","Ranking the Quality of AI Terminology Translation from English to Arabic","In this task, you will compare the quality of translations for scientific terms generated by two different methods. The input will include an English term, a context paragraph where the term is used, and its translations in Arabic.","Translation, AI Terminology, Multilingual, Ranking","$0.01","Fri Dec 06 03:36:20 PST 2024","5","BatchId:5277380;OriginalHitTemplateId:928390912;","3600","3600","Fri Dec 13 03:36:20 PST 2024","","","33IZTU6J8JFC5PPG3S1VYI1XDYOSXD","A1XD6THGBT1T9T","Approved","Fri Dec 06 04:37:53 PST 2024","Fri Dec 06 04:48:08 PST 2024","Fri Dec 06 05:48:08 PST 2024","Fri Dec 06 05:48:35 PST 2024","","","615","100% (43/43)","100% (43/43)","100% (42/42)","convolutional representation","التمثيل التلافيفي","تمثيل تلافيفي","cost-sensitive learning","التعلم الحسّاس للتكلفة","التعلم الحساس للتكلفة","covariance structure","بنية التغاير","هيكل التباين","cycle consistency","تناسق الدورة","اتساق الدورة","data structure","هيكل البيانات","بنية البيانات","true","true","true","false","true","false","false","false","false","false","false","false","false","true","false","false","false","false","false","false"
"3W9XHF7WH194E55U27MVT9TN32ITKN","3MRHU5294N3O7KAE1TUQJOAS6HI2AD","Ranking the Quality of AI Terminology Translation from English to Arabic","In this task, you will compare the quality of translations for scientific terms generated by two different methods. The input will include an English term, a context paragraph where the term is used, and its translations in Arabic.","Translation, AI Terminology, Multilingual, Ranking","$0.01","Fri Dec 06 03:36:20 PST 2024","5","BatchId:5277380;OriginalHitTemplateId:928390912;","3600","3600","Fri Dec 13 03:36:20 PST 2024","","","3STRJBFXOE570P3OT9RWITPHJ9YKTI","A3IG9HHR3NL9R0","Approved","Fri Dec 06 04:43:36 PST 2024","Fri Dec 06 04:59:09 PST 2024","Fri Dec 06 05:59:09 PST 2024","Fri Dec 06 05:59:35 PST 2024","","","933","100% (50/50)","100% (50/50)","100% (50/50)","convolutional representation","التمثيل التلافيفي","تمثيل تلافيفي","cost-sensitive learning","التعلم الحسّاس للتكلفة","التعلم الحساس للتكلفة","covariance structure","بنية التغاير","هيكل التباين","cycle consistency","تناسق الدورة","اتساق الدورة","data structure","هيكل البيانات","بنية البيانات","true","true","false","true","true","false","false","true","false","false","false","false","false","false","false","false","false","false","false","false"
"37ZQELHERHC19G0DQNDZZNFZ3PRMNK","3MRHU5294N3O7KAE1TUQJOAS6HI2AD","Ranking the Quality of AI Terminology Translation from English to Arabic","In this task, you will compare the quality of translations for scientific terms generated by two different methods. The input will include an English term, a context paragraph where the term is used, and its translations in Arabic.","Translation, AI Terminology, Multilingual, Ranking","$0.01","Fri Dec 06 03:36:20 PST 2024","5","BatchId:5277380;OriginalHitTemplateId:928390912;","3600","3600","Fri Dec 13 03:36:20 PST 2024","","","3Y5140Z9DFUI22KTCPX0039721DPIU","A1G4DX33KADZA3","Approved","Fri Dec 06 03:37:04 PST 2024","Fri Dec 06 03:38:40 PST 2024","Fri Dec 06 04:38:40 PST 2024","Fri Dec 06 04:39:35 PST 2024","","","96","100% (21/21)","100% (21/21)","100% (21/21)","datum bias","تحيز مسند","تحيز البيانات","datum mining algorithm","خوارزمية تنقيب البيانات","خوارزمية استخراج البيانات","decoding algorithm","خوارزمية فك الترميز","خوارزمية فك التشفير","decoding step","خطوة فك الترميز","خطوة فك التشفير","decomposition","التحلل","تحليل","false","false","false","false","false","false","false","false","false","true","true","false","false","false","false","false","true","true","true","false"
"37ZQELHERHC19G0DQNDZZNFZ3PRMNK","3MRHU5294N3O7KAE1TUQJOAS6HI2AD","Ranking the Quality of AI Terminology Translation from English to Arabic","In this task, you will compare the quality of translations for scientific terms generated by two different methods. The input will include an English term, a context paragraph where the term is used, and its translations in Arabic.","Translation, AI Terminology, Multilingual, Ranking","$0.01","Fri Dec 06 03:36:20 PST 2024","5","BatchId:5277380;OriginalHitTemplateId:928390912;","3600","3600","Fri Dec 13 03:36:20 PST 2024","","","3ERMJ6L4DG6FSF6K1I1BSAP3JGR7ML","A1XD6THGBT1T9T","Approved","Fri Dec 06 03:36:57 PST 2024","Fri Dec 06 03:48:09 PST 2024","Fri Dec 06 04:48:09 PST 2024","Fri Dec 06 04:48:35 PST 2024","","","672","100% (43/43)","100% (43/43)","100% (42/42)","datum bias","تحيز مسند","تحيز البيانات","datum mining algorithm","خوارزمية تنقيب البيانات","خوارزمية استخراج البيانات","decoding algorithm","خوارزمية فك الترميز","خوارزمية فك التشفير","decoding step","خطوة فك الترميز","خطوة فك التشفير","decomposition","التحلل","تحليل","false","true","false","false","true","false","false","false","false","false","true","false","true","true","false","false","false","false","false","false"
"37ZQELHERHC19G0DQNDZZNFZ3PRMNK","3MRHU5294N3O7KAE1TUQJOAS6HI2AD","Ranking the Quality of AI Terminology Translation from English to Arabic","In this task, you will compare the quality of translations for scientific terms generated by two different methods. The input will include an English term, a context paragraph where the term is used, and its translations in Arabic.","Translation, AI Terminology, Multilingual, Ranking","$0.01","Fri Dec 06 03:36:20 PST 2024","5","BatchId:5277380;OriginalHitTemplateId:928390912;","3600","3600","Fri Dec 13 03:36:20 PST 2024","","","3UWN2HHPUGJ7TVBC1MEM0GAZBKESNT","A2E2FFMXS9F9KR","Approved","Fri Dec 06 03:37:19 PST 2024","Fri Dec 06 04:27:46 PST 2024","Fri Dec 06 05:27:46 PST 2024","Fri Dec 06 05:28:35 PST 2024","","","3027","100% (51/51)","100% (51/51)","100% (51/51)","datum bias","تحيز مسند","تحيز البيانات","datum mining algorithm","خوارزمية تنقيب البيانات","خوارزمية استخراج البيانات","decoding algorithm","خوارزمية فك الترميز","خوارزمية فك التشفير","decoding step","خطوة فك الترميز","خطوة فك التشفير","decomposition","التحلل","تحليل","false","true","false","false","false","false","false","true","true","false","true","false","false","false","true","false","false","false","false","false"
"37ZQELHERHC19G0DQNDZZNFZ3PRMNK","3MRHU5294N3O7KAE1TUQJOAS6HI2AD","Ranking the Quality of AI Terminology Translation from English to Arabic","In this task, you will compare the quality of translations for scientific terms generated by two different methods. The input will include an English term, a context paragraph where the term is used, and its translations in Arabic.","Translation, AI Terminology, Multilingual, Ranking","$0.01","Fri Dec 06 03:36:20 PST 2024","5","BatchId:5277380;OriginalHitTemplateId:928390912;","3600","3600","Fri Dec 13 03:36:20 PST 2024","","","3018Q3ZVO04O8XHADT9CO0L3QBWRAK","A186ORPGIU3WNL","Approved","Fri Dec 06 03:37:35 PST 2024","Fri Dec 06 04:31:27 PST 2024","Fri Dec 06 05:31:27 PST 2024","Fri Dec 06 05:31:35 PST 2024","","","3232","100% (53/53)","100% (52/52)","100% (52/52)","datum bias","تحيز مسند","تحيز البيانات","datum mining algorithm","خوارزمية تنقيب البيانات","خوارزمية استخراج البيانات","decoding algorithm","خوارزمية فك الترميز","خوارزمية فك التشفير","decoding step","خطوة فك الترميز","خطوة فك التشفير","decomposition","التحلل","تحليل","false","true","false","false","false","false","false","false","false","true","true","false","true","true","false","false","false","false","false","false"
"37ZQELHERHC19G0DQNDZZNFZ3PRMNK","3MRHU5294N3O7KAE1TUQJOAS6HI2AD","Ranking the Quality of AI Terminology Translation from English to Arabic","In this task, you will compare the quality of translations for scientific terms generated by two different methods. The input will include an English term, a context paragraph where the term is used, and its translations in Arabic.","Translation, AI Terminology, Multilingual, Ranking","$0.01","Fri Dec 06 03:36:20 PST 2024","5","BatchId:5277380;OriginalHitTemplateId:928390912;","3600","3600","Fri Dec 13 03:36:20 PST 2024","","","3COPXFW7XTQ98XAHCSICDJOKU52KP0","A9M8N3BOH6013","Approved","Fri Dec 06 04:37:55 PST 2024","Fri Dec 06 04:57:11 PST 2024","Fri Dec 06 05:57:11 PST 2024","Fri Dec 06 05:57:35 PST 2024","","","1156","100% (44/44)","100% (44/44)","100% (44/44)","datum bias","تحيز مسند","تحيز البيانات","datum mining algorithm","خوارزمية تنقيب البيانات","خوارزمية استخراج البيانات","decoding algorithm","خوارزمية فك الترميز","خوارزمية فك التشفير","decoding step","خطوة فك الترميز","خطوة فك التشفير","decomposition","التحلل","تحليل","false","true","false","false","false","false","false","true","true","false","true","false","false","false","true","false","false","false","false","false"
"32L724R862YFGIMZLNSZBJDDMV8PI3","3MRHU5294N3O7KAE1TUQJOAS6HI2AD","Ranking the Quality of AI Terminology Translation from English to Arabic","In this task, you will compare the quality of translations for scientific terms generated by two different methods. The input will include an English term, a context paragraph where the term is used, and its translations in Arabic.","Translation, AI Terminology, Multilingual, Ranking","$0.01","Fri Dec 06 03:36:20 PST 2024","5","BatchId:5277380;OriginalHitTemplateId:928390912;","3600","3600","Fri Dec 13 03:36:20 PST 2024","","","3X66WABAJEWXZM9BO30Q2OTQISTG3H","A1G4DX33KADZA3","Approved","Fri Dec 06 03:37:06 PST 2024","Fri Dec 06 03:38:57 PST 2024","Fri Dec 06 04:38:57 PST 2024","Fri Dec 06 04:39:35 PST 2024","","","111","100% (21/21)","100% (21/21)","100% (21/21)","deep network architecture","بنية شبكة عميقة","بنية الشبكة العميقة","degree distribution","توزيع الدرجات","توزيع الدرجة","denoising objective","هدف إزالة الضجيج","هدف إزالة الضوضاء","dependency parser","محلل التبعيات","محلل التبعية","dependency tree","شجرة التبعية","شجرة الاعتماد","false","false","false","false","false","false","false","false","true","false","true","true","true","false","true","false","false","false","false","false"
"32L724R862YFGIMZLNSZBJDDMV8PI3","3MRHU5294N3O7KAE1TUQJOAS6HI2AD","Ranking the Quality of AI Terminology Translation from English to Arabic","In this task, you will compare the quality of translations for scientific terms generated by two different methods. The input will include an English term, a context paragraph where the term is used, and its translations in Arabic.","Translation, AI Terminology, Multilingual, Ranking","$0.01","Fri Dec 06 03:36:20 PST 2024","5","BatchId:5277380;OriginalHitTemplateId:928390912;","3600","3600","Fri Dec 13 03:36:20 PST 2024","","","304SM51WALI5SMMFYW9D9LA5UV0SB4","A9M8N3BOH6013","Approved","Fri Dec 06 03:37:12 PST 2024","Fri Dec 06 03:49:08 PST 2024","Fri Dec 06 04:49:08 PST 2024","Fri Dec 06 04:49:35 PST 2024","","","716","100% (44/44)","100% (44/44)","100% (44/44)","deep network architecture","بنية شبكة عميقة","بنية الشبكة العميقة","degree distribution","توزيع الدرجات","توزيع الدرجة","denoising objective","هدف إزالة الضجيج","هدف إزالة الضوضاء","dependency parser","محلل التبعيات","محلل التبعية","dependency tree","شجرة التبعية","شجرة الاعتماد","true","false","false","true","false","false","true","true","false","true","false","false","false","false","false","false","false","false","false","false"
"32L724R862YFGIMZLNSZBJDDMV8PI3","3MRHU5294N3O7KAE1TUQJOAS6HI2AD","Ranking the Quality of AI Terminology Translation from English to Arabic","In this task, you will compare the quality of translations for scientific terms generated by two different methods. The input will include an English term, a context paragraph where the term is used, and its translations in Arabic.","Translation, AI Terminology, Multilingual, Ranking","$0.01","Fri Dec 06 03:36:20 PST 2024","5","BatchId:5277380;OriginalHitTemplateId:928390912;","3600","3600","Fri Dec 13 03:36:20 PST 2024","","","3I33IC7ZWXG74D0PY3UBNSDVEJG2AG","A3AHE81HVRXFCD","Approved","Fri Dec 06 03:36:54 PST 2024","Fri Dec 06 03:52:01 PST 2024","Fri Dec 06 04:52:01 PST 2024","Fri Dec 06 04:52:35 PST 2024","","","907","100% (22/22)","100% (22/22)","100% (22/22)","deep network architecture","بنية شبكة عميقة","بنية الشبكة العميقة","degree distribution","توزيع الدرجات","توزيع الدرجة","denoising objective","هدف إزالة الضجيج","هدف إزالة الضوضاء","dependency parser","محلل التبعيات","محلل التبعية","dependency tree","شجرة التبعية","شجرة الاعتماد","true","false","true","true","false","false","true","false","false","true","false","false","false","false","false","false","false","false","false","false"
"32L724R862YFGIMZLNSZBJDDMV8PI3","3MRHU5294N3O7KAE1TUQJOAS6HI2AD","Ranking the Quality of AI Terminology Translation from English to Arabic","In this task, you will compare the quality of translations for scientific terms generated by two different methods. The input will include an English term, a context paragraph where the term is used, and its translations in Arabic.","Translation, AI Terminology, Multilingual, Ranking","$0.01","Fri Dec 06 03:36:20 PST 2024","5","BatchId:5277380;OriginalHitTemplateId:928390912;","3600","3600","Fri Dec 13 03:36:20 PST 2024","","","3HL8HNGX4NFD0O2WUSVIBGW0H6A9F1","A38SYZRVLTMOFG","Approved","Fri Dec 06 04:38:11 PST 2024","Fri Dec 06 05:13:36 PST 2024","Fri Dec 06 06:13:36 PST 2024","Fri Dec 06 06:14:35 PST 2024","","","2125","100% (49/49)","100% (49/49)","100% (49/49)","deep network architecture","بنية شبكة عميقة","بنية الشبكة العميقة","degree distribution","توزيع الدرجات","توزيع الدرجة","denoising objective","هدف إزالة الضجيج","هدف إزالة الضوضاء","dependency parser","محلل التبعيات","محلل التبعية","dependency tree","شجرة التبعية","شجرة الاعتماد","true","false","false","true","true","false","true","true","false","false","false","false","false","false","false","false","false","false","false","false"
"32L724R862YFGIMZLNSZBJDDMV8PI3","3MRHU5294N3O7KAE1TUQJOAS6HI2AD","Ranking the Quality of AI Terminology Translation from English to Arabic","In this task, you will compare the quality of translations for scientific terms generated by two different methods. The input will include an English term, a context paragraph where the term is used, and its translations in Arabic.","Translation, AI Terminology, Multilingual, Ranking","$0.01","Fri Dec 06 03:36:20 PST 2024","5","BatchId:5277380;OriginalHitTemplateId:928390912;","3600","3600","Fri Dec 13 03:36:20 PST 2024","","","33CUSNVVN5Q4749ZHMJY1SK3AXH88Y","A3EKM55NFX1H6B","Approved","Fri Dec 06 05:29:34 PST 2024","Fri Dec 06 05:41:19 PST 2024","Fri Dec 06 06:41:19 PST 2024","Fri Dec 06 06:41:35 PST 2024","","","705","100% (29/29)","100% (29/29)","100% (29/29)","deep network architecture","بنية شبكة عميقة","بنية الشبكة العميقة","degree distribution","توزيع الدرجات","توزيع الدرجة","denoising objective","هدف إزالة الضجيج","هدف إزالة الضوضاء","dependency parser","محلل التبعيات","محلل التبعية","dependency tree","شجرة التبعية","شجرة الاعتماد","true","false","true","true","false","false","true","false","false","true","false","false","false","false","false","false","false","false","false","false"
"3CIS7GGG7MXGSIS96Q120A2K2JTEUF","3MRHU5294N3O7KAE1TUQJOAS6HI2AD","Ranking the Quality of AI Terminology Translation from English to Arabic","In this task, you will compare the quality of translations for scientific terms generated by two different methods. The input will include an English term, a context paragraph where the term is used, and its translations in Arabic.","Translation, AI Terminology, Multilingual, Ranking","$0.01","Fri Dec 06 03:36:20 PST 2024","5","BatchId:5277380;OriginalHitTemplateId:928390912;","3600","3600","Fri Dec 13 03:36:20 PST 2024","","","35H6S234SSEYG879Q9FX5UEL2AI65W","A2D6SB3TU1NYQ7","Approved","Fri Dec 06 03:37:30 PST 2024","Fri Dec 06 04:20:14 PST 2024","Fri Dec 06 05:20:14 PST 2024","Fri Dec 06 05:20:35 PST 2024","","","2564","100% (45/45)","100% (45/45)","100% (45/45)","depth estimator","مُقدّر العمق","مقدر العمق","detector","الكاشف","كاشف","diagonal matrix","المصفوفة القطرية","مصفوفة قطرية","dimensional vector","متجه ذو أبعاد","متجه الأبعاد","dimensionality","عدد الأبعاد","الأبعاد","true","true","true","false","true","false","false","false","true","false","false","false","false","false","false","false","false","false","false","false"
"3CIS7GGG7MXGSIS96Q120A2K2JTEUF","3MRHU5294N3O7KAE1TUQJOAS6HI2AD","Ranking the Quality of AI Terminology Translation from English to Arabic","In this task, you will compare the quality of translations for scientific terms generated by two different methods. The input will include an English term, a context paragraph where the term is used, and its translations in Arabic.","Translation, AI Terminology, Multilingual, Ranking","$0.01","Fri Dec 06 03:36:20 PST 2024","5","BatchId:5277380;OriginalHitTemplateId:928390912;","3600","3600","Fri Dec 13 03:36:20 PST 2024","","","3PM8NZGV8GU0S9A3BOCQ3IMWVA3QXM","AS0K8SAHI5SQD","Approved","Fri Dec 06 03:37:28 PST 2024","Fri Dec 06 04:34:58 PST 2024","Fri Dec 06 05:34:58 PST 2024","Fri Dec 06 05:35:35 PST 2024","","","3450","100% (13/13)","100% (13/13)","100% (13/13)","depth estimator","مُقدّر العمق","مقدر العمق","detector","الكاشف","كاشف","diagonal matrix","المصفوفة القطرية","مصفوفة قطرية","dimensional vector","متجه ذو أبعاد","متجه الأبعاد","dimensionality","عدد الأبعاد","الأبعاد","true","true","true","false","true","false","false","false","true","false","false","false","false","false","false","false","false","false","false","false"
"3CIS7GGG7MXGSIS96Q120A2K2JTEUF","3MRHU5294N3O7KAE1TUQJOAS6HI2AD","Ranking the Quality of AI Terminology Translation from English to Arabic","In this task, you will compare the quality of translations for scientific terms generated by two different methods. The input will include an English term, a context paragraph where the term is used, and its translations in Arabic.","Translation, AI Terminology, Multilingual, Ranking","$0.01","Fri Dec 06 03:36:20 PST 2024","5","BatchId:5277380;OriginalHitTemplateId:928390912;","3600","3600","Fri Dec 13 03:36:20 PST 2024","","","3VNL7UK1XXXWK3BASY0Z2GXCBC6TFC","A2FXDEKCCUT9OJ","Approved","Fri Dec 06 04:37:56 PST 2024","Fri Dec 06 04:55:15 PST 2024","Fri Dec 06 05:55:15 PST 2024","Fri Dec 06 05:55:35 PST 2024","","","1039","100% (36/36)","100% (36/36)","100% (36/36)","depth estimator","مُقدّر العمق","مقدر العمق","detector","الكاشف","كاشف","diagonal matrix","المصفوفة القطرية","مصفوفة قطرية","dimensional vector","متجه ذو أبعاد","متجه الأبعاد","dimensionality","عدد الأبعاد","الأبعاد","true","true","true","false","false","false","false","false","true","true","false","false","false","false","false","false","false","false","false","false"
"3CIS7GGG7MXGSIS96Q120A2K2JTEUF","3MRHU5294N3O7KAE1TUQJOAS6HI2AD","Ranking the Quality of AI Terminology Translation from English to Arabic","In this task, you will compare the quality of translations for scientific terms generated by two different methods. The input will include an English term, a context paragraph where the term is used, and its translations in Arabic.","Translation, AI Terminology, Multilingual, Ranking","$0.01","Fri Dec 06 03:36:20 PST 2024","5","BatchId:5277380;OriginalHitTemplateId:928390912;","3600","3600","Fri Dec 13 03:36:20 PST 2024","","","3T111IHZ5W4A3E75LNVCS5AJKTE9RN","A3MDTRJTDIDNX","Approved","Fri Dec 06 04:37:16 PST 2024","Fri Dec 06 05:18:48 PST 2024","Fri Dec 06 06:18:48 PST 2024","Fri Dec 06 06:19:35 PST 2024","","","2492","100% (53/53)","100% (53/53)","100% (53/53)","depth estimator","مُقدّر العمق","مقدر العمق","detector","الكاشف","كاشف","diagonal matrix","المصفوفة القطرية","مصفوفة قطرية","dimensional vector","متجه ذو أبعاد","متجه الأبعاد","dimensionality","عدد الأبعاد","الأبعاد","true","true","true","false","false","false","false","false","true","true","false","false","false","false","false","false","false","false","false","false"
"3CIS7GGG7MXGSIS96Q120A2K2JTEUF","3MRHU5294N3O7KAE1TUQJOAS6HI2AD","Ranking the Quality of AI Terminology Translation from English to Arabic","In this task, you will compare the quality of translations for scientific terms generated by two different methods. The input will include an English term, a context paragraph where the term is used, and its translations in Arabic.","Translation, AI Terminology, Multilingual, Ranking","$0.01","Fri Dec 06 03:36:20 PST 2024","5","BatchId:5277380;OriginalHitTemplateId:928390912;","3600","3600","Fri Dec 13 03:36:20 PST 2024","","","3RYC5T2D7L7VV1NC2CR9EVAYPY3RP9","A11JXYZDAUX0UP","Approved","Fri Dec 06 04:38:13 PST 2024","Fri Dec 06 05:34:05 PST 2024","Fri Dec 06 06:34:05 PST 2024","Fri Dec 06 06:34:35 PST 2024","","","3352","100% (1186/1186)","100% (1186/1186)","100% (1184/1184)","depth estimator","مُقدّر العمق","مقدر العمق","detector","الكاشف","كاشف","diagonal matrix","المصفوفة القطرية","مصفوفة قطرية","dimensional vector","متجه ذو أبعاد","متجه الأبعاد","dimensionality","عدد الأبعاد","الأبعاد","true","true","true","false","true","false","false","false","true","false","false","false","false","false","false","false","false","false","false","false"
"3N2YPY1GJNCG5XH9BGB7WW43GQ2EV4","3MRHU5294N3O7KAE1TUQJOAS6HI2AD","Ranking the Quality of AI Terminology Translation from English to Arabic","In this task, you will compare the quality of translations for scientific terms generated by two different methods. The input will include an English term, a context paragraph where the term is used, and its translations in Arabic.","Translation, AI Terminology, Multilingual, Ranking","$0.01","Fri Dec 06 03:36:20 PST 2024","5","BatchId:5277380;OriginalHitTemplateId:928390912;","3600","3600","Fri Dec 13 03:36:20 PST 2024","","","33M4IA01QYF04AP3O31Q88W1RW5XRU","A9M8N3BOH6013","Approved","Fri Dec 06 03:37:16 PST 2024","Fri Dec 06 03:50:02 PST 2024","Fri Dec 06 04:50:02 PST 2024","Fri Dec 06 04:50:35 PST 2024","","","766","100% (44/44)","100% (44/44)","100% (44/44)","directed tree","شجرة موجهة","الشجرة الموجهة","discriminant analysis","التحليل التمييزي","تحليل التمييز","discriminative model","نموذج تمييزي","النموذج التمييزي","distance measure","قياس المسافة","مقياس المسافة","distance metric","متري المسافة","مقياس المسافة","true","false","true","true","false","false","true","false","false","false","false","false","false","false","true","false","false","false","false","false"
"3N2YPY1GJNCG5XH9BGB7WW43GQ2EV4","3MRHU5294N3O7KAE1TUQJOAS6HI2AD","Ranking the Quality of AI Terminology Translation from English to Arabic","In this task, you will compare the quality of translations for scientific terms generated by two different methods. The input will include an English term, a context paragraph where the term is used, and its translations in Arabic.","Translation, AI Terminology, Multilingual, Ranking","$0.01","Fri Dec 06 03:36:20 PST 2024","5","BatchId:5277380;OriginalHitTemplateId:928390912;","3600","3600","Fri Dec 13 03:36:20 PST 2024","","","3F6HPJW4JVE4BQ3SZ8Q35HAM62JW2L","A2D6SB3TU1NYQ7","Approved","Fri Dec 06 03:37:30 PST 2024","Fri Dec 06 04:20:32 PST 2024","Fri Dec 06 05:20:32 PST 2024","Fri Dec 06 05:20:35 PST 2024","","","2582","100% (45/45)","100% (45/45)","100% (45/45)","directed tree","شجرة موجهة","الشجرة الموجهة","discriminant analysis","التحليل التمييزي","تحليل التمييز","discriminative model","نموذج تمييزي","النموذج التمييزي","distance measure","قياس المسافة","مقياس المسافة","distance metric","متري المسافة","مقياس المسافة","true","true","true","true","false","false","false","false","false","false","false","false","false","false","true","false","false","false","false","false"
"3N2YPY1GJNCG5XH9BGB7WW43GQ2EV4","3MRHU5294N3O7KAE1TUQJOAS6HI2AD","Ranking the Quality of AI Terminology Translation from English to Arabic","In this task, you will compare the quality of translations for scientific terms generated by two different methods. The input will include an English term, a context paragraph where the term is used, and its translations in Arabic.","Translation, AI Terminology, Multilingual, Ranking","$0.01","Fri Dec 06 03:36:20 PST 2024","5","BatchId:5277380;OriginalHitTemplateId:928390912;","3600","3600","Fri Dec 13 03:36:20 PST 2024","","","3VA45EW4951PHWCUPIZFJ4NVBVD1O6","A30IGMGSC7G2HM","Approved","Fri Dec 06 04:37:50 PST 2024","Fri Dec 06 04:48:36 PST 2024","Fri Dec 06 05:48:36 PST 2024","Fri Dec 06 05:49:35 PST 2024","","","646","100% (24/24)","100% (24/24)","100% (24/24)","directed tree","شجرة موجهة","الشجرة الموجهة","discriminant analysis","التحليل التمييزي","تحليل التمييز","discriminative model","نموذج تمييزي","النموذج التمييزي","distance measure","قياس المسافة","مقياس المسافة","distance metric","متري المسافة","مقياس المسافة","true","false","true","true","false","false","true","false","false","false","false","false","false","false","true","false","false","false","false","false"
"3N2YPY1GJNCG5XH9BGB7WW43GQ2EV4","3MRHU5294N3O7KAE1TUQJOAS6HI2AD","Ranking the Quality of AI Terminology Translation from English to Arabic","In this task, you will compare the quality of translations for scientific terms generated by two different methods. The input will include an English term, a context paragraph where the term is used, and its translations in Arabic.","Translation, AI Terminology, Multilingual, Ranking","$0.01","Fri Dec 06 03:36:20 PST 2024","5","BatchId:5277380;OriginalHitTemplateId:928390912;","3600","3600","Fri Dec 13 03:36:20 PST 2024","","","358010RM5W7SXH6KXN6095L4C3PVXU","A186ORPGIU3WNL","Approved","Fri Dec 06 04:38:39 PST 2024","Fri Dec 06 05:11:47 PST 2024","Fri Dec 06 06:11:47 PST 2024","Fri Dec 06 06:12:35 PST 2024","","","1988","100% (53/53)","100% (52/52)","100% (52/52)","directed tree","شجرة موجهة","الشجرة الموجهة","discriminant analysis","التحليل التمييزي","تحليل التمييز","discriminative model","نموذج تمييزي","النموذج التمييزي","distance measure","قياس المسافة","مقياس المسافة","distance metric","متري المسافة","مقياس المسافة","true","true","true","true","false","false","false","false","false","false","false","false","false","false","true","false","false","false","false","false"
"3N2YPY1GJNCG5XH9BGB7WW43GQ2EV4","3MRHU5294N3O7KAE1TUQJOAS6HI2AD","Ranking the Quality of AI Terminology Translation from English to Arabic","In this task, you will compare the quality of translations for scientific terms generated by two different methods. The input will include an English term, a context paragraph where the term is used, and its translations in Arabic.","Translation, AI Terminology, Multilingual, Ranking","$0.01","Fri Dec 06 03:36:20 PST 2024","5","BatchId:5277380;OriginalHitTemplateId:928390912;","3600","3600","Fri Dec 13 03:36:20 PST 2024","","","324G5B4FBLMIP1ZDCDEDUDIQGDR70B","ASVJ75M0TNT6Z","Approved","Fri Dec 06 05:38:22 PST 2024","Fri Dec 06 05:41:37 PST 2024","Fri Dec 06 06:41:37 PST 2024","Fri Dec 06 06:42:35 PST 2024","","","195","100% (25/25)","100% (25/25)","100% (25/25)","directed tree","شجرة موجهة","الشجرة الموجهة","discriminant analysis","التحليل التمييزي","تحليل التمييز","discriminative model","نموذج تمييزي","النموذج التمييزي","distance measure","قياس المسافة","مقياس المسافة","distance metric","متري المسافة","مقياس المسافة","false","false","false","false","false","false","false","false","false","false","true","false","true","false","true","false","true","false","true","false"
"32ZCLEW0CGYBBT6535DZNKSDZAXPJF","3MRHU5294N3O7KAE1TUQJOAS6HI2AD","Ranking the Quality of AI Terminology Translation from English to Arabic","In this task, you will compare the quality of translations for scientific terms generated by two different methods. The input will include an English term, a context paragraph where the term is used, and its translations in Arabic.","Translation, AI Terminology, Multilingual, Ranking","$0.01","Fri Dec 06 03:36:20 PST 2024","5","BatchId:5277380;OriginalHitTemplateId:928390912;","3600","3600","Fri Dec 13 03:36:20 PST 2024","","","3LOZAJ85YVRJ0Q8I9DMP70OTF4OX2E","AC4I7XU10MQXK","Approved","Fri Dec 06 04:37:19 PST 2024","Fri Dec 06 05:20:52 PST 2024","Fri Dec 06 06:20:52 PST 2024","Fri Dec 06 06:21:35 PST 2024","","","2613","100% (58/58)","100% (58/58)","100% (58/58)","document corpus","مجموعة الوثائق","مجموعة المستندات","dual variable","المتغير المزدوج","المتغير الثنائي","early fusion","الانصهار المبكر","الدمج المبكر","early stopping","التوقف المبكر","الإيقاف المبكر","eligibility trace","تتبع الأهلية","أثر الأهلية","true","false","true","true","false","false","true","false","false","true","false","false","false","false","false","false","false","false","false","false"
"32ZCLEW0CGYBBT6535DZNKSDZAXPJF","3MRHU5294N3O7KAE1TUQJOAS6HI2AD","Ranking the Quality of AI Terminology Translation from English to Arabic","In this task, you will compare the quality of translations for scientific terms generated by two different methods. The input will include an English term, a context paragraph where the term is used, and its translations in Arabic.","Translation, AI Terminology, Multilingual, Ranking","$0.01","Fri Dec 06 03:36:20 PST 2024","5","BatchId:5277380;OriginalHitTemplateId:928390912;","3600","3600","Fri Dec 13 03:36:20 PST 2024","","","31T4R4OBOAU2JTUTOT7XPEKRP3UC7H","A3HSZ9YLOBCCPR","Approved","Fri Dec 06 04:37:52 PST 2024","Fri Dec 06 05:21:34 PST 2024","Fri Dec 06 06:21:34 PST 2024","Fri Dec 06 06:21:35 PST 2024","","","2622","100% (39/39)","100% (39/39)","100% (39/39)","document corpus","مجموعة الوثائق","مجموعة المستندات","dual variable","المتغير المزدوج","المتغير الثنائي","early fusion","الانصهار المبكر","الدمج المبكر","early stopping","التوقف المبكر","الإيقاف المبكر","eligibility trace","تتبع الأهلية","أثر الأهلية","true","true","true","true","false","false","false","false","false","false","false","false","false","false","true","false","false","false","false","false"
"32ZCLEW0CGYBBT6535DZNKSDZAXPJF","3MRHU5294N3O7KAE1TUQJOAS6HI2AD","Ranking the Quality of AI Terminology Translation from English to Arabic","In this task, you will compare the quality of translations for scientific terms generated by two different methods. The input will include an English term, a context paragraph where the term is used, and its translations in Arabic.","Translation, AI Terminology, Multilingual, Ranking","$0.01","Fri Dec 06 03:36:20 PST 2024","5","BatchId:5277380;OriginalHitTemplateId:928390912;","3600","3600","Fri Dec 13 03:36:20 PST 2024","","","3D4CH1LGES7JEOYR5C10T1WCILAG97","A2P8U65V6NL7B5","Approved","Fri Dec 06 04:37:36 PST 2024","Fri Dec 06 05:30:35 PST 2024","Fri Dec 06 06:30:35 PST 2024","Fri Dec 06 06:31:35 PST 2024","","","3179","100% (49/49)","100% (49/49)","100% (49/49)","document corpus","مجموعة الوثائق","مجموعة المستندات","dual variable","المتغير المزدوج","المتغير الثنائي","early fusion","الانصهار المبكر","الدمج المبكر","early stopping","التوقف المبكر","الإيقاف المبكر","eligibility trace","تتبع الأهلية","أثر الأهلية","true","true","false","true","false","false","false","true","false","false","false","false","false","false","true","false","false","false","false","false"
"32ZCLEW0CGYBBT6535DZNKSDZAXPJF","3MRHU5294N3O7KAE1TUQJOAS6HI2AD","Ranking the Quality of AI Terminology Translation from English to Arabic","In this task, you will compare the quality of translations for scientific terms generated by two different methods. The input will include an English term, a context paragraph where the term is used, and its translations in Arabic.","Translation, AI Terminology, Multilingual, Ranking","$0.01","Fri Dec 06 03:36:20 PST 2024","5","BatchId:5277380;OriginalHitTemplateId:928390912;","3600","3600","Fri Dec 13 03:36:20 PST 2024","","","35K3O9HUATRUVKTD23B43UXB82JEF7","AWGV35294HOYB","Approved","Fri Dec 06 04:37:17 PST 2024","Fri Dec 06 05:31:02 PST 2024","Fri Dec 06 06:31:02 PST 2024","Fri Dec 06 06:31:35 PST 2024","","","3225","100% (43/43)","100% (43/43)","100% (43/43)","document corpus","مجموعة الوثائق","مجموعة المستندات","dual variable","المتغير المزدوج","المتغير الثنائي","early fusion","الانصهار المبكر","الدمج المبكر","early stopping","التوقف المبكر","الإيقاف المبكر","eligibility trace","تتبع الأهلية","أثر الأهلية","true","true","true","true","false","false","false","false","false","true","false","false","false","false","false","false","false","false","false","false"
"32ZCLEW0CGYBBT6535DZNKSDZAXPJF","3MRHU5294N3O7KAE1TUQJOAS6HI2AD","Ranking the Quality of AI Terminology Translation from English to Arabic","In this task, you will compare the quality of translations for scientific terms generated by two different methods. The input will include an English term, a context paragraph where the term is used, and its translations in Arabic.","Translation, AI Terminology, Multilingual, Ranking","$0.01","Fri Dec 06 03:36:20 PST 2024","5","BatchId:5277380;OriginalHitTemplateId:928390912;","3600","3600","Fri Dec 13 03:36:20 PST 2024","","","3ON104KXQ2AEE4IF3M9RYW7KQIV4W9","A2C5HSMKN7QDM8","Approved","Fri Dec 06 05:38:10 PST 2024","Fri Dec 06 06:15:07 PST 2024","Fri Dec 06 07:15:07 PST 2024","Fri Dec 06 07:15:35 PST 2024","","","2217","100% (6/6)","100% (6/6)","100% (6/6)","document corpus","مجموعة الوثائق","مجموعة المستندات","dual variable","المتغير المزدوج","المتغير الثنائي","early fusion","الانصهار المبكر","الدمج المبكر","early stopping","التوقف المبكر","الإيقاف المبكر","eligibility trace","تتبع الأهلية","أثر الأهلية","true","false","false","true","false","false","false","true","false","true","false","true","false","false","false","false","false","false","false","false"
"3W0KKJIAS8NLGLD6Z9B02DX0PPXK8P","3MRHU5294N3O7KAE1TUQJOAS6HI2AD","Ranking the Quality of AI Terminology Translation from English to Arabic","In this task, you will compare the quality of translations for scientific terms generated by two different methods. The input will include an English term, a context paragraph where the term is used, and its translations in Arabic.","Translation, AI Terminology, Multilingual, Ranking","$0.01","Fri Dec 06 03:36:20 PST 2024","5","BatchId:5277380;OriginalHitTemplateId:928390912;","3600","3600","Fri Dec 13 03:36:20 PST 2024","","","3BXQMRHWKHCHQQIGEQUM223NRRPUMB","A21X87H2GCSME0","Approved","Fri Dec 06 03:37:50 PST 2024","Fri Dec 06 03:44:07 PST 2024","Fri Dec 06 04:44:07 PST 2024","Fri Dec 06 04:44:35 PST 2024","","","377","100% (9/9)","100% (9/9)","100% (9/9)","embedding parameter","معلمة التضمين","معامل التضمين","empirical frequency","التردد التجريبي","التكرار التجريبي","encoder states","حالات المشفر","حالات الترميز","end-to-end neural model","النموذج العصبي من النهاية إلى النهاية","نموذج عصبي من النهاية إلى النهاية","end-to-end training","التدريب من البداية إلى النهاية","تدريب شامل","false","false","false","false","false","false","false","false","false","false","false","true","false","true","false","false","false","true","false","true"
"3W0KKJIAS8NLGLD6Z9B02DX0PPXK8P","3MRHU5294N3O7KAE1TUQJOAS6HI2AD","Ranking the Quality of AI Terminology Translation from English to Arabic","In this task, you will compare the quality of translations for scientific terms generated by two different methods. The input will include an English term, a context paragraph where the term is used, and its translations in Arabic.","Translation, AI Terminology, Multilingual, Ranking","$0.01","Fri Dec 06 03:36:20 PST 2024","5","BatchId:5277380;OriginalHitTemplateId:928390912;","3600","3600","Fri Dec 13 03:36:20 PST 2024","","","3N1FSUEFLNEF5YIOMR4168IZJ0A4DH","A186ORPGIU3WNL","Approved","Fri Dec 06 03:37:40 PST 2024","Fri Dec 06 04:35:31 PST 2024","Fri Dec 06 05:35:31 PST 2024","Fri Dec 06 05:35:35 PST 2024","","","3471","100% (53/53)","100% (52/52)","100% (52/52)","embedding parameter","معلمة التضمين","معامل التضمين","empirical frequency","التردد التجريبي","التكرار التجريبي","encoder states","حالات المشفر","حالات الترميز","end-to-end neural model","النموذج العصبي من النهاية إلى النهاية","نموذج عصبي من النهاية إلى النهاية","end-to-end training","التدريب من البداية إلى النهاية","تدريب شامل","false","true","false","true","false","false","false","false","false","true","true","false","true","false","false","false","false","false","false","false"
"3W0KKJIAS8NLGLD6Z9B02DX0PPXK8P","3MRHU5294N3O7KAE1TUQJOAS6HI2AD","Ranking the Quality of AI Terminology Translation from English to Arabic","In this task, you will compare the quality of translations for scientific terms generated by two different methods. The input will include an English term, a context paragraph where the term is used, and its translations in Arabic.","Translation, AI Terminology, Multilingual, Ranking","$0.01","Fri Dec 06 03:36:20 PST 2024","5","BatchId:5277380;OriginalHitTemplateId:928390912;","3600","3600","Fri Dec 13 03:36:20 PST 2024","","","3SNLUL3WOM1XK80VEET72POYRMZUL9","AS0K8SAHI5SQD","Approved","Fri Dec 06 03:37:50 PST 2024","Fri Dec 06 04:36:32 PST 2024","Fri Dec 06 05:36:32 PST 2024","Fri Dec 06 05:36:35 PST 2024","","","3522","100% (13/13)","100% (13/13)","100% (13/13)","embedding parameter","معلمة التضمين","معامل التضمين","empirical frequency","التردد التجريبي","التكرار التجريبي","encoder states","حالات المشفر","حالات الترميز","end-to-end neural model","النموذج العصبي من النهاية إلى النهاية","نموذج عصبي من النهاية إلى النهاية","end-to-end training","التدريب من البداية إلى النهاية","تدريب شامل","false","true","false","true","false","false","false","false","false","true","true","false","true","false","false","false","false","false","false","false"
"3W0KKJIAS8NLGLD6Z9B02DX0PPXK8P","3MRHU5294N3O7KAE1TUQJOAS6HI2AD","Ranking the Quality of AI Terminology Translation from English to Arabic","In this task, you will compare the quality of translations for scientific terms generated by two different methods. The input will include an English term, a context paragraph where the term is used, and its translations in Arabic.","Translation, AI Terminology, Multilingual, Ranking","$0.01","Fri Dec 06 03:36:20 PST 2024","5","BatchId:5277380;OriginalHitTemplateId:928390912;","3600","3600","Fri Dec 13 03:36:20 PST 2024","","","3PJ71Z61RMGMA98ONTGXMES6GWS19T","A3HSZ9YLOBCCPR","Approved","Fri Dec 06 04:39:02 PST 2024","Fri Dec 06 05:22:30 PST 2024","Fri Dec 06 06:22:30 PST 2024","Fri Dec 06 06:22:35 PST 2024","","","2608","100% (39/39)","100% (39/39)","100% (39/39)","embedding parameter","معلمة التضمين","معامل التضمين","empirical frequency","التردد التجريبي","التكرار التجريبي","encoder states","حالات المشفر","حالات الترميز","end-to-end neural model","النموذج العصبي من النهاية إلى النهاية","نموذج عصبي من النهاية إلى النهاية","end-to-end training","التدريب من البداية إلى النهاية","تدريب شامل","false","true","false","true","false","false","false","false","false","true","true","false","true","false","false","false","false","false","false","false"
"3W0KKJIAS8NLGLD6Z9B02DX0PPXK8P","3MRHU5294N3O7KAE1TUQJOAS6HI2AD","Ranking the Quality of AI Terminology Translation from English to Arabic","In this task, you will compare the quality of translations for scientific terms generated by two different methods. The input will include an English term, a context paragraph where the term is used, and its translations in Arabic.","Translation, AI Terminology, Multilingual, Ranking","$0.01","Fri Dec 06 03:36:20 PST 2024","5","BatchId:5277380;OriginalHitTemplateId:928390912;","3600","3600","Fri Dec 13 03:36:20 PST 2024","","","3ZR9AIQJUTNL6EHUAFG6R1YGPDB402","A2P8U65V6NL7B5","Approved","Fri Dec 06 05:31:30 PST 2024","Fri Dec 06 05:36:32 PST 2024","Fri Dec 06 06:36:32 PST 2024","Fri Dec 06 06:36:35 PST 2024","","","302","100% (49/49)","100% (49/49)","100% (49/49)","embedding parameter","معلمة التضمين","معامل التضمين","empirical frequency","التردد التجريبي","التكرار التجريبي","encoder states","حالات المشفر","حالات الترميز","end-to-end neural model","النموذج العصبي من النهاية إلى النهاية","نموذج عصبي من النهاية إلى النهاية","end-to-end training","التدريب من البداية إلى النهاية","تدريب شامل","false","true","false","true","false","false","false","false","false","true","true","false","true","false","false","false","false","false","false","false"
"378G7J1SK2CTKMHE1QG3IYNHNZ4EWE","3MRHU5294N3O7KAE1TUQJOAS6HI2AD","Ranking the Quality of AI Terminology Translation from English to Arabic","In this task, you will compare the quality of translations for scientific terms generated by two different methods. The input will include an English term, a context paragraph where the term is used, and its translations in Arabic.","Translation, AI Terminology, Multilingual, Ranking","$0.01","Fri Dec 06 03:36:20 PST 2024","5","BatchId:5277380;OriginalHitTemplateId:928390912;","3600","3600","Fri Dec 13 03:36:20 PST 2024","","","3U4J9857OWPJ9O2NATB2EUE97HN7BW","A3MDTRJTDIDNX","Approved","Fri Dec 06 03:36:54 PST 2024","Fri Dec 06 03:50:20 PST 2024","Fri Dec 06 04:50:20 PST 2024","Fri Dec 06 04:50:35 PST 2024","","","806","100% (53/53)","100% (53/53)","100% (53/53)","energy minimization framework","إطار عمل تقليل الطاقة","إطار تقليل الطاقة","ensemble classification","التصنيف الجماعي","تصنيف التجميع","entity","كيانات","كيان","entity extraction","استخراج الكيانات","استخراج الكيان","error bound","منضم الخطأ","حد الخطأ","true","false","true","false","false","false","true","false","true","false","false","false","false","false","true","false","false","false","false","false"
"378G7J1SK2CTKMHE1QG3IYNHNZ4EWE","3MRHU5294N3O7KAE1TUQJOAS6HI2AD","Ranking the Quality of AI Terminology Translation from English to Arabic","In this task, you will compare the quality of translations for scientific terms generated by two different methods. The input will include an English term, a context paragraph where the term is used, and its translations in Arabic.","Translation, AI Terminology, Multilingual, Ranking","$0.01","Fri Dec 06 03:36:20 PST 2024","5","BatchId:5277380;OriginalHitTemplateId:928390912;","3600","3600","Fri Dec 13 03:36:20 PST 2024","","","3CTOC39K3P4PR70ZYLOJCIXMFMW7JH","A3AHE81HVRXFCD","Approved","Fri Dec 06 03:36:57 PST 2024","Fri Dec 06 03:52:33 PST 2024","Fri Dec 06 04:52:33 PST 2024","Fri Dec 06 04:52:35 PST 2024","","","936","100% (22/22)","100% (22/22)","100% (22/22)","energy minimization framework","إطار عمل تقليل الطاقة","إطار تقليل الطاقة","ensemble classification","التصنيف الجماعي","تصنيف التجميع","entity","كيانات","كيان","entity extraction","استخراج الكيانات","استخراج الكيان","error bound","منضم الخطأ","حد الخطأ","false","true","true","false","false","true","false","false","true","false","false","false","false","false","true","false","false","false","false","false"
"378G7J1SK2CTKMHE1QG3IYNHNZ4EWE","3MRHU5294N3O7KAE1TUQJOAS6HI2AD","Ranking the Quality of AI Terminology Translation from English to Arabic","In this task, you will compare the quality of translations for scientific terms generated by two different methods. The input will include an English term, a context paragraph where the term is used, and its translations in Arabic.","Translation, AI Terminology, Multilingual, Ranking","$0.01","Fri Dec 06 03:36:20 PST 2024","5","BatchId:5277380;OriginalHitTemplateId:928390912;","3600","3600","Fri Dec 13 03:36:20 PST 2024","","","3CPLWGV3M6DPOGFDSGEVJL59JXW9N8","A3QIWEQXAGMGD","Approved","Fri Dec 06 04:38:13 PST 2024","Fri Dec 06 05:16:06 PST 2024","Fri Dec 06 06:16:06 PST 2024","Fri Dec 06 06:16:35 PST 2024","","","2273","100% (26/26)","100% (26/26)","100% (26/26)","energy minimization framework","إطار عمل تقليل الطاقة","إطار تقليل الطاقة","ensemble classification","التصنيف الجماعي","تصنيف التجميع","entity","كيانات","كيان","entity extraction","استخراج الكيانات","استخراج الكيان","error bound","منضم الخطأ","حد الخطأ","false","true","true","false","false","true","false","false","true","false","false","false","false","false","true","false","false","false","false","false"
"378G7J1SK2CTKMHE1QG3IYNHNZ4EWE","3MRHU5294N3O7KAE1TUQJOAS6HI2AD","Ranking the Quality of AI Terminology Translation from English to Arabic","In this task, you will compare the quality of translations for scientific terms generated by two different methods. The input will include an English term, a context paragraph where the term is used, and its translations in Arabic.","Translation, AI Terminology, Multilingual, Ranking","$0.01","Fri Dec 06 03:36:20 PST 2024","5","BatchId:5277380;OriginalHitTemplateId:928390912;","3600","3600","Fri Dec 13 03:36:20 PST 2024","","","3U088ZLJV27XFG0EKLMPMTH794YW00","AWGV35294HOYB","Approved","Fri Dec 06 04:36:59 PST 2024","Fri Dec 06 05:30:25 PST 2024","Fri Dec 06 06:30:25 PST 2024","Fri Dec 06 06:30:35 PST 2024","","","3206","100% (43/43)","100% (43/43)","100% (43/43)","energy minimization framework","إطار عمل تقليل الطاقة","إطار تقليل الطاقة","ensemble classification","التصنيف الجماعي","تصنيف التجميع","entity","كيانات","كيان","entity extraction","استخراج الكيانات","استخراج الكيان","error bound","منضم الخطأ","حد الخطأ","true","true","false","false","false","false","false","true","true","false","false","false","false","false","true","false","false","false","false","false"
"378G7J1SK2CTKMHE1QG3IYNHNZ4EWE","3MRHU5294N3O7KAE1TUQJOAS6HI2AD","Ranking the Quality of AI Terminology Translation from English to Arabic","In this task, you will compare the quality of translations for scientific terms generated by two different methods. The input will include an English term, a context paragraph where the term is used, and its translations in Arabic.","Translation, AI Terminology, Multilingual, Ranking","$0.01","Fri Dec 06 03:36:20 PST 2024","5","BatchId:5277380;OriginalHitTemplateId:928390912;","3600","3600","Fri Dec 13 03:36:20 PST 2024","","","3WI0P0II6J6M64KMX30EE1T9BETDR8","A2D6SB3TU1NYQ7","Approved","Fri Dec 06 05:38:11 PST 2024","Fri Dec 06 05:41:40 PST 2024","Fri Dec 06 06:41:40 PST 2024","Fri Dec 06 06:42:35 PST 2024","","","209","100% (45/45)","100% (45/45)","100% (45/45)","energy minimization framework","إطار عمل تقليل الطاقة","إطار تقليل الطاقة","ensemble classification","التصنيف الجماعي","تصنيف التجميع","entity","كيانات","كيان","entity extraction","استخراج الكيانات","استخراج الكيان","error bound","منضم الخطأ","حد الخطأ","true","false","true","false","false","false","true","false","true","false","false","false","false","false","true","false","false","false","false","false"
"31S7M7DAHX4FYBNCN7YW8962S2NTLQ","3MRHU5294N3O7KAE1TUQJOAS6HI2AD","Ranking the Quality of AI Terminology Translation from English to Arabic","In this task, you will compare the quality of translations for scientific terms generated by two different methods. The input will include an English term, a context paragraph where the term is used, and its translations in Arabic.","Translation, AI Terminology, Multilingual, Ranking","$0.01","Fri Dec 06 03:36:20 PST 2024","5","BatchId:5277380;OriginalHitTemplateId:928390912;","3600","3600","Fri Dec 13 03:36:20 PST 2024","","","30H4UDGLTKW4YLAKX4VSSWGOJAXMP7","A2P8U65V6NL7B5","Approved","Fri Dec 06 03:37:01 PST 2024","Fri Dec 06 03:49:23 PST 2024","Fri Dec 06 04:49:23 PST 2024","Fri Dec 06 04:49:35 PST 2024","","","742","100% (49/49)","100% (49/49)","100% (49/49)","fairness criterion","معيار الإنصاف","معيار العدالة","feature hierarchy","التسلسل الهرمي للميزات","تسلسل الميزات","feature map","خريطة الميزة","خريطة الميزات","feature point","نقطة ميزات","نقطة ميزة","first-order logic","منطق الدرجة الأولى","المنطق من الدرجة الأولى","true","false","false","false","true","false","true","false","false","false","false","false","true","true","false","false","false","false","false","false"
"31S7M7DAHX4FYBNCN7YW8962S2NTLQ","3MRHU5294N3O7KAE1TUQJOAS6HI2AD","Ranking the Quality of AI Terminology Translation from English to Arabic","In this task, you will compare the quality of translations for scientific terms generated by two different methods. The input will include an English term, a context paragraph where the term is used, and its translations in Arabic.","Translation, AI Terminology, Multilingual, Ranking","$0.01","Fri Dec 06 03:36:20 PST 2024","5","BatchId:5277380;OriginalHitTemplateId:928390912;","3600","3600","Fri Dec 13 03:36:20 PST 2024","","","3JW0YLFXRBUQN61ZDSFATOQBAA7WWY","A251BWQW2F81FT","Approved","Fri Dec 06 04:19:01 PST 2024","Fri Dec 06 04:19:29 PST 2024","Fri Dec 06 05:19:29 PST 2024","Fri Dec 06 05:19:35 PST 2024","","","28","100% (31/31)","100% (31/31)","100% (31/31)","fairness criterion","معيار الإنصاف","معيار العدالة","feature hierarchy","التسلسل الهرمي للميزات","تسلسل الميزات","feature map","خريطة الميزة","خريطة الميزات","feature point","نقطة ميزات","نقطة ميزة","first-order logic","منطق الدرجة الأولى","المنطق من الدرجة الأولى","false","false","false","false","true","true","true","false","true","false","false","false","true","false","false","false","false","false","false","false"
"31S7M7DAHX4FYBNCN7YW8962S2NTLQ","3MRHU5294N3O7KAE1TUQJOAS6HI2AD","Ranking the Quality of AI Terminology Translation from English to Arabic","In this task, you will compare the quality of translations for scientific terms generated by two different methods. The input will include an English term, a context paragraph where the term is used, and its translations in Arabic.","Translation, AI Terminology, Multilingual, Ranking","$0.01","Fri Dec 06 03:36:20 PST 2024","5","BatchId:5277380;OriginalHitTemplateId:928390912;","3600","3600","Fri Dec 13 03:36:20 PST 2024","","","3DI28L7YXSS355Z5V4WJESTH7S01ET","A2D6SB3TU1NYQ7","Approved","Fri Dec 06 04:37:17 PST 2024","Fri Dec 06 05:00:49 PST 2024","Fri Dec 06 06:00:49 PST 2024","Fri Dec 06 06:01:35 PST 2024","","","1412","100% (45/45)","100% (45/45)","100% (45/45)","fairness criterion","معيار الإنصاف","معيار العدالة","feature hierarchy","التسلسل الهرمي للميزات","تسلسل الميزات","feature map","خريطة الميزة","خريطة الميزات","feature point","نقطة ميزات","نقطة ميزة","first-order logic","منطق الدرجة الأولى","المنطق من الدرجة الأولى","true","false","false","false","true","false","true","true","false","false","false","false","false","true","false","false","false","false","false","false"
"31S7M7DAHX4FYBNCN7YW8962S2NTLQ","3MRHU5294N3O7KAE1TUQJOAS6HI2AD","Ranking the Quality of AI Terminology Translation from English to Arabic","In this task, you will compare the quality of translations for scientific terms generated by two different methods. The input will include an English term, a context paragraph where the term is used, and its translations in Arabic.","Translation, AI Terminology, Multilingual, Ranking","$0.01","Fri Dec 06 03:36:20 PST 2024","5","BatchId:5277380;OriginalHitTemplateId:928390912;","3600","3600","Fri Dec 13 03:36:20 PST 2024","","","3AMYWKA6YT0KOIDRVOBWE0ECJ6T6O9","A3Q32FL0WWF4KZ","Approved","Fri Dec 06 04:37:50 PST 2024","Fri Dec 06 05:13:59 PST 2024","Fri Dec 06 06:13:59 PST 2024","Fri Dec 06 06:14:35 PST 2024","","","2169","100% (40/40)","100% (40/40)","100% (40/40)","fairness criterion","معيار الإنصاف","معيار العدالة","feature hierarchy","التسلسل الهرمي للميزات","تسلسل الميزات","feature map","خريطة الميزة","خريطة الميزات","feature point","نقطة ميزات","نقطة ميزة","first-order logic","منطق الدرجة الأولى","المنطق من الدرجة الأولى","true","false","false","false","true","false","true","false","false","false","false","false","true","true","false","false","false","false","false","false"
"31S7M7DAHX4FYBNCN7YW8962S2NTLQ","3MRHU5294N3O7KAE1TUQJOAS6HI2AD","Ranking the Quality of AI Terminology Translation from English to Arabic","In this task, you will compare the quality of translations for scientific terms generated by two different methods. The input will include an English term, a context paragraph where the term is used, and its translations in Arabic.","Translation, AI Terminology, Multilingual, Ranking","$0.01","Fri Dec 06 03:36:20 PST 2024","5","BatchId:5277380;OriginalHitTemplateId:928390912;","3600","3600","Fri Dec 13 03:36:20 PST 2024","","","3M0BCWMB8DAYZ33OI1JE6ADQ08WBW2","AWGV35294HOYB","Approved","Fri Dec 06 04:37:21 PST 2024","Fri Dec 06 05:33:07 PST 2024","Fri Dec 06 06:33:07 PST 2024","Fri Dec 06 06:33:35 PST 2024","","","3346","100% (43/43)","100% (43/43)","100% (43/43)","fairness criterion","معيار الإنصاف","معيار العدالة","feature hierarchy","التسلسل الهرمي للميزات","تسلسل الميزات","feature map","خريطة الميزة","خريطة الميزات","feature point","نقطة ميزات","نقطة ميزة","first-order logic","منطق الدرجة الأولى","المنطق من الدرجة الأولى","true","false","false","false","true","false","true","false","false","false","false","false","true","true","false","false","false","false","false","false"
"3CRWSLD921IJR10PR2DCECF4TZWMOZ","3MRHU5294N3O7KAE1TUQJOAS6HI2AD","Ranking the Quality of AI Terminology Translation from English to Arabic","In this task, you will compare the quality of translations for scientific terms generated by two different methods. The input will include an English term, a context paragraph where the term is used, and its translations in Arabic.","Translation, AI Terminology, Multilingual, Ranking","$0.01","Fri Dec 06 03:36:20 PST 2024","5","BatchId:5277380;OriginalHitTemplateId:928390912;","3600","3600","Fri Dec 13 03:36:20 PST 2024","","","3EWIJTFFV6L3YGENZLSJ0NA720V0EQ","A198MZX1B7ZOPY","Approved","Fri Dec 06 03:37:16 PST 2024","Fri Dec 06 03:44:25 PST 2024","Fri Dec 06 04:44:25 PST 2024","Fri Dec 06 04:44:35 PST 2024","","","429","100% (17/17)","100% (17/17)","100% (17/17)","fuzzy matching","مطابقة ضبابية","المطابقة الضبابية","game-theoretic analysis","تحليل نظرية الألعاب","التحليل النظري للألعاب","generalized linear model","النموذج الخطي المعمم","النموذج الخطي العام","generation model","نموذج توليد","نموذج التوليد","global average pooling layer","طبقة تجميع المتوسط العالمي","طبقة التجميع المتوسط العالمي","false","true","false","true","false","true","false","true","false","true","false","false","false","false","false","false","false","false","false","false"
"3CRWSLD921IJR10PR2DCECF4TZWMOZ","3MRHU5294N3O7KAE1TUQJOAS6HI2AD","Ranking the Quality of AI Terminology Translation from English to Arabic","In this task, you will compare the quality of translations for scientific terms generated by two different methods. The input will include an English term, a context paragraph where the term is used, and its translations in Arabic.","Translation, AI Terminology, Multilingual, Ranking","$0.01","Fri Dec 06 03:36:20 PST 2024","5","BatchId:5277380;OriginalHitTemplateId:928390912;","3600","3600","Fri Dec 13 03:36:20 PST 2024","","","3TXMY6UCAW2CPBZ8KSG3P51MUTMCQF","A38SYZRVLTMOFG","Approved","Fri Dec 06 04:37:59 PST 2024","Fri Dec 06 05:13:07 PST 2024","Fri Dec 06 06:13:07 PST 2024","Fri Dec 06 06:13:35 PST 2024","","","2108","100% (49/49)","100% (49/49)","100% (49/49)","fuzzy matching","مطابقة ضبابية","المطابقة الضبابية","game-theoretic analysis","تحليل نظرية الألعاب","التحليل النظري للألعاب","generalized linear model","النموذج الخطي المعمم","النموذج الخطي العام","generation model","نموذج توليد","نموذج التوليد","global average pooling layer","طبقة تجميع المتوسط العالمي","طبقة التجميع المتوسط العالمي","false","true","true","true","true","false","false","false","false","false","true","false","false","false","false","false","false","false","false","false"
"3CRWSLD921IJR10PR2DCECF4TZWMOZ","3MRHU5294N3O7KAE1TUQJOAS6HI2AD","Ranking the Quality of AI Terminology Translation from English to Arabic","In this task, you will compare the quality of translations for scientific terms generated by two different methods. The input will include an English term, a context paragraph where the term is used, and its translations in Arabic.","Translation, AI Terminology, Multilingual, Ranking","$0.01","Fri Dec 06 03:36:20 PST 2024","5","BatchId:5277380;OriginalHitTemplateId:928390912;","3600","3600","Fri Dec 13 03:36:20 PST 2024","","","3ERET4BTV4NOGAUAV3MFRTO5P2R9K3","A2P8U65V6NL7B5","Approved","Fri Dec 06 04:38:13 PST 2024","Fri Dec 06 05:31:24 PST 2024","Fri Dec 06 06:31:24 PST 2024","Fri Dec 06 06:31:35 PST 2024","","","3191","100% (49/49)","100% (49/49)","100% (49/49)","fuzzy matching","مطابقة ضبابية","المطابقة الضبابية","game-theoretic analysis","تحليل نظرية الألعاب","التحليل النظري للألعاب","generalized linear model","النموذج الخطي المعمم","النموذج الخطي العام","generation model","نموذج توليد","نموذج التوليد","global average pooling layer","طبقة تجميع المتوسط العالمي","طبقة التجميع المتوسط العالمي","false","false","true","true","true","false","true","false","false","false","true","false","false","false","false","false","false","false","false","false"
"3CRWSLD921IJR10PR2DCECF4TZWMOZ","3MRHU5294N3O7KAE1TUQJOAS6HI2AD","Ranking the Quality of AI Terminology Translation from English to Arabic","In this task, you will compare the quality of translations for scientific terms generated by two different methods. The input will include an English term, a context paragraph where the term is used, and its translations in Arabic.","Translation, AI Terminology, Multilingual, Ranking","$0.01","Fri Dec 06 03:36:20 PST 2024","5","BatchId:5277380;OriginalHitTemplateId:928390912;","3600","3600","Fri Dec 13 03:36:20 PST 2024","","","3LPW2N6LKBGJIJXAMRD0L0S15Y9U5Z","A2QX81MMC8KN80","Approved","Fri Dec 06 05:31:18 PST 2024","Fri Dec 06 05:34:53 PST 2024","Fri Dec 06 06:34:53 PST 2024","Fri Dec 06 06:35:35 PST 2024","","","215","100% (22/22)","100% (22/22)","100% (22/22)","fuzzy matching","مطابقة ضبابية","المطابقة الضبابية","game-theoretic analysis","تحليل نظرية الألعاب","التحليل النظري للألعاب","generalized linear model","النموذج الخطي المعمم","النموذج الخطي العام","generation model","نموذج توليد","نموذج التوليد","global average pooling layer","طبقة تجميع المتوسط العالمي","طبقة التجميع المتوسط العالمي","false","false","false","false","false","true","false","true","false","true","false","true","false","true","false","false","false","false","false","false"
"3CRWSLD921IJR10PR2DCECF4TZWMOZ","3MRHU5294N3O7KAE1TUQJOAS6HI2AD","Ranking the Quality of AI Terminology Translation from English to Arabic","In this task, you will compare the quality of translations for scientific terms generated by two different methods. The input will include an English term, a context paragraph where the term is used, and its translations in Arabic.","Translation, AI Terminology, Multilingual, Ranking","$0.01","Fri Dec 06 03:36:20 PST 2024","5","BatchId:5277380;OriginalHitTemplateId:928390912;","3600","3600","Fri Dec 13 03:36:20 PST 2024","","","3EJPLAJKE4UWNMRYXXMDUYLG3AX6ZC","AWGV35294HOYB","Approved","Fri Dec 06 06:11:24 PST 2024","Fri Dec 06 06:14:38 PST 2024","Fri Dec 06 07:14:38 PST 2024","Fri Dec 06 07:15:35 PST 2024","","","194","100% (43/43)","100% (43/43)","100% (43/43)","fuzzy matching","مطابقة ضبابية","المطابقة الضبابية","game-theoretic analysis","تحليل نظرية الألعاب","التحليل النظري للألعاب","generalized linear model","النموذج الخطي المعمم","النموذج الخطي العام","generation model","نموذج توليد","نموذج التوليد","global average pooling layer","طبقة تجميع المتوسط العالمي","طبقة التجميع المتوسط العالمي","true","false","false","true","false","false","true","true","false","true","false","false","false","false","false","false","false","false","false","false"
"3K2CEDRADSFZ4T5XNJZB8MLRS7DTMS","3MRHU5294N3O7KAE1TUQJOAS6HI2AD","Ranking the Quality of AI Terminology Translation from English to Arabic","In this task, you will compare the quality of translations for scientific terms generated by two different methods. The input will include an English term, a context paragraph where the term is used, and its translations in Arabic.","Translation, AI Terminology, Multilingual, Ranking","$0.01","Fri Dec 06 03:36:20 PST 2024","5","BatchId:5277380;OriginalHitTemplateId:928390912;","3600","3600","Fri Dec 13 03:36:20 PST 2024","","","3GNA64GUZWIRQQQT5ITVBZVC2BTQ5C","A3UMJIYCNU3IMQ","Approved","Fri Dec 06 03:38:01 PST 2024","Fri Dec 06 03:39:06 PST 2024","Fri Dec 06 04:39:06 PST 2024","Fri Dec 06 04:39:35 PST 2024","","","65","100% (2/2)","100% (2/2)","100% (2/2)","grammar induction","الحث النحوي","استنباط القواعد","graph adjacency matrix","مصفوفة التجاور للرسم البياني","مصفوفة تلاصق الرسم البياني","graph attention mechanism","آلية الانتباه البياني","آلية انتباه الرسم البياني","graph classification","تصنيف الرسوم البيانية","تصنيف الرسم البياني","graph dataset","مجموعة بيانات الرسوم البيانية","مجموعة بيانات الرسم البياني","false","true","false","false","false","true","false","false","true","false","false","false","true","false","true","false","false","false","false","false"
"3K2CEDRADSFZ4T5XNJZB8MLRS7DTMS","3MRHU5294N3O7KAE1TUQJOAS6HI2AD","Ranking the Quality of AI Terminology Translation from English to Arabic","In this task, you will compare the quality of translations for scientific terms generated by two different methods. The input will include an English term, a context paragraph where the term is used, and its translations in Arabic.","Translation, AI Terminology, Multilingual, Ranking","$0.01","Fri Dec 06 03:36:20 PST 2024","5","BatchId:5277380;OriginalHitTemplateId:928390912;","3600","3600","Fri Dec 13 03:36:20 PST 2024","","","3DI28L7YXSS355Z5V4WJESTH7S0E16","A1G4DX33KADZA3","Approved","Fri Dec 06 03:37:16 PST 2024","Fri Dec 06 03:40:57 PST 2024","Fri Dec 06 04:40:57 PST 2024","Fri Dec 06 04:41:35 PST 2024","","","221","100% (21/21)","100% (21/21)","100% (21/21)","grammar induction","الحث النحوي","استنباط القواعد","graph adjacency matrix","مصفوفة التجاور للرسم البياني","مصفوفة تلاصق الرسم البياني","graph attention mechanism","آلية الانتباه البياني","آلية انتباه الرسم البياني","graph classification","تصنيف الرسوم البيانية","تصنيف الرسم البياني","graph dataset","مجموعة بيانات الرسوم البيانية","مجموعة بيانات الرسم البياني","false","false","false","false","false","false","false","false","false","false","true","false","true","true","false","false","true","false","false","true"
"3K2CEDRADSFZ4T5XNJZB8MLRS7DTMS","3MRHU5294N3O7KAE1TUQJOAS6HI2AD","Ranking the Quality of AI Terminology Translation from English to Arabic","In this task, you will compare the quality of translations for scientific terms generated by two different methods. The input will include an English term, a context paragraph where the term is used, and its translations in Arabic.","Translation, AI Terminology, Multilingual, Ranking","$0.01","Fri Dec 06 03:36:20 PST 2024","5","BatchId:5277380;OriginalHitTemplateId:928390912;","3600","3600","Fri Dec 13 03:36:20 PST 2024","","","3WQ3B2KGEQU5Y2NLLDUTDKNW4VO1BU","A21X87H2GCSME0","Approved","Fri Dec 06 03:37:31 PST 2024","Fri Dec 06 03:43:31 PST 2024","Fri Dec 06 04:43:31 PST 2024","Fri Dec 06 04:43:35 PST 2024","","","360","100% (9/9)","100% (9/9)","100% (9/9)","grammar induction","الحث النحوي","استنباط القواعد","graph adjacency matrix","مصفوفة التجاور للرسم البياني","مصفوفة تلاصق الرسم البياني","graph attention mechanism","آلية الانتباه البياني","آلية انتباه الرسم البياني","graph classification","تصنيف الرسوم البيانية","تصنيف الرسم البياني","graph dataset","مجموعة بيانات الرسوم البيانية","مجموعة بيانات الرسم البياني","false","false","false","false","false","true","false","false","true","false","false","true","false","false","true","false","false","false","false","false"
"3K2CEDRADSFZ4T5XNJZB8MLRS7DTMS","3MRHU5294N3O7KAE1TUQJOAS6HI2AD","Ranking the Quality of AI Terminology Translation from English to Arabic","In this task, you will compare the quality of translations for scientific terms generated by two different methods. The input will include an English term, a context paragraph where the term is used, and its translations in Arabic.","Translation, AI Terminology, Multilingual, Ranking","$0.01","Fri Dec 06 03:36:20 PST 2024","5","BatchId:5277380;OriginalHitTemplateId:928390912;","3600","3600","Fri Dec 13 03:36:20 PST 2024","","","37M28K1J08R7A9YX5O03M9ZCGU2AJB","A2P8U65V6NL7B5","Approved","Fri Dec 06 03:36:59 PST 2024","Fri Dec 06 03:49:06 PST 2024","Fri Dec 06 04:49:06 PST 2024","Fri Dec 06 04:49:35 PST 2024","","","727","100% (49/49)","100% (49/49)","100% (49/49)","grammar induction","الحث النحوي","استنباط القواعد","graph adjacency matrix","مصفوفة التجاور للرسم البياني","مصفوفة تلاصق الرسم البياني","graph attention mechanism","آلية الانتباه البياني","آلية انتباه الرسم البياني","graph classification","تصنيف الرسوم البيانية","تصنيف الرسم البياني","graph dataset","مجموعة بيانات الرسوم البيانية","مجموعة بيانات الرسم البياني","false","false","true","false","false","false","true","false","true","true","true","false","false","false","false","false","false","false","false","false"
"3K2CEDRADSFZ4T5XNJZB8MLRS7DTMS","3MRHU5294N3O7KAE1TUQJOAS6HI2AD","Ranking the Quality of AI Terminology Translation from English to Arabic","In this task, you will compare the quality of translations for scientific terms generated by two different methods. The input will include an English term, a context paragraph where the term is used, and its translations in Arabic.","Translation, AI Terminology, Multilingual, Ranking","$0.01","Fri Dec 06 03:36:20 PST 2024","5","BatchId:5277380;OriginalHitTemplateId:928390912;","3600","3600","Fri Dec 13 03:36:20 PST 2024","","","3Q5C1WP234F39M6CK33GAYN4UZ151W","A11JXYZDAUX0UP","Approved","Fri Dec 06 04:37:00 PST 2024","Fri Dec 06 05:30:17 PST 2024","Fri Dec 06 06:30:17 PST 2024","Fri Dec 06 06:30:35 PST 2024","","","3197","100% (1186/1186)","100% (1186/1186)","100% (1184/1184)","grammar induction","الحث النحوي","استنباط القواعد","graph adjacency matrix","مصفوفة التجاور للرسم البياني","مصفوفة تلاصق الرسم البياني","graph attention mechanism","آلية الانتباه البياني","آلية انتباه الرسم البياني","graph classification","تصنيف الرسوم البيانية","تصنيف الرسم البياني","graph dataset","مجموعة بيانات الرسوم البيانية","مجموعة بيانات الرسم البياني","false","false","true","false","false","true","true","false","true","true","false","false","false","false","false","false","false","false","false","false"
"388CL5C1S01PT2WHNDH7UQ3EH8SHL4","3MRHU5294N3O7KAE1TUQJOAS6HI2AD","Ranking the Quality of AI Terminology Translation from English to Arabic","In this task, you will compare the quality of translations for scientific terms generated by two different methods. The input will include an English term, a context paragraph where the term is used, and its translations in Arabic.","Translation, AI Terminology, Multilingual, Ranking","$0.01","Fri Dec 06 03:36:20 PST 2024","5","BatchId:5277380;OriginalHitTemplateId:928390912;","3600","3600","Fri Dec 13 03:36:20 PST 2024","","","3L70J4KAZY0U7NY5VSESJB4ZBA7ADZ","AHTS0ICKEEED6","Approved","Fri Dec 06 03:39:24 PST 2024","Fri Dec 06 03:47:00 PST 2024","Fri Dec 06 04:47:00 PST 2024","Fri Dec 06 04:47:35 PST 2024","","","456","100% (1/1)","100% (1/1)","100% (1/1)","graph structure","بنية الرسم البياني","هيكل الرسم البياني","group normalization","تطبيع المجموعة","التطبيع الجماعي","hierarchical agglomerative clustering","التجميع الهرمي التصاعدي","التجميع الهرمي التراكمي","hinge loss function","وظيفة فقدان المفصلة","دالة خسارة المفصلة","human pose","وضعية الجسم البشري","وضع الإنسان","true","false","true","false","true","false","true","false","true","false","false","false","false","false","false","false","false","false","false","false"
"388CL5C1S01PT2WHNDH7UQ3EH8SHL4","3MRHU5294N3O7KAE1TUQJOAS6HI2AD","Ranking the Quality of AI Terminology Translation from English to Arabic","In this task, you will compare the quality of translations for scientific terms generated by two different methods. The input will include an English term, a context paragraph where the term is used, and its translations in Arabic.","Translation, AI Terminology, Multilingual, Ranking","$0.01","Fri Dec 06 03:36:20 PST 2024","5","BatchId:5277380;OriginalHitTemplateId:928390912;","3600","3600","Fri Dec 13 03:36:20 PST 2024","","","3KOPY89HMQG7QOZCW9LTZ1L6AKAJ3O","A3EKM55NFX1H6B","Approved","Fri Dec 06 03:37:20 PST 2024","Fri Dec 06 03:58:49 PST 2024","Fri Dec 06 04:58:49 PST 2024","Fri Dec 06 04:59:35 PST 2024","","","1289","100% (29/29)","100% (29/29)","100% (29/29)","graph structure","بنية الرسم البياني","هيكل الرسم البياني","group normalization","تطبيع المجموعة","التطبيع الجماعي","hierarchical agglomerative clustering","التجميع الهرمي التصاعدي","التجميع الهرمي التراكمي","hinge loss function","وظيفة فقدان المفصلة","دالة خسارة المفصلة","human pose","وضعية الجسم البشري","وضع الإنسان","false","true","false","false","true","true","false","true","false","false","false","false","false","true","false","false","false","false","false","false"
"388CL5C1S01PT2WHNDH7UQ3EH8SHL4","3MRHU5294N3O7KAE1TUQJOAS6HI2AD","Ranking the Quality of AI Terminology Translation from English to Arabic","In this task, you will compare the quality of translations for scientific terms generated by two different methods. The input will include an English term, a context paragraph where the term is used, and its translations in Arabic.","Translation, AI Terminology, Multilingual, Ranking","$0.01","Fri Dec 06 03:36:20 PST 2024","5","BatchId:5277380;OriginalHitTemplateId:928390912;","3600","3600","Fri Dec 13 03:36:20 PST 2024","","","3OVR4I9US7X9U7MTRDAL67PY2FZ4QM","A39PWDRYNY2WM0","Approved","Fri Dec 06 03:37:45 PST 2024","Fri Dec 06 04:09:21 PST 2024","Fri Dec 06 05:09:21 PST 2024","Fri Dec 06 05:09:35 PST 2024","","","1896","100% (55/55)","100% (55/55)","100% (55/55)","graph structure","بنية الرسم البياني","هيكل الرسم البياني","group normalization","تطبيع المجموعة","التطبيع الجماعي","hierarchical agglomerative clustering","التجميع الهرمي التصاعدي","التجميع الهرمي التراكمي","hinge loss function","وظيفة فقدان المفصلة","دالة خسارة المفصلة","human pose","وضعية الجسم البشري","وضع الإنسان","true","true","false","false","false","false","false","true","false","true","false","false","false","true","false","false","false","false","false","false"
"388CL5C1S01PT2WHNDH7UQ3EH8SHL4","3MRHU5294N3O7KAE1TUQJOAS6HI2AD","Ranking the Quality of AI Terminology Translation from English to Arabic","In this task, you will compare the quality of translations for scientific terms generated by two different methods. The input will include an English term, a context paragraph where the term is used, and its translations in Arabic.","Translation, AI Terminology, Multilingual, Ranking","$0.01","Fri Dec 06 03:36:20 PST 2024","5","BatchId:5277380;OriginalHitTemplateId:928390912;","3600","3600","Fri Dec 13 03:36:20 PST 2024","","","3JCG6DTRVL4GJC9RPAHY9AQ3Y7GQQP","A186ORPGIU3WNL","Approved","Fri Dec 06 03:37:24 PST 2024","Fri Dec 06 04:29:58 PST 2024","Fri Dec 06 05:29:58 PST 2024","Fri Dec 06 05:30:35 PST 2024","","","3154","100% (53/53)","100% (52/52)","100% (52/52)","graph structure","بنية الرسم البياني","هيكل الرسم البياني","group normalization","تطبيع المجموعة","التطبيع الجماعي","hierarchical agglomerative clustering","التجميع الهرمي التصاعدي","التجميع الهرمي التراكمي","hinge loss function","وظيفة فقدان المفصلة","دالة خسارة المفصلة","human pose","وضعية الجسم البشري","وضع الإنسان","false","true","true","false","false","false","false","false","true","true","true","false","false","false","false","false","false","false","false","false"
"388CL5C1S01PT2WHNDH7UQ3EH8SHL4","3MRHU5294N3O7KAE1TUQJOAS6HI2AD","Ranking the Quality of AI Terminology Translation from English to Arabic","In this task, you will compare the quality of translations for scientific terms generated by two different methods. The input will include an English term, a context paragraph where the term is used, and its translations in Arabic.","Translation, AI Terminology, Multilingual, Ranking","$0.01","Fri Dec 06 03:36:20 PST 2024","5","BatchId:5277380;OriginalHitTemplateId:928390912;","3600","3600","Fri Dec 13 03:36:20 PST 2024","","","3J88R45B2YCFSX9OBBX13DWMQEHXP2","AWGV35294HOYB","Approved","Fri Dec 06 04:37:53 PST 2024","Fri Dec 06 05:34:34 PST 2024","Fri Dec 06 06:34:34 PST 2024","Fri Dec 06 06:34:35 PST 2024","","","3401","100% (43/43)","100% (43/43)","100% (43/43)","graph structure","بنية الرسم البياني","هيكل الرسم البياني","group normalization","تطبيع المجموعة","التطبيع الجماعي","hierarchical agglomerative clustering","التجميع الهرمي التصاعدي","التجميع الهرمي التراكمي","hinge loss function","وظيفة فقدان المفصلة","دالة خسارة المفصلة","human pose","وضعية الجسم البشري","وضع الإنسان","false","true","true","false","false","true","false","false","false","true","false","false","false","true","false","false","false","false","false","false"
"3XU9MCX6W5QWHAOC9CBWTY6BYHZR2M","3MRHU5294N3O7KAE1TUQJOAS6HI2AD","Ranking the Quality of AI Terminology Translation from English to Arabic","In this task, you will compare the quality of translations for scientific terms generated by two different methods. The input will include an English term, a context paragraph where the term is used, and its translations in Arabic.","Translation, AI Terminology, Multilingual, Ranking","$0.01","Fri Dec 06 03:36:20 PST 2024","5","BatchId:5277380;OriginalHitTemplateId:928390912;","3600","3600","Fri Dec 13 03:36:20 PST 2024","","","3YJ6NA41JTUEXD4ZU7I0C4O7FG2PJ6","A3OAFR48DADAOM","Approved","Fri Dec 06 03:37:05 PST 2024","Fri Dec 06 04:12:49 PST 2024","Fri Dec 06 05:12:49 PST 2024","Fri Dec 06 05:13:35 PST 2024","","","2144","100% (41/41)","100% (41/41)","100% (41/41)","human pose estimation","تقدير وضعية الجسم البشري","تقدير وضع الإنسان","hybrid model","نموذج هجين","النموذج الهجين","image encoder","مُشفِّر الصورة","مشفر الصورة","image generation","توليد الصور","توليد الصورة","image segmentation","تجزئة الصورة","تقسيم الصورة","false","true","false","false","true","true","false","true","true","false","false","false","false","false","false","false","false","false","false","false"
"3XU9MCX6W5QWHAOC9CBWTY6BYHZR2M","3MRHU5294N3O7KAE1TUQJOAS6HI2AD","Ranking the Quality of AI Terminology Translation from English to Arabic","In this task, you will compare the quality of translations for scientific terms generated by two different methods. The input will include an English term, a context paragraph where the term is used, and its translations in Arabic.","Translation, AI Terminology, Multilingual, Ranking","$0.01","Fri Dec 06 03:36:20 PST 2024","5","BatchId:5277380;OriginalHitTemplateId:928390912;","3600","3600","Fri Dec 13 03:36:20 PST 2024","","","3NGMS9VZT3WM1YT9XEVALCIBK3YFFQ","AWGV35294HOYB","Approved","Fri Dec 06 03:36:57 PST 2024","Fri Dec 06 04:30:19 PST 2024","Fri Dec 06 05:30:19 PST 2024","Fri Dec 06 05:30:35 PST 2024","","","3202","100% (43/43)","100% (43/43)","100% (43/43)","human pose estimation","تقدير وضعية الجسم البشري","تقدير وضع الإنسان","hybrid model","نموذج هجين","النموذج الهجين","image encoder","مُشفِّر الصورة","مشفر الصورة","image generation","توليد الصور","توليد الصورة","image segmentation","تجزئة الصورة","تقسيم الصورة","false","true","false","false","true","true","false","true","true","false","false","false","false","false","false","false","false","false","false","false"
"3XU9MCX6W5QWHAOC9CBWTY6BYHZR2M","3MRHU5294N3O7KAE1TUQJOAS6HI2AD","Ranking the Quality of AI Terminology Translation from English to Arabic","In this task, you will compare the quality of translations for scientific terms generated by two different methods. The input will include an English term, a context paragraph where the term is used, and its translations in Arabic.","Translation, AI Terminology, Multilingual, Ranking","$0.01","Fri Dec 06 03:36:20 PST 2024","5","BatchId:5277380;OriginalHitTemplateId:928390912;","3600","3600","Fri Dec 13 03:36:20 PST 2024","","","3EJPLAJKE4UWNMRYXXMDUYLG3BB6ZS","A2O4PW85X1GQA1","Approved","Fri Dec 06 04:57:39 PST 2024","Fri Dec 06 05:42:12 PST 2024","Fri Dec 06 06:42:12 PST 2024","Fri Dec 06 06:42:35 PST 2024","","","2673","100% (15/15)","100% (15/15)","100% (15/15)","human pose estimation","تقدير وضعية الجسم البشري","تقدير وضع الإنسان","hybrid model","نموذج هجين","النموذج الهجين","image encoder","مُشفِّر الصورة","مشفر الصورة","image generation","توليد الصور","توليد الصورة","image segmentation","تجزئة الصورة","تقسيم الصورة","false","true","false","false","true","true","false","true","true","false","false","false","false","false","false","false","false","false","false","false"
"3XU9MCX6W5QWHAOC9CBWTY6BYHZR2M","3MRHU5294N3O7KAE1TUQJOAS6HI2AD","Ranking the Quality of AI Terminology Translation from English to Arabic","In this task, you will compare the quality of translations for scientific terms generated by two different methods. The input will include an English term, a context paragraph where the term is used, and its translations in Arabic.","Translation, AI Terminology, Multilingual, Ranking","$0.01","Fri Dec 06 03:36:20 PST 2024","5","BatchId:5277380;OriginalHitTemplateId:928390912;","3600","3600","Fri Dec 13 03:36:20 PST 2024","","","3P4MQ7TPPFQ6B05DNANIJW05Q8LBBV","A11JXYZDAUX0UP","Approved","Fri Dec 06 05:38:00 PST 2024","Fri Dec 06 05:44:49 PST 2024","Fri Dec 06 06:44:49 PST 2024","Fri Dec 06 06:45:35 PST 2024","","","409","100% (1186/1186)","100% (1186/1186)","100% (1184/1184)","human pose estimation","تقدير وضعية الجسم البشري","تقدير وضع الإنسان","hybrid model","نموذج هجين","النموذج الهجين","image encoder","مُشفِّر الصورة","مشفر الصورة","image generation","توليد الصور","توليد الصورة","image segmentation","تجزئة الصورة","تقسيم الصورة","false","true","false","false","true","true","false","true","true","false","false","false","false","false","false","false","false","false","false","false"
"3XU9MCX6W5QWHAOC9CBWTY6BYHZR2M","3MRHU5294N3O7KAE1TUQJOAS6HI2AD","Ranking the Quality of AI Terminology Translation from English to Arabic","In this task, you will compare the quality of translations for scientific terms generated by two different methods. The input will include an English term, a context paragraph where the term is used, and its translations in Arabic.","Translation, AI Terminology, Multilingual, Ranking","$0.01","Fri Dec 06 03:36:20 PST 2024","5","BatchId:5277380;OriginalHitTemplateId:928390912;","3600","3600","Fri Dec 13 03:36:20 PST 2024","","","3OVR4I9US7X9U7MTRDAL67PY2G54QU","AG9MLSV2QCVD4","Approved","Fri Dec 06 05:38:11 PST 2024","Fri Dec 06 05:46:01 PST 2024","Fri Dec 06 06:46:01 PST 2024","Fri Dec 06 06:46:35 PST 2024","","","470","100% (24/24)","100% (24/24)","100% (24/24)","human pose estimation","تقدير وضعية الجسم البشري","تقدير وضع الإنسان","hybrid model","نموذج هجين","النموذج الهجين","image encoder","مُشفِّر الصورة","مشفر الصورة","image generation","توليد الصور","توليد الصورة","image segmentation","تجزئة الصورة","تقسيم الصورة","false","true","false","true","true","true","false","true","false","false","false","false","false","false","false","false","false","false","false","false"
"3RIHDBQ1OVC9ZKE2NPIMU3I3HDIHM6","3MRHU5294N3O7KAE1TUQJOAS6HI2AD","Ranking the Quality of AI Terminology Translation from English to Arabic","In this task, you will compare the quality of translations for scientific terms generated by two different methods. The input will include an English term, a context paragraph where the term is used, and its translations in Arabic.","Translation, AI Terminology, Multilingual, Ranking","$0.01","Fri Dec 06 03:36:20 PST 2024","5","BatchId:5277380;OriginalHitTemplateId:928390912;","3600","3600","Fri Dec 13 03:36:20 PST 2024","","","3L6L49WXWIBK1L3V7LMI8WU76JC459","A3EKM55NFX1H6B","Approved","Fri Dec 06 03:37:36 PST 2024","Fri Dec 06 04:00:29 PST 2024","Fri Dec 06 05:00:29 PST 2024","Fri Dec 06 05:00:35 PST 2024","","","1373","100% (29/29)","100% (29/29)","100% (29/29)","image super-resolution","رفع دقة الصورة","تحسين دقة الصورة","imperfect information","المعلومات غير الكاملة","معلومات غير كاملة","implicit representation","التمثيل الضمني","تمثيل ضمني","implicit surface","السطح الضمني","سطح ضمني","in-distribution","ضمن التوزيع","في التوزيع","true","true","true","true","false","false","false","false","false","true","false","false","false","false","false","false","false","false","false","false"
"3RIHDBQ1OVC9ZKE2NPIMU3I3HDIHM6","3MRHU5294N3O7KAE1TUQJOAS6HI2AD","Ranking the Quality of AI Terminology Translation from English to Arabic","In this task, you will compare the quality of translations for scientific terms generated by two different methods. The input will include an English term, a context paragraph where the term is used, and its translations in Arabic.","Translation, AI Terminology, Multilingual, Ranking","$0.01","Fri Dec 06 03:36:20 PST 2024","5","BatchId:5277380;OriginalHitTemplateId:928390912;","3600","3600","Fri Dec 13 03:36:20 PST 2024","","","3FTYUGLFSCZX1HMO0WNBB0ODJXC5DW","A38SYZRVLTMOFG","Approved","Fri Dec 06 04:38:35 PST 2024","Fri Dec 06 05:14:49 PST 2024","Fri Dec 06 06:14:49 PST 2024","Fri Dec 06 06:15:35 PST 2024","","","2174","100% (49/49)","100% (49/49)","100% (49/49)","image super-resolution","رفع دقة الصورة","تحسين دقة الصورة","imperfect information","المعلومات غير الكاملة","معلومات غير كاملة","implicit representation","التمثيل الضمني","تمثيل ضمني","implicit surface","السطح الضمني","سطح ضمني","in-distribution","ضمن التوزيع","في التوزيع","false","true","true","true","false","false","false","false","false","false","true","false","false","false","true","false","false","false","false","false"
"3RIHDBQ1OVC9ZKE2NPIMU3I3HDIHM6","3MRHU5294N3O7KAE1TUQJOAS6HI2AD","Ranking the Quality of AI Terminology Translation from English to Arabic","In this task, you will compare the quality of translations for scientific terms generated by two different methods. The input will include an English term, a context paragraph where the term is used, and its translations in Arabic.","Translation, AI Terminology, Multilingual, Ranking","$0.01","Fri Dec 06 03:36:20 PST 2024","5","BatchId:5277380;OriginalHitTemplateId:928390912;","3600","3600","Fri Dec 13 03:36:20 PST 2024","","","39OWYR0EP25S1PA424NYAXPRQFVYFF","A11JXYZDAUX0UP","Approved","Fri Dec 06 04:38:37 PST 2024","Fri Dec 06 05:35:02 PST 2024","Fri Dec 06 06:35:02 PST 2024","Fri Dec 06 06:35:35 PST 2024","","","3385","100% (1186/1186)","100% (1186/1186)","100% (1184/1184)","image super-resolution","رفع دقة الصورة","تحسين دقة الصورة","imperfect information","المعلومات غير الكاملة","معلومات غير كاملة","implicit representation","التمثيل الضمني","تمثيل ضمني","implicit surface","السطح الضمني","سطح ضمني","in-distribution","ضمن التوزيع","في التوزيع","false","true","true","true","false","false","false","false","false","false","true","false","false","false","true","false","false","false","false","false"
"3RIHDBQ1OVC9ZKE2NPIMU3I3HDIHM6","3MRHU5294N3O7KAE1TUQJOAS6HI2AD","Ranking the Quality of AI Terminology Translation from English to Arabic","In this task, you will compare the quality of translations for scientific terms generated by two different methods. The input will include an English term, a context paragraph where the term is used, and its translations in Arabic.","Translation, AI Terminology, Multilingual, Ranking","$0.01","Fri Dec 06 03:36:20 PST 2024","5","BatchId:5277380;OriginalHitTemplateId:928390912;","3600","3600","Fri Dec 13 03:36:20 PST 2024","","","3IO1LGZLKRBH3QQBO7M0HEOC41P868","A2DAZGA8XO0RQ6","Approved","Fri Dec 06 05:37:59 PST 2024","Fri Dec 06 05:43:19 PST 2024","Fri Dec 06 06:43:19 PST 2024","Fri Dec 06 06:43:35 PST 2024","","","320","100% (12/12)","100% (12/12)","100% (12/12)","image super-resolution","رفع دقة الصورة","تحسين دقة الصورة","imperfect information","المعلومات غير الكاملة","معلومات غير كاملة","implicit representation","التمثيل الضمني","تمثيل ضمني","implicit surface","السطح الضمني","سطح ضمني","in-distribution","ضمن التوزيع","في التوزيع","false","false","false","false","false","false","true","false","false","false","true","false","true","false","true","false","false","false","true","false"
"3RIHDBQ1OVC9ZKE2NPIMU3I3HDIHM6","3MRHU5294N3O7KAE1TUQJOAS6HI2AD","Ranking the Quality of AI Terminology Translation from English to Arabic","In this task, you will compare the quality of translations for scientific terms generated by two different methods. The input will include an English term, a context paragraph where the term is used, and its translations in Arabic.","Translation, AI Terminology, Multilingual, Ranking","$0.01","Fri Dec 06 03:36:20 PST 2024","5","BatchId:5277380;OriginalHitTemplateId:928390912;","3600","3600","Fri Dec 13 03:36:20 PST 2024","","","3D8YOU6S9WYF1NXORAN5D6611TKU6F","A9M8N3BOH6013","Approved","Fri Dec 06 05:31:19 PST 2024","Fri Dec 06 05:56:49 PST 2024","Fri Dec 06 06:56:49 PST 2024","Fri Dec 06 06:57:35 PST 2024","","","1530","100% (44/44)","100% (44/44)","100% (44/44)","image super-resolution","رفع دقة الصورة","تحسين دقة الصورة","imperfect information","المعلومات غير الكاملة","معلومات غير كاملة","implicit representation","التمثيل الضمني","تمثيل ضمني","implicit surface","السطح الضمني","سطح ضمني","in-distribution","ضمن التوزيع","في التوزيع","false","true","true","true","false","false","false","false","false","true","true","false","false","false","false","false","false","false","false","false"
"3I7KR83SORRLUQWG41HE29SB9VFK9E","3MRHU5294N3O7KAE1TUQJOAS6HI2AD","Ranking the Quality of AI Terminology Translation from English to Arabic","In this task, you will compare the quality of translations for scientific terms generated by two different methods. The input will include an English term, a context paragraph where the term is used, and its translations in Arabic.","Translation, AI Terminology, Multilingual, Ranking","$0.01","Fri Dec 06 03:36:20 PST 2024","5","BatchId:5277380;OriginalHitTemplateId:928390912;","3600","3600","Fri Dec 13 03:36:20 PST 2024","","","337RC3OW0NGXXNPVJ43CYBQH5T8LVP","A20QN206J2XBRF","Approved","Fri Dec 06 03:37:35 PST 2024","Fri Dec 06 03:39:02 PST 2024","Fri Dec 06 04:39:02 PST 2024","Fri Dec 06 04:39:35 PST 2024","","","87","100% (1/1)","100% (1/1)","100% (1/1)","initial state distribution","توزيع الحالة الأولية","توزيع الحالة الابتدائية","input image","الصورة المدخلة","صورة الإدخال","iterative optimization algorithm","خوارزمية التحسين التكرارية","خوارزمية التحسين التكراري","joint probability matrix","مصفوفة الاحتمالات المشتركة","مصفوفة الاحتمال المشترك","kernel regression","الانحدار بالنواة","انحدار النواة","true","false","false","false","false","false","true","false","true","true","false","false","true","false","false","false","false","false","false","false"
"3I7KR83SORRLUQWG41HE29SB9VFK9E","3MRHU5294N3O7KAE1TUQJOAS6HI2AD","Ranking the Quality of AI Terminology Translation from English to Arabic","In this task, you will compare the quality of translations for scientific terms generated by two different methods. The input will include an English term, a context paragraph where the term is used, and its translations in Arabic.","Translation, AI Terminology, Multilingual, Ranking","$0.01","Fri Dec 06 03:36:20 PST 2024","5","BatchId:5277380;OriginalHitTemplateId:928390912;","3600","3600","Fri Dec 13 03:36:20 PST 2024","","","3TU5ZICBRVFAD89V3G0YNJ5341V8QX","A3EKM55NFX1H6B","Approved","Fri Dec 06 03:37:48 PST 2024","Fri Dec 06 04:00:49 PST 2024","Fri Dec 06 05:00:49 PST 2024","Fri Dec 06 05:01:35 PST 2024","","","1381","100% (29/29)","100% (29/29)","100% (29/29)","initial state distribution","توزيع الحالة الأولية","توزيع الحالة الابتدائية","input image","الصورة المدخلة","صورة الإدخال","iterative optimization algorithm","خوارزمية التحسين التكرارية","خوارزمية التحسين التكراري","joint probability matrix","مصفوفة الاحتمالات المشتركة","مصفوفة الاحتمال المشترك","kernel regression","الانحدار بالنواة","انحدار النواة","true","true","false","true","true","false","false","true","false","false","false","false","false","false","false","false","false","false","false","false"
"3I7KR83SORRLUQWG41HE29SB9VFK9E","3MRHU5294N3O7KAE1TUQJOAS6HI2AD","Ranking the Quality of AI Terminology Translation from English to Arabic","In this task, you will compare the quality of translations for scientific terms generated by two different methods. The input will include an English term, a context paragraph where the term is used, and its translations in Arabic.","Translation, AI Terminology, Multilingual, Ranking","$0.01","Fri Dec 06 03:36:20 PST 2024","5","BatchId:5277380;OriginalHitTemplateId:928390912;","3600","3600","Fri Dec 13 03:36:20 PST 2024","","","39PAAFCOD4ELG0X0SD53K20YZ71VTB","A3IG9HHR3NL9R0","Approved","Fri Dec 06 04:38:37 PST 2024","Fri Dec 06 04:51:43 PST 2024","Fri Dec 06 05:51:43 PST 2024","Fri Dec 06 05:52:35 PST 2024","","","786","100% (50/50)","100% (50/50)","100% (50/50)","initial state distribution","توزيع الحالة الأولية","توزيع الحالة الابتدائية","input image","الصورة المدخلة","صورة الإدخال","iterative optimization algorithm","خوارزمية التحسين التكرارية","خوارزمية التحسين التكراري","joint probability matrix","مصفوفة الاحتمالات المشتركة","مصفوفة الاحتمال المشترك","kernel regression","الانحدار بالنواة","انحدار النواة","true","true","false","false","false","false","false","true","true","true","false","false","false","false","false","false","false","false","false","false"
"3I7KR83SORRLUQWG41HE29SB9VFK9E","3MRHU5294N3O7KAE1TUQJOAS6HI2AD","Ranking the Quality of AI Terminology Translation from English to Arabic","In this task, you will compare the quality of translations for scientific terms generated by two different methods. The input will include an English term, a context paragraph where the term is used, and its translations in Arabic.","Translation, AI Terminology, Multilingual, Ranking","$0.01","Fri Dec 06 03:36:20 PST 2024","5","BatchId:5277380;OriginalHitTemplateId:928390912;","3600","3600","Fri Dec 13 03:36:20 PST 2024","","","3NS0A6KXCMMYKFG49AVZ6PY5XOYZG5","AWGV35294HOYB","Approved","Fri Dec 06 04:37:59 PST 2024","Fri Dec 06 05:36:09 PST 2024","Fri Dec 06 06:36:09 PST 2024","Fri Dec 06 06:36:35 PST 2024","","","3490","100% (43/43)","100% (43/43)","100% (43/43)","initial state distribution","توزيع الحالة الأولية","توزيع الحالة الابتدائية","input image","الصورة المدخلة","صورة الإدخال","iterative optimization algorithm","خوارزمية التحسين التكرارية","خوارزمية التحسين التكراري","joint probability matrix","مصفوفة الاحتمالات المشتركة","مصفوفة الاحتمال المشترك","kernel regression","الانحدار بالنواة","انحدار النواة","true","true","false","false","true","false","false","false","true","false","false","false","true","false","false","false","false","false","false","false"
"3I7KR83SORRLUQWG41HE29SB9VFK9E","3MRHU5294N3O7KAE1TUQJOAS6HI2AD","Ranking the Quality of AI Terminology Translation from English to Arabic","In this task, you will compare the quality of translations for scientific terms generated by two different methods. The input will include an English term, a context paragraph where the term is used, and its translations in Arabic.","Translation, AI Terminology, Multilingual, Ranking","$0.01","Fri Dec 06 03:36:20 PST 2024","5","BatchId:5277380;OriginalHitTemplateId:928390912;","3600","3600","Fri Dec 13 03:36:20 PST 2024","","","3YMTUJH0DAUMMNEL8H4GBC0LMMX4TZ","A3OAFR48DADAOM","Approved","Fri Dec 06 04:37:21 PST 2024","Fri Dec 06 05:37:04 PST 2024","Fri Dec 06 06:37:04 PST 2024","Fri Dec 06 06:37:35 PST 2024","","","3583","100% (41/41)","100% (41/41)","100% (41/41)","initial state distribution","توزيع الحالة الأولية","توزيع الحالة الابتدائية","input image","الصورة المدخلة","صورة الإدخال","iterative optimization algorithm","خوارزمية التحسين التكرارية","خوارزمية التحسين التكراري","joint probability matrix","مصفوفة الاحتمالات المشتركة","مصفوفة الاحتمال المشترك","kernel regression","الانحدار بالنواة","انحدار النواة","true","true","false","false","true","false","false","true","true","false","false","false","false","false","false","false","false","false","false","false"
"3DQYSJDTZ2P89MM4BVCPKH1OW1AEX7","3MRHU5294N3O7KAE1TUQJOAS6HI2AD","Ranking the Quality of AI Terminology Translation from English to Arabic","In this task, you will compare the quality of translations for scientific terms generated by two different methods. The input will include an English term, a context paragraph where the term is used, and its translations in Arabic.","Translation, AI Terminology, Multilingual, Ranking","$0.01","Fri Dec 06 03:36:20 PST 2024","5","BatchId:5277380;OriginalHitTemplateId:928390912;","3600","3600","Fri Dec 13 03:36:20 PST 2024","","","3SEPORI8W5DXAO31NA3PA3N2ZSFAZW","A2MZEUP2ECO1AI","Approved","Fri Dec 06 03:37:05 PST 2024","Fri Dec 06 04:04:06 PST 2024","Fri Dec 06 05:04:06 PST 2024","Fri Dec 06 05:04:35 PST 2024","","","1621","100% (34/34)","100% (34/34)","100% (34/34)","layer activation","تنشيط الطبقة","تفعيل الطبقة","least square minimization","التقليل من المربعات الصغرى","تقليل المربعات الصغرى","lexical acquisition algorithm","خوارزمية الاكتساب المعجمي","خوارزمية اكتساب المفردات","linear-chain","السلسلة الخطية","سلسلة خطية","linearization","التحسين الخطي","خطية","true","true","true","true","false","false","false","false","false","false","false","false","false","false","false","false","false","false","false","true"
"3DQYSJDTZ2P89MM4BVCPKH1OW1AEX7","3MRHU5294N3O7KAE1TUQJOAS6HI2AD","Ranking the Quality of AI Terminology Translation from English to Arabic","In this task, you will compare the quality of translations for scientific terms generated by two different methods. The input will include an English term, a context paragraph where the term is used, and its translations in Arabic.","Translation, AI Terminology, Multilingual, Ranking","$0.01","Fri Dec 06 03:36:20 PST 2024","5","BatchId:5277380;OriginalHitTemplateId:928390912;","3600","3600","Fri Dec 13 03:36:20 PST 2024","","","39LOEL67OAJI673T55O2ABCSU9H38P","A3Q32FL0WWF4KZ","Approved","Fri Dec 06 03:37:18 PST 2024","Fri Dec 06 04:17:50 PST 2024","Fri Dec 06 05:17:50 PST 2024","Fri Dec 06 05:18:35 PST 2024","","","2432","100% (40/40)","100% (40/40)","100% (40/40)","layer activation","تنشيط الطبقة","تفعيل الطبقة","least square minimization","التقليل من المربعات الصغرى","تقليل المربعات الصغرى","lexical acquisition algorithm","خوارزمية الاكتساب المعجمي","خوارزمية اكتساب المفردات","linear-chain","السلسلة الخطية","سلسلة خطية","linearization","التحسين الخطي","خطية","true","true","true","true","false","false","false","false","false","false","false","false","false","false","false","false","false","false","false","true"
"3DQYSJDTZ2P89MM4BVCPKH1OW1AEX7","3MRHU5294N3O7KAE1TUQJOAS6HI2AD","Ranking the Quality of AI Terminology Translation from English to Arabic","In this task, you will compare the quality of translations for scientific terms generated by two different methods. The input will include an English term, a context paragraph where the term is used, and its translations in Arabic.","Translation, AI Terminology, Multilingual, Ranking","$0.01","Fri Dec 06 03:36:20 PST 2024","5","BatchId:5277380;OriginalHitTemplateId:928390912;","3600","3600","Fri Dec 13 03:36:20 PST 2024","","","3E1QT0TDF7NXWALCQ8VPEHEHDRD8IT","A35H5DUMZH86PC","Approved","Fri Dec 06 03:37:12 PST 2024","Fri Dec 06 04:27:53 PST 2024","Fri Dec 06 05:27:53 PST 2024","Fri Dec 06 05:28:35 PST 2024","","","3041","100% (40/40)","100% (40/40)","100% (40/40)","layer activation","تنشيط الطبقة","تفعيل الطبقة","least square minimization","التقليل من المربعات الصغرى","تقليل المربعات الصغرى","lexical acquisition algorithm","خوارزمية الاكتساب المعجمي","خوارزمية اكتساب المفردات","linear-chain","السلسلة الخطية","سلسلة خطية","linearization","التحسين الخطي","خطية","false","true","true","true","false","false","false","false","false","false","true","false","false","false","false","false","false","false","false","true"
"3DQYSJDTZ2P89MM4BVCPKH1OW1AEX7","3MRHU5294N3O7KAE1TUQJOAS6HI2AD","Ranking the Quality of AI Terminology Translation from English to Arabic","In this task, you will compare the quality of translations for scientific terms generated by two different methods. The input will include an English term, a context paragraph where the term is used, and its translations in Arabic.","Translation, AI Terminology, Multilingual, Ranking","$0.01","Fri Dec 06 03:36:20 PST 2024","5","BatchId:5277380;OriginalHitTemplateId:928390912;","3600","3600","Fri Dec 13 03:36:20 PST 2024","","","3570Y55XZ7XYFP6ZDOTGSIP3RUVGYW","A39PWDRYNY2WM0","Approved","Fri Dec 06 04:37:52 PST 2024","Fri Dec 06 05:04:39 PST 2024","Fri Dec 06 06:04:39 PST 2024","Fri Dec 06 06:05:35 PST 2024","","","1607","100% (55/55)","100% (55/55)","100% (55/55)","layer activation","تنشيط الطبقة","تفعيل الطبقة","least square minimization","التقليل من المربعات الصغرى","تقليل المربعات الصغرى","lexical acquisition algorithm","خوارزمية الاكتساب المعجمي","خوارزمية اكتساب المفردات","linear-chain","السلسلة الخطية","سلسلة خطية","linearization","التحسين الخطي","خطية","true","true","true","true","false","false","false","false","false","true","false","false","false","false","false","false","false","false","false","false"
"3DQYSJDTZ2P89MM4BVCPKH1OW1AEX7","3MRHU5294N3O7KAE1TUQJOAS6HI2AD","Ranking the Quality of AI Terminology Translation from English to Arabic","In this task, you will compare the quality of translations for scientific terms generated by two different methods. The input will include an English term, a context paragraph where the term is used, and its translations in Arabic.","Translation, AI Terminology, Multilingual, Ranking","$0.01","Fri Dec 06 03:36:20 PST 2024","5","BatchId:5277380;OriginalHitTemplateId:928390912;","3600","3600","Fri Dec 13 03:36:20 PST 2024","","","336YQZE83DS05BS1DPMEUQB7SB3M5U","A3EKM55NFX1H6B","Approved","Fri Dec 06 05:38:22 PST 2024","Fri Dec 06 05:41:42 PST 2024","Fri Dec 06 06:41:42 PST 2024","Fri Dec 06 06:42:35 PST 2024","","","200","100% (29/29)","100% (29/29)","100% (29/29)","layer activation","تنشيط الطبقة","تفعيل الطبقة","least square minimization","التقليل من المربعات الصغرى","تقليل المربعات الصغرى","lexical acquisition algorithm","خوارزمية الاكتساب المعجمي","خوارزمية اكتساب المفردات","linear-chain","السلسلة الخطية","سلسلة خطية","linearization","التحسين الخطي","خطية","true","true","false","true","false","false","false","true","false","false","false","false","false","false","false","false","false","false","false","true"
"3V8JSVE8ZF4X9RCEGRYR3V8XY74EYD","3MRHU5294N3O7KAE1TUQJOAS6HI2AD","Ranking the Quality of AI Terminology Translation from English to Arabic","In this task, you will compare the quality of translations for scientific terms generated by two different methods. The input will include an English term, a context paragraph where the term is used, and its translations in Arabic.","Translation, AI Terminology, Multilingual, Ranking","$0.01","Fri Dec 06 03:36:20 PST 2024","5","BatchId:5277380;OriginalHitTemplateId:928390912;","3600","3600","Fri Dec 13 03:36:20 PST 2024","","","3NJM2BJS4EKRPZYTKF1EP0BCPWTPCS","A3IG9HHR3NL9R0","Approved","Fri Dec 06 03:37:01 PST 2024","Fri Dec 06 03:55:16 PST 2024","Fri Dec 06 04:55:16 PST 2024","Fri Dec 06 04:55:35 PST 2024","","","1095","100% (50/50)","100% (50/50)","100% (50/50)","local coordinate frame","الإطار الإحداثي المحلي","إطار الإحداثيات المحلي","local image feature","الميزة المحلية للصورة","ميزة الصورة المحلية","logistic loss","الخسارة اللوجستية","خسارة لوجستية","logit","لوغيت","اللوغيت","machine learning system","نظام التعلم الآلي","نظام تعلم الآلة","true","true","true","true","true","false","false","false","false","false","false","false","false","false","false","false","false","false","false","false"
"3V8JSVE8ZF4X9RCEGRYR3V8XY74EYD","3MRHU5294N3O7KAE1TUQJOAS6HI2AD","Ranking the Quality of AI Terminology Translation from English to Arabic","In this task, you will compare the quality of translations for scientific terms generated by two different methods. The input will include an English term, a context paragraph where the term is used, and its translations in Arabic.","Translation, AI Terminology, Multilingual, Ranking","$0.01","Fri Dec 06 03:36:20 PST 2024","5","BatchId:5277380;OriginalHitTemplateId:928390912;","3600","3600","Fri Dec 13 03:36:20 PST 2024","","","3F6KKYWMNTF1R6SU4WJX5HOZAH4DNK","A3EKM55NFX1H6B","Approved","Fri Dec 06 03:37:12 PST 2024","Fri Dec 06 03:58:04 PST 2024","Fri Dec 06 04:58:04 PST 2024","Fri Dec 06 04:58:35 PST 2024","","","1252","100% (29/29)","100% (29/29)","100% (29/29)","local coordinate frame","الإطار الإحداثي المحلي","إطار الإحداثيات المحلي","local image feature","الميزة المحلية للصورة","ميزة الصورة المحلية","logistic loss","الخسارة اللوجستية","خسارة لوجستية","logit","لوغيت","اللوغيت","machine learning system","نظام التعلم الآلي","نظام تعلم الآلة","true","true","true","true","true","false","false","false","false","false","false","false","false","false","false","false","false","false","false","false"
"3V8JSVE8ZF4X9RCEGRYR3V8XY74EYD","3MRHU5294N3O7KAE1TUQJOAS6HI2AD","Ranking the Quality of AI Terminology Translation from English to Arabic","In this task, you will compare the quality of translations for scientific terms generated by two different methods. The input will include an English term, a context paragraph where the term is used, and its translations in Arabic.","Translation, AI Terminology, Multilingual, Ranking","$0.01","Fri Dec 06 03:36:20 PST 2024","5","BatchId:5277380;OriginalHitTemplateId:928390912;","3600","3600","Fri Dec 13 03:36:20 PST 2024","","","3YW4XOSQK8ZKU1WRL4BOIAFKTGV1UB","A2P8U65V6NL7B5","Approved","Fri Dec 06 04:37:54 PST 2024","Fri Dec 06 05:30:59 PST 2024","Fri Dec 06 06:30:59 PST 2024","Fri Dec 06 06:31:35 PST 2024","","","3185","100% (49/49)","100% (49/49)","100% (49/49)","local coordinate frame","الإطار الإحداثي المحلي","إطار الإحداثيات المحلي","local image feature","الميزة المحلية للصورة","ميزة الصورة المحلية","logistic loss","الخسارة اللوجستية","خسارة لوجستية","logit","لوغيت","اللوغيت","machine learning system","نظام التعلم الآلي","نظام تعلم الآلة","true","true","true","true","true","false","false","false","false","false","false","false","false","false","false","false","false","false","false","false"
"3V8JSVE8ZF4X9RCEGRYR3V8XY74EYD","3MRHU5294N3O7KAE1TUQJOAS6HI2AD","Ranking the Quality of AI Terminology Translation from English to Arabic","In this task, you will compare the quality of translations for scientific terms generated by two different methods. The input will include an English term, a context paragraph where the term is used, and its translations in Arabic.","Translation, AI Terminology, Multilingual, Ranking","$0.01","Fri Dec 06 03:36:20 PST 2024","5","BatchId:5277380;OriginalHitTemplateId:928390912;","3600","3600","Fri Dec 13 03:36:20 PST 2024","","","3WJEQKOXAQG0FSITFZUXI93QMEA1A8","ASVJ75M0TNT6Z","Approved","Fri Dec 06 05:39:04 PST 2024","Fri Dec 06 05:43:18 PST 2024","Fri Dec 06 06:43:18 PST 2024","Fri Dec 06 06:43:35 PST 2024","","","254","100% (25/25)","100% (25/25)","100% (25/25)","local coordinate frame","الإطار الإحداثي المحلي","إطار الإحداثيات المحلي","local image feature","الميزة المحلية للصورة","ميزة الصورة المحلية","logistic loss","الخسارة اللوجستية","خسارة لوجستية","logit","لوغيت","اللوغيت","machine learning system","نظام التعلم الآلي","نظام تعلم الآلة","false","false","false","false","false","false","false","false","false","false","false","true","true","false","true","true","false","false","true","false"
"3V8JSVE8ZF4X9RCEGRYR3V8XY74EYD","3MRHU5294N3O7KAE1TUQJOAS6HI2AD","Ranking the Quality of AI Terminology Translation from English to Arabic","In this task, you will compare the quality of translations for scientific terms generated by two different methods. The input will include an English term, a context paragraph where the term is used, and its translations in Arabic.","Translation, AI Terminology, Multilingual, Ranking","$0.01","Fri Dec 06 03:36:20 PST 2024","5","BatchId:5277380;OriginalHitTemplateId:928390912;","3600","3600","Fri Dec 13 03:36:20 PST 2024","","","3IO1LGZLKRBH3QQBO7M0HEOC41Q869","A38SYZRVLTMOFG","Approved","Fri Dec 06 05:38:43 PST 2024","Fri Dec 06 06:01:25 PST 2024","Fri Dec 06 07:01:25 PST 2024","Fri Dec 06 07:01:35 PST 2024","","","1362","100% (49/49)","100% (49/49)","100% (49/49)","local coordinate frame","الإطار الإحداثي المحلي","إطار الإحداثيات المحلي","local image feature","الميزة المحلية للصورة","ميزة الصورة المحلية","logistic loss","الخسارة اللوجستية","خسارة لوجستية","logit","لوغيت","اللوغيت","machine learning system","نظام التعلم الآلي","نظام تعلم الآلة","true","true","true","true","true","false","false","false","false","false","false","false","false","false","false","false","false","false","false","false"
"3DTJ4WT8CUTXEHMJCD0AH2HZ418EZ4","3MRHU5294N3O7KAE1TUQJOAS6HI2AD","Ranking the Quality of AI Terminology Translation from English to Arabic","In this task, you will compare the quality of translations for scientific terms generated by two different methods. The input will include an English term, a context paragraph where the term is used, and its translations in Arabic.","Translation, AI Terminology, Multilingual, Ranking","$0.01","Fri Dec 06 03:36:20 PST 2024","5","BatchId:5277380;OriginalHitTemplateId:928390912;","3600","3600","Fri Dec 13 03:36:20 PST 2024","","","3IJXV6UZ1FX3EF08PH1P5Y9M3J0RIN","A1XD6THGBT1T9T","Approved","Fri Dec 06 03:36:52 PST 2024","Fri Dec 06 03:45:31 PST 2024","Fri Dec 06 04:45:31 PST 2024","Fri Dec 06 04:45:35 PST 2024","","","519","100% (43/43)","100% (43/43)","100% (42/42)","machine reading","قراءة الآلة","القراءة الآلية","margin parameter","معلمة الهامش","معامل الهامش","masked language model","نموذج اللغة المموهة","نموذج اللغة المقنع","matrix inversion","معكوس المصفوفة","عكس المصفوفة","matrix sketching","تخطيط المصفوفات","تخطيط المصفوفة","false","false","false","true","false","false","false","true","false","true","true","true","false","false","false","false","false","false","false","false"
"3DTJ4WT8CUTXEHMJCD0AH2HZ418EZ4","3MRHU5294N3O7KAE1TUQJOAS6HI2AD","Ranking the Quality of AI Terminology Translation from English to Arabic","In this task, you will compare the quality of translations for scientific terms generated by two different methods. The input will include an English term, a context paragraph where the term is used, and its translations in Arabic.","Translation, AI Terminology, Multilingual, Ranking","$0.01","Fri Dec 06 03:36:20 PST 2024","5","BatchId:5277380;OriginalHitTemplateId:928390912;","3600","3600","Fri Dec 13 03:36:20 PST 2024","","","3GDTJDAPVCPJSTB3BNTH6ALYU0X8M9","A39PWDRYNY2WM0","Approved","Fri Dec 06 04:37:13 PST 2024","Fri Dec 06 05:03:46 PST 2024","Fri Dec 06 06:03:46 PST 2024","Fri Dec 06 06:04:35 PST 2024","","","1593","100% (55/55)","100% (55/55)","100% (55/55)","machine reading","قراءة الآلة","القراءة الآلية","margin parameter","معلمة الهامش","معامل الهامش","masked language model","نموذج اللغة المموهة","نموذج اللغة المقنع","matrix inversion","معكوس المصفوفة","عكس المصفوفة","matrix sketching","تخطيط المصفوفات","تخطيط المصفوفة","false","true","false","true","true","false","false","true","false","false","true","false","false","false","false","false","false","false","false","false"
"3DTJ4WT8CUTXEHMJCD0AH2HZ418EZ4","3MRHU5294N3O7KAE1TUQJOAS6HI2AD","Ranking the Quality of AI Terminology Translation from English to Arabic","In this task, you will compare the quality of translations for scientific terms generated by two different methods. The input will include an English term, a context paragraph where the term is used, and its translations in Arabic.","Translation, AI Terminology, Multilingual, Ranking","$0.01","Fri Dec 06 03:36:20 PST 2024","5","BatchId:5277380;OriginalHitTemplateId:928390912;","3600","3600","Fri Dec 13 03:36:20 PST 2024","","","3QAPZX2QNMRB302761XIYM1I5X420P","AWGV35294HOYB","Approved","Fri Dec 06 04:37:13 PST 2024","Fri Dec 06 05:30:37 PST 2024","Fri Dec 06 06:30:37 PST 2024","Fri Dec 06 06:31:35 PST 2024","","","3204","100% (43/43)","100% (43/43)","100% (43/43)","machine reading","قراءة الآلة","القراءة الآلية","margin parameter","معلمة الهامش","معامل الهامش","masked language model","نموذج اللغة المموهة","نموذج اللغة المقنع","matrix inversion","معكوس المصفوفة","عكس المصفوفة","matrix sketching","تخطيط المصفوفات","تخطيط المصفوفة","true","true","false","false","false","false","false","true","true","false","false","false","false","false","true","false","false","false","false","false"
"3DTJ4WT8CUTXEHMJCD0AH2HZ418EZ4","3MRHU5294N3O7KAE1TUQJOAS6HI2AD","Ranking the Quality of AI Terminology Translation from English to Arabic","In this task, you will compare the quality of translations for scientific terms generated by two different methods. The input will include an English term, a context paragraph where the term is used, and its translations in Arabic.","Translation, AI Terminology, Multilingual, Ranking","$0.01","Fri Dec 06 03:36:20 PST 2024","5","BatchId:5277380;OriginalHitTemplateId:928390912;","3600","3600","Fri Dec 13 03:36:20 PST 2024","","","3V5Q80FXIF57KS14POF10KZP89O23K","A2GJB7TBZM91Z4","Approved","Fri Dec 06 05:38:10 PST 2024","Fri Dec 06 05:55:04 PST 2024","Fri Dec 06 06:55:04 PST 2024","Fri Dec 06 06:55:35 PST 2024","","","1014","100% (23/23)","100% (23/23)","100% (23/23)","machine reading","قراءة الآلة","القراءة الآلية","margin parameter","معلمة الهامش","معامل الهامش","masked language model","نموذج اللغة المموهة","نموذج اللغة المقنع","matrix inversion","معكوس المصفوفة","عكس المصفوفة","matrix sketching","تخطيط المصفوفات","تخطيط المصفوفة","false","true","false","true","true","false","false","true","false","false","true","false","false","false","false","false","false","false","false","false"
"3DTJ4WT8CUTXEHMJCD0AH2HZ418EZ4","3MRHU5294N3O7KAE1TUQJOAS6HI2AD","Ranking the Quality of AI Terminology Translation from English to Arabic","In this task, you will compare the quality of translations for scientific terms generated by two different methods. The input will include an English term, a context paragraph where the term is used, and its translations in Arabic.","Translation, AI Terminology, Multilingual, Ranking","$0.01","Fri Dec 06 03:36:20 PST 2024","5","BatchId:5277380;OriginalHitTemplateId:928390912;","3600","3600","Fri Dec 13 03:36:20 PST 2024","","","34S9DKFK7L34PHNL0S6BI2Y0S6GNYA","AFYRAQ7N9RBMN","Approved","Fri Dec 06 05:38:00 PST 2024","Fri Dec 06 06:10:48 PST 2024","Fri Dec 06 07:10:48 PST 2024","Fri Dec 06 07:11:35 PST 2024","","","1968","100% (812/812)","100% (811/811)","100% (810/810)","machine reading","قراءة الآلة","القراءة الآلية","margin parameter","معلمة الهامش","معامل الهامش","masked language model","نموذج اللغة المموهة","نموذج اللغة المقنع","matrix inversion","معكوس المصفوفة","عكس المصفوفة","matrix sketching","تخطيط المصفوفات","تخطيط المصفوفة","true","false","true","true","false","false","false","false","false","true","false","true","false","false","false","false","false","false","false","false"
"3G4VVJO6QGU6MDCNLQDBOZSQEZXPKE","3MRHU5294N3O7KAE1TUQJOAS6HI2AD","Ranking the Quality of AI Terminology Translation from English to Arabic","In this task, you will compare the quality of translations for scientific terms generated by two different methods. The input will include an English term, a context paragraph where the term is used, and its translations in Arabic.","Translation, AI Terminology, Multilingual, Ranking","$0.01","Fri Dec 06 03:36:20 PST 2024","5","BatchId:5277380;OriginalHitTemplateId:928390912;","3600","3600","Fri Dec 13 03:36:20 PST 2024","","","3PWWM24LHACTLP7A15AXR170OVG28C","A2DAZGA8XO0RQ6","Approved","Fri Dec 06 03:36:53 PST 2024","Fri Dec 06 03:37:13 PST 2024","Fri Dec 06 04:37:13 PST 2024","Fri Dec 06 04:37:35 PST 2024","","","20","100% (12/12)","100% (12/12)","100% (12/12)","mean function","دالة الوسط","دالة المتوسط","mean shape","شكل المتوسط","الشكل المتوسط","metric score","النتيجة المترية","درجة المقياس","minimum support","الحد الأدنى من الدعم","الدعم الأدنى","mixing matrix","مصفوفة خلط","مصفوفة الخلط","false","false","true","false","false","true","false","false","true","false","false","true","false","false","true","false","false","false","false","false"
"3G4VVJO6QGU6MDCNLQDBOZSQEZXPKE","3MRHU5294N3O7KAE1TUQJOAS6HI2AD","Ranking the Quality of AI Terminology Translation from English to Arabic","In this task, you will compare the quality of translations for scientific terms generated by two different methods. The input will include an English term, a context paragraph where the term is used, and its translations in Arabic.","Translation, AI Terminology, Multilingual, Ranking","$0.01","Fri Dec 06 03:36:20 PST 2024","5","BatchId:5277380;OriginalHitTemplateId:928390912;","3600","3600","Fri Dec 13 03:36:20 PST 2024","","","3EFE17QCRUJFJZP1YOJ9VWD3P85HS9","A2IFN9328HNXWC","Approved","Fri Dec 06 03:37:01 PST 2024","Fri Dec 06 03:57:23 PST 2024","Fri Dec 06 04:57:23 PST 2024","Fri Dec 06 04:57:35 PST 2024","","","1222","100% (10/10)","100% (10/10)","100% (10/10)","mean function","دالة الوسط","دالة المتوسط","mean shape","شكل المتوسط","الشكل المتوسط","metric score","النتيجة المترية","درجة المقياس","minimum support","الحد الأدنى من الدعم","الدعم الأدنى","mixing matrix","مصفوفة خلط","مصفوفة الخلط","false","false","false","false","true","false","false","true","true","false","true","true","false","false","false","false","false","false","false","false"
"3G4VVJO6QGU6MDCNLQDBOZSQEZXPKE","3MRHU5294N3O7KAE1TUQJOAS6HI2AD","Ranking the Quality of AI Terminology Translation from English to Arabic","In this task, you will compare the quality of translations for scientific terms generated by two different methods. The input will include an English term, a context paragraph where the term is used, and its translations in Arabic.","Translation, AI Terminology, Multilingual, Ranking","$0.01","Fri Dec 06 03:36:20 PST 2024","5","BatchId:5277380;OriginalHitTemplateId:928390912;","3600","3600","Fri Dec 13 03:36:20 PST 2024","","","3VHP9MDGR5YFYM9Z6C59D6X8NQ6FCF","AWGV35294HOYB","Approved","Fri Dec 06 03:36:56 PST 2024","Fri Dec 06 04:29:50 PST 2024","Fri Dec 06 05:29:50 PST 2024","Fri Dec 06 05:30:35 PST 2024","","","3174","100% (43/43)","100% (43/43)","100% (43/43)","mean function","دالة الوسط","دالة المتوسط","mean shape","شكل المتوسط","الشكل المتوسط","metric score","النتيجة المترية","درجة المقياس","minimum support","الحد الأدنى من الدعم","الدعم الأدنى","mixing matrix","مصفوفة خلط","مصفوفة الخلط","false","true","false","false","true","false","false","true","true","false","true","false","false","false","false","false","false","false","false","false"
"3G4VVJO6QGU6MDCNLQDBOZSQEZXPKE","3MRHU5294N3O7KAE1TUQJOAS6HI2AD","Ranking the Quality of AI Terminology Translation from English to Arabic","In this task, you will compare the quality of translations for scientific terms generated by two different methods. The input will include an English term, a context paragraph where the term is used, and its translations in Arabic.","Translation, AI Terminology, Multilingual, Ranking","$0.01","Fri Dec 06 03:36:20 PST 2024","5","BatchId:5277380;OriginalHitTemplateId:928390912;","3600","3600","Fri Dec 13 03:36:20 PST 2024","","","3KWTYT087IHGZTAGDDLZUDWIS56L5I","A251BWQW2F81FT","Approved","Fri Dec 06 05:38:11 PST 2024","Fri Dec 06 05:41:08 PST 2024","Fri Dec 06 06:41:08 PST 2024","Fri Dec 06 06:41:35 PST 2024","","","177","100% (31/31)","100% (31/31)","100% (31/31)","mean function","دالة الوسط","دالة المتوسط","mean shape","شكل المتوسط","الشكل المتوسط","metric score","النتيجة المترية","درجة المقياس","minimum support","الحد الأدنى من الدعم","الدعم الأدنى","mixing matrix","مصفوفة خلط","مصفوفة الخلط","false","false","false","false","true","false","false","true","true","false","true","true","false","false","false","false","false","false","false","false"
"3G4VVJO6QGU6MDCNLQDBOZSQEZXPKE","3MRHU5294N3O7KAE1TUQJOAS6HI2AD","Ranking the Quality of AI Terminology Translation from English to Arabic","In this task, you will compare the quality of translations for scientific terms generated by two different methods. The input will include an English term, a context paragraph where the term is used, and its translations in Arabic.","Translation, AI Terminology, Multilingual, Ranking","$0.01","Fri Dec 06 03:36:20 PST 2024","5","BatchId:5277380;OriginalHitTemplateId:928390912;","3600","3600","Fri Dec 13 03:36:20 PST 2024","","","374TNBHA8T9PSE0DGKYSMWT5XGWQYR","A39PWDRYNY2WM0","Approved","Fri Dec 06 05:37:27 PST 2024","Fri Dec 06 06:07:46 PST 2024","Fri Dec 06 07:07:46 PST 2024","Fri Dec 06 07:08:35 PST 2024","","","1819","100% (55/55)","100% (55/55)","100% (55/55)","mean function","دالة الوسط","دالة المتوسط","mean shape","شكل المتوسط","الشكل المتوسط","metric score","النتيجة المترية","درجة المقياس","minimum support","الحد الأدنى من الدعم","الدعم الأدنى","mixing matrix","مصفوفة خلط","مصفوفة الخلط","true","false","false","false","true","false","true","true","true","false","false","false","false","false","false","false","false","false","false","false"
"34XASH8KM701C1CQ62QR3CKU34SMPG","3MRHU5294N3O7KAE1TUQJOAS6HI2AD","Ranking the Quality of AI Terminology Translation from English to Arabic","In this task, you will compare the quality of translations for scientific terms generated by two different methods. The input will include an English term, a context paragraph where the term is used, and its translations in Arabic.","Translation, AI Terminology, Multilingual, Ranking","$0.01","Fri Dec 06 03:36:21 PST 2024","5","BatchId:5277380;OriginalHitTemplateId:928390912;","3600","3600","Fri Dec 13 03:36:21 PST 2024","","","32EYX73OYIN8N6V8JYQ3O1XXXEORUW","A21X87H2GCSME0","Approved","Fri Dec 06 03:37:45 PST 2024","Fri Dec 06 03:43:59 PST 2024","Fri Dec 06 04:43:59 PST 2024","Fri Dec 06 04:44:35 PST 2024","","","374","100% (9/9)","100% (9/9)","100% (9/9)","mixture model","نموذج الخليط","نموذج المزيج","model bias","انحياز النموذج","تحيز النموذج","model comparison","مقارنة النموذج","مقارنة النماذج","momentum encoder","مشفّر الزخم","مشفر الزخم","monolingual corpus","مجموعة نصوص أحادية اللغة","مجموعة أحادية اللغة","false","false","false","false","false","false","false","false","false","false","false","true","false","true","false","false","false","true","false","true"
"34XASH8KM701C1CQ62QR3CKU34SMPG","3MRHU5294N3O7KAE1TUQJOAS6HI2AD","Ranking the Quality of AI Terminology Translation from English to Arabic","In this task, you will compare the quality of translations for scientific terms generated by two different methods. The input will include an English term, a context paragraph where the term is used, and its translations in Arabic.","Translation, AI Terminology, Multilingual, Ranking","$0.01","Fri Dec 06 03:36:21 PST 2024","5","BatchId:5277380;OriginalHitTemplateId:928390912;","3600","3600","Fri Dec 13 03:36:21 PST 2024","","","3D3VGR7TAITOOCIP4EU21S7XK14R3O","ASVJ75M0TNT6Z","Approved","Fri Dec 06 03:37:39 PST 2024","Fri Dec 06 03:44:39 PST 2024","Fri Dec 06 04:44:39 PST 2024","Fri Dec 06 04:45:35 PST 2024","","","420","100% (25/25)","100% (25/25)","100% (25/25)","mixture model","نموذج الخليط","نموذج المزيج","model bias","انحياز النموذج","تحيز النموذج","model comparison","مقارنة النموذج","مقارنة النماذج","momentum encoder","مشفّر الزخم","مشفر الزخم","monolingual corpus","مجموعة نصوص أحادية اللغة","مجموعة أحادية اللغة","false","false","true","false","false","true","false","false","false","true","false","true","false","false","false","false","false","false","true","false"
"34XASH8KM701C1CQ62QR3CKU34SMPG","3MRHU5294N3O7KAE1TUQJOAS6HI2AD","Ranking the Quality of AI Terminology Translation from English to Arabic","In this task, you will compare the quality of translations for scientific terms generated by two different methods. The input will include an English term, a context paragraph where the term is used, and its translations in Arabic.","Translation, AI Terminology, Multilingual, Ranking","$0.01","Fri Dec 06 03:36:21 PST 2024","5","BatchId:5277380;OriginalHitTemplateId:928390912;","3600","3600","Fri Dec 13 03:36:21 PST 2024","","","3EFE17QCRUJFJZP1YOJ9VWD3P9CHSI","A186ORPGIU3WNL","Approved","Fri Dec 06 04:38:12 PST 2024","Fri Dec 06 05:10:55 PST 2024","Fri Dec 06 06:10:55 PST 2024","Fri Dec 06 06:11:35 PST 2024","","","1963","100% (53/53)","100% (52/52)","100% (52/52)","mixture model","نموذج الخليط","نموذج المزيج","model bias","انحياز النموذج","تحيز النموذج","model comparison","مقارنة النموذج","مقارنة النماذج","momentum encoder","مشفّر الزخم","مشفر الزخم","monolingual corpus","مجموعة نصوص أحادية اللغة","مجموعة أحادية اللغة","true","true","false","true","false","false","false","false","false","true","false","false","true","false","false","false","false","false","false","false"
"34XASH8KM701C1CQ62QR3CKU34SMPG","3MRHU5294N3O7KAE1TUQJOAS6HI2AD","Ranking the Quality of AI Terminology Translation from English to Arabic","In this task, you will compare the quality of translations for scientific terms generated by two different methods. The input will include an English term, a context paragraph where the term is used, and its translations in Arabic.","Translation, AI Terminology, Multilingual, Ranking","$0.01","Fri Dec 06 03:36:21 PST 2024","5","BatchId:5277380;OriginalHitTemplateId:928390912;","3600","3600","Fri Dec 13 03:36:21 PST 2024","","","3FPRZHYEPGLGHJZ6DYZC2PW057I3VU","A3QIWEQXAGMGD","Approved","Fri Dec 06 04:37:54 PST 2024","Fri Dec 06 05:15:23 PST 2024","Fri Dec 06 06:15:23 PST 2024","Fri Dec 06 06:15:35 PST 2024","","","2249","100% (26/26)","100% (26/26)","100% (26/26)","mixture model","نموذج الخليط","نموذج المزيج","model bias","انحياز النموذج","تحيز النموذج","model comparison","مقارنة النموذج","مقارنة النماذج","momentum encoder","مشفّر الزخم","مشفر الزخم","monolingual corpus","مجموعة نصوص أحادية اللغة","مجموعة أحادية اللغة","true","true","false","true","false","false","false","false","false","true","false","false","true","false","false","false","false","false","false","false"
"34XASH8KM701C1CQ62QR3CKU34SMPG","3MRHU5294N3O7KAE1TUQJOAS6HI2AD","Ranking the Quality of AI Terminology Translation from English to Arabic","In this task, you will compare the quality of translations for scientific terms generated by two different methods. The input will include an English term, a context paragraph where the term is used, and its translations in Arabic.","Translation, AI Terminology, Multilingual, Ranking","$0.01","Fri Dec 06 03:36:21 PST 2024","5","BatchId:5277380;OriginalHitTemplateId:928390912;","3600","3600","Fri Dec 13 03:36:21 PST 2024","","","3ON104KXQ2AEE4IF3M9RYW7KQHMW4Q","A17XFP2W4ZWYAT","Approved","Fri Dec 06 05:38:53 PST 2024","Fri Dec 06 05:44:38 PST 2024","Fri Dec 06 06:44:38 PST 2024","Fri Dec 06 06:45:35 PST 2024","","","345","100% (2/2)","100% (2/2)","100% (2/2)","mixture model","نموذج الخليط","نموذج المزيج","model bias","انحياز النموذج","تحيز النموذج","model comparison","مقارنة النموذج","مقارنة النماذج","momentum encoder","مشفّر الزخم","مشفر الزخم","monolingual corpus","مجموعة نصوص أحادية اللغة","مجموعة أحادية اللغة","false","false","false","false","false","false","false","false","false","false","false","true","false","true","false","true","false","true","false","true"
"3Q9SPIIRX00QU902LLEHMFXQ2K6WA1","3MRHU5294N3O7KAE1TUQJOAS6HI2AD","Ranking the Quality of AI Terminology Translation from English to Arabic","In this task, you will compare the quality of translations for scientific terms generated by two different methods. The input will include an English term, a context paragraph where the term is used, and its translations in Arabic.","Translation, AI Terminology, Multilingual, Ranking","$0.01","Fri Dec 06 03:36:21 PST 2024","5","BatchId:5277380;OriginalHitTemplateId:928390912;","3600","3600","Fri Dec 13 03:36:21 PST 2024","","","3PIWWX1FJ1KIB211ZUDGF82V6HWJJ0","A20OEK6BVW13NV","Approved","Fri Dec 06 03:37:25 PST 2024","Fri Dec 06 03:43:24 PST 2024","Fri Dec 06 04:43:24 PST 2024","Fri Dec 06 04:43:35 PST 2024","","","359","100% (2/2)","100% (2/2)","100% (2/2)","multi-agent learning","التعلم متعدد الوكلاء","تعلم متعدد الوكلاء","multi-scale training","التدريب متعدد المقاييس","تدريب متعدد المقاييس","multilinguality","التعددية اللغوية","تعدد اللغات","multinomial distribution","التوزيع متعدد الحدود","توزيع متعدد الحدود","multivariate Gaussian distribution","التوزيع الغاوسي متعدد المتغيرات","توزيع Gaussian متعدد المتغيرات","false","false","false","false","false","true","true","true","true","true","false","false","false","false","false","false","false","false","false","false"
"3Q9SPIIRX00QU902LLEHMFXQ2K6WA1","3MRHU5294N3O7KAE1TUQJOAS6HI2AD","Ranking the Quality of AI Terminology Translation from English to Arabic","In this task, you will compare the quality of translations for scientific terms generated by two different methods. The input will include an English term, a context paragraph where the term is used, and its translations in Arabic.","Translation, AI Terminology, Multilingual, Ranking","$0.01","Fri Dec 06 03:36:21 PST 2024","5","BatchId:5277380;OriginalHitTemplateId:928390912;","3600","3600","Fri Dec 13 03:36:21 PST 2024","","","358UUM7WRHH6PVJC6QXSE9JDP3QR7T","A3HSZ9YLOBCCPR","Approved","Fri Dec 06 03:37:32 PST 2024","Fri Dec 06 04:17:40 PST 2024","Fri Dec 06 05:17:40 PST 2024","Fri Dec 06 05:18:35 PST 2024","","","2408","100% (39/39)","100% (39/39)","100% (39/39)","multi-agent learning","التعلم متعدد الوكلاء","تعلم متعدد الوكلاء","multi-scale training","التدريب متعدد المقاييس","تدريب متعدد المقاييس","multilinguality","التعددية اللغوية","تعدد اللغات","multinomial distribution","التوزيع متعدد الحدود","توزيع متعدد الحدود","multivariate Gaussian distribution","التوزيع الغاوسي متعدد المتغيرات","توزيع Gaussian متعدد المتغيرات","true","true","false","true","false","false","false","true","false","true","false","false","false","false","false","false","false","false","false","false"
"3Q9SPIIRX00QU902LLEHMFXQ2K6WA1","3MRHU5294N3O7KAE1TUQJOAS6HI2AD","Ranking the Quality of AI Terminology Translation from English to Arabic","In this task, you will compare the quality of translations for scientific terms generated by two different methods. The input will include an English term, a context paragraph where the term is used, and its translations in Arabic.","Translation, AI Terminology, Multilingual, Ranking","$0.01","Fri Dec 06 03:36:21 PST 2024","5","BatchId:5277380;OriginalHitTemplateId:928390912;","3600","3600","Fri Dec 13 03:36:21 PST 2024","","","3JW0YLFXRBUQN61ZDSFATOQBA9QWWF","A1XD6THGBT1T9T","Approved","Fri Dec 06 03:53:39 PST 2024","Fri Dec 06 04:47:33 PST 2024","Fri Dec 06 05:47:33 PST 2024","Fri Dec 06 05:47:35 PST 2024","","","3234","100% (43/43)","100% (43/43)","100% (42/42)","multi-agent learning","التعلم متعدد الوكلاء","تعلم متعدد الوكلاء","multi-scale training","التدريب متعدد المقاييس","تدريب متعدد المقاييس","multilinguality","التعددية اللغوية","تعدد اللغات","multinomial distribution","التوزيع متعدد الحدود","توزيع متعدد الحدود","multivariate Gaussian distribution","التوزيع الغاوسي متعدد المتغيرات","توزيع Gaussian متعدد المتغيرات","true","true","true","true","false","false","false","false","false","true","false","false","false","false","false","false","false","false","false","false"
"3Q9SPIIRX00QU902LLEHMFXQ2K6WA1","3MRHU5294N3O7KAE1TUQJOAS6HI2AD","Ranking the Quality of AI Terminology Translation from English to Arabic","In this task, you will compare the quality of translations for scientific terms generated by two different methods. The input will include an English term, a context paragraph where the term is used, and its translations in Arabic.","Translation, AI Terminology, Multilingual, Ranking","$0.01","Fri Dec 06 03:36:21 PST 2024","5","BatchId:5277380;OriginalHitTemplateId:928390912;","3600","3600","Fri Dec 13 03:36:21 PST 2024","","","3WOKGM4L7JUPA7RCTZVF5Z4L6380O3","A186ORPGIU3WNL","Approved","Fri Dec 06 04:38:35 PST 2024","Fri Dec 06 05:11:15 PST 2024","Fri Dec 06 06:11:15 PST 2024","Fri Dec 06 06:11:35 PST 2024","","","1960","100% (53/53)","100% (52/52)","100% (52/52)","multi-agent learning","التعلم متعدد الوكلاء","تعلم متعدد الوكلاء","multi-scale training","التدريب متعدد المقاييس","تدريب متعدد المقاييس","multilinguality","التعددية اللغوية","تعدد اللغات","multinomial distribution","التوزيع متعدد الحدود","توزيع متعدد الحدود","multivariate Gaussian distribution","التوزيع الغاوسي متعدد المتغيرات","توزيع Gaussian متعدد المتغيرات","true","true","false","true","false","false","false","true","false","true","false","false","false","false","false","false","false","false","false","false"
"3Q9SPIIRX00QU902LLEHMFXQ2K6WA1","3MRHU5294N3O7KAE1TUQJOAS6HI2AD","Ranking the Quality of AI Terminology Translation from English to Arabic","In this task, you will compare the quality of translations for scientific terms generated by two different methods. The input will include an English term, a context paragraph where the term is used, and its translations in Arabic.","Translation, AI Terminology, Multilingual, Ranking","$0.01","Fri Dec 06 03:36:21 PST 2024","5","BatchId:5277380;OriginalHitTemplateId:928390912;","3600","3600","Fri Dec 13 03:36:21 PST 2024","","","31QNSG6A59707Q4G7HRSNSO8ZDB87B","A2E2FFMXS9F9KR","Approved","Fri Dec 06 05:29:34 PST 2024","Fri Dec 06 05:37:16 PST 2024","Fri Dec 06 06:37:16 PST 2024","Fri Dec 06 06:37:35 PST 2024","","","462","100% (51/51)","100% (51/51)","100% (51/51)","multi-agent learning","التعلم متعدد الوكلاء","تعلم متعدد الوكلاء","multi-scale training","التدريب متعدد المقاييس","تدريب متعدد المقاييس","multilinguality","التعددية اللغوية","تعدد اللغات","multinomial distribution","التوزيع متعدد الحدود","توزيع متعدد الحدود","multivariate Gaussian distribution","التوزيع الغاوسي متعدد المتغيرات","توزيع Gaussian متعدد المتغيرات","true","true","false","true","false","false","false","true","false","true","false","false","false","false","false","false","false","false","false","false"
"3U74KRR683Z5MBQXZKEBL1ARXXNTNS","3MRHU5294N3O7KAE1TUQJOAS6HI2AD","Ranking the Quality of AI Terminology Translation from English to Arabic","In this task, you will compare the quality of translations for scientific terms generated by two different methods. The input will include an English term, a context paragraph where the term is used, and its translations in Arabic.","Translation, AI Terminology, Multilingual, Ranking","$0.01","Fri Dec 06 03:36:21 PST 2024","5","BatchId:5277380;OriginalHitTemplateId:928390912;","3600","3600","Fri Dec 13 03:36:21 PST 2024","","","3DHE4R9OCEP8E4DSK3MLJEOYCET2GS","A1XD6THGBT1T9T","Approved","Fri Dec 06 03:36:57 PST 2024","Fri Dec 06 03:47:40 PST 2024","Fri Dec 06 04:47:40 PST 2024","Fri Dec 06 04:48:35 PST 2024","","","643","100% (43/43)","100% (43/43)","100% (42/42)","natural logic inference","الاستدلال المنطقي الطبيعي","استدلال المنطق الطبيعي","net","الشبكة","شبكة","neural generation model","نموذج توليد عصبي","نموذج التوليد العصبي","neural language model","نموذج لغة عصبي","نموذج اللغة العصبي","neural retrieval","الاسترجاع العصبي","استرجاع عصبي","true","true","true","true","true","false","false","false","false","false","false","false","false","false","false","false","false","false","false","false"
"3U74KRR683Z5MBQXZKEBL1ARXXNTNS","3MRHU5294N3O7KAE1TUQJOAS6HI2AD","Ranking the Quality of AI Terminology Translation from English to Arabic","In this task, you will compare the quality of translations for scientific terms generated by two different methods. The input will include an English term, a context paragraph where the term is used, and its translations in Arabic.","Translation, AI Terminology, Multilingual, Ranking","$0.01","Fri Dec 06 03:36:21 PST 2024","5","BatchId:5277380;OriginalHitTemplateId:928390912;","3600","3600","Fri Dec 13 03:36:21 PST 2024","","","39JEC7537CF4UJVP6RADVS0UBKUCV0","A1PG4NZUVQMZUI","Approved","Fri Dec 06 03:37:01 PST 2024","Fri Dec 06 03:59:59 PST 2024","Fri Dec 06 04:59:59 PST 2024","Fri Dec 06 05:00:35 PST 2024","","","1378","100% (13/13)","100% (13/13)","100% (13/13)","natural logic inference","الاستدلال المنطقي الطبيعي","استدلال المنطق الطبيعي","net","الشبكة","شبكة","neural generation model","نموذج توليد عصبي","نموذج التوليد العصبي","neural language model","نموذج لغة عصبي","نموذج اللغة العصبي","neural retrieval","الاسترجاع العصبي","استرجاع عصبي","true","true","true","true","true","false","false","false","false","false","false","false","false","false","false","false","false","false","false","false"
"3U74KRR683Z5MBQXZKEBL1ARXXNTNS","3MRHU5294N3O7KAE1TUQJOAS6HI2AD","Ranking the Quality of AI Terminology Translation from English to Arabic","In this task, you will compare the quality of translations for scientific terms generated by two different methods. The input will include an English term, a context paragraph where the term is used, and its translations in Arabic.","Translation, AI Terminology, Multilingual, Ranking","$0.01","Fri Dec 06 03:36:21 PST 2024","5","BatchId:5277380;OriginalHitTemplateId:928390912;","3600","3600","Fri Dec 13 03:36:21 PST 2024","","","3B2X28YI3ET05OOIRJ6A8GEDC7AB6A","A38SYZRVLTMOFG","Approved","Fri Dec 06 04:37:37 PST 2024","Fri Dec 06 05:11:49 PST 2024","Fri Dec 06 06:11:49 PST 2024","Fri Dec 06 06:12:35 PST 2024","","","2052","100% (49/49)","100% (49/49)","100% (49/49)","natural logic inference","الاستدلال المنطقي الطبيعي","استدلال المنطق الطبيعي","net","الشبكة","شبكة","neural generation model","نموذج توليد عصبي","نموذج التوليد العصبي","neural language model","نموذج لغة عصبي","نموذج اللغة العصبي","neural retrieval","الاسترجاع العصبي","استرجاع عصبي","true","true","true","true","true","false","false","false","false","false","false","false","false","false","false","false","false","false","false","false"
"3U74KRR683Z5MBQXZKEBL1ARXXNTNS","3MRHU5294N3O7KAE1TUQJOAS6HI2AD","Ranking the Quality of AI Terminology Translation from English to Arabic","In this task, you will compare the quality of translations for scientific terms generated by two different methods. The input will include an English term, a context paragraph where the term is used, and its translations in Arabic.","Translation, AI Terminology, Multilingual, Ranking","$0.01","Fri Dec 06 03:36:21 PST 2024","5","BatchId:5277380;OriginalHitTemplateId:928390912;","3600","3600","Fri Dec 13 03:36:21 PST 2024","","","3AAPLD8UCUVGYZ2GNOOZ519PRRJHTY","A2MZEUP2ECO1AI","Approved","Fri Dec 06 04:37:22 PST 2024","Fri Dec 06 05:27:51 PST 2024","Fri Dec 06 06:27:51 PST 2024","Fri Dec 06 06:28:35 PST 2024","","","3029","100% (34/34)","100% (34/34)","100% (34/34)","natural logic inference","الاستدلال المنطقي الطبيعي","استدلال المنطق الطبيعي","net","الشبكة","شبكة","neural generation model","نموذج توليد عصبي","نموذج التوليد العصبي","neural language model","نموذج لغة عصبي","نموذج اللغة العصبي","neural retrieval","الاسترجاع العصبي","استرجاع عصبي","true","true","false","false","true","false","false","true","true","false","false","false","false","false","false","false","false","false","false","false"
"3U74KRR683Z5MBQXZKEBL1ARXXNTNS","3MRHU5294N3O7KAE1TUQJOAS6HI2AD","Ranking the Quality of AI Terminology Translation from English to Arabic","In this task, you will compare the quality of translations for scientific terms generated by two different methods. The input will include an English term, a context paragraph where the term is used, and its translations in Arabic.","Translation, AI Terminology, Multilingual, Ranking","$0.01","Fri Dec 06 03:36:21 PST 2024","5","BatchId:5277380;OriginalHitTemplateId:928390912;","3600","3600","Fri Dec 13 03:36:21 PST 2024","","","3A0EX8ZRNQ22O8YOX212R7Y6BIBYB7","A186ORPGIU3WNL","Approved","Fri Dec 06 05:38:10 PST 2024","Fri Dec 06 05:45:13 PST 2024","Fri Dec 06 06:45:13 PST 2024","Fri Dec 06 06:45:35 PST 2024","","","423","100% (53/53)","100% (52/52)","100% (52/52)","natural logic inference","الاستدلال المنطقي الطبيعي","استدلال المنطق الطبيعي","net","الشبكة","شبكة","neural generation model","نموذج توليد عصبي","نموذج التوليد العصبي","neural language model","نموذج لغة عصبي","نموذج اللغة العصبي","neural retrieval","الاسترجاع العصبي","استرجاع عصبي","true","true","true","true","true","false","false","false","false","false","false","false","false","false","false","false","false","false","false","false"
"3ZZAYRN1JN5N4WQ90ZEO0QAWN7STO7","3MRHU5294N3O7KAE1TUQJOAS6HI2AD","Ranking the Quality of AI Terminology Translation from English to Arabic","In this task, you will compare the quality of translations for scientific terms generated by two different methods. The input will include an English term, a context paragraph where the term is used, and its translations in Arabic.","Translation, AI Terminology, Multilingual, Ranking","$0.01","Fri Dec 06 03:36:21 PST 2024","5","BatchId:5277380;OriginalHitTemplateId:928390912;","3600","3600","Fri Dec 13 03:36:21 PST 2024","","","3PMBY0YE2PH6XCIM3Q5H3ABXKSBC9K","A1XD6THGBT1T9T","Approved","Fri Dec 06 03:36:51 PST 2024","Fri Dec 06 03:45:04 PST 2024","Fri Dec 06 04:45:04 PST 2024","Fri Dec 06 04:45:35 PST 2024","","","493","100% (43/43)","100% (43/43)","100% (42/42)","neuron","العصبون","خلية عصبية","non-linear optimization","تحسين غير خطي","التحسين غير الخطي","non-linearity","غير الخطية","عدم الخطية","normal-form game","اللعبة ذات الصيغة القياسية","لعبة الصيغة الطبيعية","online algorithm","خوارزمية على الإنترنت","خوارزمية عبر الإنترنت","true","true","false","false","true","false","false","true","true","false","false","false","false","false","false","false","false","false","false","false"
"3ZZAYRN1JN5N4WQ90ZEO0QAWN7STO7","3MRHU5294N3O7KAE1TUQJOAS6HI2AD","Ranking the Quality of AI Terminology Translation from English to Arabic","In this task, you will compare the quality of translations for scientific terms generated by two different methods. The input will include an English term, a context paragraph where the term is used, and its translations in Arabic.","Translation, AI Terminology, Multilingual, Ranking","$0.01","Fri Dec 06 03:36:21 PST 2024","5","BatchId:5277380;OriginalHitTemplateId:928390912;","3600","3600","Fri Dec 13 03:36:21 PST 2024","","","35DR22AR5VY8L841DD0UQATLLIOX3P","A9M8N3BOH6013","Approved","Fri Dec 06 04:37:20 PST 2024","Fri Dec 06 04:56:04 PST 2024","Fri Dec 06 05:56:04 PST 2024","Fri Dec 06 05:56:35 PST 2024","","","1124","100% (44/44)","100% (44/44)","100% (44/44)","neuron","العصبون","خلية عصبية","non-linear optimization","تحسين غير خطي","التحسين غير الخطي","non-linearity","غير الخطية","عدم الخطية","normal-form game","اللعبة ذات الصيغة القياسية","لعبة الصيغة الطبيعية","online algorithm","خوارزمية على الإنترنت","خوارزمية عبر الإنترنت","true","true","false","false","true","false","false","true","true","false","false","false","false","false","false","false","false","false","false","false"
"3ZZAYRN1JN5N4WQ90ZEO0QAWN7STO7","3MRHU5294N3O7KAE1TUQJOAS6HI2AD","Ranking the Quality of AI Terminology Translation from English to Arabic","In this task, you will compare the quality of translations for scientific terms generated by two different methods. The input will include an English term, a context paragraph where the term is used, and its translations in Arabic.","Translation, AI Terminology, Multilingual, Ranking","$0.01","Fri Dec 06 03:36:21 PST 2024","5","BatchId:5277380;OriginalHitTemplateId:928390912;","3600","3600","Fri Dec 13 03:36:21 PST 2024","","","3ZOTGHDK50PPBGBO21EZF5A41VROSE","A2P8U65V6NL7B5","Approved","Fri Dec 06 04:39:12 PST 2024","Fri Dec 06 05:31:53 PST 2024","Fri Dec 06 06:31:53 PST 2024","Fri Dec 06 06:32:35 PST 2024","","","3161","100% (49/49)","100% (49/49)","100% (49/49)","neuron","العصبون","خلية عصبية","non-linear optimization","تحسين غير خطي","التحسين غير الخطي","non-linearity","غير الخطية","عدم الخطية","normal-form game","اللعبة ذات الصيغة القياسية","لعبة الصيغة الطبيعية","online algorithm","خوارزمية على الإنترنت","خوارزمية عبر الإنترنت","true","true","false","false","true","false","false","true","true","false","false","false","false","false","false","false","false","false","false","false"
"3ZZAYRN1JN5N4WQ90ZEO0QAWN7STO7","3MRHU5294N3O7KAE1TUQJOAS6HI2AD","Ranking the Quality of AI Terminology Translation from English to Arabic","In this task, you will compare the quality of translations for scientific terms generated by two different methods. The input will include an English term, a context paragraph where the term is used, and its translations in Arabic.","Translation, AI Terminology, Multilingual, Ranking","$0.01","Fri Dec 06 03:36:21 PST 2024","5","BatchId:5277380;OriginalHitTemplateId:928390912;","3600","3600","Fri Dec 13 03:36:21 PST 2024","","","39OWYR0EP25S1PA424NYAXPRQFUYFE","AWGV35294HOYB","Approved","Fri Dec 06 04:37:35 PST 2024","Fri Dec 06 05:33:31 PST 2024","Fri Dec 06 06:33:31 PST 2024","Fri Dec 06 06:33:35 PST 2024","","","3356","100% (43/43)","100% (43/43)","100% (43/43)","neuron","العصبون","خلية عصبية","non-linear optimization","تحسين غير خطي","التحسين غير الخطي","non-linearity","غير الخطية","عدم الخطية","normal-form game","اللعبة ذات الصيغة القياسية","لعبة الصيغة الطبيعية","online algorithm","خوارزمية على الإنترنت","خوارزمية عبر الإنترنت","true","true","false","false","true","false","false","true","true","false","false","false","false","false","false","false","false","false","false","false"
"3ZZAYRN1JN5N4WQ90ZEO0QAWN7STO7","3MRHU5294N3O7KAE1TUQJOAS6HI2AD","Ranking the Quality of AI Terminology Translation from English to Arabic","In this task, you will compare the quality of translations for scientific terms generated by two different methods. The input will include an English term, a context paragraph where the term is used, and its translations in Arabic.","Translation, AI Terminology, Multilingual, Ranking","$0.01","Fri Dec 06 03:36:21 PST 2024","5","BatchId:5277380;OriginalHitTemplateId:928390912;","3600","3600","Fri Dec 13 03:36:21 PST 2024","","","379J5II416UGVC39OEE2Y72V5Y5ELC","ASVJ75M0TNT6Z","Approved","Fri Dec 06 05:37:16 PST 2024","Fri Dec 06 05:37:50 PST 2024","Fri Dec 06 06:37:50 PST 2024","Fri Dec 06 06:38:35 PST 2024","","","34","100% (25/25)","100% (25/25)","100% (25/25)","neuron","العصبون","خلية عصبية","non-linear optimization","تحسين غير خطي","التحسين غير الخطي","non-linearity","غير الخطية","عدم الخطية","normal-form game","اللعبة ذات الصيغة القياسية","لعبة الصيغة الطبيعية","online algorithm","خوارزمية على الإنترنت","خوارزمية عبر الإنترنت","false","false","false","false","false","false","false","false","false","false","true","false","true","true","true","false","true","false","false","false"
"3HJ1EVZS35XL2SKVDCP1C8B34VZR3X","3MRHU5294N3O7KAE1TUQJOAS6HI2AD","Ranking the Quality of AI Terminology Translation from English to Arabic","In this task, you will compare the quality of translations for scientific terms generated by two different methods. The input will include an English term, a context paragraph where the term is used, and its translations in Arabic.","Translation, AI Terminology, Multilingual, Ranking","$0.01","Fri Dec 06 03:36:21 PST 2024","5","BatchId:5277380;OriginalHitTemplateId:928390912;","3600","3600","Fri Dec 13 03:36:21 PST 2024","","","39ZSFO5CAQARPICVBTHUMAB6NXUUJ7","AG9MLSV2QCVD4","Approved","Fri Dec 06 03:37:50 PST 2024","Fri Dec 06 04:20:14 PST 2024","Fri Dec 06 05:20:14 PST 2024","Fri Dec 06 05:20:35 PST 2024","","","2544","100% (24/24)","100% (24/24)","100% (24/24)","open-loop","نظام حلقة مفتوحة","حلقة مفتوحة","optimal solution","حل أمثل","الحل الأمثل","pairwise comparison","المقارنة الثنائية","مقارنة ثنائية","parameter vector","متجه المعلمة","متجه المعلمات","parse chart","مخطط التحليل النحوي","مخطط التحليل","false","false","true","false","false","true","false","false","true","true","false","true","false","false","false","false","false","false","false","false"
"3HJ1EVZS35XL2SKVDCP1C8B34VZR3X","3MRHU5294N3O7KAE1TUQJOAS6HI2AD","Ranking the Quality of AI Terminology Translation from English to Arabic","In this task, you will compare the quality of translations for scientific terms generated by two different methods. The input will include an English term, a context paragraph where the term is used, and its translations in Arabic.","Translation, AI Terminology, Multilingual, Ranking","$0.01","Fri Dec 06 03:36:21 PST 2024","5","BatchId:5277380;OriginalHitTemplateId:928390912;","3600","3600","Fri Dec 13 03:36:21 PST 2024","","","382M9COHEZTJE2Q3XS63PUYEIPYUEM","A2D6SB3TU1NYQ7","Approved","Fri Dec 06 03:37:48 PST 2024","Fri Dec 06 04:21:22 PST 2024","Fri Dec 06 05:21:22 PST 2024","Fri Dec 06 05:21:35 PST 2024","","","2614","100% (45/45)","100% (45/45)","100% (45/45)","open-loop","نظام حلقة مفتوحة","حلقة مفتوحة","optimal solution","حل أمثل","الحل الأمثل","pairwise comparison","المقارنة الثنائية","مقارنة ثنائية","parameter vector","متجه المعلمة","متجه المعلمات","parse chart","مخطط التحليل النحوي","مخطط التحليل","true","true","true","false","true","false","false","false","true","false","false","false","false","false","false","false","false","false","false","false"
"3HJ1EVZS35XL2SKVDCP1C8B34VZR3X","3MRHU5294N3O7KAE1TUQJOAS6HI2AD","Ranking the Quality of AI Terminology Translation from English to Arabic","In this task, you will compare the quality of translations for scientific terms generated by two different methods. The input will include an English term, a context paragraph where the term is used, and its translations in Arabic.","Translation, AI Terminology, Multilingual, Ranking","$0.01","Fri Dec 06 03:36:21 PST 2024","5","BatchId:5277380;OriginalHitTemplateId:928390912;","3600","3600","Fri Dec 13 03:36:21 PST 2024","","","3AMYWKA6YT0KOIDRVOBWE0ECJ5N6O1","A2E2FFMXS9F9KR","Approved","Fri Dec 06 04:37:57 PST 2024","Fri Dec 06 04:47:07 PST 2024","Fri Dec 06 05:47:07 PST 2024","Fri Dec 06 05:47:35 PST 2024","","","550","100% (51/51)","100% (51/51)","100% (51/51)","open-loop","نظام حلقة مفتوحة","حلقة مفتوحة","optimal solution","حل أمثل","الحل الأمثل","pairwise comparison","المقارنة الثنائية","مقارنة ثنائية","parameter vector","متجه المعلمة","متجه المعلمات","parse chart","مخطط التحليل النحوي","مخطط التحليل","false","false","true","false","false","true","false","false","false","true","false","true","false","true","false","false","false","false","false","false"
"3HJ1EVZS35XL2SKVDCP1C8B34VZR3X","3MRHU5294N3O7KAE1TUQJOAS6HI2AD","Ranking the Quality of AI Terminology Translation from English to Arabic","In this task, you will compare the quality of translations for scientific terms generated by two different methods. The input will include an English term, a context paragraph where the term is used, and its translations in Arabic.","Translation, AI Terminology, Multilingual, Ranking","$0.01","Fri Dec 06 03:36:21 PST 2024","5","BatchId:5277380;OriginalHitTemplateId:928390912;","3600","3600","Fri Dec 13 03:36:21 PST 2024","","","3NAPMVF0ZETPLB2RR0IRD1B5DBB27Q","A30IGMGSC7G2HM","Approved","Fri Dec 06 04:37:56 PST 2024","Fri Dec 06 04:49:00 PST 2024","Fri Dec 06 05:49:00 PST 2024","Fri Dec 06 05:49:35 PST 2024","","","664","100% (24/24)","100% (24/24)","100% (24/24)","open-loop","نظام حلقة مفتوحة","حلقة مفتوحة","optimal solution","حل أمثل","الحل الأمثل","pairwise comparison","المقارنة الثنائية","مقارنة ثنائية","parameter vector","متجه المعلمة","متجه المعلمات","parse chart","مخطط التحليل النحوي","مخطط التحليل","true","false","true","false","false","false","false","false","true","true","false","true","false","false","false","false","false","false","false","false"
"3HJ1EVZS35XL2SKVDCP1C8B34VZR3X","3MRHU5294N3O7KAE1TUQJOAS6HI2AD","Ranking the Quality of AI Terminology Translation from English to Arabic","In this task, you will compare the quality of translations for scientific terms generated by two different methods. The input will include an English term, a context paragraph where the term is used, and its translations in Arabic.","Translation, AI Terminology, Multilingual, Ranking","$0.01","Fri Dec 06 03:36:21 PST 2024","5","BatchId:5277380;OriginalHitTemplateId:928390912;","3600","3600","Fri Dec 13 03:36:21 PST 2024","","","382M9COHEZTJE2Q3XS63PUYEIRDEUP","A35H5DUMZH86PC","Approved","Fri Dec 06 05:37:59 PST 2024","Fri Dec 06 05:48:37 PST 2024","Fri Dec 06 06:48:37 PST 2024","Fri Dec 06 06:49:35 PST 2024","","","638","100% (40/40)","100% (40/40)","100% (40/40)","open-loop","نظام حلقة مفتوحة","حلقة مفتوحة","optimal solution","حل أمثل","الحل الأمثل","pairwise comparison","المقارنة الثنائية","مقارنة ثنائية","parameter vector","متجه المعلمة","متجه المعلمات","parse chart","مخطط التحليل النحوي","مخطط التحليل","false","true","true","false","false","true","false","false","true","true","false","false","false","false","false","false","false","false","false","false"
"3ABAOCJ4SPIMCDD56F5G3HA480EMQ7","3MRHU5294N3O7KAE1TUQJOAS6HI2AD","Ranking the Quality of AI Terminology Translation from English to Arabic","In this task, you will compare the quality of translations for scientific terms generated by two different methods. The input will include an English term, a context paragraph where the term is used, and its translations in Arabic.","Translation, AI Terminology, Multilingual, Ranking","$0.01","Fri Dec 06 03:36:21 PST 2024","5","BatchId:5277380;OriginalHitTemplateId:928390912;","3600","3600","Fri Dec 13 03:36:21 PST 2024","","","3MTMREQS4DWTGTYWCNJIBZTKIQBAW6","A1M151WPTX57PC","Approved","Fri Dec 06 03:37:03 PST 2024","Fri Dec 06 03:43:34 PST 2024","Fri Dec 06 04:43:34 PST 2024","Fri Dec 06 04:43:35 PST 2024","","","391","100% (4/4)","100% (4/4)","100% (4/4)","partition","التقسيم","تقسيم","permutation matrix","مصفوفة التباديل","مصفوفة التبديل","perplexity score","درجة التعقيد","درجة الارتباك","planning problem","مشكلة تخطيط","مشكلة التخطيط","policy learning","تعلم السياسات","تعلم السياسة","true","false","false","false","false","false","true","true","false","true","false","false","false","true","false","false","false","false","false","false"
"3ABAOCJ4SPIMCDD56F5G3HA480EMQ7","3MRHU5294N3O7KAE1TUQJOAS6HI2AD","Ranking the Quality of AI Terminology Translation from English to Arabic","In this task, you will compare the quality of translations for scientific terms generated by two different methods. The input will include an English term, a context paragraph where the term is used, and its translations in Arabic.","Translation, AI Terminology, Multilingual, Ranking","$0.01","Fri Dec 06 03:36:21 PST 2024","5","BatchId:5277380;OriginalHitTemplateId:928390912;","3600","3600","Fri Dec 13 03:36:21 PST 2024","","","3R2PKQ87NEMCHZNGK958JZFCXW2MIV","A14ICQPNQ6RZXB","Approved","Fri Dec 06 03:36:59 PST 2024","Fri Dec 06 03:44:03 PST 2024","Fri Dec 06 04:44:03 PST 2024","Fri Dec 06 04:44:35 PST 2024","","","424","100% (9/9)","100% (9/9)","100% (9/9)","partition","التقسيم","تقسيم","permutation matrix","مصفوفة التباديل","مصفوفة التبديل","perplexity score","درجة التعقيد","درجة الارتباك","planning problem","مشكلة تخطيط","مشكلة التخطيط","policy learning","تعلم السياسات","تعلم السياسة","false","true","false","true","false","false","false","false","false","true","true","false","true","false","false","false","false","false","false","false"
"3ABAOCJ4SPIMCDD56F5G3HA480EMQ7","3MRHU5294N3O7KAE1TUQJOAS6HI2AD","Ranking the Quality of AI Terminology Translation from English to Arabic","In this task, you will compare the quality of translations for scientific terms generated by two different methods. The input will include an English term, a context paragraph where the term is used, and its translations in Arabic.","Translation, AI Terminology, Multilingual, Ranking","$0.01","Fri Dec 06 03:36:21 PST 2024","5","BatchId:5277380;OriginalHitTemplateId:928390912;","3600","3600","Fri Dec 13 03:36:21 PST 2024","","","3U8YCDAGX7USVJ4S8CNJU4ZLL3J0Q2","A3EKM55NFX1H6B","Approved","Fri Dec 06 03:37:22 PST 2024","Fri Dec 06 03:59:15 PST 2024","Fri Dec 06 04:59:15 PST 2024","Fri Dec 06 04:59:35 PST 2024","","","1313","100% (29/29)","100% (29/29)","100% (29/29)","partition","التقسيم","تقسيم","permutation matrix","مصفوفة التباديل","مصفوفة التبديل","perplexity score","درجة التعقيد","درجة الارتباك","planning problem","مشكلة تخطيط","مشكلة التخطيط","policy learning","تعلم السياسات","تعلم السياسة","true","false","false","true","false","false","true","false","false","true","false","false","true","false","false","false","false","false","false","false"
"3ABAOCJ4SPIMCDD56F5G3HA480EMQ7","3MRHU5294N3O7KAE1TUQJOAS6HI2AD","Ranking the Quality of AI Terminology Translation from English to Arabic","In this task, you will compare the quality of translations for scientific terms generated by two different methods. The input will include an English term, a context paragraph where the term is used, and its translations in Arabic.","Translation, AI Terminology, Multilingual, Ranking","$0.01","Fri Dec 06 03:36:21 PST 2024","5","BatchId:5277380;OriginalHitTemplateId:928390912;","3600","3600","Fri Dec 13 03:36:21 PST 2024","","","3SPJ03342JH86RW0LUEJPVHJJL5JYU","A3OAFR48DADAOM","Approved","Fri Dec 06 03:37:01 PST 2024","Fri Dec 06 04:12:10 PST 2024","Fri Dec 06 05:12:10 PST 2024","Fri Dec 06 05:12:35 PST 2024","","","2109","100% (41/41)","100% (41/41)","100% (41/41)","partition","التقسيم","تقسيم","permutation matrix","مصفوفة التباديل","مصفوفة التبديل","perplexity score","درجة التعقيد","درجة الارتباك","planning problem","مشكلة تخطيط","مشكلة التخطيط","policy learning","تعلم السياسات","تعلم السياسة","true","false","false","true","false","false","true","true","false","true","false","false","false","false","false","false","false","false","false","false"
"3ABAOCJ4SPIMCDD56F5G3HA480EMQ7","3MRHU5294N3O7KAE1TUQJOAS6HI2AD","Ranking the Quality of AI Terminology Translation from English to Arabic","In this task, you will compare the quality of translations for scientific terms generated by two different methods. The input will include an English term, a context paragraph where the term is used, and its translations in Arabic.","Translation, AI Terminology, Multilingual, Ranking","$0.01","Fri Dec 06 03:36:21 PST 2024","5","BatchId:5277380;OriginalHitTemplateId:928390912;","3600","3600","Fri Dec 13 03:36:21 PST 2024","","","3M68NM076ZLNLV57NGS08VJHUS66R9","A19I2ZK220NTAE","Approved","Fri Dec 06 04:37:22 PST 2024","Fri Dec 06 05:01:47 PST 2024","Fri Dec 06 06:01:47 PST 2024","Fri Dec 06 06:02:35 PST 2024","","","1465","100% (32/32)","100% (32/32)","100% (32/32)","partition","التقسيم","تقسيم","permutation matrix","مصفوفة التباديل","مصفوفة التبديل","perplexity score","درجة التعقيد","درجة الارتباك","planning problem","مشكلة تخطيط","مشكلة التخطيط","policy learning","تعلم السياسات","تعلم السياسة","true","true","false","false","true","false","false","true","false","false","false","false","false","true","false","false","false","false","false","false"
"3M7OI89LWF2GT9IUEHX4UGO1ELYC6I","3MRHU5294N3O7KAE1TUQJOAS6HI2AD","Ranking the Quality of AI Terminology Translation from English to Arabic","In this task, you will compare the quality of translations for scientific terms generated by two different methods. The input will include an English term, a context paragraph where the term is used, and its translations in Arabic.","Translation, AI Terminology, Multilingual, Ranking","$0.01","Fri Dec 06 03:36:21 PST 2024","5","BatchId:5277380;OriginalHitTemplateId:928390912;","3600","3600","Fri Dec 13 03:36:21 PST 2024","","","3NAPMVF0ZETPLB2RR0IRD1B5DBA27P","A1XD6THGBT1T9T","Approved","Fri Dec 06 03:36:53 PST 2024","Fri Dec 06 03:45:56 PST 2024","Fri Dec 06 04:45:56 PST 2024","Fri Dec 06 04:46:35 PST 2024","","","543","100% (43/43)","100% (43/43)","100% (42/42)","post-hoc","بعد الواقعة","بعد الحدث","prefix sum","مجموع بادئات","مجموع البادئات","preimage","ما قبل الصورة","الصورة السابقة","preprocessing phase","مرحلة ما قبل المعالجة","مرحلة المعالجة المسبقة","primal objective function","وظيفة الهدف الأولية","دالة الهدف الأولية","false","false","false","true","true","false","false","true","false","false","true","true","false","false","false","false","false","false","false","false"
"3M7OI89LWF2GT9IUEHX4UGO1ELYC6I","3MRHU5294N3O7KAE1TUQJOAS6HI2AD","Ranking the Quality of AI Terminology Translation from English to Arabic","In this task, you will compare the quality of translations for scientific terms generated by two different methods. The input will include an English term, a context paragraph where the term is used, and its translations in Arabic.","Translation, AI Terminology, Multilingual, Ranking","$0.01","Fri Dec 06 03:36:21 PST 2024","5","BatchId:5277380;OriginalHitTemplateId:928390912;","3600","3600","Fri Dec 13 03:36:21 PST 2024","","","3YDGXNSEOH83O3MX5JTLKG4Y89C84E","A3EKM55NFX1H6B","Approved","Fri Dec 06 03:37:05 PST 2024","Fri Dec 06 03:57:01 PST 2024","Fri Dec 06 04:57:01 PST 2024","Fri Dec 06 04:57:35 PST 2024","","","1196","100% (29/29)","100% (29/29)","100% (29/29)","post-hoc","بعد الواقعة","بعد الحدث","prefix sum","مجموع بادئات","مجموع البادئات","preimage","ما قبل الصورة","الصورة السابقة","preprocessing phase","مرحلة ما قبل المعالجة","مرحلة المعالجة المسبقة","primal objective function","وظيفة الهدف الأولية","دالة الهدف الأولية","true","false","false","true","true","false","false","true","false","false","false","true","false","false","false","false","false","false","false","false"
"3M7OI89LWF2GT9IUEHX4UGO1ELYC6I","3MRHU5294N3O7KAE1TUQJOAS6HI2AD","Ranking the Quality of AI Terminology Translation from English to Arabic","In this task, you will compare the quality of translations for scientific terms generated by two different methods. The input will include an English term, a context paragraph where the term is used, and its translations in Arabic.","Translation, AI Terminology, Multilingual, Ranking","$0.01","Fri Dec 06 03:36:21 PST 2024","5","BatchId:5277380;OriginalHitTemplateId:928390912;","3600","3600","Fri Dec 13 03:36:21 PST 2024","","","3PW9OPU9P8YBAPNP2K1ICRKSAPA21S","A3HSZ9YLOBCCPR","Approved","Fri Dec 06 04:03:41 PST 2024","Fri Dec 06 04:26:14 PST 2024","Fri Dec 06 05:26:14 PST 2024","Fri Dec 06 05:26:35 PST 2024","","","1353","100% (39/39)","100% (39/39)","100% (39/39)","post-hoc","بعد الواقعة","بعد الحدث","prefix sum","مجموع بادئات","مجموع البادئات","preimage","ما قبل الصورة","الصورة السابقة","preprocessing phase","مرحلة ما قبل المعالجة","مرحلة المعالجة المسبقة","primal objective function","وظيفة الهدف الأولية","دالة الهدف الأولية","false","true","false","true","true","false","false","true","false","false","true","false","false","false","false","false","false","false","false","false"
"3M7OI89LWF2GT9IUEHX4UGO1ELYC6I","3MRHU5294N3O7KAE1TUQJOAS6HI2AD","Ranking the Quality of AI Terminology Translation from English to Arabic","In this task, you will compare the quality of translations for scientific terms generated by two different methods. The input will include an English term, a context paragraph where the term is used, and its translations in Arabic.","Translation, AI Terminology, Multilingual, Ranking","$0.01","Fri Dec 06 03:36:21 PST 2024","5","BatchId:5277380;OriginalHitTemplateId:928390912;","3600","3600","Fri Dec 13 03:36:21 PST 2024","","","3CN4LGXD5F2I39DFINRFJTS01OF4YO","A2MZEUP2ECO1AI","Approved","Fri Dec 06 04:37:14 PST 2024","Fri Dec 06 05:27:31 PST 2024","Fri Dec 06 06:27:31 PST 2024","Fri Dec 06 06:27:35 PST 2024","","","3017","100% (34/34)","100% (34/34)","100% (34/34)","post-hoc","بعد الواقعة","بعد الحدث","prefix sum","مجموع بادئات","مجموع البادئات","preimage","ما قبل الصورة","الصورة السابقة","preprocessing phase","مرحلة ما قبل المعالجة","مرحلة المعالجة المسبقة","primal objective function","وظيفة الهدف الأولية","دالة الهدف الأولية","false","true","false","true","true","false","false","true","false","false","true","false","false","false","false","false","false","false","false","false"
"3M7OI89LWF2GT9IUEHX4UGO1ELYC6I","3MRHU5294N3O7KAE1TUQJOAS6HI2AD","Ranking the Quality of AI Terminology Translation from English to Arabic","In this task, you will compare the quality of translations for scientific terms generated by two different methods. The input will include an English term, a context paragraph where the term is used, and its translations in Arabic.","Translation, AI Terminology, Multilingual, Ranking","$0.01","Fri Dec 06 03:36:21 PST 2024","5","BatchId:5277380;OriginalHitTemplateId:928390912;","3600","3600","Fri Dec 13 03:36:21 PST 2024","","","3QJOXOW4X1501ULUOQFHYKHK53VEME","A2YVLMI4PRDECY","Approved","Fri Dec 06 04:37:17 PST 2024","Fri Dec 06 05:34:53 PST 2024","Fri Dec 06 06:34:53 PST 2024","Fri Dec 06 06:35:35 PST 2024","","","3456","100% (32/32)","100% (32/32)","100% (32/32)","post-hoc","بعد الواقعة","بعد الحدث","prefix sum","مجموع بادئات","مجموع البادئات","preimage","ما قبل الصورة","الصورة السابقة","preprocessing phase","مرحلة ما قبل المعالجة","مرحلة المعالجة المسبقة","primal objective function","وظيفة الهدف الأولية","دالة الهدف الأولية","false","true","false","true","true","false","false","true","false","false","true","false","false","false","false","false","false","false","false","false"
"3LN50BUKQCPH6JU56QPC3Z553Z2PLH","3MRHU5294N3O7KAE1TUQJOAS6HI2AD","Ranking the Quality of AI Terminology Translation from English to Arabic","In this task, you will compare the quality of translations for scientific terms generated by two different methods. The input will include an English term, a context paragraph where the term is used, and its translations in Arabic.","Translation, AI Terminology, Multilingual, Ranking","$0.01","Fri Dec 06 03:36:21 PST 2024","5","BatchId:5277380;OriginalHitTemplateId:928390912;","3600","3600","Fri Dec 13 03:36:21 PST 2024","","","3DR23U6WENS4EPBEXNGTKYCCZBRTEU","A19I2ZK220NTAE","Approved","Fri Dec 06 03:37:32 PST 2024","Fri Dec 06 04:31:40 PST 2024","Fri Dec 06 05:31:40 PST 2024","Fri Dec 06 05:32:35 PST 2024","","","3248","100% (32/32)","100% (32/32)","100% (32/32)","probability model","النموذج الاحتمالي","نموذج الاحتمال","projective camera","الكاميرا الإسقاطية","كاميرا إسقاطية","query","تمثيل متجه","استعلام","query processing","معالجة الاستعلام","معالجة الاستعلامات","random seed","بذرة عشوائية","البذور العشوائية","true","true","false","true","false","false","false","false","false","true","false","false","true","false","false","false","false","false","false","false"
"3LN50BUKQCPH6JU56QPC3Z553Z2PLH","3MRHU5294N3O7KAE1TUQJOAS6HI2AD","Ranking the Quality of AI Terminology Translation from English to Arabic","In this task, you will compare the quality of translations for scientific terms generated by two different methods. The input will include an English term, a context paragraph where the term is used, and its translations in Arabic.","Translation, AI Terminology, Multilingual, Ranking","$0.01","Fri Dec 06 03:36:21 PST 2024","5","BatchId:5277380;OriginalHitTemplateId:928390912;","3600","3600","Fri Dec 13 03:36:21 PST 2024","","","3N1FSUEFLNEF5YIOMR4168IZJ1G4DP","A2GJB7TBZM91Z4","Approved","Fri Dec 06 04:37:36 PST 2024","Fri Dec 06 04:57:11 PST 2024","Fri Dec 06 05:57:11 PST 2024","Fri Dec 06 05:57:35 PST 2024","","","1175","100% (23/23)","100% (23/23)","100% (23/23)","probability model","النموذج الاحتمالي","نموذج الاحتمال","projective camera","الكاميرا الإسقاطية","كاميرا إسقاطية","query","تمثيل متجه","استعلام","query processing","معالجة الاستعلام","معالجة الاستعلامات","random seed","بذرة عشوائية","البذور العشوائية","true","false","false","true","false","false","true","false","false","true","false","false","true","false","false","false","false","false","false","false"
"3LN50BUKQCPH6JU56QPC3Z553Z2PLH","3MRHU5294N3O7KAE1TUQJOAS6HI2AD","Ranking the Quality of AI Terminology Translation from English to Arabic","In this task, you will compare the quality of translations for scientific terms generated by two different methods. The input will include an English term, a context paragraph where the term is used, and its translations in Arabic.","Translation, AI Terminology, Multilingual, Ranking","$0.01","Fri Dec 06 03:36:21 PST 2024","5","BatchId:5277380;OriginalHitTemplateId:928390912;","3600","3600","Fri Dec 13 03:36:21 PST 2024","","","3DPNQGW4L3TGKP39C4WN02872FT64Z","A186ORPGIU3WNL","Approved","Fri Dec 06 04:37:37 PST 2024","Fri Dec 06 05:10:07 PST 2024","Fri Dec 06 06:10:07 PST 2024","Fri Dec 06 06:10:35 PST 2024","","","1950","100% (53/53)","100% (52/52)","100% (52/52)","probability model","النموذج الاحتمالي","نموذج الاحتمال","projective camera","الكاميرا الإسقاطية","كاميرا إسقاطية","query","تمثيل متجه","استعلام","query processing","معالجة الاستعلام","معالجة الاستعلامات","random seed","بذرة عشوائية","البذور العشوائية","true","true","false","true","false","false","false","false","false","true","false","false","true","false","false","false","false","false","false","false"
"3LN50BUKQCPH6JU56QPC3Z553Z2PLH","3MRHU5294N3O7KAE1TUQJOAS6HI2AD","Ranking the Quality of AI Terminology Translation from English to Arabic","In this task, you will compare the quality of translations for scientific terms generated by two different methods. The input will include an English term, a context paragraph where the term is used, and its translations in Arabic.","Translation, AI Terminology, Multilingual, Ranking","$0.01","Fri Dec 06 03:36:21 PST 2024","5","BatchId:5277380;OriginalHitTemplateId:928390912;","3600","3600","Fri Dec 13 03:36:21 PST 2024","","","3UN61F00HE3R2R5TIXIVGP5HYXUR5D","A2P8U65V6NL7B5","Approved","Fri Dec 06 04:36:59 PST 2024","Fri Dec 06 05:29:51 PST 2024","Fri Dec 06 06:29:51 PST 2024","Fri Dec 06 06:30:35 PST 2024","","","3172","100% (49/49)","100% (49/49)","100% (49/49)","probability model","النموذج الاحتمالي","نموذج الاحتمال","projective camera","الكاميرا الإسقاطية","كاميرا إسقاطية","query","تمثيل متجه","استعلام","query processing","معالجة الاستعلام","معالجة الاستعلامات","random seed","بذرة عشوائية","البذور العشوائية","true","true","false","true","false","false","false","false","false","true","false","false","true","false","false","false","false","false","false","false"
"3LN50BUKQCPH6JU56QPC3Z553Z2PLH","3MRHU5294N3O7KAE1TUQJOAS6HI2AD","Ranking the Quality of AI Terminology Translation from English to Arabic","In this task, you will compare the quality of translations for scientific terms generated by two different methods. The input will include an English term, a context paragraph where the term is used, and its translations in Arabic.","Translation, AI Terminology, Multilingual, Ranking","$0.01","Fri Dec 06 03:36:21 PST 2024","5","BatchId:5277380;OriginalHitTemplateId:928390912;","3600","3600","Fri Dec 13 03:36:21 PST 2024","","","3HHRAGRYXQJ761FPTVE8YA5E98AO9D","ASVJ75M0TNT6Z","Approved","Fri Dec 06 05:38:53 PST 2024","Fri Dec 06 05:43:07 PST 2024","Fri Dec 06 06:43:07 PST 2024","Fri Dec 06 06:43:35 PST 2024","","","254","100% (25/25)","100% (25/25)","100% (25/25)","probability model","النموذج الاحتمالي","نموذج الاحتمال","projective camera","الكاميرا الإسقاطية","كاميرا إسقاطية","query","تمثيل متجه","استعلام","query processing","معالجة الاستعلام","معالجة الاستعلامات","random seed","بذرة عشوائية","البذور العشوائية","false","false","false","false","false","false","false","false","false","false","false","true","false","true","false","true","false","true","false","true"
"3087LXLJ73USIAGP3U7OTLZDYV4F0V","3MRHU5294N3O7KAE1TUQJOAS6HI2AD","Ranking the Quality of AI Terminology Translation from English to Arabic","In this task, you will compare the quality of translations for scientific terms generated by two different methods. The input will include an English term, a context paragraph where the term is used, and its translations in Arabic.","Translation, AI Terminology, Multilingual, Ranking","$0.01","Fri Dec 06 03:36:21 PST 2024","5","BatchId:5277380;OriginalHitTemplateId:928390912;","3600","3600","Fri Dec 13 03:36:21 PST 2024","","","3Z3ZLGNNS08OCB3PRZ52W2XSOF33Q0","A1G4DX33KADZA3","Approved","Fri Dec 06 03:37:28 PST 2024","Fri Dec 06 03:41:31 PST 2024","Fri Dec 06 04:41:31 PST 2024","Fri Dec 06 04:41:35 PST 2024","","","243","100% (21/21)","100% (21/21)","100% (21/21)","random variable","المتغير العشوائي","متغير عشوائي","recurrent architecture","بنية تكرارية","بنية متكررة","reference resolution","حل المرجعية","حل الإشارة","representation","التمثيل","تمثيل","representation learning","التعلم التمثيلي","تعلم التمثيل","false","false","false","false","false","false","false","false","false","false","true","false","true","true","true","false","true","false","false","false"
"3087LXLJ73USIAGP3U7OTLZDYV4F0V","3MRHU5294N3O7KAE1TUQJOAS6HI2AD","Ranking the Quality of AI Terminology Translation from English to Arabic","In this task, you will compare the quality of translations for scientific terms generated by two different methods. The input will include an English term, a context paragraph where the term is used, and its translations in Arabic.","Translation, AI Terminology, Multilingual, Ranking","$0.01","Fri Dec 06 03:36:21 PST 2024","5","BatchId:5277380;OriginalHitTemplateId:928390912;","3600","3600","Fri Dec 13 03:36:21 PST 2024","","","3LYA37P8I8174397TN0BIZJVD1NKBF","A9M8N3BOH6013","Approved","Fri Dec 06 03:37:07 PST 2024","Fri Dec 06 03:48:24 PST 2024","Fri Dec 06 04:48:24 PST 2024","Fri Dec 06 04:48:35 PST 2024","","","677","100% (44/44)","100% (44/44)","100% (44/44)","random variable","المتغير العشوائي","متغير عشوائي","recurrent architecture","بنية تكرارية","بنية متكررة","reference resolution","حل المرجعية","حل الإشارة","representation","التمثيل","تمثيل","representation learning","التعلم التمثيلي","تعلم التمثيل","true","false","false","true","false","false","true","true","false","false","false","false","false","false","true","false","false","false","false","false"
"3087LXLJ73USIAGP3U7OTLZDYV4F0V","3MRHU5294N3O7KAE1TUQJOAS6HI2AD","Ranking the Quality of AI Terminology Translation from English to Arabic","In this task, you will compare the quality of translations for scientific terms generated by two different methods. The input will include an English term, a context paragraph where the term is used, and its translations in Arabic.","Translation, AI Terminology, Multilingual, Ranking","$0.01","Fri Dec 06 03:36:21 PST 2024","5","BatchId:5277380;OriginalHitTemplateId:928390912;","3600","3600","Fri Dec 13 03:36:21 PST 2024","","","3WQQ9FUS6S8N9276KY38SUA4I218BU","A2FXDEKCCUT9OJ","Approved","Fri Dec 06 04:38:39 PST 2024","Fri Dec 06 04:55:45 PST 2024","Fri Dec 06 05:55:45 PST 2024","Fri Dec 06 05:56:35 PST 2024","","","1026","100% (36/36)","100% (36/36)","100% (36/36)","random variable","المتغير العشوائي","متغير عشوائي","recurrent architecture","بنية تكرارية","بنية متكررة","reference resolution","حل المرجعية","حل الإشارة","representation","التمثيل","تمثيل","representation learning","التعلم التمثيلي","تعلم التمثيل","true","false","false","true","false","false","true","true","false","true","false","false","false","false","false","false","false","false","false","false"
"3087LXLJ73USIAGP3U7OTLZDYV4F0V","3MRHU5294N3O7KAE1TUQJOAS6HI2AD","Ranking the Quality of AI Terminology Translation from English to Arabic","In this task, you will compare the quality of translations for scientific terms generated by two different methods. The input will include an English term, a context paragraph where the term is used, and its translations in Arabic.","Translation, AI Terminology, Multilingual, Ranking","$0.01","Fri Dec 06 03:36:21 PST 2024","5","BatchId:5277380;OriginalHitTemplateId:928390912;","3600","3600","Fri Dec 13 03:36:21 PST 2024","","","3DBQWDE4YOC6NTD1PQ1E7507X06N5M","AC4I7XU10MQXK","Approved","Fri Dec 06 04:37:14 PST 2024","Fri Dec 06 05:20:18 PST 2024","Fri Dec 06 06:20:18 PST 2024","Fri Dec 06 06:20:35 PST 2024","","","2584","100% (58/58)","100% (58/58)","100% (58/58)","random variable","المتغير العشوائي","متغير عشوائي","recurrent architecture","بنية تكرارية","بنية متكررة","reference resolution","حل المرجعية","حل الإشارة","representation","التمثيل","تمثيل","representation learning","التعلم التمثيلي","تعلم التمثيل","true","false","false","true","true","false","true","true","false","false","false","false","false","false","false","false","false","false","false","false"
"3087LXLJ73USIAGP3U7OTLZDYV4F0V","3MRHU5294N3O7KAE1TUQJOAS6HI2AD","Ranking the Quality of AI Terminology Translation from English to Arabic","In this task, you will compare the quality of translations for scientific terms generated by two different methods. The input will include an English term, a context paragraph where the term is used, and its translations in Arabic.","Translation, AI Terminology, Multilingual, Ranking","$0.01","Fri Dec 06 03:36:21 PST 2024","5","BatchId:5277380;OriginalHitTemplateId:928390912;","3600","3600","Fri Dec 13 03:36:21 PST 2024","","","3LOZAJ85YVRJ0Q8I9DMP70OTF5X2XU","A3HSZ9YLOBCCPR","Approved","Fri Dec 06 05:38:22 PST 2024","Fri Dec 06 06:16:30 PST 2024","Fri Dec 06 07:16:30 PST 2024","Fri Dec 06 07:16:35 PST 2024","","","2288","100% (39/39)","100% (39/39)","100% (39/39)","random variable","المتغير العشوائي","متغير عشوائي","recurrent architecture","بنية تكرارية","بنية متكررة","reference resolution","حل المرجعية","حل الإشارة","representation","التمثيل","تمثيل","representation learning","التعلم التمثيلي","تعلم التمثيل","true","true","true","true","true","false","false","false","false","false","false","false","false","false","false","false","false","false","false","false"
"31N9JPQXJ6WFH2Z2ZQXM7I73M3SHN6","3MRHU5294N3O7KAE1TUQJOAS6HI2AD","Ranking the Quality of AI Terminology Translation from English to Arabic","In this task, you will compare the quality of translations for scientific terms generated by two different methods. The input will include an English term, a context paragraph where the term is used, and its translations in Arabic.","Translation, AI Terminology, Multilingual, Ranking","$0.01","Fri Dec 06 03:36:21 PST 2024","5","BatchId:5277380;OriginalHitTemplateId:928390912;","3600","3600","Fri Dec 13 03:36:21 PST 2024","","","3DZQRBDBS3T0PRI2J3U7R2CT63NS3D","A1G4DX33KADZA3","Approved","Fri Dec 06 03:37:07 PST 2024","Fri Dec 06 03:39:13 PST 2024","Fri Dec 06 04:39:13 PST 2024","Fri Dec 06 04:39:35 PST 2024","","","126","100% (21/21)","100% (21/21)","100% (21/21)","residual branch","الفرع المتبقي","فرع متبقي","reverse-mode","وضع العكس","الوضع العكسي","role assertion","تصريح الدور","تأكيد الدور","row vector","متجه صف","متجه الصف","sample space","فضاء العينات","فضاء العينة","false","false","false","false","false","false","false","false","false","false","true","true","false","true","true","false","false","true","false","false"
"31N9JPQXJ6WFH2Z2ZQXM7I73M3SHN6","3MRHU5294N3O7KAE1TUQJOAS6HI2AD","Ranking the Quality of AI Terminology Translation from English to Arabic","In this task, you will compare the quality of translations for scientific terms generated by two different methods. The input will include an English term, a context paragraph where the term is used, and its translations in Arabic.","Translation, AI Terminology, Multilingual, Ranking","$0.01","Fri Dec 06 03:36:21 PST 2024","5","BatchId:5277380;OriginalHitTemplateId:928390912;","3600","3600","Fri Dec 13 03:36:21 PST 2024","","","33FBRBDW66D6J7ZCYYZ33EGM0MTC8V","A2YVLMI4PRDECY","Approved","Fri Dec 06 03:36:50 PST 2024","Fri Dec 06 04:36:43 PST 2024","Fri Dec 06 05:36:43 PST 2024","Fri Dec 06 05:37:35 PST 2024","","","3593","100% (32/32)","100% (32/32)","100% (32/32)","residual branch","الفرع المتبقي","فرع متبقي","reverse-mode","وضع العكس","الوضع العكسي","role assertion","تصريح الدور","تأكيد الدور","row vector","متجه صف","متجه الصف","sample space","فضاء العينات","فضاء العينة","true","false","false","false","false","false","false","false","true","true","false","true","true","false","false","false","false","false","false","false"
"31N9JPQXJ6WFH2Z2ZQXM7I73M3SHN6","3MRHU5294N3O7KAE1TUQJOAS6HI2AD","Ranking the Quality of AI Terminology Translation from English to Arabic","In this task, you will compare the quality of translations for scientific terms generated by two different methods. The input will include an English term, a context paragraph where the term is used, and its translations in Arabic.","Translation, AI Terminology, Multilingual, Ranking","$0.01","Fri Dec 06 03:36:21 PST 2024","5","BatchId:5277380;OriginalHitTemplateId:928390912;","3600","3600","Fri Dec 13 03:36:21 PST 2024","","","33CKWXB731Y4L45TJG1478ANIK311J","A3Q32FL0WWF4KZ","Approved","Fri Dec 06 04:37:35 PST 2024","Fri Dec 06 05:13:45 PST 2024","Fri Dec 06 06:13:45 PST 2024","Fri Dec 06 06:14:35 PST 2024","","","2170","100% (40/40)","100% (40/40)","100% (40/40)","residual branch","الفرع المتبقي","فرع متبقي","reverse-mode","وضع العكس","الوضع العكسي","role assertion","تصريح الدور","تأكيد الدور","row vector","متجه صف","متجه الصف","sample space","فضاء العينات","فضاء العينة","true","false","false","false","false","false","false","false","true","true","false","true","true","false","false","false","false","false","false","false"
"31N9JPQXJ6WFH2Z2ZQXM7I73M3SHN6","3MRHU5294N3O7KAE1TUQJOAS6HI2AD","Ranking the Quality of AI Terminology Translation from English to Arabic","In this task, you will compare the quality of translations for scientific terms generated by two different methods. The input will include an English term, a context paragraph where the term is used, and its translations in Arabic.","Translation, AI Terminology, Multilingual, Ranking","$0.01","Fri Dec 06 03:36:21 PST 2024","5","BatchId:5277380;OriginalHitTemplateId:928390912;","3600","3600","Fri Dec 13 03:36:21 PST 2024","","","3E13VNJ1N59FLA1RRNMAZ7R9ZNI1IH","A2DAZGA8XO0RQ6","Approved","Fri Dec 06 05:31:19 PST 2024","Fri Dec 06 05:32:24 PST 2024","Fri Dec 06 06:32:24 PST 2024","Fri Dec 06 06:32:35 PST 2024","","","65","100% (12/12)","100% (12/12)","100% (12/12)","residual branch","الفرع المتبقي","فرع متبقي","reverse-mode","وضع العكس","الوضع العكسي","role assertion","تصريح الدور","تأكيد الدور","row vector","متجه صف","متجه الصف","sample space","فضاء العينات","فضاء العينة","false","false","false","false","false","true","false","true","false","true","false","true","false","true","false","false","false","false","false","false"
"31N9JPQXJ6WFH2Z2ZQXM7I73M3SHN6","3MRHU5294N3O7KAE1TUQJOAS6HI2AD","Ranking the Quality of AI Terminology Translation from English to Arabic","In this task, you will compare the quality of translations for scientific terms generated by two different methods. The input will include an English term, a context paragraph where the term is used, and its translations in Arabic.","Translation, AI Terminology, Multilingual, Ranking","$0.01","Fri Dec 06 03:36:21 PST 2024","5","BatchId:5277380;OriginalHitTemplateId:928390912;","3600","3600","Fri Dec 13 03:36:21 PST 2024","","","3U5JL4WY52NT34N5DR5D0FLRZK7X41","A3I1OLOTCWCIET","Approved","Fri Dec 06 05:59:15 PST 2024","Fri Dec 06 06:02:45 PST 2024","Fri Dec 06 07:02:45 PST 2024","Fri Dec 06 07:03:35 PST 2024","","","210","100% (10/10)","100% (10/10)","100% (10/10)","residual branch","الفرع المتبقي","فرع متبقي","reverse-mode","وضع العكس","الوضع العكسي","role assertion","تصريح الدور","تأكيد الدور","row vector","متجه صف","متجه الصف","sample space","فضاء العينات","فضاء العينة","true","true","true","true","true","false","false","false","false","false","false","false","false","false","false","false","false","false","false","false"
"36BTXXLZ3CM6KO3ZDQUKMD39IVVR4I","3MRHU5294N3O7KAE1TUQJOAS6HI2AD","Ranking the Quality of AI Terminology Translation from English to Arabic","In this task, you will compare the quality of translations for scientific terms generated by two different methods. The input will include an English term, a context paragraph where the term is used, and its translations in Arabic.","Translation, AI Terminology, Multilingual, Ranking","$0.01","Fri Dec 06 03:36:21 PST 2024","5","BatchId:5277380;OriginalHitTemplateId:928390912;","3600","3600","Fri Dec 13 03:36:21 PST 2024","","","32RIADZISAIL7N16JHZQ174ZK3K4SB","A3MF0MGWJJZ794","Approved","Fri Dec 06 03:37:46 PST 2024","Fri Dec 06 03:42:09 PST 2024","Fri Dec 06 04:42:09 PST 2024","Fri Dec 06 04:42:35 PST 2024","","","263","100% (9/9)","100% (9/9)","100% (9/9)","segmentation mask","قناع التجزئة","قناع التقسيم","semantic object","كائن دلالي","الكائن الدلالي","sentence classification","تصنيف الجملة","تصنيف الجمل","sequential datum","البيانات المتسلسلة","بيانات تسلسلية","shift reduce parser","محلل التحول والاختزال","محلل التحويل والتقليص","false","false","false","false","false","true","false","true","false","true","false","true","false","true","false","false","false","false","false","false"
"36BTXXLZ3CM6KO3ZDQUKMD39IVVR4I","3MRHU5294N3O7KAE1TUQJOAS6HI2AD","Ranking the Quality of AI Terminology Translation from English to Arabic","In this task, you will compare the quality of translations for scientific terms generated by two different methods. The input will include an English term, a context paragraph where the term is used, and its translations in Arabic.","Translation, AI Terminology, Multilingual, Ranking","$0.01","Fri Dec 06 03:36:21 PST 2024","5","BatchId:5277380;OriginalHitTemplateId:928390912;","3600","3600","Fri Dec 13 03:36:21 PST 2024","","","3EA3QWIZ409GUUD0T66K5DA4R4YITS","AC4I7XU10MQXK","Approved","Fri Dec 06 03:37:16 PST 2024","Fri Dec 06 04:07:36 PST 2024","Fri Dec 06 05:07:36 PST 2024","Fri Dec 06 05:08:35 PST 2024","","","1820","100% (58/58)","100% (58/58)","100% (58/58)","segmentation mask","قناع التجزئة","قناع التقسيم","semantic object","كائن دلالي","الكائن الدلالي","sentence classification","تصنيف الجملة","تصنيف الجمل","sequential datum","البيانات المتسلسلة","بيانات تسلسلية","shift reduce parser","محلل التحول والاختزال","محلل التحويل والتقليص","true","true","false","true","false","false","false","false","false","true","false","false","true","false","false","false","false","false","false","false"
"36BTXXLZ3CM6KO3ZDQUKMD39IVVR4I","3MRHU5294N3O7KAE1TUQJOAS6HI2AD","Ranking the Quality of AI Terminology Translation from English to Arabic","In this task, you will compare the quality of translations for scientific terms generated by two different methods. The input will include an English term, a context paragraph where the term is used, and its translations in Arabic.","Translation, AI Terminology, Multilingual, Ranking","$0.01","Fri Dec 06 03:36:21 PST 2024","5","BatchId:5277380;OriginalHitTemplateId:928390912;","3600","3600","Fri Dec 13 03:36:21 PST 2024","","","3AMW0RGHOVGAG3VK95AS5B5OO07NP8","A3OAFR48DADAOM","Approved","Fri Dec 06 03:37:20 PST 2024","Fri Dec 06 04:17:21 PST 2024","Fri Dec 06 05:17:21 PST 2024","Fri Dec 06 05:17:35 PST 2024","","","2401","100% (41/41)","100% (41/41)","100% (41/41)","segmentation mask","قناع التجزئة","قناع التقسيم","semantic object","كائن دلالي","الكائن الدلالي","sentence classification","تصنيف الجملة","تصنيف الجمل","sequential datum","البيانات المتسلسلة","بيانات تسلسلية","shift reduce parser","محلل التحول والاختزال","محلل التحويل والتقليص","true","true","false","true","false","false","false","false","false","true","false","false","true","false","false","false","false","false","false","false"
"36BTXXLZ3CM6KO3ZDQUKMD39IVVR4I","3MRHU5294N3O7KAE1TUQJOAS6HI2AD","Ranking the Quality of AI Terminology Translation from English to Arabic","In this task, you will compare the quality of translations for scientific terms generated by two different methods. The input will include an English term, a context paragraph where the term is used, and its translations in Arabic.","Translation, AI Terminology, Multilingual, Ranking","$0.01","Fri Dec 06 03:36:21 PST 2024","5","BatchId:5277380;OriginalHitTemplateId:928390912;","3600","3600","Fri Dec 13 03:36:21 PST 2024","","","345LHZDEDF6G44A688P763UHR093U5","A3Q32FL0WWF4KZ","Approved","Fri Dec 06 03:37:29 PST 2024","Fri Dec 06 04:18:11 PST 2024","Fri Dec 06 05:18:11 PST 2024","Fri Dec 06 05:18:35 PST 2024","","","2442","100% (40/40)","100% (40/40)","100% (40/40)","segmentation mask","قناع التجزئة","قناع التقسيم","semantic object","كائن دلالي","الكائن الدلالي","sentence classification","تصنيف الجملة","تصنيف الجمل","sequential datum","البيانات المتسلسلة","بيانات تسلسلية","shift reduce parser","محلل التحول والاختزال","محلل التحويل والتقليص","true","true","false","true","false","false","false","false","false","true","false","false","true","false","false","false","false","false","false","false"
"36BTXXLZ3CM6KO3ZDQUKMD39IVVR4I","3MRHU5294N3O7KAE1TUQJOAS6HI2AD","Ranking the Quality of AI Terminology Translation from English to Arabic","In this task, you will compare the quality of translations for scientific terms generated by two different methods. The input will include an English term, a context paragraph where the term is used, and its translations in Arabic.","Translation, AI Terminology, Multilingual, Ranking","$0.01","Fri Dec 06 03:36:21 PST 2024","5","BatchId:5277380;OriginalHitTemplateId:928390912;","3600","3600","Fri Dec 13 03:36:21 PST 2024","","","3R08VXYT7U9BXR0Y5K7Y18RUHKKW7K","A2DAZGA8XO0RQ6","Approved","Fri Dec 06 05:37:37 PST 2024","Fri Dec 06 05:42:40 PST 2024","Fri Dec 06 06:42:40 PST 2024","Fri Dec 06 06:43:35 PST 2024","","","303","100% (12/12)","100% (12/12)","100% (12/12)","segmentation mask","قناع التجزئة","قناع التقسيم","semantic object","كائن دلالي","الكائن الدلالي","sentence classification","تصنيف الجملة","تصنيف الجمل","sequential datum","البيانات المتسلسلة","بيانات تسلسلية","shift reduce parser","محلل التحول والاختزال","محلل التحويل والتقليص","false","false","false","false","false","true","false","false","false","true","false","true","false","true","false","false","false","true","false","false"
"3QGHA0EA10EVDJ5URZEDHQHWK2RWBW","3MRHU5294N3O7KAE1TUQJOAS6HI2AD","Ranking the Quality of AI Terminology Translation from English to Arabic","In this task, you will compare the quality of translations for scientific terms generated by two different methods. The input will include an English term, a context paragraph where the term is used, and its translations in Arabic.","Translation, AI Terminology, Multilingual, Ranking","$0.01","Fri Dec 06 03:36:21 PST 2024","5","BatchId:5277380;OriginalHitTemplateId:928390912;","3600","3600","Fri Dec 13 03:36:21 PST 2024","","","36V4Q8R5Z2EPYXBZXHAHS16YO6JQM2","A39PWDRYNY2WM0","Approved","Fri Dec 06 03:37:22 PST 2024","Fri Dec 06 04:09:07 PST 2024","Fri Dec 06 05:09:07 PST 2024","Fri Dec 06 05:09:35 PST 2024","","","1905","100% (55/55)","100% (55/55)","100% (55/55)","shortest path algorithm","خوارزمية المسار الأقصر","خوارزمية أقصر مسار","sim","التشابه","تشابه","speech synthesis model","نموذج توليف الكلام","نموذج توليد الكلام","squared Euclidean distance","المسافة الإقليدية التربيعية","المسافة الإقليدية المربعة","stance detection","الكشف عن الموقف","كشف الموقف","true","true","false","false","true","false","false","true","true","false","false","false","false","false","false","false","false","false","false","false"
"3QGHA0EA10EVDJ5URZEDHQHWK2RWBW","3MRHU5294N3O7KAE1TUQJOAS6HI2AD","Ranking the Quality of AI Terminology Translation from English to Arabic","In this task, you will compare the quality of translations for scientific terms generated by two different methods. The input will include an English term, a context paragraph where the term is used, and its translations in Arabic.","Translation, AI Terminology, Multilingual, Ranking","$0.01","Fri Dec 06 03:36:21 PST 2024","5","BatchId:5277380;OriginalHitTemplateId:928390912;","3600","3600","Fri Dec 13 03:36:21 PST 2024","","","3018Q3ZVO04O8XHADT9CO0L3QBVRAJ","A38SYZRVLTMOFG","Approved","Fri Dec 06 04:37:20 PST 2024","Fri Dec 06 05:11:21 PST 2024","Fri Dec 06 06:11:21 PST 2024","Fri Dec 06 06:11:35 PST 2024","","","2041","100% (49/49)","100% (49/49)","100% (49/49)","shortest path algorithm","خوارزمية المسار الأقصر","خوارزمية أقصر مسار","sim","التشابه","تشابه","speech synthesis model","نموذج توليف الكلام","نموذج توليد الكلام","squared Euclidean distance","المسافة الإقليدية التربيعية","المسافة الإقليدية المربعة","stance detection","الكشف عن الموقف","كشف الموقف","true","true","false","false","true","false","false","true","true","false","false","false","false","false","false","false","false","false","false","false"
"3QGHA0EA10EVDJ5URZEDHQHWK2RWBW","3MRHU5294N3O7KAE1TUQJOAS6HI2AD","Ranking the Quality of AI Terminology Translation from English to Arabic","In this task, you will compare the quality of translations for scientific terms generated by two different methods. The input will include an English term, a context paragraph where the term is used, and its translations in Arabic.","Translation, AI Terminology, Multilingual, Ranking","$0.01","Fri Dec 06 03:36:21 PST 2024","5","BatchId:5277380;OriginalHitTemplateId:928390912;","3600","3600","Fri Dec 13 03:36:21 PST 2024","","","32VNZTT0API9681T4SZLBXZ3Y104RM","A3HSZ9YLOBCCPR","Approved","Fri Dec 06 04:37:14 PST 2024","Fri Dec 06 05:21:15 PST 2024","Fri Dec 06 06:21:15 PST 2024","Fri Dec 06 06:21:35 PST 2024","","","2641","100% (39/39)","100% (39/39)","100% (39/39)","shortest path algorithm","خوارزمية المسار الأقصر","خوارزمية أقصر مسار","sim","التشابه","تشابه","speech synthesis model","نموذج توليف الكلام","نموذج توليد الكلام","squared Euclidean distance","المسافة الإقليدية التربيعية","المسافة الإقليدية المربعة","stance detection","الكشف عن الموقف","كشف الموقف","true","true","false","true","true","false","false","false","false","false","false","false","true","false","false","false","false","false","false","false"
"3QGHA0EA10EVDJ5URZEDHQHWK2RWBW","3MRHU5294N3O7KAE1TUQJOAS6HI2AD","Ranking the Quality of AI Terminology Translation from English to Arabic","In this task, you will compare the quality of translations for scientific terms generated by two different methods. The input will include an English term, a context paragraph where the term is used, and its translations in Arabic.","Translation, AI Terminology, Multilingual, Ranking","$0.01","Fri Dec 06 03:36:21 PST 2024","5","BatchId:5277380;OriginalHitTemplateId:928390912;","3600","3600","Fri Dec 13 03:36:21 PST 2024","","","39KFRKBFI59M72NX176OXRY5IGLYO0","A2MZEUP2ECO1AI","Approved","Fri Dec 06 04:37:39 PST 2024","Fri Dec 06 05:28:11 PST 2024","Fri Dec 06 06:28:11 PST 2024","Fri Dec 06 06:28:35 PST 2024","","","3032","100% (34/34)","100% (34/34)","100% (34/34)","shortest path algorithm","خوارزمية المسار الأقصر","خوارزمية أقصر مسار","sim","التشابه","تشابه","speech synthesis model","نموذج توليف الكلام","نموذج توليد الكلام","squared Euclidean distance","المسافة الإقليدية التربيعية","المسافة الإقليدية المربعة","stance detection","الكشف عن الموقف","كشف الموقف","true","true","false","true","false","false","false","false","false","true","false","false","true","false","false","false","false","false","false","false"
"3QGHA0EA10EVDJ5URZEDHQHWK2RWBW","3MRHU5294N3O7KAE1TUQJOAS6HI2AD","Ranking the Quality of AI Terminology Translation from English to Arabic","In this task, you will compare the quality of translations for scientific terms generated by two different methods. The input will include an English term, a context paragraph where the term is used, and its translations in Arabic.","Translation, AI Terminology, Multilingual, Ranking","$0.01","Fri Dec 06 03:36:21 PST 2024","5","BatchId:5277380;OriginalHitTemplateId:928390912;","3600","3600","Fri Dec 13 03:36:21 PST 2024","","","3GA6AFUKO62BZI4M89I8NO5RXUF3HG","A1XD6THGBT1T9T","Approved","Fri Dec 06 05:29:34 PST 2024","Fri Dec 06 05:55:39 PST 2024","Fri Dec 06 06:55:39 PST 2024","Fri Dec 06 06:56:35 PST 2024","","","1565","100% (43/43)","100% (43/43)","100% (42/42)","shortest path algorithm","خوارزمية المسار الأقصر","خوارزمية أقصر مسار","sim","التشابه","تشابه","speech synthesis model","نموذج توليف الكلام","نموذج توليد الكلام","squared Euclidean distance","المسافة الإقليدية التربيعية","المسافة الإقليدية المربعة","stance detection","الكشف عن الموقف","كشف الموقف","true","true","false","true","true","false","false","true","false","false","false","false","false","false","false","false","false","false","false","false"
"3OB6JN3AA73MOES5JUUG87K94MGMR8","3MRHU5294N3O7KAE1TUQJOAS6HI2AD","Ranking the Quality of AI Terminology Translation from English to Arabic","In this task, you will compare the quality of translations for scientific terms generated by two different methods. The input will include an English term, a context paragraph where the term is used, and its translations in Arabic.","Translation, AI Terminology, Multilingual, Ranking","$0.01","Fri Dec 06 03:36:21 PST 2024","5","BatchId:5277380;OriginalHitTemplateId:928390912;","3600","3600","Fri Dec 13 03:36:21 PST 2024","","","3SKRO2GZ7J56R5RFRQ7MCN6MRPX1KE","A11BQAB549UAEG","Approved","Fri Dec 06 03:37:36 PST 2024","Fri Dec 06 03:40:40 PST 2024","Fri Dec 06 04:40:40 PST 2024","Fri Dec 06 04:41:35 PST 2024","","","184","100% (14/14)","100% (14/14)","100% (14/14)","stochastic environment","بيئة عشوائية","البيئة العشوائية","stochastic policy","سياسة عشوائية","السياسة العشوائية","stop-gradient operation","عملية توقف التدرج","عملية إيقاف التدرج","stopping condition","شرط التوقف","شرط الإيقاف","structured prediction","التنبؤ المهيكل","التنبؤ المنظم","false","false","false","false","false","true","false","true","false","true","false","false","false","true","false","false","true","false","false","false"
"3OB6JN3AA73MOES5JUUG87K94MGMR8","3MRHU5294N3O7KAE1TUQJOAS6HI2AD","Ranking the Quality of AI Terminology Translation from English to Arabic","In this task, you will compare the quality of translations for scientific terms generated by two different methods. The input will include an English term, a context paragraph where the term is used, and its translations in Arabic.","Translation, AI Terminology, Multilingual, Ranking","$0.01","Fri Dec 06 03:36:21 PST 2024","5","BatchId:5277380;OriginalHitTemplateId:928390912;","3600","3600","Fri Dec 13 03:36:21 PST 2024","","","39GHHAVOMX5S8KIGWNQC96DCOK74JV","A21X87H2GCSME0","Approved","Fri Dec 06 03:37:43 PST 2024","Fri Dec 06 03:43:48 PST 2024","Fri Dec 06 04:43:48 PST 2024","Fri Dec 06 04:44:35 PST 2024","","","365","100% (9/9)","100% (9/9)","100% (9/9)","stochastic environment","بيئة عشوائية","البيئة العشوائية","stochastic policy","سياسة عشوائية","السياسة العشوائية","stop-gradient operation","عملية توقف التدرج","عملية إيقاف التدرج","stopping condition","شرط التوقف","شرط الإيقاف","structured prediction","التنبؤ المهيكل","التنبؤ المنظم","false","false","false","false","false","false","false","false","false","false","false","true","false","false","true","false","false","true","true","false"
"3OB6JN3AA73MOES5JUUG87K94MGMR8","3MRHU5294N3O7KAE1TUQJOAS6HI2AD","Ranking the Quality of AI Terminology Translation from English to Arabic","In this task, you will compare the quality of translations for scientific terms generated by two different methods. The input will include an English term, a context paragraph where the term is used, and its translations in Arabic.","Translation, AI Terminology, Multilingual, Ranking","$0.01","Fri Dec 06 03:36:21 PST 2024","5","BatchId:5277380;OriginalHitTemplateId:928390912;","3600","3600","Fri Dec 13 03:36:21 PST 2024","","","3IJXV6UZ1FX3EF08PH1P5Y9M3J1IRF","A39PWDRYNY2WM0","Approved","Fri Dec 06 03:37:16 PST 2024","Fri Dec 06 04:08:46 PST 2024","Fri Dec 06 05:08:46 PST 2024","Fri Dec 06 05:09:35 PST 2024","","","1890","100% (55/55)","100% (55/55)","100% (55/55)","stochastic environment","بيئة عشوائية","البيئة العشوائية","stochastic policy","سياسة عشوائية","السياسة العشوائية","stop-gradient operation","عملية توقف التدرج","عملية إيقاف التدرج","stopping condition","شرط التوقف","شرط الإيقاف","structured prediction","التنبؤ المهيكل","التنبؤ المنظم","true","true","false","true","false","false","false","false","false","true","false","false","true","false","false","false","false","false","false","false"
"3OB6JN3AA73MOES5JUUG87K94MGMR8","3MRHU5294N3O7KAE1TUQJOAS6HI2AD","Ranking the Quality of AI Terminology Translation from English to Arabic","In this task, you will compare the quality of translations for scientific terms generated by two different methods. The input will include an English term, a context paragraph where the term is used, and its translations in Arabic.","Translation, AI Terminology, Multilingual, Ranking","$0.01","Fri Dec 06 03:36:21 PST 2024","5","BatchId:5277380;OriginalHitTemplateId:928390912;","3600","3600","Fri Dec 13 03:36:21 PST 2024","","","3JZQSN0I38OSFYP48Y1S3XINLIYGFQ","A3OAFR48DADAOM","Approved","Fri Dec 06 03:37:11 PST 2024","Fri Dec 06 04:15:11 PST 2024","Fri Dec 06 05:15:11 PST 2024","Fri Dec 06 05:15:35 PST 2024","","","2280","100% (41/41)","100% (41/41)","100% (41/41)","stochastic environment","بيئة عشوائية","البيئة العشوائية","stochastic policy","سياسة عشوائية","السياسة العشوائية","stop-gradient operation","عملية توقف التدرج","عملية إيقاف التدرج","stopping condition","شرط التوقف","شرط الإيقاف","structured prediction","التنبؤ المهيكل","التنبؤ المنظم","true","true","false","true","false","false","false","false","false","true","false","false","true","false","false","false","false","false","false","false"
"3OB6JN3AA73MOES5JUUG87K94MGMR8","3MRHU5294N3O7KAE1TUQJOAS6HI2AD","Ranking the Quality of AI Terminology Translation from English to Arabic","In this task, you will compare the quality of translations for scientific terms generated by two different methods. The input will include an English term, a context paragraph where the term is used, and its translations in Arabic.","Translation, AI Terminology, Multilingual, Ranking","$0.01","Fri Dec 06 03:36:21 PST 2024","5","BatchId:5277380;OriginalHitTemplateId:928390912;","3600","3600","Fri Dec 13 03:36:21 PST 2024","","","31EUONYN2DH538SSWWJ4QSUB0YDOV9","A35H5DUMZH86PC","Approved","Fri Dec 06 04:37:56 PST 2024","Fri Dec 06 05:17:00 PST 2024","Fri Dec 06 06:17:00 PST 2024","Fri Dec 06 06:17:35 PST 2024","","","2344","100% (40/40)","100% (40/40)","100% (40/40)","stochastic environment","بيئة عشوائية","البيئة العشوائية","stochastic policy","سياسة عشوائية","السياسة العشوائية","stop-gradient operation","عملية توقف التدرج","عملية إيقاف التدرج","stopping condition","شرط التوقف","شرط الإيقاف","structured prediction","التنبؤ المهيكل","التنبؤ المنظم","true","true","false","true","false","false","false","false","false","true","false","false","true","false","false","false","false","false","false","false"
"34XASH8KM701C1CQ62QR3CKU34SPMJ","3MRHU5294N3O7KAE1TUQJOAS6HI2AD","Ranking the Quality of AI Terminology Translation from English to Arabic","In this task, you will compare the quality of translations for scientific terms generated by two different methods. The input will include an English term, a context paragraph where the term is used, and its translations in Arabic.","Translation, AI Terminology, Multilingual, Ranking","$0.01","Fri Dec 06 03:36:21 PST 2024","5","BatchId:5277380;OriginalHitTemplateId:928390912;","3600","3600","Fri Dec 13 03:36:21 PST 2024","","","3XCC1ODXD3PGVDOR2P6YE008UTIQRQ","A38SYZRVLTMOFG","Approved","Fri Dec 06 03:37:24 PST 2024","Fri Dec 06 04:01:58 PST 2024","Fri Dec 06 05:01:58 PST 2024","Fri Dec 06 05:02:35 PST 2024","","","1474","100% (49/49)","100% (49/49)","100% (49/49)","suffix tree","شجرة اللاحقة","شجرة اللاحقات","symbolic representation","التمثيل الرمزي","تمثيل رمزي","syntactic parse","التحليل النحوي","تحليل نحوي","synthetic dataset","مجموعة بيانات اصطناعية","مجموعة بيانات صناعية","temperature scaling","تحجيم درجة الحرارة","تعديل درجة الحرارة","false","true","true","true","false","true","false","false","false","false","false","false","false","false","true","false","false","false","false","false"
"34XASH8KM701C1CQ62QR3CKU34SPMJ","3MRHU5294N3O7KAE1TUQJOAS6HI2AD","Ranking the Quality of AI Terminology Translation from English to Arabic","In this task, you will compare the quality of translations for scientific terms generated by two different methods. The input will include an English term, a context paragraph where the term is used, and its translations in Arabic.","Translation, AI Terminology, Multilingual, Ranking","$0.01","Fri Dec 06 03:36:21 PST 2024","5","BatchId:5277380;OriginalHitTemplateId:928390912;","3600","3600","Fri Dec 13 03:36:21 PST 2024","","","34FNN24DC4N0ZSHFWSAPOLYE1KAY5N","A1U6UPXOFCXR24","Approved","Fri Dec 06 03:37:22 PST 2024","Fri Dec 06 04:27:24 PST 2024","Fri Dec 06 05:27:24 PST 2024","Fri Dec 06 05:27:35 PST 2024","","","3002","100% (17/17)","100% (17/17)","100% (17/17)","suffix tree","شجرة اللاحقة","شجرة اللاحقات","symbolic representation","التمثيل الرمزي","تمثيل رمزي","syntactic parse","التحليل النحوي","تحليل نحوي","synthetic dataset","مجموعة بيانات اصطناعية","مجموعة بيانات صناعية","temperature scaling","تحجيم درجة الحرارة","تعديل درجة الحرارة","true","true","true","true","false","false","false","false","false","true","false","false","false","false","false","false","false","false","false","false"
"34XASH8KM701C1CQ62QR3CKU34SPMJ","3MRHU5294N3O7KAE1TUQJOAS6HI2AD","Ranking the Quality of AI Terminology Translation from English to Arabic","In this task, you will compare the quality of translations for scientific terms generated by two different methods. The input will include an English term, a context paragraph where the term is used, and its translations in Arabic.","Translation, AI Terminology, Multilingual, Ranking","$0.01","Fri Dec 06 03:36:21 PST 2024","5","BatchId:5277380;OriginalHitTemplateId:928390912;","3600","3600","Fri Dec 13 03:36:21 PST 2024","","","3MD9PLUKK0S4U7XQWE8UW972YZEZN5","A2YVLMI4PRDECY","Approved","Fri Dec 06 03:37:43 PST 2024","Fri Dec 06 04:37:29 PST 2024","Fri Dec 06 05:37:29 PST 2024","Fri Dec 06 05:37:35 PST 2024","","","3586","100% (32/32)","100% (32/32)","100% (32/32)","suffix tree","شجرة اللاحقة","شجرة اللاحقات","symbolic representation","التمثيل الرمزي","تمثيل رمزي","syntactic parse","التحليل النحوي","تحليل نحوي","synthetic dataset","مجموعة بيانات اصطناعية","مجموعة بيانات صناعية","temperature scaling","تحجيم درجة الحرارة","تعديل درجة الحرارة","false","true","true","true","false","true","false","false","false","false","false","false","false","false","true","false","false","false","false","false"
"34XASH8KM701C1CQ62QR3CKU34SPMJ","3MRHU5294N3O7KAE1TUQJOAS6HI2AD","Ranking the Quality of AI Terminology Translation from English to Arabic","In this task, you will compare the quality of translations for scientific terms generated by two different methods. The input will include an English term, a context paragraph where the term is used, and its translations in Arabic.","Translation, AI Terminology, Multilingual, Ranking","$0.01","Fri Dec 06 03:36:21 PST 2024","5","BatchId:5277380;OriginalHitTemplateId:928390912;","3600","3600","Fri Dec 13 03:36:21 PST 2024","","","3E4GGUZ1TQ5DGQ9BAU70H6GRJWHK2M","A3Q32FL0WWF4KZ","Approved","Fri Dec 06 04:37:58 PST 2024","Fri Dec 06 05:14:17 PST 2024","Fri Dec 06 06:14:17 PST 2024","Fri Dec 06 06:14:35 PST 2024","","","2179","100% (40/40)","100% (40/40)","100% (40/40)","suffix tree","شجرة اللاحقة","شجرة اللاحقات","symbolic representation","التمثيل الرمزي","تمثيل رمزي","syntactic parse","التحليل النحوي","تحليل نحوي","synthetic dataset","مجموعة بيانات اصطناعية","مجموعة بيانات صناعية","temperature scaling","تحجيم درجة الحرارة","تعديل درجة الحرارة","true","true","true","false","false","false","false","false","true","false","false","false","false","false","true","false","false","false","false","false"
"34XASH8KM701C1CQ62QR3CKU34SPMJ","3MRHU5294N3O7KAE1TUQJOAS6HI2AD","Ranking the Quality of AI Terminology Translation from English to Arabic","In this task, you will compare the quality of translations for scientific terms generated by two different methods. The input will include an English term, a context paragraph where the term is used, and its translations in Arabic.","Translation, AI Terminology, Multilingual, Ranking","$0.01","Fri Dec 06 03:36:21 PST 2024","5","BatchId:5277380;OriginalHitTemplateId:928390912;","3600","3600","Fri Dec 13 03:36:21 PST 2024","","","3OVR4I9US7X9U7MTRDAL67PY2F54QS","A3HSZ9YLOBCCPR","Approved","Fri Dec 06 04:45:21 PST 2024","Fri Dec 06 05:27:17 PST 2024","Fri Dec 06 06:27:17 PST 2024","Fri Dec 06 06:27:35 PST 2024","","","2516","100% (39/39)","100% (39/39)","100% (39/39)","suffix tree","شجرة اللاحقة","شجرة اللاحقات","symbolic representation","التمثيل الرمزي","تمثيل رمزي","syntactic parse","التحليل النحوي","تحليل نحوي","synthetic dataset","مجموعة بيانات اصطناعية","مجموعة بيانات صناعية","temperature scaling","تحجيم درجة الحرارة","تعديل درجة الحرارة","true","true","true","true","false","false","false","false","false","true","false","false","false","false","false","false","false","false","false","false"
"3R5OYNIC3TN5PW2AFZR3PQFMXCOTPO","3MRHU5294N3O7KAE1TUQJOAS6HI2AD","Ranking the Quality of AI Terminology Translation from English to Arabic","In this task, you will compare the quality of translations for scientific terms generated by two different methods. The input will include an English term, a context paragraph where the term is used, and its translations in Arabic.","Translation, AI Terminology, Multilingual, Ranking","$0.01","Fri Dec 06 03:36:21 PST 2024","5","BatchId:5277380;OriginalHitTemplateId:928390912;","3600","3600","Fri Dec 13 03:36:21 PST 2024","","","3PB5A5BD0DKF05AYQF3GF556NUF7GD","A1XD6THGBT1T9T","Approved","Fri Dec 06 03:36:56 PST 2024","Fri Dec 06 03:46:41 PST 2024","Fri Dec 06 04:46:41 PST 2024","Fri Dec 06 04:47:35 PST 2024","","","585","100% (43/43)","100% (43/43)","100% (42/42)","text embedding","تضمين النص","تمثيل نصي","text simplification","تبسيط النص","تبسيط النصوص","token-level","مستوى الرمز المميز","مستوى الرموز","topic proportion","نسبة الموضوعات","نسبة الموضوع","topic weight","وزن الموضوعات","وزن الموضوع","true","false","false","false","false","false","true","false","false","false","false","false","true","true","true","false","false","false","false","false"
"3R5OYNIC3TN5PW2AFZR3PQFMXCOTPO","3MRHU5294N3O7KAE1TUQJOAS6HI2AD","Ranking the Quality of AI Terminology Translation from English to Arabic","In this task, you will compare the quality of translations for scientific terms generated by two different methods. The input will include an English term, a context paragraph where the term is used, and its translations in Arabic.","Translation, AI Terminology, Multilingual, Ranking","$0.01","Fri Dec 06 03:36:21 PST 2024","5","BatchId:5277380;OriginalHitTemplateId:928390912;","3600","3600","Fri Dec 13 03:36:21 PST 2024","","","3JWH6J9I9AR8C9UAQ0SRAR0Z7WSNBN","A3OAFR48DADAOM","Approved","Fri Dec 06 03:37:13 PST 2024","Fri Dec 06 04:15:50 PST 2024","Fri Dec 06 05:15:50 PST 2024","Fri Dec 06 05:16:35 PST 2024","","","2317","100% (41/41)","100% (41/41)","100% (41/41)","text embedding","تضمين النص","تمثيل نصي","text simplification","تبسيط النص","تبسيط النصوص","token-level","مستوى الرمز المميز","مستوى الرموز","topic proportion","نسبة الموضوعات","نسبة الموضوع","topic weight","وزن الموضوعات","وزن الموضوع","true","true","false","false","true","false","false","false","false","false","false","false","true","true","false","false","false","false","false","false"
"3R5OYNIC3TN5PW2AFZR3PQFMXCOTPO","3MRHU5294N3O7KAE1TUQJOAS6HI2AD","Ranking the Quality of AI Terminology Translation from English to Arabic","In this task, you will compare the quality of translations for scientific terms generated by two different methods. The input will include an English term, a context paragraph where the term is used, and its translations in Arabic.","Translation, AI Terminology, Multilingual, Ranking","$0.01","Fri Dec 06 03:36:21 PST 2024","5","BatchId:5277380;OriginalHitTemplateId:928390912;","3600","3600","Fri Dec 13 03:36:21 PST 2024","","","30LB5CDZNUO19B5JV86WLXBPQ640ZW","A3HSZ9YLOBCCPR","Approved","Fri Dec 06 03:37:26 PST 2024","Fri Dec 06 04:16:28 PST 2024","Fri Dec 06 05:16:28 PST 2024","Fri Dec 06 05:16:35 PST 2024","","","2342","100% (39/39)","100% (39/39)","100% (39/39)","text embedding","تضمين النص","تمثيل نصي","text simplification","تبسيط النص","تبسيط النصوص","token-level","مستوى الرمز المميز","مستوى الرموز","topic proportion","نسبة الموضوعات","نسبة الموضوع","topic weight","وزن الموضوعات","وزن الموضوع","false","false","false","false","true","true","true","false","true","false","false","false","true","false","false","false","false","false","false","false"
"3R5OYNIC3TN5PW2AFZR3PQFMXCOTPO","3MRHU5294N3O7KAE1TUQJOAS6HI2AD","Ranking the Quality of AI Terminology Translation from English to Arabic","In this task, you will compare the quality of translations for scientific terms generated by two different methods. The input will include an English term, a context paragraph where the term is used, and its translations in Arabic.","Translation, AI Terminology, Multilingual, Ranking","$0.01","Fri Dec 06 03:36:21 PST 2024","5","BatchId:5277380;OriginalHitTemplateId:928390912;","3600","3600","Fri Dec 13 03:36:21 PST 2024","","","37ZHEEHM6E0E6TYAV0WWWBGXJPB736","A11JXYZDAUX0UP","Approved","Fri Dec 06 04:38:24 PST 2024","Fri Dec 06 05:34:26 PST 2024","Fri Dec 06 06:34:26 PST 2024","Fri Dec 06 06:34:35 PST 2024","","","3362","100% (1186/1186)","100% (1186/1186)","100% (1184/1184)","text embedding","تضمين النص","تمثيل نصي","text simplification","تبسيط النص","تبسيط النصوص","token-level","مستوى الرمز المميز","مستوى الرموز","topic proportion","نسبة الموضوعات","نسبة الموضوع","topic weight","وزن الموضوعات","وزن الموضوع","false","true","false","false","true","false","false","false","false","false","true","false","true","true","false","false","false","false","false","false"
"3R5OYNIC3TN5PW2AFZR3PQFMXCOTPO","3MRHU5294N3O7KAE1TUQJOAS6HI2AD","Ranking the Quality of AI Terminology Translation from English to Arabic","In this task, you will compare the quality of translations for scientific terms generated by two different methods. The input will include an English term, a context paragraph where the term is used, and its translations in Arabic.","Translation, AI Terminology, Multilingual, Ranking","$0.01","Fri Dec 06 03:36:21 PST 2024","5","BatchId:5277380;OriginalHitTemplateId:928390912;","3600","3600","Fri Dec 13 03:36:21 PST 2024","","","3UN61F00HE3R2R5TIXIVGP5HYXVR5E","A2DAZGA8XO0RQ6","Approved","Fri Dec 06 05:38:11 PST 2024","Fri Dec 06 05:57:32 PST 2024","Fri Dec 06 06:57:32 PST 2024","Fri Dec 06 06:57:35 PST 2024","","","1161","100% (12/12)","100% (12/12)","100% (12/12)","text embedding","تضمين النص","تمثيل نصي","text simplification","تبسيط النص","تبسيط النصوص","token-level","مستوى الرمز المميز","مستوى الرموز","topic proportion","نسبة الموضوعات","نسبة الموضوع","topic weight","وزن الموضوعات","وزن الموضوع","false","false","false","false","false","false","false","true","false","false","true","true","false","false","true","false","false","false","true","false"
"359AP8GAHXYZX9WZXR2W0UOX9WIC7H","3MRHU5294N3O7KAE1TUQJOAS6HI2AD","Ranking the Quality of AI Terminology Translation from English to Arabic","In this task, you will compare the quality of translations for scientific terms generated by two different methods. The input will include an English term, a context paragraph where the term is used, and its translations in Arabic.","Translation, AI Terminology, Multilingual, Ranking","$0.01","Fri Dec 06 03:36:21 PST 2024","5","BatchId:5277380;OriginalHitTemplateId:928390912;","3600","3600","Fri Dec 13 03:36:21 PST 2024","","","3PJ71Z61RMGMA98ONTGXMES6GVL19K","A11BQAB549UAEG","Approved","Fri Dec 06 03:37:31 PST 2024","Fri Dec 06 03:40:26 PST 2024","Fri Dec 06 04:40:26 PST 2024","Fri Dec 06 04:40:35 PST 2024","","","175","100% (14/14)","100% (14/14)","100% (14/14)","toxicity detection","اكتشاف السمية","كشف السمية","train / test / dev split","تقسيم التدريب / الاختبار / التحقق","تقسيم التدريب / الاختبار / التطوير","training procedure","إجراءات التدريب","إجراء التدريب","training task","مهمة تدريب","مهمة التدريب","training token","توكن التدريب","رمز التدريب","false","false","false","false","false","true","false","true","false","false","false","true","false","true","true","false","false","false","false","false"
"359AP8GAHXYZX9WZXR2W0UOX9WIC7H","3MRHU5294N3O7KAE1TUQJOAS6HI2AD","Ranking the Quality of AI Terminology Translation from English to Arabic","In this task, you will compare the quality of translations for scientific terms generated by two different methods. The input will include an English term, a context paragraph where the term is used, and its translations in Arabic.","Translation, AI Terminology, Multilingual, Ranking","$0.01","Fri Dec 06 03:36:21 PST 2024","5","BatchId:5277380;OriginalHitTemplateId:928390912;","3600","3600","Fri Dec 13 03:36:21 PST 2024","","","3OHYZ19UGUJLBKPUL1S8U5GYFOCOA8","A1G4DX33KADZA3","Approved","Fri Dec 06 03:37:31 PST 2024","Fri Dec 06 03:41:44 PST 2024","Fri Dec 06 04:41:44 PST 2024","Fri Dec 06 04:42:35 PST 2024","","","253","100% (21/21)","100% (21/21)","100% (21/21)","toxicity detection","اكتشاف السمية","كشف السمية","train / test / dev split","تقسيم التدريب / الاختبار / التحقق","تقسيم التدريب / الاختبار / التطوير","training procedure","إجراءات التدريب","إجراء التدريب","training task","مهمة تدريب","مهمة التدريب","training token","توكن التدريب","رمز التدريب","false","false","false","false","false","false","false","false","false","false","false","false","true","true","false","false","true","false","false","true"
"359AP8GAHXYZX9WZXR2W0UOX9WIC7H","3MRHU5294N3O7KAE1TUQJOAS6HI2AD","Ranking the Quality of AI Terminology Translation from English to Arabic","In this task, you will compare the quality of translations for scientific terms generated by two different methods. The input will include an English term, a context paragraph where the term is used, and its translations in Arabic.","Translation, AI Terminology, Multilingual, Ranking","$0.01","Fri Dec 06 03:36:21 PST 2024","5","BatchId:5277380;OriginalHitTemplateId:928390912;","3600","3600","Fri Dec 13 03:36:21 PST 2024","","","3MTMREQS4DWTGTYWCNJIBZTKIQAWAR","A3Q32FL0WWF4KZ","Approved","Fri Dec 06 04:37:20 PST 2024","Fri Dec 06 05:13:29 PST 2024","Fri Dec 06 06:13:29 PST 2024","Fri Dec 06 06:13:35 PST 2024","","","2169","100% (40/40)","100% (40/40)","100% (40/40)","toxicity detection","اكتشاف السمية","كشف السمية","train / test / dev split","تقسيم التدريب / الاختبار / التحقق","تقسيم التدريب / الاختبار / التطوير","training procedure","إجراءات التدريب","إجراء التدريب","training task","مهمة تدريب","مهمة التدريب","training token","توكن التدريب","رمز التدريب","true","false","true","true","false","false","true","false","false","false","false","false","false","false","true","false","false","false","false","false"
"359AP8GAHXYZX9WZXR2W0UOX9WIC7H","3MRHU5294N3O7KAE1TUQJOAS6HI2AD","Ranking the Quality of AI Terminology Translation from English to Arabic","In this task, you will compare the quality of translations for scientific terms generated by two different methods. The input will include an English term, a context paragraph where the term is used, and its translations in Arabic.","Translation, AI Terminology, Multilingual, Ranking","$0.01","Fri Dec 06 03:36:21 PST 2024","5","BatchId:5277380;OriginalHitTemplateId:928390912;","3600","3600","Fri Dec 13 03:36:21 PST 2024","","","3R08VXYT7U9BXR0Y5K7Y18RUHI57WC","A2P8U65V6NL7B5","Approved","Fri Dec 06 04:37:16 PST 2024","Fri Dec 06 05:30:12 PST 2024","Fri Dec 06 06:30:12 PST 2024","Fri Dec 06 06:30:35 PST 2024","","","3176","100% (49/49)","100% (49/49)","100% (49/49)","toxicity detection","اكتشاف السمية","كشف السمية","train / test / dev split","تقسيم التدريب / الاختبار / التحقق","تقسيم التدريب / الاختبار / التطوير","training procedure","إجراءات التدريب","إجراء التدريب","training task","مهمة تدريب","مهمة التدريب","training token","توكن التدريب","رمز التدريب","true","true","false","true","false","false","false","true","false","true","false","false","false","false","false","false","false","false","false","false"
"359AP8GAHXYZX9WZXR2W0UOX9WIC7H","3MRHU5294N3O7KAE1TUQJOAS6HI2AD","Ranking the Quality of AI Terminology Translation from English to Arabic","In this task, you will compare the quality of translations for scientific terms generated by two different methods. The input will include an English term, a context paragraph where the term is used, and its translations in Arabic.","Translation, AI Terminology, Multilingual, Ranking","$0.01","Fri Dec 06 03:36:21 PST 2024","5","BatchId:5277380;OriginalHitTemplateId:928390912;","3600","3600","Fri Dec 13 03:36:21 PST 2024","","","3TVSS0C0EJEYVPX5INAZ64JC6G3WTM","A17XFP2W4ZWYAT","Approved","Fri Dec 06 05:38:32 PST 2024","Fri Dec 06 05:44:22 PST 2024","Fri Dec 06 06:44:22 PST 2024","Fri Dec 06 06:44:35 PST 2024","","","350","100% (2/2)","100% (2/2)","100% (2/2)","toxicity detection","اكتشاف السمية","كشف السمية","train / test / dev split","تقسيم التدريب / الاختبار / التحقق","تقسيم التدريب / الاختبار / التطوير","training procedure","إجراءات التدريب","إجراء التدريب","training task","مهمة تدريب","مهمة التدريب","training token","توكن التدريب","رمز التدريب","false","false","false","false","false","false","false","false","false","false","true","true","false","true","true","false","false","true","false","false"
"3X52SWXE1EJENOX05ZA8SANE2NRWC3","3MRHU5294N3O7KAE1TUQJOAS6HI2AD","Ranking the Quality of AI Terminology Translation from English to Arabic","In this task, you will compare the quality of translations for scientific terms generated by two different methods. The input will include an English term, a context paragraph where the term is used, and its translations in Arabic.","Translation, AI Terminology, Multilingual, Ranking","$0.01","Fri Dec 06 03:36:21 PST 2024","5","BatchId:5277380;OriginalHitTemplateId:928390912;","3600","3600","Fri Dec 13 03:36:21 PST 2024","","","3AZHRG4CUMY0OIYQA1BNHW6ABB4301","A2DBRVROZ9PMUM","Approved","Fri Dec 06 03:37:05 PST 2024","Fri Dec 06 03:37:49 PST 2024","Fri Dec 06 04:37:49 PST 2024","Fri Dec 06 04:38:35 PST 2024","","","44","100% (1/1)","100% (1/1)","100% (1/1)","trajectory forecasting","تنبؤ المسار","توقع المسار","unsupervised method","طريقة غير خاضعة للإشراف","الطريقة غير المراقبة","validation split","تقسيم التحقق من الصحة","تقسيم التحقق","vector space model","نموذج الفضاء المتجهي","نموذج فضاء المتجهات","vector space representation","تمثيل الفضاء المتجه","تمثيل فضاء المتجهات","false","true","false","false","true","true","false","false","false","false","false","false","false","true","false","false","false","true","false","false"
"3X52SWXE1EJENOX05ZA8SANE2NRWC3","3MRHU5294N3O7KAE1TUQJOAS6HI2AD","Ranking the Quality of AI Terminology Translation from English to Arabic","In this task, you will compare the quality of translations for scientific terms generated by two different methods. The input will include an English term, a context paragraph where the term is used, and its translations in Arabic.","Translation, AI Terminology, Multilingual, Ranking","$0.01","Fri Dec 06 03:36:21 PST 2024","5","BatchId:5277380;OriginalHitTemplateId:928390912;","3600","3600","Fri Dec 13 03:36:21 PST 2024","","","3I2PTA7R3B8U89BWC5X1DOEUZ1OKQR","A198MZX1B7ZOPY","Approved","Fri Dec 06 03:37:16 PST 2024","Fri Dec 06 03:44:41 PST 2024","Fri Dec 06 04:44:41 PST 2024","Fri Dec 06 04:45:35 PST 2024","","","445","100% (17/17)","100% (17/17)","100% (17/17)","trajectory forecasting","تنبؤ المسار","توقع المسار","unsupervised method","طريقة غير خاضعة للإشراف","الطريقة غير المراقبة","validation split","تقسيم التحقق من الصحة","تقسيم التحقق","vector space model","نموذج الفضاء المتجهي","نموذج فضاء المتجهات","vector space representation","تمثيل الفضاء المتجه","تمثيل فضاء المتجهات","false","true","false","true","false","true","false","true","false","true","false","false","false","false","false","false","false","false","false","false"
"3X52SWXE1EJENOX05ZA8SANE2NRWC3","3MRHU5294N3O7KAE1TUQJOAS6HI2AD","Ranking the Quality of AI Terminology Translation from English to Arabic","In this task, you will compare the quality of translations for scientific terms generated by two different methods. The input will include an English term, a context paragraph where the term is used, and its translations in Arabic.","Translation, AI Terminology, Multilingual, Ranking","$0.01","Fri Dec 06 03:36:21 PST 2024","5","BatchId:5277380;OriginalHitTemplateId:928390912;","3600","3600","Fri Dec 13 03:36:21 PST 2024","","","3RWE2M8QWZO7SMR0SKV2QA4GGSW0NF","AC4I7XU10MQXK","Approved","Fri Dec 06 03:37:21 PST 2024","Fri Dec 06 04:07:58 PST 2024","Fri Dec 06 05:07:58 PST 2024","Fri Dec 06 05:08:35 PST 2024","","","1837","100% (58/58)","100% (58/58)","100% (58/58)","trajectory forecasting","تنبؤ المسار","توقع المسار","unsupervised method","طريقة غير خاضعة للإشراف","الطريقة غير المراقبة","validation split","تقسيم التحقق من الصحة","تقسيم التحقق","vector space model","نموذج الفضاء المتجهي","نموذج فضاء المتجهات","vector space representation","تمثيل الفضاء المتجه","تمثيل فضاء المتجهات","true","false","true","false","false","false","true","false","false","false","false","false","false","true","true","false","false","false","false","false"
"3X52SWXE1EJENOX05ZA8SANE2NRWC3","3MRHU5294N3O7KAE1TUQJOAS6HI2AD","Ranking the Quality of AI Terminology Translation from English to Arabic","In this task, you will compare the quality of translations for scientific terms generated by two different methods. The input will include an English term, a context paragraph where the term is used, and its translations in Arabic.","Translation, AI Terminology, Multilingual, Ranking","$0.01","Fri Dec 06 03:36:21 PST 2024","5","BatchId:5277380;OriginalHitTemplateId:928390912;","3600","3600","Fri Dec 13 03:36:21 PST 2024","","","3137ONMDKYJ09KP8DNHMLFXN9HJEG6","A251BWQW2F81FT","Approved","Fri Dec 06 04:37:13 PST 2024","Fri Dec 06 04:58:13 PST 2024","Fri Dec 06 05:58:13 PST 2024","Fri Dec 06 05:58:35 PST 2024","","","1260","100% (31/31)","100% (31/31)","100% (31/31)","trajectory forecasting","تنبؤ المسار","توقع المسار","unsupervised method","طريقة غير خاضعة للإشراف","الطريقة غير المراقبة","validation split","تقسيم التحقق من الصحة","تقسيم التحقق","vector space model","نموذج الفضاء المتجهي","نموذج فضاء المتجهات","vector space representation","تمثيل الفضاء المتجه","تمثيل فضاء المتجهات","false","true","false","true","true","false","false","true","false","false","true","false","false","false","false","false","false","false","false","false"
"3X52SWXE1EJENOX05ZA8SANE2NRWC3","3MRHU5294N3O7KAE1TUQJOAS6HI2AD","Ranking the Quality of AI Terminology Translation from English to Arabic","In this task, you will compare the quality of translations for scientific terms generated by two different methods. The input will include an English term, a context paragraph where the term is used, and its translations in Arabic.","Translation, AI Terminology, Multilingual, Ranking","$0.01","Fri Dec 06 03:36:21 PST 2024","5","BatchId:5277380;OriginalHitTemplateId:928390912;","3600","3600","Fri Dec 13 03:36:21 PST 2024","","","3SKRO2GZ7J56R5RFRQ7MCN6MRQ3K15","A2D6SB3TU1NYQ7","Approved","Fri Dec 06 04:37:58 PST 2024","Fri Dec 06 05:01:41 PST 2024","Fri Dec 06 06:01:41 PST 2024","Fri Dec 06 06:02:35 PST 2024","","","1423","100% (45/45)","100% (45/45)","100% (45/45)","trajectory forecasting","تنبؤ المسار","توقع المسار","unsupervised method","طريقة غير خاضعة للإشراف","الطريقة غير المراقبة","validation split","تقسيم التحقق من الصحة","تقسيم التحقق","vector space model","نموذج الفضاء المتجهي","نموذج فضاء المتجهات","vector space representation","تمثيل الفضاء المتجه","تمثيل فضاء المتجهات","true","true","false","false","true","false","false","true","false","false","false","false","false","true","false","false","false","false","false","false"
"3MQKOF1EFJ2OSG3E5V5JCG5WNN3WD3","3MRHU5294N3O7KAE1TUQJOAS6HI2AD","Ranking the Quality of AI Terminology Translation from English to Arabic","In this task, you will compare the quality of translations for scientific terms generated by two different methods. The input will include an English term, a context paragraph where the term is used, and its translations in Arabic.","Translation, AI Terminology, Multilingual, Ranking","$0.01","Fri Dec 06 03:36:21 PST 2024","5","BatchId:5277380;OriginalHitTemplateId:928390912;","3600","3600","Fri Dec 13 03:36:21 PST 2024","","","33PPO7FECDT9D5H37G6509SIOIADI4","A11BQAB549UAEG","Approved","Fri Dec 06 03:37:09 PST 2024","Fri Dec 06 03:38:19 PST 2024","Fri Dec 06 04:38:19 PST 2024","Fri Dec 06 04:38:35 PST 2024","","","70","100% (14/14)","100% (14/14)","100% (14/14)","voxel-based representation","تمثيل قائم على فوكسل","تمثيل قائم على الفوكسل","zero-shot learning","التعلم بدون أمثلة سابقة","التعلم بدون أمثلة","3D object detection","الكشف عن الأجسام ثلاثية الأبعاد","كشف الأجسام ثلاثية الأبعاد","Baseline","خط الأساس","الأساس","Bayesian method","الأساليب البايزية","الطريقة البايزية","false","false","false","false","false","true","false","true","true","false","false","true","false","false","true","false","false","false","false","false"
"3MQKOF1EFJ2OSG3E5V5JCG5WNN3WD3","3MRHU5294N3O7KAE1TUQJOAS6HI2AD","Ranking the Quality of AI Terminology Translation from English to Arabic","In this task, you will compare the quality of translations for scientific terms generated by two different methods. The input will include an English term, a context paragraph where the term is used, and its translations in Arabic.","Translation, AI Terminology, Multilingual, Ranking","$0.01","Fri Dec 06 03:36:21 PST 2024","5","BatchId:5277380;OriginalHitTemplateId:928390912;","3600","3600","Fri Dec 13 03:36:21 PST 2024","","","3OVR4I9US7X9U7MTRDAL67PY2FYQ47","A10A7EZUXBD0II","Approved","Fri Dec 06 03:37:13 PST 2024","Fri Dec 06 03:44:38 PST 2024","Fri Dec 06 04:44:38 PST 2024","Fri Dec 06 04:45:35 PST 2024","","","445","100% (3/3)","100% (3/3)","100% (3/3)","voxel-based representation","تمثيل قائم على فوكسل","تمثيل قائم على الفوكسل","zero-shot learning","التعلم بدون أمثلة سابقة","التعلم بدون أمثلة","3D object detection","الكشف عن الأجسام ثلاثية الأبعاد","كشف الأجسام ثلاثية الأبعاد","Baseline","خط الأساس","الأساس","Bayesian method","الأساليب البايزية","الطريقة البايزية","false","false","true","false","false","true","true","false","true","false","false","false","false","false","true","false","false","false","false","false"
"3MQKOF1EFJ2OSG3E5V5JCG5WNN3WD3","3MRHU5294N3O7KAE1TUQJOAS6HI2AD","Ranking the Quality of AI Terminology Translation from English to Arabic","In this task, you will compare the quality of translations for scientific terms generated by two different methods. The input will include an English term, a context paragraph where the term is used, and its translations in Arabic.","Translation, AI Terminology, Multilingual, Ranking","$0.01","Fri Dec 06 03:36:21 PST 2024","5","BatchId:5277380;OriginalHitTemplateId:928390912;","3600","3600","Fri Dec 13 03:36:21 PST 2024","","","3B837J3LD6AS8T34UTV390F9CH3SRH","A3OAFR48DADAOM","Approved","Fri Dec 06 03:37:21 PST 2024","Fri Dec 06 04:17:47 PST 2024","Fri Dec 06 05:17:47 PST 2024","Fri Dec 06 05:18:35 PST 2024","","","2426","100% (41/41)","100% (41/41)","100% (41/41)","voxel-based representation","تمثيل قائم على فوكسل","تمثيل قائم على الفوكسل","zero-shot learning","التعلم بدون أمثلة سابقة","التعلم بدون أمثلة","3D object detection","الكشف عن الأجسام ثلاثية الأبعاد","كشف الأجسام ثلاثية الأبعاد","Baseline","خط الأساس","الأساس","Bayesian method","الأساليب البايزية","الطريقة البايزية","false","true","true","false","false","false","false","false","true","true","true","false","false","false","false","false","false","false","false","false"
"3MQKOF1EFJ2OSG3E5V5JCG5WNN3WD3","3MRHU5294N3O7KAE1TUQJOAS6HI2AD","Ranking the Quality of AI Terminology Translation from English to Arabic","In this task, you will compare the quality of translations for scientific terms generated by two different methods. The input will include an English term, a context paragraph where the term is used, and its translations in Arabic.","Translation, AI Terminology, Multilingual, Ranking","$0.01","Fri Dec 06 03:36:21 PST 2024","5","BatchId:5277380;OriginalHitTemplateId:928390912;","3600","3600","Fri Dec 13 03:36:21 PST 2024","","","3V5Q80FXIF57KS14POF10KZP8AW32V","A3IG9HHR3NL9R0","Approved","Fri Dec 06 04:38:40 PST 2024","Fri Dec 06 04:52:02 PST 2024","Fri Dec 06 05:52:02 PST 2024","Fri Dec 06 05:52:35 PST 2024","","","802","100% (50/50)","100% (50/50)","100% (50/50)","voxel-based representation","تمثيل قائم على فوكسل","تمثيل قائم على الفوكسل","zero-shot learning","التعلم بدون أمثلة سابقة","التعلم بدون أمثلة","3D object detection","الكشف عن الأجسام ثلاثية الأبعاد","كشف الأجسام ثلاثية الأبعاد","Baseline","خط الأساس","الأساس","Bayesian method","الأساليب البايزية","الطريقة البايزية","false","false","true","false","true","false","true","false","true","false","true","false","false","false","false","false","false","false","false","false"
"3MQKOF1EFJ2OSG3E5V5JCG5WNN3WD3","3MRHU5294N3O7KAE1TUQJOAS6HI2AD","Ranking the Quality of AI Terminology Translation from English to Arabic","In this task, you will compare the quality of translations for scientific terms generated by two different methods. The input will include an English term, a context paragraph where the term is used, and its translations in Arabic.","Translation, AI Terminology, Multilingual, Ranking","$0.01","Fri Dec 06 03:36:21 PST 2024","5","BatchId:5277380;OriginalHitTemplateId:928390912;","3600","3600","Fri Dec 13 03:36:21 PST 2024","","","3C6FJU71T87HK77UXTIXWXQU03JYUP","A38UI9ED6CTEUZ","Approved","Fri Dec 06 05:39:36 PST 2024","Fri Dec 06 05:45:08 PST 2024","Fri Dec 06 06:45:08 PST 2024","Fri Dec 06 06:45:35 PST 2024","","","332","100% (1/1)","100% (1/1)","100% (1/1)","voxel-based representation","تمثيل قائم على فوكسل","تمثيل قائم على الفوكسل","zero-shot learning","التعلم بدون أمثلة سابقة","التعلم بدون أمثلة","3D object detection","الكشف عن الأجسام ثلاثية الأبعاد","كشف الأجسام ثلاثية الأبعاد","Baseline","خط الأساس","الأساس","Bayesian method","الأساليب البايزية","الطريقة البايزية","false","false","false","false","false","false","false","false","false","false","true","true","false","true","false","false","false","true","false","true"
"36FFXPMSUQ2XZNZE05XZM778CDXHOL","3MRHU5294N3O7KAE1TUQJOAS6HI2AD","Ranking the Quality of AI Terminology Translation from English to Arabic","In this task, you will compare the quality of translations for scientific terms generated by two different methods. The input will include an English term, a context paragraph where the term is used, and its translations in Arabic.","Translation, AI Terminology, Multilingual, Ranking","$0.01","Fri Dec 06 03:36:21 PST 2024","5","BatchId:5277380;OriginalHitTemplateId:928390912;","3600","3600","Fri Dec 13 03:36:21 PST 2024","","","3S96KQ6I94IZMJXE1S59EGURZZQDTL","A1G4DX33KADZA3","Approved","Fri Dec 06 03:37:13 PST 2024","Fri Dec 06 03:40:24 PST 2024","Fri Dec 06 04:40:24 PST 2024","Fri Dec 06 04:40:35 PST 2024","","","191","100% (21/21)","100% (21/21)","100% (21/21)","Cholesky factorization","تحليل تشوليسكي","تحليل شولي","Gaussian Mixture Model","نموذج الخليط الغاوسي","نموذج المزيج الغاوسي","Kalman filter","فلتر كالمان","مرشح كالمان","Krippendorff's α","α لكريبندورف","ألفا كريبندورف","Local Consistency","الاتساق المحلي","التناسق المحلي","false","false","false","false","false","false","false","false","false","false","true","false","false","true","true","false","false","true","false","false"
"36FFXPMSUQ2XZNZE05XZM778CDXHOL","3MRHU5294N3O7KAE1TUQJOAS6HI2AD","Ranking the Quality of AI Terminology Translation from English to Arabic","In this task, you will compare the quality of translations for scientific terms generated by two different methods. The input will include an English term, a context paragraph where the term is used, and its translations in Arabic.","Translation, AI Terminology, Multilingual, Ranking","$0.01","Fri Dec 06 03:36:21 PST 2024","5","BatchId:5277380;OriginalHitTemplateId:928390912;","3600","3600","Fri Dec 13 03:36:21 PST 2024","","","3DIP6YHAPU6LG5JQUP5YT2GPLY6E8Q","A2C5HSMKN7QDM8","Approved","Fri Dec 06 03:47:07 PST 2024","Fri Dec 06 03:48:19 PST 2024","Fri Dec 06 04:48:19 PST 2024","Fri Dec 06 04:48:35 PST 2024","","","72","100% (6/6)","100% (6/6)","100% (6/6)","Cholesky factorization","تحليل تشوليسكي","تحليل شولي","Gaussian Mixture Model","نموذج الخليط الغاوسي","نموذج المزيج الغاوسي","Kalman filter","فلتر كالمان","مرشح كالمان","Krippendorff's α","α لكريبندورف","ألفا كريبندورف","Local Consistency","الاتساق المحلي","التناسق المحلي","false","true","false","false","false","true","false","false","false","true","false","false","true","true","false","false","false","false","false","false"
"36FFXPMSUQ2XZNZE05XZM778CDXHOL","3MRHU5294N3O7KAE1TUQJOAS6HI2AD","Ranking the Quality of AI Terminology Translation from English to Arabic","In this task, you will compare the quality of translations for scientific terms generated by two different methods. The input will include an English term, a context paragraph where the term is used, and its translations in Arabic.","Translation, AI Terminology, Multilingual, Ranking","$0.01","Fri Dec 06 03:36:21 PST 2024","5","BatchId:5277380;OriginalHitTemplateId:928390912;","3600","3600","Fri Dec 13 03:36:21 PST 2024","","","3UOUJI6MTVSSK2HKSXWVDJJLYV9XUY","A3Q32FL0WWF4KZ","Approved","Fri Dec 06 03:37:17 PST 2024","Fri Dec 06 04:15:13 PST 2024","Fri Dec 06 05:15:13 PST 2024","Fri Dec 06 05:15:35 PST 2024","","","2276","100% (40/40)","100% (40/40)","100% (40/40)","Cholesky factorization","تحليل تشوليسكي","تحليل شولي","Gaussian Mixture Model","نموذج الخليط الغاوسي","نموذج المزيج الغاوسي","Kalman filter","فلتر كالمان","مرشح كالمان","Krippendorff's α","α لكريبندورف","ألفا كريبندورف","Local Consistency","الاتساق المحلي","التناسق المحلي","false","true","true","false","true","true","false","false","true","false","false","false","false","false","false","false","false","false","false","false"
"36FFXPMSUQ2XZNZE05XZM778CDXHOL","3MRHU5294N3O7KAE1TUQJOAS6HI2AD","Ranking the Quality of AI Terminology Translation from English to Arabic","In this task, you will compare the quality of translations for scientific terms generated by two different methods. The input will include an English term, a context paragraph where the term is used, and its translations in Arabic.","Translation, AI Terminology, Multilingual, Ranking","$0.01","Fri Dec 06 03:36:21 PST 2024","5","BatchId:5277380;OriginalHitTemplateId:928390912;","3600","3600","Fri Dec 13 03:36:21 PST 2024","","","3S96KQ6I94IZMJXE1S59EGURZZQTD1","A2D6SB3TU1NYQ7","Approved","Fri Dec 06 03:37:31 PST 2024","Fri Dec 06 04:21:05 PST 2024","Fri Dec 06 05:21:05 PST 2024","Fri Dec 06 05:21:35 PST 2024","","","2614","100% (45/45)","100% (45/45)","100% (45/45)","Cholesky factorization","تحليل تشوليسكي","تحليل شولي","Gaussian Mixture Model","نموذج الخليط الغاوسي","نموذج المزيج الغاوسي","Kalman filter","فلتر كالمان","مرشح كالمان","Krippendorff's α","α لكريبندورف","ألفا كريبندورف","Local Consistency","الاتساق المحلي","التناسق المحلي","true","true","true","true","true","false","false","false","false","false","false","false","false","false","false","false","false","false","false","false"
"36FFXPMSUQ2XZNZE05XZM778CDXHOL","3MRHU5294N3O7KAE1TUQJOAS6HI2AD","Ranking the Quality of AI Terminology Translation from English to Arabic","In this task, you will compare the quality of translations for scientific terms generated by two different methods. The input will include an English term, a context paragraph where the term is used, and its translations in Arabic.","Translation, AI Terminology, Multilingual, Ranking","$0.01","Fri Dec 06 03:36:21 PST 2024","5","BatchId:5277380;OriginalHitTemplateId:928390912;","3600","3600","Fri Dec 13 03:36:21 PST 2024","","","3BC8WZX3VLAG7E3RF4VYJQADQFJRRR","ASVJ75M0TNT6Z","Approved","Fri Dec 06 05:37:27 PST 2024","Fri Dec 06 05:38:06 PST 2024","Fri Dec 06 06:38:06 PST 2024","Fri Dec 06 06:38:35 PST 2024","","","39","100% (25/25)","100% (25/25)","100% (25/25)","Cholesky factorization","تحليل تشوليسكي","تحليل شولي","Gaussian Mixture Model","نموذج الخليط الغاوسي","نموذج المزيج الغاوسي","Kalman filter","فلتر كالمان","مرشح كالمان","Krippendorff's α","α لكريبندورف","ألفا كريبندورف","Local Consistency","الاتساق المحلي","التناسق المحلي","false","false","false","false","false","false","false","false","false","false","false","true","false","true","true","true","false","true","false","false"
"3Y3CZJSZA17OG77ZRVDUR59NIRQR5N","3MRHU5294N3O7KAE1TUQJOAS6HI2AD","Ranking the Quality of AI Terminology Translation from English to Arabic","In this task, you will compare the quality of translations for scientific terms generated by two different methods. The input will include an English term, a context paragraph where the term is used, and its translations in Arabic.","Translation, AI Terminology, Multilingual, Ranking","$0.01","Fri Dec 06 03:36:21 PST 2024","5","BatchId:5277380;OriginalHitTemplateId:928390912;","3600","3600","Fri Dec 13 03:36:21 PST 2024","","","33LK57MYLBJ1AKPV4APGV3H8LYLZSG","A3AHE81HVRXFCD","Approved","Fri Dec 06 03:36:50 PST 2024","Fri Dec 06 03:51:26 PST 2024","Fri Dec 06 04:51:26 PST 2024","Fri Dec 06 04:51:35 PST 2024","","","876","100% (22/22)","100% (22/22)","100% (22/22)","Monte Carlo estimator","مُقدِّر مونت كارلو","مقدر مونت كارلو","Q value","قيمة كيو","قيمة Q","Structure from motion","البنية من الحركة","الهيكل من الحركة","Tucker decomposition","تحليل تاكر","تحليل توكر","Vertex Cover","غطاء فيرتكس","تغطية الرؤوس","true","true","false","false","false","false","false","true","true","false","false","false","false","false","true","false","false","false","false","false"
"3Y3CZJSZA17OG77ZRVDUR59NIRQR5N","3MRHU5294N3O7KAE1TUQJOAS6HI2AD","Ranking the Quality of AI Terminology Translation from English to Arabic","In this task, you will compare the quality of translations for scientific terms generated by two different methods. The input will include an English term, a context paragraph where the term is used, and its translations in Arabic.","Translation, AI Terminology, Multilingual, Ranking","$0.01","Fri Dec 06 03:36:21 PST 2024","5","BatchId:5277380;OriginalHitTemplateId:928390912;","3600","3600","Fri Dec 13 03:36:21 PST 2024","","","3X31TUMD7F0HBB9XCQJNRNJ1GP21LH","A38SYZRVLTMOFG","Approved","Fri Dec 06 03:37:36 PST 2024","Fri Dec 06 04:03:07 PST 2024","Fri Dec 06 05:03:07 PST 2024","Fri Dec 06 05:03:35 PST 2024","","","1531","100% (49/49)","100% (49/49)","100% (49/49)","Monte Carlo estimator","مُقدِّر مونت كارلو","مقدر مونت كارلو","Q value","قيمة كيو","قيمة Q","Structure from motion","البنية من الحركة","الهيكل من الحركة","Tucker decomposition","تحليل تاكر","تحليل توكر","Vertex Cover","غطاء فيرتكس","تغطية الرؤوس","true","true","false","false","false","false","false","false","true","false","false","false","false","false","true","false","false","true","false","false"
"3Y3CZJSZA17OG77ZRVDUR59NIRQR5N","3MRHU5294N3O7KAE1TUQJOAS6HI2AD","Ranking the Quality of AI Terminology Translation from English to Arabic","In this task, you will compare the quality of translations for scientific terms generated by two different methods. The input will include an English term, a context paragraph where the term is used, and its translations in Arabic.","Translation, AI Terminology, Multilingual, Ranking","$0.01","Fri Dec 06 03:36:21 PST 2024","5","BatchId:5277380;OriginalHitTemplateId:928390912;","3600","3600","Fri Dec 13 03:36:21 PST 2024","","","39U1BHVTD3514RVH83ZX178F8M1T33","AG9MLSV2QCVD4","Approved","Fri Dec 06 03:37:26 PST 2024","Fri Dec 06 04:18:34 PST 2024","Fri Dec 06 05:18:34 PST 2024","Fri Dec 06 05:18:35 PST 2024","","","2468","100% (24/24)","100% (24/24)","100% (24/24)","Monte Carlo estimator","مُقدِّر مونت كارلو","مقدر مونت كارلو","Q value","قيمة كيو","قيمة Q","Structure from motion","البنية من الحركة","الهيكل من الحركة","Tucker decomposition","تحليل تاكر","تحليل توكر","Vertex Cover","غطاء فيرتكس","تغطية الرؤوس","true","true","false","false","false","false","false","true","true","false","false","false","false","false","true","false","false","false","false","false"
"3Y3CZJSZA17OG77ZRVDUR59NIRQR5N","3MRHU5294N3O7KAE1TUQJOAS6HI2AD","Ranking the Quality of AI Terminology Translation from English to Arabic","In this task, you will compare the quality of translations for scientific terms generated by two different methods. The input will include an English term, a context paragraph where the term is used, and its translations in Arabic.","Translation, AI Terminology, Multilingual, Ranking","$0.01","Fri Dec 06 03:36:21 PST 2024","5","BatchId:5277380;OriginalHitTemplateId:928390912;","3600","3600","Fri Dec 13 03:36:21 PST 2024","","","3BV8HQ2ZZEFVMEJQL56ED5U7UPP6AA","A3OAFR48DADAOM","Approved","Fri Dec 06 04:37:39 PST 2024","Fri Dec 06 05:37:37 PST 2024","Fri Dec 06 06:37:37 PST 2024","Fri Dec 06 06:38:35 PST 2024","","","3598","100% (41/41)","100% (41/41)","100% (41/41)","Monte Carlo estimator","مُقدِّر مونت كارلو","مقدر مونت كارلو","Q value","قيمة كيو","قيمة Q","Structure from motion","البنية من الحركة","الهيكل من الحركة","Tucker decomposition","تحليل تاكر","تحليل توكر","Vertex Cover","غطاء فيرتكس","تغطية الرؤوس","true","true","false","false","false","false","false","false","true","false","false","false","true","false","true","false","false","false","false","false"
"3Y3CZJSZA17OG77ZRVDUR59NIRQR5N","3MRHU5294N3O7KAE1TUQJOAS6HI2AD","Ranking the Quality of AI Terminology Translation from English to Arabic","In this task, you will compare the quality of translations for scientific terms generated by two different methods. The input will include an English term, a context paragraph where the term is used, and its translations in Arabic.","Translation, AI Terminology, Multilingual, Ranking","$0.01","Fri Dec 06 03:36:21 PST 2024","5","BatchId:5277380;OriginalHitTemplateId:928390912;","3600","3600","Fri Dec 13 03:36:21 PST 2024","","","3A0EX8ZRNQ22O8YOX212R7Y6BH2YBW","AQWQPE8JO0M04","Approved","Fri Dec 06 05:38:11 PST 2024","Fri Dec 06 05:38:45 PST 2024","Fri Dec 06 06:38:45 PST 2024","Fri Dec 06 06:39:35 PST 2024","","","34","100% (4/4)","100% (4/4)","100% (4/4)","Monte Carlo estimator","مُقدِّر مونت كارلو","مقدر مونت كارلو","Q value","قيمة كيو","قيمة Q","Structure from motion","البنية من الحركة","الهيكل من الحركة","Tucker decomposition","تحليل تاكر","تحليل توكر","Vertex Cover","غطاء فيرتكس","تغطية الرؤوس","true","false","false","false","true","false","true","false","false","false","false","false","false","true","false","false","false","false","false","false"
"3QMELQS6ZMPKZB7DWENZJBNNEM1R63","3MRHU5294N3O7KAE1TUQJOAS6HI2AD","Ranking the Quality of AI Terminology Translation from English to Arabic","In this task, you will compare the quality of translations for scientific terms generated by two different methods. The input will include an English term, a context paragraph where the term is used, and its translations in Arabic.","Translation, AI Terminology, Multilingual, Ranking","$0.01","Fri Dec 06 03:36:21 PST 2024","5","BatchId:5277380;OriginalHitTemplateId:928390912;","3600","3600","Fri Dec 13 03:36:21 PST 2024","","","3SB4CE2TJD985T3MMSF4DI7RRSGXAL","A2DAZGA8XO0RQ6","Approved","Fri Dec 06 03:36:55 PST 2024","Fri Dec 06 03:38:08 PST 2024","Fri Dec 06 04:38:08 PST 2024","Fri Dec 06 04:38:35 PST 2024","","","73","100% (12/12)","100% (12/12)","100% (12/12)","bag-of-word","حقيبة كلمات","حقيبة الكلمات","beta1","بيتا 1","بيتا1","bias parameter","معلمة التحيز","معامل التحيز","binary vector","المتجه الثنائي","متجه ثنائي","bipartite structure","البنية ثنائية الأقسام","الهيكل الثنائي","false","false","false","false","false","false","true","false","true","false","true","false","true","false","true","false","false","false","false","false"
"3QMELQS6ZMPKZB7DWENZJBNNEM1R63","3MRHU5294N3O7KAE1TUQJOAS6HI2AD","Ranking the Quality of AI Terminology Translation from English to Arabic","In this task, you will compare the quality of translations for scientific terms generated by two different methods. The input will include an English term, a context paragraph where the term is used, and its translations in Arabic.","Translation, AI Terminology, Multilingual, Ranking","$0.01","Fri Dec 06 03:36:21 PST 2024","5","BatchId:5277380;OriginalHitTemplateId:928390912;","3600","3600","Fri Dec 13 03:36:21 PST 2024","","","3SKEMFQBZLJO25B0QBG1RXTU5V28K4","A38SYZRVLTMOFG","Approved","Fri Dec 06 03:37:13 PST 2024","Fri Dec 06 04:00:59 PST 2024","Fri Dec 06 05:00:59 PST 2024","Fri Dec 06 05:01:35 PST 2024","","","1426","100% (49/49)","100% (49/49)","100% (49/49)","bag-of-word","حقيبة كلمات","حقيبة الكلمات","beta1","بيتا 1","بيتا1","bias parameter","معلمة التحيز","معامل التحيز","binary vector","المتجه الثنائي","متجه ثنائي","bipartite structure","البنية ثنائية الأقسام","الهيكل الثنائي","true","true","true","true","false","false","false","false","false","true","false","false","false","false","false","false","false","false","false","false"
"3QMELQS6ZMPKZB7DWENZJBNNEM1R63","3MRHU5294N3O7KAE1TUQJOAS6HI2AD","Ranking the Quality of AI Terminology Translation from English to Arabic","In this task, you will compare the quality of translations for scientific terms generated by two different methods. The input will include an English term, a context paragraph where the term is used, and its translations in Arabic.","Translation, AI Terminology, Multilingual, Ranking","$0.01","Fri Dec 06 03:36:21 PST 2024","5","BatchId:5277380;OriginalHitTemplateId:928390912;","3600","3600","Fri Dec 13 03:36:21 PST 2024","","","3S3AMIZX3CJI02V3F6AJP6UNBDQDC2","A2MZEUP2ECO1AI","Approved","Fri Dec 06 03:37:07 PST 2024","Fri Dec 06 04:04:21 PST 2024","Fri Dec 06 05:04:21 PST 2024","Fri Dec 06 05:04:35 PST 2024","","","1634","100% (34/34)","100% (34/34)","100% (34/34)","bag-of-word","حقيبة كلمات","حقيبة الكلمات","beta1","بيتا 1","بيتا1","bias parameter","معلمة التحيز","معامل التحيز","binary vector","المتجه الثنائي","متجه ثنائي","bipartite structure","البنية ثنائية الأقسام","الهيكل الثنائي","false","true","false","true","false","false","false","true","false","true","true","false","false","false","false","false","false","false","false","false"
"3QMELQS6ZMPKZB7DWENZJBNNEM1R63","3MRHU5294N3O7KAE1TUQJOAS6HI2AD","Ranking the Quality of AI Terminology Translation from English to Arabic","In this task, you will compare the quality of translations for scientific terms generated by two different methods. The input will include an English term, a context paragraph where the term is used, and its translations in Arabic.","Translation, AI Terminology, Multilingual, Ranking","$0.01","Fri Dec 06 03:36:21 PST 2024","5","BatchId:5277380;OriginalHitTemplateId:928390912;","3600","3600","Fri Dec 13 03:36:21 PST 2024","","","3G5W44VEUPW3VKHI99SPJAASTEFGKS","A251BWQW2F81FT","Approved","Fri Dec 06 03:37:12 PST 2024","Fri Dec 06 04:13:35 PST 2024","Fri Dec 06 05:13:35 PST 2024","Fri Dec 06 05:14:35 PST 2024","","","2183","100% (31/31)","100% (31/31)","100% (31/31)","bag-of-word","حقيبة كلمات","حقيبة الكلمات","beta1","بيتا 1","بيتا1","bias parameter","معلمة التحيز","معامل التحيز","binary vector","المتجه الثنائي","متجه ثنائي","bipartite structure","البنية ثنائية الأقسام","الهيكل الثنائي","false","true","false","true","false","false","false","false","false","true","true","false","true","false","false","false","false","false","false","false"
"3QMELQS6ZMPKZB7DWENZJBNNEM1R63","3MRHU5294N3O7KAE1TUQJOAS6HI2AD","Ranking the Quality of AI Terminology Translation from English to Arabic","In this task, you will compare the quality of translations for scientific terms generated by two different methods. The input will include an English term, a context paragraph where the term is used, and its translations in Arabic.","Translation, AI Terminology, Multilingual, Ranking","$0.01","Fri Dec 06 03:36:21 PST 2024","5","BatchId:5277380;OriginalHitTemplateId:928390912;","3600","3600","Fri Dec 13 03:36:21 PST 2024","","","33C7UALJV3CMW4PEI1AJMIXVWQ981A","A2YVLMI4PRDECY","Approved","Fri Dec 06 04:37:36 PST 2024","Fri Dec 06 05:37:22 PST 2024","Fri Dec 06 06:37:22 PST 2024","Fri Dec 06 06:37:35 PST 2024","","","3586","100% (32/32)","100% (32/32)","100% (32/32)","bag-of-word","حقيبة كلمات","حقيبة الكلمات","beta1","بيتا 1","بيتا1","bias parameter","معلمة التحيز","معامل التحيز","binary vector","المتجه الثنائي","متجه ثنائي","bipartite structure","البنية ثنائية الأقسام","الهيكل الثنائي","false","true","true","true","false","false","false","false","false","true","true","false","false","false","false","false","false","false","false","false"
"3E22YV8GHIK7UJXQI35RGR9U8U2PNJ","3MRHU5294N3O7KAE1TUQJOAS6HI2AD","Ranking the Quality of AI Terminology Translation from English to Arabic","In this task, you will compare the quality of translations for scientific terms generated by two different methods. The input will include an English term, a context paragraph where the term is used, and its translations in Arabic.","Translation, AI Terminology, Multilingual, Ranking","$0.01","Fri Dec 06 03:36:21 PST 2024","5","BatchId:5277380;OriginalHitTemplateId:928390912;","3600","3600","Fri Dec 13 03:36:21 PST 2024","","","3FTOP5WARX2B9W0FDM3AX3NZ78R0JB","A11BQAB549UAEG","Approved","Fri Dec 06 03:37:18 PST 2024","Fri Dec 06 03:38:46 PST 2024","Fri Dec 06 04:38:46 PST 2024","Fri Dec 06 04:39:35 PST 2024","","","88","100% (14/14)","100% (14/14)","100% (14/14)","bootstrap learning","تعلم البوتستراب","تعلم التمهيد","camera pose estimation","تقدير وضعية الكاميرا","تقدير وضع الكاميرا","capsule network","شبكة الكبسولات","شبكة الكبسولة","causal theory","النظرية السببية","نظرية السببية","chart parser","محلل المخططات","محلل الرسم البياني","false","false","false","false","false","true","false","false","true","false","false","true","true","false","true","false","false","false","false","false"
"3E22YV8GHIK7UJXQI35RGR9U8U2PNJ","3MRHU5294N3O7KAE1TUQJOAS6HI2AD","Ranking the Quality of AI Terminology Translation from English to Arabic","In this task, you will compare the quality of translations for scientific terms generated by two different methods. The input will include an English term, a context paragraph where the term is used, and its translations in Arabic.","Translation, AI Terminology, Multilingual, Ranking","$0.01","Fri Dec 06 03:36:21 PST 2024","5","BatchId:5277380;OriginalHitTemplateId:928390912;","3600","3600","Fri Dec 13 03:36:21 PST 2024","","","3R8YZBNQ9ZW6DU4CTB8S9J98THO7Q8","A3AHE81HVRXFCD","Approved","Fri Dec 06 03:36:59 PST 2024","Fri Dec 06 03:53:08 PST 2024","Fri Dec 06 04:53:08 PST 2024","Fri Dec 06 04:53:35 PST 2024","","","969","100% (22/22)","100% (22/22)","100% (22/22)","bootstrap learning","تعلم البوتستراب","تعلم التمهيد","camera pose estimation","تقدير وضعية الكاميرا","تقدير وضع الكاميرا","capsule network","شبكة الكبسولات","شبكة الكبسولة","causal theory","النظرية السببية","نظرية السببية","chart parser","محلل المخططات","محلل الرسم البياني","false","true","true","false","false","true","false","false","true","false","false","false","false","false","true","false","false","false","false","false"
"3E22YV8GHIK7UJXQI35RGR9U8U2PNJ","3MRHU5294N3O7KAE1TUQJOAS6HI2AD","Ranking the Quality of AI Terminology Translation from English to Arabic","In this task, you will compare the quality of translations for scientific terms generated by two different methods. The input will include an English term, a context paragraph where the term is used, and its translations in Arabic.","Translation, AI Terminology, Multilingual, Ranking","$0.01","Fri Dec 06 03:36:21 PST 2024","5","BatchId:5277380;OriginalHitTemplateId:928390912;","3600","3600","Fri Dec 13 03:36:21 PST 2024","","","3TAYZSBPL3MB49MJF3G28S710PNS22","A3EKM55NFX1H6B","Approved","Fri Dec 06 03:37:06 PST 2024","Fri Dec 06 03:57:21 PST 2024","Fri Dec 06 04:57:21 PST 2024","Fri Dec 06 04:57:35 PST 2024","","","1215","100% (29/29)","100% (29/29)","100% (29/29)","bootstrap learning","تعلم البوتستراب","تعلم التمهيد","camera pose estimation","تقدير وضعية الكاميرا","تقدير وضع الكاميرا","capsule network","شبكة الكبسولات","شبكة الكبسولة","causal theory","النظرية السببية","نظرية السببية","chart parser","محلل المخططات","محلل الرسم البياني","false","true","false","true","true","true","false","true","false","false","false","false","false","false","false","false","false","false","false","false"
"3E22YV8GHIK7UJXQI35RGR9U8U2PNJ","3MRHU5294N3O7KAE1TUQJOAS6HI2AD","Ranking the Quality of AI Terminology Translation from English to Arabic","In this task, you will compare the quality of translations for scientific terms generated by two different methods. The input will include an English term, a context paragraph where the term is used, and its translations in Arabic.","Translation, AI Terminology, Multilingual, Ranking","$0.01","Fri Dec 06 03:36:21 PST 2024","5","BatchId:5277380;OriginalHitTemplateId:928390912;","3600","3600","Fri Dec 13 03:36:21 PST 2024","","","3DHE4R9OCEP8E4DSK3MLJEOYCETG26","A1PG4NZUVQMZUI","Approved","Fri Dec 06 03:37:06 PST 2024","Fri Dec 06 04:00:15 PST 2024","Fri Dec 06 05:00:15 PST 2024","Fri Dec 06 05:00:35 PST 2024","","","1389","100% (13/13)","100% (13/13)","100% (13/13)","bootstrap learning","تعلم البوتستراب","تعلم التمهيد","camera pose estimation","تقدير وضعية الكاميرا","تقدير وضع الكاميرا","capsule network","شبكة الكبسولات","شبكة الكبسولة","causal theory","النظرية السببية","نظرية السببية","chart parser","محلل المخططات","محلل الرسم البياني","false","true","false","true","true","true","false","true","false","false","false","false","false","false","false","false","false","false","false","false"
"3E22YV8GHIK7UJXQI35RGR9U8U2PNJ","3MRHU5294N3O7KAE1TUQJOAS6HI2AD","Ranking the Quality of AI Terminology Translation from English to Arabic","In this task, you will compare the quality of translations for scientific terms generated by two different methods. The input will include an English term, a context paragraph where the term is used, and its translations in Arabic.","Translation, AI Terminology, Multilingual, Ranking","$0.01","Fri Dec 06 03:36:21 PST 2024","5","BatchId:5277380;OriginalHitTemplateId:928390912;","3600","3600","Fri Dec 13 03:36:21 PST 2024","","","3YZ8UPK3VB04H46P1108Z6YBXESUC2","A3HSZ9YLOBCCPR","Approved","Fri Dec 06 04:38:12 PST 2024","Fri Dec 06 05:21:56 PST 2024","Fri Dec 06 06:21:56 PST 2024","Fri Dec 06 06:22:35 PST 2024","","","2624","100% (39/39)","100% (39/39)","100% (39/39)","bootstrap learning","تعلم البوتستراب","تعلم التمهيد","camera pose estimation","تقدير وضعية الكاميرا","تقدير وضع الكاميرا","capsule network","شبكة الكبسولات","شبكة الكبسولة","causal theory","النظرية السببية","نظرية السببية","chart parser","محلل المخططات","محلل الرسم البياني","false","true","false","true","false","true","false","true","false","false","false","false","false","false","true","false","false","false","false","false"
"3JU8CV4BS2QPC4X2JI54VG9ZY47POY","3MRHU5294N3O7KAE1TUQJOAS6HI2AD","Ranking the Quality of AI Terminology Translation from English to Arabic","In this task, you will compare the quality of translations for scientific terms generated by two different methods. The input will include an English term, a context paragraph where the term is used, and its translations in Arabic.","Translation, AI Terminology, Multilingual, Ranking","$0.01","Fri Dec 06 03:36:21 PST 2024","5","BatchId:5277380;OriginalHitTemplateId:928390912;","3600","3600","Fri Dec 13 03:36:21 PST 2024","","","3IKZ72A5BMUYPQ6QV2ENTHRKMUKNF5","ASVJ75M0TNT6Z","Approved","Fri Dec 06 03:37:15 PST 2024","Fri Dec 06 03:39:13 PST 2024","Fri Dec 06 04:39:13 PST 2024","Fri Dec 06 04:39:35 PST 2024","","","118","100% (25/25)","100% (25/25)","100% (25/25)","codebook","كتاب الشيفرات","كتاب الرموز","concept assertion","إثبات مفهوم","تأكيد المفهوم","conversation history","تاريخ المحادثة","سجل المحادثة","cross entropy error","خطأ الإنتروبيا المتقاطعة","خطأ الانتروبيا المتقاطعة","dependency parser","محلل التبعيات","محلل التبعية","false","false","false","false","true","true","false","false","true","false","false","true","false","false","false","false","false","true","false","false"
"3JU8CV4BS2QPC4X2JI54VG9ZY47POY","3MRHU5294N3O7KAE1TUQJOAS6HI2AD","Ranking the Quality of AI Terminology Translation from English to Arabic","In this task, you will compare the quality of translations for scientific terms generated by two different methods. The input will include an English term, a context paragraph where the term is used, and its translations in Arabic.","Translation, AI Terminology, Multilingual, Ranking","$0.01","Fri Dec 06 03:36:21 PST 2024","5","BatchId:5277380;OriginalHitTemplateId:928390912;","3600","3600","Fri Dec 13 03:36:21 PST 2024","","","3B837J3LD6AS8T34UTV390F9CH2RSF","A1XD6THGBT1T9T","Approved","Fri Dec 06 03:36:58 PST 2024","Fri Dec 06 03:48:25 PST 2024","Fri Dec 06 04:48:25 PST 2024","Fri Dec 06 04:48:35 PST 2024","","","687","100% (43/43)","100% (43/43)","100% (42/42)","codebook","كتاب الشيفرات","كتاب الرموز","concept assertion","إثبات مفهوم","تأكيد المفهوم","conversation history","تاريخ المحادثة","سجل المحادثة","cross entropy error","خطأ الإنتروبيا المتقاطعة","خطأ الانتروبيا المتقاطعة","dependency parser","محلل التبعيات","محلل التبعية","true","true","true","true","true","false","false","false","false","false","false","false","false","false","false","false","false","false","false","false"
"3JU8CV4BS2QPC4X2JI54VG9ZY47POY","3MRHU5294N3O7KAE1TUQJOAS6HI2AD","Ranking the Quality of AI Terminology Translation from English to Arabic","In this task, you will compare the quality of translations for scientific terms generated by two different methods. The input will include an English term, a context paragraph where the term is used, and its translations in Arabic.","Translation, AI Terminology, Multilingual, Ranking","$0.01","Fri Dec 06 03:36:21 PST 2024","5","BatchId:5277380;OriginalHitTemplateId:928390912;","3600","3600","Fri Dec 13 03:36:21 PST 2024","","","3KYQYYSHYDLJ9RS65BJAK6O40R9DOZ","AC4I7XU10MQXK","Approved","Fri Dec 06 03:37:12 PST 2024","Fri Dec 06 04:07:15 PST 2024","Fri Dec 06 05:07:15 PST 2024","Fri Dec 06 05:07:35 PST 2024","","","1803","100% (58/58)","100% (58/58)","100% (58/58)","codebook","كتاب الشيفرات","كتاب الرموز","concept assertion","إثبات مفهوم","تأكيد المفهوم","conversation history","تاريخ المحادثة","سجل المحادثة","cross entropy error","خطأ الإنتروبيا المتقاطعة","خطأ الانتروبيا المتقاطعة","dependency parser","محلل التبعيات","محلل التبعية","true","false","true","true","true","false","false","false","false","false","false","true","false","false","false","false","false","false","false","false"
"3JU8CV4BS2QPC4X2JI54VG9ZY47POY","3MRHU5294N3O7KAE1TUQJOAS6HI2AD","Ranking the Quality of AI Terminology Translation from English to Arabic","In this task, you will compare the quality of translations for scientific terms generated by two different methods. The input will include an English term, a context paragraph where the term is used, and its translations in Arabic.","Translation, AI Terminology, Multilingual, Ranking","$0.01","Fri Dec 06 03:36:21 PST 2024","5","BatchId:5277380;OriginalHitTemplateId:928390912;","3600","3600","Fri Dec 13 03:36:21 PST 2024","","","35GMH2SV3WVO1X6616UUQO6P03AEOT","A2YVLMI4PRDECY","Approved","Fri Dec 06 03:36:46 PST 2024","Fri Dec 06 04:35:30 PST 2024","Fri Dec 06 05:35:30 PST 2024","Fri Dec 06 05:35:35 PST 2024","","","3524","100% (32/32)","100% (32/32)","100% (32/32)","codebook","كتاب الشيفرات","كتاب الرموز","concept assertion","إثبات مفهوم","تأكيد المفهوم","conversation history","تاريخ المحادثة","سجل المحادثة","cross entropy error","خطأ الإنتروبيا المتقاطعة","خطأ الانتروبيا المتقاطعة","dependency parser","محلل التبعيات","محلل التبعية","true","false","true","true","false","false","false","false","false","true","false","true","false","false","false","false","false","false","false","false"
"3JU8CV4BS2QPC4X2JI54VG9ZY47POY","3MRHU5294N3O7KAE1TUQJOAS6HI2AD","Ranking the Quality of AI Terminology Translation from English to Arabic","In this task, you will compare the quality of translations for scientific terms generated by two different methods. The input will include an English term, a context paragraph where the term is used, and its translations in Arabic.","Translation, AI Terminology, Multilingual, Ranking","$0.01","Fri Dec 06 03:36:21 PST 2024","5","BatchId:5277380;OriginalHitTemplateId:928390912;","3600","3600","Fri Dec 13 03:36:21 PST 2024","","","3RYC5T2D7L7VV1NC2CR9EVAYPXWPRY","A3MDTRJTDIDNX","Approved","Fri Dec 06 04:37:22 PST 2024","Fri Dec 06 05:19:06 PST 2024","Fri Dec 06 06:19:06 PST 2024","Fri Dec 06 06:19:35 PST 2024","","","2504","100% (53/53)","100% (53/53)","100% (53/53)","codebook","كتاب الشيفرات","كتاب الرموز","concept assertion","إثبات مفهوم","تأكيد المفهوم","conversation history","تاريخ المحادثة","سجل المحادثة","cross entropy error","خطأ الإنتروبيا المتقاطعة","خطأ الانتروبيا المتقاطعة","dependency parser","محلل التبعيات","محلل التبعية","true","false","true","true","true","false","false","false","false","false","false","true","false","false","false","false","false","false","false","false"
"3P7RGTLO7VRZZ96LW7VEY43VFDXKAT","3MRHU5294N3O7KAE1TUQJOAS6HI2AD","Ranking the Quality of AI Terminology Translation from English to Arabic","In this task, you will compare the quality of translations for scientific terms generated by two different methods. The input will include an English term, a context paragraph where the term is used, and its translations in Arabic.","Translation, AI Terminology, Multilingual, Ranking","$0.01","Fri Dec 06 03:36:21 PST 2024","5","BatchId:5277380;OriginalHitTemplateId:928390912;","3600","3600","Fri Dec 13 03:36:21 PST 2024","","","3PWWM24LHACTLP7A15AXR170OVG82I","A1M151WPTX57PC","Approved","Fri Dec 06 03:37:03 PST 2024","Fri Dec 06 03:45:49 PST 2024","Fri Dec 06 04:45:49 PST 2024","Fri Dec 06 04:46:35 PST 2024","","","526","100% (4/4)","100% (4/4)","100% (4/4)","depth estimator","مُقدّر العمق","مقدر العمق","dimensionality reduction","تخفيض الأبعاد","تقليل الأبعاد","discount factor","معامل الخصم","عامل الخصم","discriminant analysis","التحليل التمييزي","تحليل التمييز","dual variable","المتغير المزدوج","المتغير الثنائي","true","false","false","false","false","false","true","true","true","false","false","false","false","false","true","false","false","false","false","false"
"3P7RGTLO7VRZZ96LW7VEY43VFDXKAT","3MRHU5294N3O7KAE1TUQJOAS6HI2AD","Ranking the Quality of AI Terminology Translation from English to Arabic","In this task, you will compare the quality of translations for scientific terms generated by two different methods. The input will include an English term, a context paragraph where the term is used, and its translations in Arabic.","Translation, AI Terminology, Multilingual, Ranking","$0.01","Fri Dec 06 03:36:21 PST 2024","5","BatchId:5277380;OriginalHitTemplateId:928390912;","3600","3600","Fri Dec 13 03:36:21 PST 2024","","","3PM8NZGV8GU0S9A3BOCQ3IMWVA3XQT","A3EKM55NFX1H6B","Approved","Fri Dec 06 03:37:16 PST 2024","Fri Dec 06 03:58:26 PST 2024","Fri Dec 06 04:58:26 PST 2024","Fri Dec 06 04:58:35 PST 2024","","","1270","100% (29/29)","100% (29/29)","100% (29/29)","depth estimator","مُقدّر العمق","مقدر العمق","dimensionality reduction","تخفيض الأبعاد","تقليل الأبعاد","discount factor","معامل الخصم","عامل الخصم","discriminant analysis","التحليل التمييزي","تحليل التمييز","dual variable","المتغير المزدوج","المتغير الثنائي","true","true","true","false","true","false","false","false","true","false","false","false","false","false","false","false","false","false","false","false"
"3P7RGTLO7VRZZ96LW7VEY43VFDXKAT","3MRHU5294N3O7KAE1TUQJOAS6HI2AD","Ranking the Quality of AI Terminology Translation from English to Arabic","In this task, you will compare the quality of translations for scientific terms generated by two different methods. The input will include an English term, a context paragraph where the term is used, and its translations in Arabic.","Translation, AI Terminology, Multilingual, Ranking","$0.01","Fri Dec 06 03:36:21 PST 2024","5","BatchId:5277380;OriginalHitTemplateId:928390912;","3600","3600","Fri Dec 13 03:36:21 PST 2024","","","3UJ1CZ6IZZ333656XMI06ZADKZES53","A1KYZPQ0T7WECC","Approved","Fri Dec 06 03:37:08 PST 2024","Fri Dec 06 04:03:50 PST 2024","Fri Dec 06 05:03:50 PST 2024","Fri Dec 06 05:04:35 PST 2024","","","1602","100% (15/15)","100% (15/15)","100% (14/14)","depth estimator","مُقدّر العمق","مقدر العمق","dimensionality reduction","تخفيض الأبعاد","تقليل الأبعاد","discount factor","معامل الخصم","عامل الخصم","discriminant analysis","التحليل التمييزي","تحليل التمييز","dual variable","المتغير المزدوج","المتغير الثنائي","true","true","true","false","false","false","false","false","true","true","false","false","false","false","false","false","false","false","false","false"
"3P7RGTLO7VRZZ96LW7VEY43VFDXKAT","3MRHU5294N3O7KAE1TUQJOAS6HI2AD","Ranking the Quality of AI Terminology Translation from English to Arabic","In this task, you will compare the quality of translations for scientific terms generated by two different methods. The input will include an English term, a context paragraph where the term is used, and its translations in Arabic.","Translation, AI Terminology, Multilingual, Ranking","$0.01","Fri Dec 06 03:36:21 PST 2024","5","BatchId:5277380;OriginalHitTemplateId:928390912;","3600","3600","Fri Dec 13 03:36:21 PST 2024","","","3Z7ISHFUHI9JR0AMQCJBECH794F8ZQ","A38SYZRVLTMOFG","Approved","Fri Dec 06 04:37:14 PST 2024","Fri Dec 06 05:10:47 PST 2024","Fri Dec 06 06:10:47 PST 2024","Fri Dec 06 06:11:35 PST 2024","","","2013","100% (49/49)","100% (49/49)","100% (49/49)","depth estimator","مُقدّر العمق","مقدر العمق","dimensionality reduction","تخفيض الأبعاد","تقليل الأبعاد","discount factor","معامل الخصم","عامل الخصم","discriminant analysis","التحليل التمييزي","تحليل التمييز","dual variable","المتغير المزدوج","المتغير الثنائي","true","true","true","false","true","false","false","false","true","false","false","false","false","false","false","false","false","false","false","false"
"3P7RGTLO7VRZZ96LW7VEY43VFDXKAT","3MRHU5294N3O7KAE1TUQJOAS6HI2AD","Ranking the Quality of AI Terminology Translation from English to Arabic","In this task, you will compare the quality of translations for scientific terms generated by two different methods. The input will include an English term, a context paragraph where the term is used, and its translations in Arabic.","Translation, AI Terminology, Multilingual, Ranking","$0.01","Fri Dec 06 03:36:21 PST 2024","5","BatchId:5277380;OriginalHitTemplateId:928390912;","3600","3600","Fri Dec 13 03:36:21 PST 2024","","","3O7L7BFSHW3E5BV33BHP6RA3OVIEI7","A3QIWEQXAGMGD","Approved","Fri Dec 06 04:37:58 PST 2024","Fri Dec 06 05:15:47 PST 2024","Fri Dec 06 06:15:47 PST 2024","Fri Dec 06 06:16:35 PST 2024","","","2269","100% (26/26)","100% (26/26)","100% (26/26)","depth estimator","مُقدّر العمق","مقدر العمق","dimensionality reduction","تخفيض الأبعاد","تقليل الأبعاد","discount factor","معامل الخصم","عامل الخصم","discriminant analysis","التحليل التمييزي","تحليل التمييز","dual variable","المتغير المزدوج","المتغير الثنائي","true","true","false","false","true","false","false","true","true","false","false","false","false","false","false","false","false","false","false","false"
"37VHPF5VZTH3XN1I7WU2EUKSKGOC84","3MRHU5294N3O7KAE1TUQJOAS6HI2AD","Ranking the Quality of AI Terminology Translation from English to Arabic","In this task, you will compare the quality of translations for scientific terms generated by two different methods. The input will include an English term, a context paragraph where the term is used, and its translations in Arabic.","Translation, AI Terminology, Multilingual, Ranking","$0.01","Fri Dec 06 03:36:22 PST 2024","5","BatchId:5277380;OriginalHitTemplateId:928390912;","3600","3600","Fri Dec 13 03:36:22 PST 2024","","","35L9RVQFC6WVYCH5NTE9AXVRA5QHUP","A11BQAB549UAEG","Approved","Fri Dec 06 03:37:03 PST 2024","Fri Dec 06 03:38:07 PST 2024","Fri Dec 06 04:38:07 PST 2024","Fri Dec 06 04:38:35 PST 2024","","","64","100% (14/14)","100% (14/14)","100% (14/14)","early fusion","الانصهار المبكر","الدمج المبكر","early stopping","التوقف المبكر","الإيقاف المبكر","empirical frequency","التردد التجريبي","التكرار التجريبي","energy minimization framework","إطار عمل تقليل الطاقة","إطار تقليل الطاقة","feature hierarchy","التسلسل الهرمي للميزات","تسلسل الميزات","false","false","false","false","false","true","false","true","false","true","false","true","false","true","false","false","false","false","false","false"
"37VHPF5VZTH3XN1I7WU2EUKSKGOC84","3MRHU5294N3O7KAE1TUQJOAS6HI2AD","Ranking the Quality of AI Terminology Translation from English to Arabic","In this task, you will compare the quality of translations for scientific terms generated by two different methods. The input will include an English term, a context paragraph where the term is used, and its translations in Arabic.","Translation, AI Terminology, Multilingual, Ranking","$0.01","Fri Dec 06 03:36:22 PST 2024","5","BatchId:5277380;OriginalHitTemplateId:928390912;","3600","3600","Fri Dec 13 03:36:22 PST 2024","","","3VHHR074HLVVMXOZ160WSXAEJB17LJ","A2IFN9328HNXWC","Approved","Fri Dec 06 03:36:57 PST 2024","Fri Dec 06 03:57:07 PST 2024","Fri Dec 06 04:57:07 PST 2024","Fri Dec 06 04:57:35 PST 2024","","","1210","100% (10/10)","100% (10/10)","100% (10/10)","early fusion","الانصهار المبكر","الدمج المبكر","early stopping","التوقف المبكر","الإيقاف المبكر","empirical frequency","التردد التجريبي","التكرار التجريبي","energy minimization framework","إطار عمل تقليل الطاقة","إطار تقليل الطاقة","feature hierarchy","التسلسل الهرمي للميزات","تسلسل الميزات","false","true","true","false","false","false","false","false","true","true","true","false","false","false","false","false","false","false","false","false"
"37VHPF5VZTH3XN1I7WU2EUKSKGOC84","3MRHU5294N3O7KAE1TUQJOAS6HI2AD","Ranking the Quality of AI Terminology Translation from English to Arabic","In this task, you will compare the quality of translations for scientific terms generated by two different methods. The input will include an English term, a context paragraph where the term is used, and its translations in Arabic.","Translation, AI Terminology, Multilingual, Ranking","$0.01","Fri Dec 06 03:36:22 PST 2024","5","BatchId:5277380;OriginalHitTemplateId:928390912;","3600","3600","Fri Dec 13 03:36:22 PST 2024","","","3KMS4QQVKK4XHKLNYPM71PAGSZFFKS","A1PG4NZUVQMZUI","Approved","Fri Dec 06 03:37:00 PST 2024","Fri Dec 06 03:59:42 PST 2024","Fri Dec 06 04:59:42 PST 2024","Fri Dec 06 05:00:35 PST 2024","","","1362","100% (13/13)","100% (13/13)","100% (13/13)","early fusion","الانصهار المبكر","الدمج المبكر","early stopping","التوقف المبكر","الإيقاف المبكر","empirical frequency","التردد التجريبي","التكرار التجريبي","energy minimization framework","إطار عمل تقليل الطاقة","إطار تقليل الطاقة","feature hierarchy","التسلسل الهرمي للميزات","تسلسل الميزات","true","true","true","false","false","false","false","false","true","true","false","false","false","false","false","false","false","false","false","false"
"37VHPF5VZTH3XN1I7WU2EUKSKGOC84","3MRHU5294N3O7KAE1TUQJOAS6HI2AD","Ranking the Quality of AI Terminology Translation from English to Arabic","In this task, you will compare the quality of translations for scientific terms generated by two different methods. The input will include an English term, a context paragraph where the term is used, and its translations in Arabic.","Translation, AI Terminology, Multilingual, Ranking","$0.01","Fri Dec 06 03:36:22 PST 2024","5","BatchId:5277380;OriginalHitTemplateId:928390912;","3600","3600","Fri Dec 13 03:36:22 PST 2024","","","35USIKEBN9U26XDFU9BJZBE7TVHN62","A2FXDEKCCUT9OJ","Approved","Fri Dec 06 04:37:23 PST 2024","Fri Dec 06 04:51:51 PST 2024","Fri Dec 06 05:51:51 PST 2024","Fri Dec 06 05:52:35 PST 2024","","","868","100% (36/36)","100% (36/36)","100% (36/36)","early fusion","الانصهار المبكر","الدمج المبكر","early stopping","التوقف المبكر","الإيقاف المبكر","empirical frequency","التردد التجريبي","التكرار التجريبي","energy minimization framework","إطار عمل تقليل الطاقة","إطار تقليل الطاقة","feature hierarchy","التسلسل الهرمي للميزات","تسلسل الميزات","true","true","false","true","false","false","false","true","false","true","false","false","false","false","false","false","false","false","false","false"
"37VHPF5VZTH3XN1I7WU2EUKSKGOC84","3MRHU5294N3O7KAE1TUQJOAS6HI2AD","Ranking the Quality of AI Terminology Translation from English to Arabic","In this task, you will compare the quality of translations for scientific terms generated by two different methods. The input will include an English term, a context paragraph where the term is used, and its translations in Arabic.","Translation, AI Terminology, Multilingual, Ranking","$0.01","Fri Dec 06 03:36:22 PST 2024","5","BatchId:5277380;OriginalHitTemplateId:928390912;","3600","3600","Fri Dec 13 03:36:22 PST 2024","","","3URFVVM16NWHPXHZTFKGA4ZW6XMUZB","A1XD6THGBT1T9T","Approved","Fri Dec 06 05:38:10 PST 2024","Fri Dec 06 05:57:09 PST 2024","Fri Dec 06 06:57:09 PST 2024","Fri Dec 06 06:57:35 PST 2024","","","1139","100% (43/43)","100% (43/43)","100% (42/42)","early fusion","الانصهار المبكر","الدمج المبكر","early stopping","التوقف المبكر","الإيقاف المبكر","empirical frequency","التردد التجريبي","التكرار التجريبي","energy minimization framework","إطار عمل تقليل الطاقة","إطار تقليل الطاقة","feature hierarchy","التسلسل الهرمي للميزات","تسلسل الميزات","true","true","true","true","false","false","false","false","false","true","false","false","false","false","false","false","false","false","false","false"
"3SR6AEG6XM79T13G6S6XOY5AQNWYHD","3MRHU5294N3O7KAE1TUQJOAS6HI2AD","Ranking the Quality of AI Terminology Translation from English to Arabic","In this task, you will compare the quality of translations for scientific terms generated by two different methods. The input will include an English term, a context paragraph where the term is used, and its translations in Arabic.","Translation, AI Terminology, Multilingual, Ranking","$0.01","Fri Dec 06 03:36:22 PST 2024","5","BatchId:5277380;OriginalHitTemplateId:928390912;","3600","3600","Fri Dec 13 03:36:22 PST 2024","","","3570Y55XZ7XYFP6ZDOTGSIP3RTOYG5","ASVJ75M0TNT6Z","Approved","Fri Dec 06 03:37:26 PST 2024","Fri Dec 06 03:40:01 PST 2024","Fri Dec 06 04:40:01 PST 2024","Fri Dec 06 04:40:35 PST 2024","","","155","100% (25/25)","100% (25/25)","100% (25/25)","image generation","توليد الصور","توليد الصورة","input image","الصورة المدخلة","صورة الإدخال","joint probability matrix","مصفوفة الاحتمالات المشتركة","مصفوفة الاحتمال المشترك","linearization","التحسين الخطي","خطية","logit","لوغيت","اللوغيت","false","false","false","false","false","false","true","false","true","false","true","false","true","false","false","false","false","false","false","true"
"3SR6AEG6XM79T13G6S6XOY5AQNWYHD","3MRHU5294N3O7KAE1TUQJOAS6HI2AD","Ranking the Quality of AI Terminology Translation from English to Arabic","In this task, you will compare the quality of translations for scientific terms generated by two different methods. The input will include an English term, a context paragraph where the term is used, and its translations in Arabic.","Translation, AI Terminology, Multilingual, Ranking","$0.01","Fri Dec 06 03:36:22 PST 2024","5","BatchId:5277380;OriginalHitTemplateId:928390912;","3600","3600","Fri Dec 13 03:36:22 PST 2024","","","3T111IHZ5W4A3E75LNVCS5AJKTER95","A1G4DX33KADZA3","Approved","Fri Dec 06 03:37:33 PST 2024","Fri Dec 06 03:41:53 PST 2024","Fri Dec 06 04:41:53 PST 2024","Fri Dec 06 04:42:35 PST 2024","","","260","100% (21/21)","100% (21/21)","100% (21/21)","image generation","توليد الصور","توليد الصورة","input image","الصورة المدخلة","صورة الإدخال","joint probability matrix","مصفوفة الاحتمالات المشتركة","مصفوفة الاحتمال المشترك","linearization","التحسين الخطي","خطية","logit","لوغيت","اللوغيت","false","false","false","false","false","false","false","false","false","false","true","false","true","false","true","false","true","false","true","false"
"3SR6AEG6XM79T13G6S6XOY5AQNWYHD","3MRHU5294N3O7KAE1TUQJOAS6HI2AD","Ranking the Quality of AI Terminology Translation from English to Arabic","In this task, you will compare the quality of translations for scientific terms generated by two different methods. The input will include an English term, a context paragraph where the term is used, and its translations in Arabic.","Translation, AI Terminology, Multilingual, Ranking","$0.01","Fri Dec 06 03:36:22 PST 2024","5","BatchId:5277380;OriginalHitTemplateId:928390912;","3600","3600","Fri Dec 13 03:36:22 PST 2024","","","3WEV0KO0O46Y7JKZCS0J4BY5XGCDSW","A35H5DUMZH86PC","Approved","Fri Dec 06 03:37:13 PST 2024","Fri Dec 06 04:28:34 PST 2024","Fri Dec 06 05:28:34 PST 2024","Fri Dec 06 05:28:35 PST 2024","","","3081","100% (40/40)","100% (40/40)","100% (40/40)","image generation","توليد الصور","توليد الصورة","input image","الصورة المدخلة","صورة الإدخال","joint probability matrix","مصفوفة الاحتمالات المشتركة","مصفوفة الاحتمال المشترك","linearization","التحسين الخطي","خطية","logit","لوغيت","اللوغيت","false","true","true","false","true","true","false","false","false","false","false","false","false","false","false","false","false","false","true","false"
"3SR6AEG6XM79T13G6S6XOY5AQNWYHD","3MRHU5294N3O7KAE1TUQJOAS6HI2AD","Ranking the Quality of AI Terminology Translation from English to Arabic","In this task, you will compare the quality of translations for scientific terms generated by two different methods. The input will include an English term, a context paragraph where the term is used, and its translations in Arabic.","Translation, AI Terminology, Multilingual, Ranking","$0.01","Fri Dec 06 03:36:22 PST 2024","5","BatchId:5277380;OriginalHitTemplateId:928390912;","3600","3600","Fri Dec 13 03:36:22 PST 2024","","","3PZDLQMM0BZVXSXNIHQ2TN3JEN8C21","A3QIWEQXAGMGD","Approved","Fri Dec 06 04:37:50 PST 2024","Fri Dec 06 05:15:04 PST 2024","Fri Dec 06 06:15:04 PST 2024","Fri Dec 06 06:15:35 PST 2024","","","2234","100% (26/26)","100% (26/26)","100% (26/26)","image generation","توليد الصور","توليد الصورة","input image","الصورة المدخلة","صورة الإدخال","joint probability matrix","مصفوفة الاحتمالات المشتركة","مصفوفة الاحتمال المشترك","linearization","التحسين الخطي","خطية","logit","لوغيت","اللوغيت","false","true","false","false","true","false","false","true","false","false","false","false","false","false","false","false","false","false","true","false"
"3SR6AEG6XM79T13G6S6XOY5AQNWYHD","3MRHU5294N3O7KAE1TUQJOAS6HI2AD","Ranking the Quality of AI Terminology Translation from English to Arabic","In this task, you will compare the quality of translations for scientific terms generated by two different methods. The input will include an English term, a context paragraph where the term is used, and its translations in Arabic.","Translation, AI Terminology, Multilingual, Ranking","$0.01","Fri Dec 06 03:36:22 PST 2024","5","BatchId:5277380;OriginalHitTemplateId:928390912;","3600","3600","Fri Dec 13 03:36:22 PST 2024","","","3OXV7EAXLW4V2TK5CQR4QXG1OG663P","A1DAAEXVRDZMOQ","Approved","Fri Dec 06 05:38:32 PST 2024","Fri Dec 06 05:40:01 PST 2024","Fri Dec 06 06:40:01 PST 2024","Fri Dec 06 06:40:35 PST 2024","","","89","100% (1/1)","100% (1/1)","100% (1/1)","image generation","توليد الصور","توليد الصورة","input image","الصورة المدخلة","صورة الإدخال","joint probability matrix","مصفوفة الاحتمالات المشتركة","مصفوفة الاحتمال المشترك","linearization","التحسين الخطي","خطية","logit","لوغيت","اللوغيت","false","false","false","false","false","false","false","false","false","false","true","true","false","true","false","false","false","true","false","true"
"39O0SQZVK4L33BLIFOSRPPNJ9XLR72","3MRHU5294N3O7KAE1TUQJOAS6HI2AD","Ranking the Quality of AI Terminology Translation from English to Arabic","In this task, you will compare the quality of translations for scientific terms generated by two different methods. The input will include an English term, a context paragraph where the term is used, and its translations in Arabic.","Translation, AI Terminology, Multilingual, Ranking","$0.01","Fri Dec 06 03:36:22 PST 2024","5","BatchId:5277380;OriginalHitTemplateId:928390912;","3600","3600","Fri Dec 13 03:36:22 PST 2024","","","3ATPCQ38JQOX5YTWRO16WWE0TYBYAT","A11BQAB549UAEG","Approved","Fri Dec 06 03:37:24 PST 2024","Fri Dec 06 03:39:44 PST 2024","Fri Dec 06 04:39:44 PST 2024","Fri Dec 06 04:40:35 PST 2024","","","140","100% (14/14)","100% (14/14)","100% (14/14)","maximization problem","مشكلة تعظيم","مشكلة التعظيم","mean function","دالة الوسط","دالة المتوسط","mean shape","شكل المتوسط","الشكل المتوسط","metric score","النتيجة المترية","درجة المقياس","momentum encoder","مشفّر الزخم","مشفر الزخم","false","true","false","false","false","false","false","true","false","false","false","false","false","true","false","false","false","false","false","true"
"39O0SQZVK4L33BLIFOSRPPNJ9XLR72","3MRHU5294N3O7KAE1TUQJOAS6HI2AD","Ranking the Quality of AI Terminology Translation from English to Arabic","In this task, you will compare the quality of translations for scientific terms generated by two different methods. The input will include an English term, a context paragraph where the term is used, and its translations in Arabic.","Translation, AI Terminology, Multilingual, Ranking","$0.01","Fri Dec 06 03:36:22 PST 2024","5","BatchId:5277380;OriginalHitTemplateId:928390912;","3600","3600","Fri Dec 13 03:36:22 PST 2024","","","3Z3ZLGNNS08OCB3PRZ52W2XSOF2Q3M","A10A7EZUXBD0II","Approved","Fri Dec 06 03:37:12 PST 2024","Fri Dec 06 03:43:16 PST 2024","Fri Dec 06 04:43:16 PST 2024","Fri Dec 06 04:43:35 PST 2024","","","364","100% (3/3)","100% (3/3)","100% (3/3)","maximization problem","مشكلة تعظيم","مشكلة التعظيم","mean function","دالة الوسط","دالة المتوسط","mean shape","شكل المتوسط","الشكل المتوسط","metric score","النتيجة المترية","درجة المقياس","momentum encoder","مشفّر الزخم","مشفر الزخم","false","false","false","false","false","true","false","false","true","true","false","true","true","false","false","false","false","false","false","false"
"39O0SQZVK4L33BLIFOSRPPNJ9XLR72","3MRHU5294N3O7KAE1TUQJOAS6HI2AD","Ranking the Quality of AI Terminology Translation from English to Arabic","In this task, you will compare the quality of translations for scientific terms generated by two different methods. The input will include an English term, a context paragraph where the term is used, and its translations in Arabic.","Translation, AI Terminology, Multilingual, Ranking","$0.01","Fri Dec 06 03:36:22 PST 2024","5","BatchId:5277380;OriginalHitTemplateId:928390912;","3600","3600","Fri Dec 13 03:36:22 PST 2024","","","3QIYRE09YLV7ZBCIO3Z24FNQLL81NR","A2E2FFMXS9F9KR","Approved","Fri Dec 06 04:37:50 PST 2024","Fri Dec 06 04:46:50 PST 2024","Fri Dec 06 05:46:50 PST 2024","Fri Dec 06 05:47:35 PST 2024","","","540","100% (51/51)","100% (51/51)","100% (51/51)","maximization problem","مشكلة تعظيم","مشكلة التعظيم","mean function","دالة الوسط","دالة المتوسط","mean shape","شكل المتوسط","الشكل المتوسط","metric score","النتيجة المترية","درجة المقياس","momentum encoder","مشفّر الزخم","مشفر الزخم","false","false","false","false","true","true","false","false","true","false","false","true","true","false","false","false","false","false","false","false"
"39O0SQZVK4L33BLIFOSRPPNJ9XLR72","3MRHU5294N3O7KAE1TUQJOAS6HI2AD","Ranking the Quality of AI Terminology Translation from English to Arabic","In this task, you will compare the quality of translations for scientific terms generated by two different methods. The input will include an English term, a context paragraph where the term is used, and its translations in Arabic.","Translation, AI Terminology, Multilingual, Ranking","$0.01","Fri Dec 06 03:36:22 PST 2024","5","BatchId:5277380;OriginalHitTemplateId:928390912;","3600","3600","Fri Dec 13 03:36:22 PST 2024","","","36DSNE9QZNCWCDSYF75LN4JH5B6OJO","AC4I7XU10MQXK","Approved","Fri Dec 06 04:37:57 PST 2024","Fri Dec 06 05:21:57 PST 2024","Fri Dec 06 06:21:57 PST 2024","Fri Dec 06 06:22:35 PST 2024","","","2640","100% (58/58)","100% (58/58)","100% (58/58)","maximization problem","مشكلة تعظيم","مشكلة التعظيم","mean function","دالة الوسط","دالة المتوسط","mean shape","شكل المتوسط","الشكل المتوسط","metric score","النتيجة المترية","درجة المقياس","momentum encoder","مشفّر الزخم","مشفر الزخم","false","false","false","false","true","true","false","true","true","false","false","true","false","false","false","false","false","false","false","false"
"39O0SQZVK4L33BLIFOSRPPNJ9XLR72","3MRHU5294N3O7KAE1TUQJOAS6HI2AD","Ranking the Quality of AI Terminology Translation from English to Arabic","In this task, you will compare the quality of translations for scientific terms generated by two different methods. The input will include an English term, a context paragraph where the term is used, and its translations in Arabic.","Translation, AI Terminology, Multilingual, Ranking","$0.01","Fri Dec 06 03:36:22 PST 2024","5","BatchId:5277380;OriginalHitTemplateId:928390912;","3600","3600","Fri Dec 13 03:36:22 PST 2024","","","3IKZ72A5BMUYPQ6QV2ENTHRKMWZNFO","A2FXDEKCCUT9OJ","Approved","Fri Dec 06 05:38:10 PST 2024","Fri Dec 06 05:54:58 PST 2024","Fri Dec 06 06:54:58 PST 2024","Fri Dec 06 06:55:35 PST 2024","","","1008","100% (36/36)","100% (36/36)","100% (36/36)","maximization problem","مشكلة تعظيم","مشكلة التعظيم","mean function","دالة الوسط","دالة المتوسط","mean shape","شكل المتوسط","الشكل المتوسط","metric score","النتيجة المترية","درجة المقياس","momentum encoder","مشفّر الزخم","مشفر الزخم","false","false","true","false","true","true","false","false","false","false","false","true","false","true","false","false","false","false","false","false"
"3PEG1BH7BV54IJBD2LVATFN1XVIKBO","3MRHU5294N3O7KAE1TUQJOAS6HI2AD","Ranking the Quality of AI Terminology Translation from English to Arabic","In this task, you will compare the quality of translations for scientific terms generated by two different methods. The input will include an English term, a context paragraph where the term is used, and its translations in Arabic.","Translation, AI Terminology, Multilingual, Ranking","$0.01","Fri Dec 06 03:36:22 PST 2024","5","BatchId:5277380;OriginalHitTemplateId:928390912;","3600","3600","Fri Dec 13 03:36:22 PST 2024","","","39L1G8WVW850V7J86KFNV1PKG3B133","ASVJ75M0TNT6Z","Approved","Fri Dec 06 03:37:28 PST 2024","Fri Dec 06 03:40:23 PST 2024","Fri Dec 06 04:40:23 PST 2024","Fri Dec 06 04:40:35 PST 2024","","","175","100% (25/25)","100% (25/25)","100% (25/25)","net","الشبكة","شبكة","neural generation model","نموذج توليد عصبي","نموذج التوليد العصبي","optimal solution","حل أمثل","الحل الأمثل","permutation matrix","مصفوفة التباديل","مصفوفة التبديل","perplexity score","درجة التعقيد","درجة الارتباك","false","false","true","false","false","true","false","false","true","false","false","false","false","false","true","false","true","false","false","false"
"3PEG1BH7BV54IJBD2LVATFN1XVIKBO","3MRHU5294N3O7KAE1TUQJOAS6HI2AD","Ranking the Quality of AI Terminology Translation from English to Arabic","In this task, you will compare the quality of translations for scientific terms generated by two different methods. The input will include an English term, a context paragraph where the term is used, and its translations in Arabic.","Translation, AI Terminology, Multilingual, Ranking","$0.01","Fri Dec 06 03:36:22 PST 2024","5","BatchId:5277380;OriginalHitTemplateId:928390912;","3600","3600","Fri Dec 13 03:36:22 PST 2024","","","3MAOD8E578OFPCXBVWK9ZORRQZGNXW","A19I2ZK220NTAE","Approved","Fri Dec 06 04:37:57 PST 2024","Fri Dec 06 05:02:37 PST 2024","Fri Dec 06 06:02:37 PST 2024","Fri Dec 06 06:03:35 PST 2024","","","1480","100% (32/32)","100% (32/32)","100% (32/32)","net","الشبكة","شبكة","neural generation model","نموذج توليد عصبي","نموذج التوليد العصبي","optimal solution","حل أمثل","الحل الأمثل","permutation matrix","مصفوفة التباديل","مصفوفة التبديل","perplexity score","درجة التعقيد","درجة الارتباك","true","true","false","false","false","false","false","false","true","true","false","false","true","false","false","false","false","false","false","false"
"3PEG1BH7BV54IJBD2LVATFN1XVIKBO","3MRHU5294N3O7KAE1TUQJOAS6HI2AD","Ranking the Quality of AI Terminology Translation from English to Arabic","In this task, you will compare the quality of translations for scientific terms generated by two different methods. The input will include an English term, a context paragraph where the term is used, and its translations in Arabic.","Translation, AI Terminology, Multilingual, Ranking","$0.01","Fri Dec 06 03:36:22 PST 2024","5","BatchId:5277380;OriginalHitTemplateId:928390912;","3600","3600","Fri Dec 13 03:36:22 PST 2024","","","39ZSFO5CAQARPICVBTHUMAB6NXUJUW","A3Q32FL0WWF4KZ","Approved","Fri Dec 06 04:37:13 PST 2024","Fri Dec 06 05:13:14 PST 2024","Fri Dec 06 06:13:14 PST 2024","Fri Dec 06 06:13:35 PST 2024","","","2161","100% (40/40)","100% (40/40)","100% (40/40)","net","الشبكة","شبكة","neural generation model","نموذج توليد عصبي","نموذج التوليد العصبي","optimal solution","حل أمثل","الحل الأمثل","permutation matrix","مصفوفة التباديل","مصفوفة التبديل","perplexity score","درجة التعقيد","درجة الارتباك","true","true","false","false","false","false","false","false","true","true","false","false","true","false","false","false","false","false","false","false"
"3PEG1BH7BV54IJBD2LVATFN1XVIKBO","3MRHU5294N3O7KAE1TUQJOAS6HI2AD","Ranking the Quality of AI Terminology Translation from English to Arabic","In this task, you will compare the quality of translations for scientific terms generated by two different methods. The input will include an English term, a context paragraph where the term is used, and its translations in Arabic.","Translation, AI Terminology, Multilingual, Ranking","$0.01","Fri Dec 06 03:36:22 PST 2024","5","BatchId:5277380;OriginalHitTemplateId:928390912;","3600","3600","Fri Dec 13 03:36:22 PST 2024","","","3P59JYT763YCJ9ZY43LSIX3N298T21","A2FXDEKCCUT9OJ","Approved","Fri Dec 06 05:38:43 PST 2024","Fri Dec 06 05:55:45 PST 2024","Fri Dec 06 06:55:45 PST 2024","Fri Dec 06 06:56:35 PST 2024","","","1022","100% (36/36)","100% (36/36)","100% (36/36)","net","الشبكة","شبكة","neural generation model","نموذج توليد عصبي","نموذج التوليد العصبي","optimal solution","حل أمثل","الحل الأمثل","permutation matrix","مصفوفة التباديل","مصفوفة التبديل","perplexity score","درجة التعقيد","درجة الارتباك","true","true","false","true","false","false","false","false","false","false","false","false","true","false","true","false","false","false","false","false"
"3PEG1BH7BV54IJBD2LVATFN1XVIKBO","3MRHU5294N3O7KAE1TUQJOAS6HI2AD","Ranking the Quality of AI Terminology Translation from English to Arabic","In this task, you will compare the quality of translations for scientific terms generated by two different methods. The input will include an English term, a context paragraph where the term is used, and its translations in Arabic.","Translation, AI Terminology, Multilingual, Ranking","$0.01","Fri Dec 06 03:36:22 PST 2024","5","BatchId:5277380;OriginalHitTemplateId:928390912;","3600","3600","Fri Dec 13 03:36:22 PST 2024","","","3YMU66OBI5MCTUGA3OPS6IU01YJHGZ","A3OAFR48DADAOM","Approved","Fri Dec 06 05:39:14 PST 2024","Fri Dec 06 06:04:34 PST 2024","Fri Dec 06 07:04:34 PST 2024","Fri Dec 06 07:04:35 PST 2024","","","1520","100% (41/41)","100% (41/41)","100% (41/41)","net","الشبكة","شبكة","neural generation model","نموذج توليد عصبي","نموذج التوليد العصبي","optimal solution","حل أمثل","الحل الأمثل","permutation matrix","مصفوفة التباديل","مصفوفة التبديل","perplexity score","درجة التعقيد","درجة الارتباك","true","true","false","false","false","false","false","false","true","false","false","false","true","false","false","false","false","false","false","true"
"378G7J1SK2CTKMHE1QG3IYNHNZ4WEW","3MRHU5294N3O7KAE1TUQJOAS6HI2AD","Ranking the Quality of AI Terminology Translation from English to Arabic","In this task, you will compare the quality of translations for scientific terms generated by two different methods. The input will include an English term, a context paragraph where the term is used, and its translations in Arabic.","Translation, AI Terminology, Multilingual, Ranking","$0.01","Fri Dec 06 03:36:22 PST 2024","5","BatchId:5277380;OriginalHitTemplateId:928390912;","3600","3600","Fri Dec 13 03:36:22 PST 2024","","","34S6N1K2ZDXSFMUBEFM8JAZ8XEXHLV","A11BQAB549UAEG","Approved","Fri Dec 06 03:37:00 PST 2024","Fri Dec 06 03:37:28 PST 2024","Fri Dec 06 04:37:28 PST 2024","Fri Dec 06 04:37:35 PST 2024","","","28","100% (14/14)","100% (14/14)","100% (14/14)","primal objective function","وظيفة الهدف الأولية","دالة الهدف الأولية","projective camera","الكاميرا الإسقاطية","كاميرا إسقاطية","regularization strength","قوة الانتظام","قوة التنظيم","representation learning","التعلم التمثيلي","تعلم التمثيل","reverse-mode","وضع العكس","الوضع العكسي","false","false","false","false","false","true","false","true","false","true","false","true","false","true","false","false","false","false","false","false"
"378G7J1SK2CTKMHE1QG3IYNHNZ4WEW","3MRHU5294N3O7KAE1TUQJOAS6HI2AD","Ranking the Quality of AI Terminology Translation from English to Arabic","In this task, you will compare the quality of translations for scientific terms generated by two different methods. The input will include an English term, a context paragraph where the term is used, and its translations in Arabic.","Translation, AI Terminology, Multilingual, Ranking","$0.01","Fri Dec 06 03:36:22 PST 2024","5","BatchId:5277380;OriginalHitTemplateId:928390912;","3600","3600","Fri Dec 13 03:36:22 PST 2024","","","3NS0A6KXCMMYKFG49AVZ6PY5XNRZGW","A9M8N3BOH6013","Approved","Fri Dec 06 04:37:15 PST 2024","Fri Dec 06 04:55:35 PST 2024","Fri Dec 06 05:55:35 PST 2024","Fri Dec 06 05:56:35 PST 2024","","","1100","100% (44/44)","100% (44/44)","100% (44/44)","primal objective function","وظيفة الهدف الأولية","دالة الهدف الأولية","projective camera","الكاميرا الإسقاطية","كاميرا إسقاطية","regularization strength","قوة الانتظام","قوة التنظيم","representation learning","التعلم التمثيلي","تعلم التمثيل","reverse-mode","وضع العكس","الوضع العكسي","false","true","false","false","false","false","false","true","true","false","true","false","false","false","true","false","false","false","false","false"
"378G7J1SK2CTKMHE1QG3IYNHNZ4WEW","3MRHU5294N3O7KAE1TUQJOAS6HI2AD","Ranking the Quality of AI Terminology Translation from English to Arabic","In this task, you will compare the quality of translations for scientific terms generated by two different methods. The input will include an English term, a context paragraph where the term is used, and its translations in Arabic.","Translation, AI Terminology, Multilingual, Ranking","$0.01","Fri Dec 06 03:36:22 PST 2024","5","BatchId:5277380;OriginalHitTemplateId:928390912;","3600","3600","Fri Dec 13 03:36:22 PST 2024","","","33PPO7FECDT9D5H37G6509SIOJHDID","A3QIWEQXAGMGD","Approved","Fri Dec 06 04:37:35 PST 2024","Fri Dec 06 05:14:25 PST 2024","Fri Dec 06 06:14:25 PST 2024","Fri Dec 06 06:14:35 PST 2024","","","2210","100% (26/26)","100% (26/26)","100% (26/26)","primal objective function","وظيفة الهدف الأولية","دالة الهدف الأولية","projective camera","الكاميرا الإسقاطية","كاميرا إسقاطية","regularization strength","قوة الانتظام","قوة التنظيم","representation learning","التعلم التمثيلي","تعلم التمثيل","reverse-mode","وضع العكس","الوضع العكسي","false","true","false","true","false","true","false","false","false","false","false","false","true","false","true","false","false","false","false","false"
"378G7J1SK2CTKMHE1QG3IYNHNZ4WEW","3MRHU5294N3O7KAE1TUQJOAS6HI2AD","Ranking the Quality of AI Terminology Translation from English to Arabic","In this task, you will compare the quality of translations for scientific terms generated by two different methods. The input will include an English term, a context paragraph where the term is used, and its translations in Arabic.","Translation, AI Terminology, Multilingual, Ranking","$0.01","Fri Dec 06 03:36:22 PST 2024","5","BatchId:5277380;OriginalHitTemplateId:928390912;","3600","3600","Fri Dec 13 03:36:22 PST 2024","","","3C8HJ7UOPP8YCPCQKDTUJUI2T94MZS","A3OAFR48DADAOM","Approved","Fri Dec 06 04:37:15 PST 2024","Fri Dec 06 05:36:29 PST 2024","Fri Dec 06 06:36:29 PST 2024","Fri Dec 06 06:36:35 PST 2024","","","3554","100% (41/41)","100% (41/41)","100% (41/41)","primal objective function","وظيفة الهدف الأولية","دالة الهدف الأولية","projective camera","الكاميرا الإسقاطية","كاميرا إسقاطية","regularization strength","قوة الانتظام","قوة التنظيم","representation learning","التعلم التمثيلي","تعلم التمثيل","reverse-mode","وضع العكس","الوضع العكسي","false","true","false","false","false","false","false","true","false","false","true","false","false","true","true","false","false","false","false","false"
"378G7J1SK2CTKMHE1QG3IYNHNZ4WEW","3MRHU5294N3O7KAE1TUQJOAS6HI2AD","Ranking the Quality of AI Terminology Translation from English to Arabic","In this task, you will compare the quality of translations for scientific terms generated by two different methods. The input will include an English term, a context paragraph where the term is used, and its translations in Arabic.","Translation, AI Terminology, Multilingual, Ranking","$0.01","Fri Dec 06 03:36:22 PST 2024","5","BatchId:5277380;OriginalHitTemplateId:928390912;","3600","3600","Fri Dec 13 03:36:22 PST 2024","","","38YMOXR4MCDSTRMTMA26VURYM9V6WQ","A3Q32FL0WWF4KZ","Approved","Fri Dec 06 05:30:15 PST 2024","Fri Dec 06 06:10:24 PST 2024","Fri Dec 06 07:10:24 PST 2024","Fri Dec 06 07:10:35 PST 2024","","","2409","100% (40/40)","100% (40/40)","100% (40/40)","primal objective function","وظيفة الهدف الأولية","دالة الهدف الأولية","projective camera","الكاميرا الإسقاطية","كاميرا إسقاطية","regularization strength","قوة الانتظام","قوة التنظيم","representation learning","التعلم التمثيلي","تعلم التمثيل","reverse-mode","وضع العكس","الوضع العكسي","false","false","false","false","false","false","true","false","true","false","true","false","true","false","true","false","false","false","false","false"
"3P4ZBJFX3CHLQ0HAW1090G8HZ0JWFE","3MRHU5294N3O7KAE1TUQJOAS6HI2AD","Ranking the Quality of AI Terminology Translation from English to Arabic","In this task, you will compare the quality of translations for scientific terms generated by two different methods. The input will include an English term, a context paragraph where the term is used, and its translations in Arabic.","Translation, AI Terminology, Multilingual, Ranking","$0.01","Fri Dec 06 03:36:22 PST 2024","5","BatchId:5277380;OriginalHitTemplateId:928390912;","3600","3600","Fri Dec 13 03:36:22 PST 2024","","","3K4J6M3CXW7XJ78WXIF0PW7WO2LGAD","A1G4DX33KADZA3","Approved","Fri Dec 06 03:37:09 PST 2024","Fri Dec 06 03:39:56 PST 2024","Fri Dec 06 04:39:56 PST 2024","Fri Dec 06 04:40:35 PST 2024","","","167","100% (21/21)","100% (21/21)","100% (21/21)","row vector","متجه صف","متجه الصف","stochastic matrix","مصفوفة احتمالية","المصفوفة العشوائية","synthetic dataset","مجموعة بيانات اصطناعية","مجموعة بيانات صناعية","topic proportion","نسبة الموضوعات","نسبة الموضوع","training token","توكن التدريب","رمز التدريب","false","false","false","false","false","false","false","false","false","false","false","true","false","false","true","false","false","true","true","false"
"3P4ZBJFX3CHLQ0HAW1090G8HZ0JWFE","3MRHU5294N3O7KAE1TUQJOAS6HI2AD","Ranking the Quality of AI Terminology Translation from English to Arabic","In this task, you will compare the quality of translations for scientific terms generated by two different methods. The input will include an English term, a context paragraph where the term is used, and its translations in Arabic.","Translation, AI Terminology, Multilingual, Ranking","$0.01","Fri Dec 06 03:36:22 PST 2024","5","BatchId:5277380;OriginalHitTemplateId:928390912;","3600","3600","Fri Dec 13 03:36:22 PST 2024","","","3Q5C1WP234F39M6CK33GAYN4UZ215T","ASVJ75M0TNT6Z","Approved","Fri Dec 06 03:37:29 PST 2024","Fri Dec 06 03:43:32 PST 2024","Fri Dec 06 04:43:32 PST 2024","Fri Dec 06 04:43:35 PST 2024","","","363","100% (25/25)","100% (25/25)","100% (25/25)","row vector","متجه صف","متجه الصف","stochastic matrix","مصفوفة احتمالية","المصفوفة العشوائية","synthetic dataset","مجموعة بيانات اصطناعية","مجموعة بيانات صناعية","topic proportion","نسبة الموضوعات","نسبة الموضوع","training token","توكن التدريب","رمز التدريب","false","false","false","true","false","false","true","false","false","false","true","false","false","false","true","false","false","true","false","false"
"3P4ZBJFX3CHLQ0HAW1090G8HZ0JWFE","3MRHU5294N3O7KAE1TUQJOAS6HI2AD","Ranking the Quality of AI Terminology Translation from English to Arabic","In this task, you will compare the quality of translations for scientific terms generated by two different methods. The input will include an English term, a context paragraph where the term is used, and its translations in Arabic.","Translation, AI Terminology, Multilingual, Ranking","$0.01","Fri Dec 06 03:36:22 PST 2024","5","BatchId:5277380;OriginalHitTemplateId:928390912;","3600","3600","Fri Dec 13 03:36:22 PST 2024","","","3JNQLM5FTM0O0WRTVUJ1W6T68VF2LY","A3MDTRJTDIDNX","Approved","Fri Dec 06 03:36:59 PST 2024","Fri Dec 06 03:50:52 PST 2024","Fri Dec 06 04:50:52 PST 2024","Fri Dec 06 04:51:35 PST 2024","","","833","100% (53/53)","100% (53/53)","100% (53/53)","row vector","متجه صف","متجه الصف","stochastic matrix","مصفوفة احتمالية","المصفوفة العشوائية","synthetic dataset","مجموعة بيانات اصطناعية","مجموعة بيانات صناعية","topic proportion","نسبة الموضوعات","نسبة الموضوع","training token","توكن التدريب","رمز التدريب","false","false","true","false","true","true","false","false","true","false","false","true","false","false","false","false","false","false","false","false"
"3P4ZBJFX3CHLQ0HAW1090G8HZ0JWFE","3MRHU5294N3O7KAE1TUQJOAS6HI2AD","Ranking the Quality of AI Terminology Translation from English to Arabic","In this task, you will compare the quality of translations for scientific terms generated by two different methods. The input will include an English term, a context paragraph where the term is used, and its translations in Arabic.","Translation, AI Terminology, Multilingual, Ranking","$0.01","Fri Dec 06 03:36:22 PST 2024","5","BatchId:5277380;OriginalHitTemplateId:928390912;","3600","3600","Fri Dec 13 03:36:22 PST 2024","","","3KKG4CDWK0C32857ABZZKCZ9SFV490","AG9MLSV2QCVD4","Approved","Fri Dec 06 03:37:38 PST 2024","Fri Dec 06 04:19:32 PST 2024","Fri Dec 06 05:19:32 PST 2024","Fri Dec 06 05:19:35 PST 2024","","","2514","100% (24/24)","100% (24/24)","100% (24/24)","row vector","متجه صف","متجه الصف","stochastic matrix","مصفوفة احتمالية","المصفوفة العشوائية","synthetic dataset","مجموعة بيانات اصطناعية","مجموعة بيانات صناعية","topic proportion","نسبة الموضوعات","نسبة الموضوع","training token","توكن التدريب","رمز التدريب","false","true","true","false","true","true","false","false","true","false","false","false","false","false","false","false","false","false","false","false"
"3P4ZBJFX3CHLQ0HAW1090G8HZ0JWFE","3MRHU5294N3O7KAE1TUQJOAS6HI2AD","Ranking the Quality of AI Terminology Translation from English to Arabic","In this task, you will compare the quality of translations for scientific terms generated by two different methods. The input will include an English term, a context paragraph where the term is used, and its translations in Arabic.","Translation, AI Terminology, Multilingual, Ranking","$0.01","Fri Dec 06 03:36:22 PST 2024","5","BatchId:5277380;OriginalHitTemplateId:928390912;","3600","3600","Fri Dec 13 03:36:22 PST 2024","","","3TOK3KHVJBW3SIRWEYGOKEE8EIN7OL","A3OAFR48DADAOM","Approved","Fri Dec 06 05:53:21 PST 2024","Fri Dec 06 06:04:54 PST 2024","Fri Dec 06 07:04:54 PST 2024","Fri Dec 06 07:05:35 PST 2024","","","693","100% (41/41)","100% (41/41)","100% (41/41)","row vector","متجه صف","متجه الصف","stochastic matrix","مصفوفة احتمالية","المصفوفة العشوائية","synthetic dataset","مجموعة بيانات اصطناعية","مجموعة بيانات صناعية","topic proportion","نسبة الموضوعات","نسبة الموضوع","training token","توكن التدريب","رمز التدريب","true","false","true","false","true","false","true","false","true","false","false","false","false","false","false","false","false","false","false","false"
"3W31J70BB9ANSO3JGLR54ZTJFGIKCV","3MRHU5294N3O7KAE1TUQJOAS6HI2AD","Ranking the Quality of AI Terminology Translation from English to Arabic","In this task, you will compare the quality of translations for scientific terms generated by two different methods. The input will include an English term, a context paragraph where the term is used, and its translations in Arabic.","Translation, AI Terminology, Multilingual, Ranking","$0.01","Fri Dec 06 03:36:22 PST 2024","5","BatchId:5277380;OriginalHitTemplateId:928390912;","3600","3600","Fri Dec 13 03:36:22 PST 2024","","","3R5F3LQFVKYMCSX2XT87BY77O9JZOK","A158IFJD0BERSB","Approved","Fri Dec 06 03:37:43 PST 2024","Fri Dec 06 03:40:40 PST 2024","Fri Dec 06 04:40:40 PST 2024","Fri Dec 06 04:41:35 PST 2024","","","177","100% (6/6)","100% (6/6)","100% (6/6)","transformation matrix","مصفوفة التحول","مصفوفة التحويل","tree search","بحث شجري","بحث الشجرة","user-item matrix","مصفوفة المستخدم-item","مصفوفة المستخدم-العنصر","vectorization","تحويل المتجهات","تحويل إلى متجهات","voxel representation","تمثيل فوكسل","تمثيل الفوكسل","true","false","false","false","false","false","true","false","true","false","false","false","true","false","false","false","false","false","false","true"
"3W31J70BB9ANSO3JGLR54ZTJFGIKCV","3MRHU5294N3O7KAE1TUQJOAS6HI2AD","Ranking the Quality of AI Terminology Translation from English to Arabic","In this task, you will compare the quality of translations for scientific terms generated by two different methods. The input will include an English term, a context paragraph where the term is used, and its translations in Arabic.","Translation, AI Terminology, Multilingual, Ranking","$0.01","Fri Dec 06 03:36:22 PST 2024","5","BatchId:5277380;OriginalHitTemplateId:928390912;","3600","3600","Fri Dec 13 03:36:22 PST 2024","","","3U5NZHP4L9GI679967FF0R8S2OYPH1","A1M151WPTX57PC","Approved","Fri Dec 06 03:37:04 PST 2024","Fri Dec 06 03:46:20 PST 2024","Fri Dec 06 04:46:20 PST 2024","Fri Dec 06 04:46:35 PST 2024","","","556","100% (4/4)","100% (4/4)","100% (4/4)","transformation matrix","مصفوفة التحول","مصفوفة التحويل","tree search","بحث شجري","بحث الشجرة","user-item matrix","مصفوفة المستخدم-item","مصفوفة المستخدم-العنصر","vectorization","تحويل المتجهات","تحويل إلى متجهات","voxel representation","تمثيل فوكسل","تمثيل الفوكسل","false","false","false","false","true","true","true","false","true","false","false","false","true","false","false","false","false","false","false","false"
"3W31J70BB9ANSO3JGLR54ZTJFGIKCV","3MRHU5294N3O7KAE1TUQJOAS6HI2AD","Ranking the Quality of AI Terminology Translation from English to Arabic","In this task, you will compare the quality of translations for scientific terms generated by two different methods. The input will include an English term, a context paragraph where the term is used, and its translations in Arabic.","Translation, AI Terminology, Multilingual, Ranking","$0.01","Fri Dec 06 03:36:22 PST 2024","5","BatchId:5277380;OriginalHitTemplateId:928390912;","3600","3600","Fri Dec 13 03:36:22 PST 2024","","","34BBWHLWHSP8MBHUOBBVSXH3VZNIWR","A9M8N3BOH6013","Approved","Fri Dec 06 04:38:37 PST 2024","Fri Dec 06 04:57:42 PST 2024","Fri Dec 06 05:57:42 PST 2024","Fri Dec 06 05:58:35 PST 2024","","","1145","100% (44/44)","100% (44/44)","100% (44/44)","transformation matrix","مصفوفة التحول","مصفوفة التحويل","tree search","بحث شجري","بحث الشجرة","user-item matrix","مصفوفة المستخدم-item","مصفوفة المستخدم-العنصر","vectorization","تحويل المتجهات","تحويل إلى متجهات","voxel representation","تمثيل فوكسل","تمثيل الفوكسل","false","false","false","true","true","true","true","false","false","false","false","false","true","false","false","false","false","false","false","false"
"3W31J70BB9ANSO3JGLR54ZTJFGIKCV","3MRHU5294N3O7KAE1TUQJOAS6HI2AD","Ranking the Quality of AI Terminology Translation from English to Arabic","In this task, you will compare the quality of translations for scientific terms generated by two different methods. The input will include an English term, a context paragraph where the term is used, and its translations in Arabic.","Translation, AI Terminology, Multilingual, Ranking","$0.01","Fri Dec 06 03:36:22 PST 2024","5","BatchId:5277380;OriginalHitTemplateId:928390912;","3600","3600","Fri Dec 13 03:36:22 PST 2024","","","3H7XDTSHKU5UQKBZYNBS7L4NGLNWG3","A35H5DUMZH86PC","Approved","Fri Dec 06 04:37:22 PST 2024","Fri Dec 06 05:16:07 PST 2024","Fri Dec 06 06:16:07 PST 2024","Fri Dec 06 06:16:35 PST 2024","","","2325","100% (40/40)","100% (40/40)","100% (40/40)","transformation matrix","مصفوفة التحول","مصفوفة التحويل","tree search","بحث شجري","بحث الشجرة","user-item matrix","مصفوفة المستخدم-item","مصفوفة المستخدم-العنصر","vectorization","تحويل المتجهات","تحويل إلى متجهات","voxel representation","تمثيل فوكسل","تمثيل الفوكسل","true","false","false","true","true","false","true","false","false","false","false","false","true","false","false","false","false","false","false","false"
"3W31J70BB9ANSO3JGLR54ZTJFGIKCV","3MRHU5294N3O7KAE1TUQJOAS6HI2AD","Ranking the Quality of AI Terminology Translation from English to Arabic","In this task, you will compare the quality of translations for scientific terms generated by two different methods. The input will include an English term, a context paragraph where the term is used, and its translations in Arabic.","Translation, AI Terminology, Multilingual, Ranking","$0.01","Fri Dec 06 03:36:22 PST 2024","5","BatchId:5277380;OriginalHitTemplateId:928390912;","3600","3600","Fri Dec 13 03:36:22 PST 2024","","","3WQ3B2KGEQU5Y2NLLDUTDKNW4X41BE","A2YVLMI4PRDECY","Approved","Fri Dec 06 05:39:36 PST 2024","Fri Dec 06 05:52:45 PST 2024","Fri Dec 06 06:52:45 PST 2024","Fri Dec 06 06:53:35 PST 2024","","","789","100% (32/32)","100% (32/32)","100% (32/32)","transformation matrix","مصفوفة التحول","مصفوفة التحويل","tree search","بحث شجري","بحث الشجرة","user-item matrix","مصفوفة المستخدم-item","مصفوفة المستخدم-العنصر","vectorization","تحويل المتجهات","تحويل إلى متجهات","voxel representation","تمثيل فوكسل","تمثيل الفوكسل","false","true","true","false","true","true","false","false","true","false","false","false","false","false","false","false","false","false","false","false"