,WorkerId,en_word,anno1_word,anno2_word,Answer.A,Answer.B,Answer.C,Answer.D,source
0,A1G4DX33KADZA3,decoder,المُفكِك,وحدة فك الترميز,False,False,True,False,6060
1,A1G4DX33KADZA3,CamemBERT,كاميمبيرت,CamemBERT,False,False,True,False,6060
2,A1G4DX33KADZA3,AI,الذكاء الاصطناعي,AI,False,False,True,False,6060
3,A1G4DX33KADZA3,spans,الأقسام,امتدادات,False,False,True,False,6060
4,A1G4DX33KADZA3,CRF,نموذج الحقول العشوائية المشروطة,CRF,False,False,True,False,6060
5,A2P8U65V6NL7B5,decoder,المُفكِك,وحدة فك الترميز,False,False,True,False,6060
6,A2P8U65V6NL7B5,CamemBERT,كاميمبيرت,CamemBERT,True,False,False,False,6060
7,A2P8U65V6NL7B5,AI,الذكاء الاصطناعي,AI,False,True,False,False,6060
8,A2P8U65V6NL7B5,spans,الأقسام,امتدادات,False,False,True,False,6060
9,A2P8U65V6NL7B5,CRF,نموذج الحقول العشوائية المشروطة,CRF,False,True,False,False,6060
10,A2744LPDY86TJO,decoder,المُفكِك,وحدة فك الترميز,True,False,False,False,6060
11,A2744LPDY86TJO,CamemBERT,كاميمبيرت,CamemBERT,True,False,False,False,6060
12,A2744LPDY86TJO,AI,الذكاء الاصطناعي,AI,True,False,False,False,6060
13,A2744LPDY86TJO,spans,الأقسام,امتدادات,False,False,False,False,6060
14,A2744LPDY86TJO,CRF,نموذج الحقول العشوائية المشروطة,CRF,False,True,False,False,6060
15,A39PWDRYNY2WM0,decoder,المُفكِك,وحدة فك الترميز,False,False,True,False,6060
16,A39PWDRYNY2WM0,CamemBERT,كاميمبيرت,CamemBERT,True,False,False,False,6060
17,A39PWDRYNY2WM0,AI,الذكاء الاصطناعي,AI,False,True,False,False,6060
18,A39PWDRYNY2WM0,spans,الأقسام,امتدادات,False,True,False,False,6060
19,A39PWDRYNY2WM0,CRF,نموذج الحقول العشوائية المشروطة,CRF,False,True,False,False,6060
20,A38SYZRVLTMOFG,decoder,المُفكِك,وحدة فك الترميز,False,False,True,False,6060
21,A38SYZRVLTMOFG,CamemBERT,كاميمبيرت,CamemBERT,True,False,False,False,6060
22,A38SYZRVLTMOFG,AI,الذكاء الاصطناعي,AI,False,True,False,False,6060
23,A38SYZRVLTMOFG,spans,الأقسام,امتدادات,False,False,True,False,6060
24,A38SYZRVLTMOFG,CRF,نموذج الحقول العشوائية المشروطة,CRF,False,True,False,False,6060
25,A11BQAB549UAEG,systems,الأنظمة,نظم,False,True,False,False,6060
26,A11BQAB549UAEG,OOV,خارج المفردات,OOV,False,False,True,False,6060
27,A11BQAB549UAEG,PaLM,بالم,PaLM,False,True,False,False,6060
28,A11BQAB549UAEG,morphological,المورفولوجي,مورفولوجي,False,False,True,False,6060
29,A11BQAB549UAEG,NLI,استنتاج اللغة الطبيعية,NLI,False,True,False,False,6060
30,ASVJ75M0TNT6Z,systems,الأنظمة,نظم,False,False,True,False,6060
31,ASVJ75M0TNT6Z,OOV,خارج المفردات,OOV,False,True,False,False,6060
32,ASVJ75M0TNT6Z,PaLM,بالم,PaLM,False,False,False,False,6060
33,ASVJ75M0TNT6Z,morphological,المورفولوجي,مورفولوجي,True,False,False,False,6060
34,ASVJ75M0TNT6Z,NLI,استنتاج اللغة الطبيعية,NLI,False,False,False,True,6060
35,A158IFJD0BERSB,systems,الأنظمة,نظم,False,True,False,False,6060
36,A158IFJD0BERSB,OOV,خارج المفردات,OOV,False,False,True,False,6060
37,A158IFJD0BERSB,PaLM,بالم,PaLM,False,True,False,False,6060
38,A158IFJD0BERSB,morphological,المورفولوجي,مورفولوجي,False,False,False,True,6060
39,A158IFJD0BERSB,NLI,استنتاج اللغة الطبيعية,NLI,False,False,True,False,6060
40,A21X87H2GCSME0,systems,الأنظمة,نظم,False,False,False,False,6060
41,A21X87H2GCSME0,OOV,خارج المفردات,OOV,False,True,False,False,6060
42,A21X87H2GCSME0,PaLM,بالم,PaLM,False,False,True,False,6060
43,A21X87H2GCSME0,morphological,المورفولوجي,مورفولوجي,False,True,False,False,6060
44,A21X87H2GCSME0,NLI,استنتاج اللغة الطبيعية,NLI,False,False,True,False,6060
45,A251BWQW2F81FT,systems,الأنظمة,نظم,True,False,False,False,6060
46,A251BWQW2F81FT,OOV,خارج المفردات,OOV,False,True,False,False,6060
47,A251BWQW2F81FT,PaLM,بالم,PaLM,True,False,False,False,6060
48,A251BWQW2F81FT,morphological,المورفولوجي,مورفولوجي,True,False,False,False,6060
49,A251BWQW2F81FT,NLI,استنتاج اللغة الطبيعية,NLI,False,True,False,False,6060
50,A38SYZRVLTMOFG,BERTs,نماذج BERT,BERTs,True,False,False,False,6060
51,A38SYZRVLTMOFG,CONLL,تنسيق كونل,CoNLL,True,False,False,False,6060
52,A38SYZRVLTMOFG,VisualBERT,فيجوال بيرت,VisualBERT,True,False,False,False,6060
53,A38SYZRVLTMOFG,corresponding,المطابق,تطابق,False,True,False,False,6060
54,A38SYZRVLTMOFG,newswire,وكالة الأنباء,إخبارية,True,False,False,False,6060
55,A1XD6THGBT1T9T,BERTs,نماذج BERT,BERTs,True,False,False,False,6060
56,A1XD6THGBT1T9T,CONLL,تنسيق كونل,CoNLL,False,False,True,False,6060
57,A1XD6THGBT1T9T,VisualBERT,فيجوال بيرت,VisualBERT,True,False,False,False,6060
58,A1XD6THGBT1T9T,corresponding,المطابق,تطابق,True,False,False,False,6060
59,A1XD6THGBT1T9T,newswire,وكالة الأنباء,إخبارية,False,True,False,False,6060
60,AWGV35294HOYB,BERTs,نماذج BERT,BERTs,True,False,False,False,6060
61,AWGV35294HOYB,CONLL,تنسيق كونل,CoNLL,False,True,False,False,6060
62,AWGV35294HOYB,VisualBERT,فيجوال بيرت,VisualBERT,True,False,False,False,6060
63,AWGV35294HOYB,corresponding,المطابق,تطابق,False,True,False,False,6060
64,AWGV35294HOYB,newswire,وكالة الأنباء,إخبارية,True,False,False,False,6060
65,A2QX81MMC8KN80,BERTs,نماذج BERT,BERTs,False,True,False,False,6060
66,A2QX81MMC8KN80,CONLL,تنسيق كونل,CoNLL,False,False,True,False,6060
67,A2QX81MMC8KN80,VisualBERT,فيجوال بيرت,VisualBERT,False,False,True,False,6060
68,A2QX81MMC8KN80,corresponding,المطابق,تطابق,False,True,False,False,6060
69,A2QX81MMC8KN80,newswire,وكالة الأنباء,إخبارية,False,False,True,False,6060
70,A1L8EGJ85A7DZR,BERTs,نماذج BERT,BERTs,True,False,False,False,6060
71,A1L8EGJ85A7DZR,CONLL,تنسيق كونل,CoNLL,False,True,False,False,6060
72,A1L8EGJ85A7DZR,VisualBERT,فيجوال بيرت,VisualBERT,False,False,True,False,6060
73,A1L8EGJ85A7DZR,corresponding,المطابق,تطابق,False,True,False,False,6060
74,A1L8EGJ85A7DZR,newswire,وكالة الأنباء,إخبارية,False,False,True,False,6060
75,A38SYZRVLTMOFG,knowledge,المعرفة,معرفة,True,False,False,False,6060
76,A38SYZRVLTMOFG,syntactic,نحوي,النحوي,True,False,False,False,6060
77,A38SYZRVLTMOFG,translation,ترجمة,الترجمة,True,False,False,False,6060
78,A38SYZRVLTMOFG,features,الميزات,ميزات,True,False,False,False,6060
79,A38SYZRVLTMOFG,KinyaBERT,كينيا بيرت,KinyaBERT,False,True,False,False,6060
80,A39PWDRYNY2WM0,knowledge,المعرفة,معرفة,True,False,False,False,6060
81,A39PWDRYNY2WM0,syntactic,نحوي,النحوي,True,False,False,False,6060
82,A39PWDRYNY2WM0,translation,ترجمة,الترجمة,True,False,False,False,6060
83,A39PWDRYNY2WM0,features,الميزات,ميزات,True,False,False,False,6060
84,A39PWDRYNY2WM0,KinyaBERT,كينيا بيرت,KinyaBERT,True,False,False,False,6060
85,A186ORPGIU3WNL,knowledge,المعرفة,معرفة,True,False,False,False,6060
86,A186ORPGIU3WNL,syntactic,نحوي,النحوي,True,False,False,False,6060
87,A186ORPGIU3WNL,translation,ترجمة,الترجمة,True,False,False,False,6060
88,A186ORPGIU3WNL,features,الميزات,ميزات,True,False,False,False,6060
89,A186ORPGIU3WNL,KinyaBERT,كينيا بيرت,KinyaBERT,False,True,False,False,6060
90,A2FXDEKCCUT9OJ,knowledge,المعرفة,معرفة,True,False,False,False,6060
91,A2FXDEKCCUT9OJ,syntactic,نحوي,النحوي,True,False,False,False,6060
92,A2FXDEKCCUT9OJ,translation,ترجمة,الترجمة,True,False,False,False,6060
93,A2FXDEKCCUT9OJ,features,الميزات,ميزات,True,False,False,False,6060
94,A2FXDEKCCUT9OJ,KinyaBERT,كينيا بيرت,KinyaBERT,False,True,False,False,6060
95,A11JXYZDAUX0UP,knowledge,المعرفة,معرفة,True,False,False,False,6060
96,A11JXYZDAUX0UP,syntactic,نحوي,النحوي,True,False,False,False,6060
97,A11JXYZDAUX0UP,translation,ترجمة,الترجمة,True,False,False,False,6060
98,A11JXYZDAUX0UP,features,الميزات,ميزات,True,False,False,False,6060
99,A11JXYZDAUX0UP,KinyaBERT,كينيا بيرت,KinyaBERT,True,False,False,False,6060
100,A198MZX1B7ZOPY,search,بحث,البحث,True,False,False,False,6060
101,A198MZX1B7ZOPY,sequences,تسلسلات,تسلسل,False,True,False,False,6060
102,A198MZX1B7ZOPY,entities,الكيانات,كيانات,True,False,False,False,6060
103,A198MZX1B7ZOPY,grounding,التأسيس,تأسيس,False,True,False,False,6060
104,A198MZX1B7ZOPY,AmbigQA,أمبج كيو إيه,AmbigQA,True,False,False,False,6060
105,A2MZEUP2ECO1AI,search,بحث,البحث,True,False,False,False,6060
106,A2MZEUP2ECO1AI,sequences,تسلسلات,تسلسل,False,True,False,False,6060
107,A2MZEUP2ECO1AI,entities,الكيانات,كيانات,True,False,False,False,6060
108,A2MZEUP2ECO1AI,grounding,التأسيس,تأسيس,False,True,False,False,6060
109,A2MZEUP2ECO1AI,AmbigQA,أمبج كيو إيه,AmbigQA,False,False,True,False,6060
110,A1XD6THGBT1T9T,search,بحث,البحث,False,False,True,False,6060
111,A1XD6THGBT1T9T,sequences,تسلسلات,تسلسل,True,False,False,False,6060
112,A1XD6THGBT1T9T,entities,الكيانات,كيانات,True,False,False,False,6060
113,A1XD6THGBT1T9T,grounding,التأسيس,تأسيس,True,False,False,False,6060
114,A1XD6THGBT1T9T,AmbigQA,أمبج كيو إيه,AmbigQA,True,False,False,False,6060
115,ASVJ75M0TNT6Z,search,بحث,البحث,False,False,True,False,6060
116,ASVJ75M0TNT6Z,sequences,تسلسلات,تسلسل,False,False,False,True,6060
117,ASVJ75M0TNT6Z,entities,الكيانات,كيانات,False,False,True,False,6060
118,ASVJ75M0TNT6Z,grounding,التأسيس,تأسيس,False,False,True,False,6060
119,ASVJ75M0TNT6Z,AmbigQA,أمبج كيو إيه,AmbigQA,False,False,False,True,6060
120,A9M8N3BOH6013,search,بحث,البحث,True,False,False,False,6060
121,A9M8N3BOH6013,sequences,تسلسلات,تسلسل,False,True,False,False,6060
122,A9M8N3BOH6013,entities,الكيانات,كيانات,True,False,False,False,6060
123,A9M8N3BOH6013,grounding,التأسيس,تأسيس,False,False,True,False,6060
124,A9M8N3BOH6013,AmbigQA,أمبج كيو إيه,AmbigQA,True,False,False,False,6060
125,A1XD6THGBT1T9T,English,الإنجليزية,إنجليزي,True,False,False,False,6060
126,A1XD6THGBT1T9T,algorithms,الخوارزميات,خوارزميات,True,False,False,False,6060
127,A1XD6THGBT1T9T,languages,اللغات,لغات,True,False,False,False,6060
128,A1XD6THGBT1T9T,pretrained,مدرّب مسبقاً,مدرب مسبقًا,False,False,True,False,6060
129,A1XD6THGBT1T9T,graph,الرسم البياني,رسم بياني,True,False,False,False,6060
130,A2MZEUP2ECO1AI,English,الإنجليزية,إنجليزي,True,False,False,False,6060
131,A2MZEUP2ECO1AI,algorithms,الخوارزميات,خوارزميات,True,False,False,False,6060
132,A2MZEUP2ECO1AI,languages,اللغات,لغات,True,False,False,False,6060
133,A2MZEUP2ECO1AI,pretrained,مدرّب مسبقاً,مدرب مسبقًا,False,True,False,False,6060
134,A2MZEUP2ECO1AI,graph,الرسم البياني,رسم بياني,True,False,False,False,6060
135,A2D6SB3TU1NYQ7,English,الإنجليزية,إنجليزي,True,False,False,False,6060
136,A2D6SB3TU1NYQ7,algorithms,الخوارزميات,خوارزميات,True,False,False,False,6060
137,A2D6SB3TU1NYQ7,languages,اللغات,لغات,True,False,False,False,6060
138,A2D6SB3TU1NYQ7,pretrained,مدرّب مسبقاً,مدرب مسبقًا,False,True,False,False,6060
139,A2D6SB3TU1NYQ7,graph,الرسم البياني,رسم بياني,True,False,False,False,6060
140,A198MZX1B7ZOPY,English,الإنجليزية,إنجليزي,True,False,False,False,6060
141,A198MZX1B7ZOPY,algorithms,الخوارزميات,خوارزميات,False,True,False,False,6060
142,A198MZX1B7ZOPY,languages,اللغات,لغات,False,False,True,False,6060
143,A198MZX1B7ZOPY,pretrained,مدرّب مسبقاً,مدرب مسبقًا,False,True,False,False,6060
144,A198MZX1B7ZOPY,graph,الرسم البياني,رسم بياني,True,False,False,False,6060
145,A3OAFR48DADAOM,English,الإنجليزية,إنجليزي,True,False,False,False,6060
146,A3OAFR48DADAOM,algorithms,الخوارزميات,خوارزميات,True,False,False,False,6060
147,A3OAFR48DADAOM,languages,اللغات,لغات,True,False,False,False,6060
148,A3OAFR48DADAOM,pretrained,مدرّب مسبقاً,مدرب مسبقًا,False,True,False,False,6060
149,A3OAFR48DADAOM,graph,الرسم البياني,رسم بياني,True,False,False,False,6060
150,A39PWDRYNY2WM0,ViLBERT,فيلبرت,ViLBERT,True,False,False,False,6060
151,A39PWDRYNY2WM0,subword,وحدة صرفية,الكلمات الفرعية,False,True,False,False,6060
152,A39PWDRYNY2WM0,CodeBERT,كودبيرت,CodeBERT,True,False,False,False,6060
153,A39PWDRYNY2WM0,computational,الحوسبة,الحسابية,False,True,False,False,6060
154,A39PWDRYNY2WM0,regression,انحدار,تراجع,True,False,False,False,6060
155,A9M8N3BOH6013,ViLBERT,فيلبرت,ViLBERT,True,False,False,False,6060
156,A9M8N3BOH6013,subword,وحدة صرفية,الكلمات الفرعية,False,True,False,False,6060
157,A9M8N3BOH6013,CodeBERT,كودبيرت,CodeBERT,True,False,False,False,6060
158,A9M8N3BOH6013,computational,الحوسبة,الحسابية,False,True,False,False,6060
159,A9M8N3BOH6013,regression,انحدار,تراجع,True,False,False,False,6060
160,A2FXDEKCCUT9OJ,ViLBERT,فيلبرت,ViLBERT,True,False,False,False,6060
161,A2FXDEKCCUT9OJ,subword,وحدة صرفية,الكلمات الفرعية,False,True,False,False,6060
162,A2FXDEKCCUT9OJ,CodeBERT,كودبيرت,CodeBERT,True,False,False,False,6060
163,A2FXDEKCCUT9OJ,computational,الحوسبة,الحسابية,False,True,False,False,6060
164,A2FXDEKCCUT9OJ,regression,انحدار,تراجع,True,False,False,False,6060
165,A186ORPGIU3WNL,ViLBERT,فيلبرت,ViLBERT,True,False,False,False,6060
166,A186ORPGIU3WNL,subword,وحدة صرفية,الكلمات الفرعية,True,False,False,False,6060
167,A186ORPGIU3WNL,CodeBERT,كودبيرت,CodeBERT,True,False,False,False,6060
168,A186ORPGIU3WNL,computational,الحوسبة,الحسابية,False,False,True,False,6060
169,A186ORPGIU3WNL,regression,انحدار,تراجع,True,False,False,False,6060
170,A3MDTRJTDIDNX,ViLBERT,فيلبرت,ViLBERT,False,True,False,False,6060
171,A3MDTRJTDIDNX,subword,وحدة صرفية,الكلمات الفرعية,False,True,False,False,6060
172,A3MDTRJTDIDNX,CodeBERT,كودبيرت,CodeBERT,False,True,False,False,6060
173,A3MDTRJTDIDNX,computational,الحوسبة,الحسابية,False,False,True,False,6060
174,A3MDTRJTDIDNX,regression,انحدار,تراجع,False,True,False,False,6060
175,A198MZX1B7ZOPY,motivated,مدفوع,بدافع منهم,True,False,False,False,6060
176,A198MZX1B7ZOPY,BART,بارت,BART,False,True,False,False,6060
177,A198MZX1B7ZOPY,IDF,التردد العكسي في المستندات,IDF,True,False,False,False,6060
178,A198MZX1B7ZOPY,VFL,دوري فيكتوريا لكرة القدم,VFL,False,True,False,False,6060
179,A198MZX1B7ZOPY,dependencies,التبعيات,تبعيات,True,False,False,False,6060
180,A3MDTRJTDIDNX,motivated,مدفوع,بدافع منهم,True,False,False,False,6060
181,A3MDTRJTDIDNX,BART,بارت,BART,True,False,False,False,6060
182,A3MDTRJTDIDNX,IDF,التردد العكسي في المستندات,IDF,False,True,False,False,6060
183,A3MDTRJTDIDNX,VFL,دوري فيكتوريا لكرة القدم,VFL,False,False,True,False,6060
184,A3MDTRJTDIDNX,dependencies,التبعيات,تبعيات,True,False,False,False,6060
185,A251BWQW2F81FT,motivated,مدفوع,بدافع منهم,False,True,False,False,6060
186,A251BWQW2F81FT,BART,بارت,BART,True,False,False,False,6060
187,A251BWQW2F81FT,IDF,التردد العكسي في المستندات,IDF,False,False,True,False,6060
188,A251BWQW2F81FT,VFL,دوري فيكتوريا لكرة القدم,VFL,False,False,False,True,6060
189,A251BWQW2F81FT,dependencies,التبعيات,تبعيات,True,False,False,False,6060
190,AWGV35294HOYB,motivated,مدفوع,بدافع منهم,False,True,False,False,6060
191,AWGV35294HOYB,BART,بارت,BART,True,False,False,False,6060
192,AWGV35294HOYB,IDF,التردد العكسي في المستندات,IDF,False,True,False,False,6060
193,AWGV35294HOYB,VFL,دوري فيكتوريا لكرة القدم,VFL,False,False,True,False,6060
194,AWGV35294HOYB,dependencies,التبعيات,تبعيات,True,False,False,False,6060
195,ASVJ75M0TNT6Z,motivated,مدفوع,بدافع منهم,False,False,True,False,6060
196,ASVJ75M0TNT6Z,BART,بارت,BART,False,False,False,True,6060
197,ASVJ75M0TNT6Z,IDF,التردد العكسي في المستندات,IDF,False,False,True,False,6060
198,ASVJ75M0TNT6Z,VFL,دوري فيكتوريا لكرة القدم,VFL,False,False,False,True,6060
199,ASVJ75M0TNT6Z,dependencies,التبعيات,تبعيات,False,False,True,False,6060
200,A1G4DX33KADZA3,classifiers,المصنّفات,مصنفات,False,False,True,False,6060
201,A1G4DX33KADZA3,grammar,القواعد,قواعد,False,False,False,True,6060
202,A1G4DX33KADZA3,documents,الوثائق,مستندات,False,False,True,False,6060
203,A1G4DX33KADZA3,domains,المجالات,مجالات,False,False,False,True,6060
204,A1G4DX33KADZA3,annotations,التعليقات التوضيحية,تعليقات توضيحية,False,False,True,False,6060
205,ASVJ75M0TNT6Z,classifiers,المصنّفات,مصنفات,False,True,False,False,6060
206,ASVJ75M0TNT6Z,grammar,القواعد,قواعد,False,False,True,False,6060
207,ASVJ75M0TNT6Z,documents,الوثائق,مستندات,True,False,False,False,6060
208,ASVJ75M0TNT6Z,domains,المجالات,مجالات,False,False,False,True,6060
209,ASVJ75M0TNT6Z,annotations,التعليقات التوضيحية,تعليقات توضيحية,False,True,False,False,6060
210,A3MDTRJTDIDNX,classifiers,المصنّفات,مصنفات,True,False,False,False,6060
211,A3MDTRJTDIDNX,grammar,القواعد,قواعد,True,False,False,False,6060
212,A3MDTRJTDIDNX,documents,الوثائق,مستندات,True,False,False,False,6060
213,A3MDTRJTDIDNX,domains,المجالات,مجالات,True,False,False,False,6060
214,A3MDTRJTDIDNX,annotations,التعليقات التوضيحية,تعليقات توضيحية,True,False,False,False,6060
215,AWULBUF1OMXQ5,classifiers,المصنّفات,مصنفات,False,False,True,False,6060
216,AWULBUF1OMXQ5,grammar,القواعد,قواعد,False,False,False,True,6060
217,AWULBUF1OMXQ5,documents,الوثائق,مستندات,False,False,False,False,6060
218,AWULBUF1OMXQ5,domains,المجالات,مجالات,False,False,True,False,6060
219,AWULBUF1OMXQ5,annotations,التعليقات التوضيحية,تعليقات توضيحية,False,False,False,True,6060
220,A2DAZGA8XO0RQ6,classifiers,المصنّفات,مصنفات,False,True,False,False,6060
221,A2DAZGA8XO0RQ6,grammar,القواعد,قواعد,False,False,True,False,6060
222,A2DAZGA8XO0RQ6,documents,الوثائق,مستندات,False,False,False,True,6060
223,A2DAZGA8XO0RQ6,domains,المجالات,مجالات,False,True,False,False,6060
224,A2DAZGA8XO0RQ6,annotations,التعليقات التوضيحية,تعليقات توضيحية,False,False,True,False,6060
225,A21X87H2GCSME0,Semantic,دلالي,الدلاليّة,False,False,True,False,6060
226,A21X87H2GCSME0,data,البيانات,بيانات,False,False,False,True,6060
227,A21X87H2GCSME0,attention,الانتباه,انتباه,False,False,False,False,6060
228,A21X87H2GCSME0,unseen,غير مرئي,غير المرئيي,False,False,True,False,6060
229,A21X87H2GCSME0,queries,استعلامات,استفسارات,False,False,False,True,6060
230,A3EKM55NFX1H6B,Semantic,دلالي,الدلاليّة,False,True,False,False,6060
231,A3EKM55NFX1H6B,data,البيانات,بيانات,True,False,False,False,6060
232,A3EKM55NFX1H6B,attention,الانتباه,انتباه,True,False,False,False,6060
233,A3EKM55NFX1H6B,unseen,غير مرئي,غير المرئيي,False,True,False,False,6060
234,A3EKM55NFX1H6B,queries,استعلامات,استفسارات,True,False,False,False,6060
235,AG9MLSV2QCVD4,Semantic,دلالي,الدلاليّة,False,True,False,False,6060
236,AG9MLSV2QCVD4,data,البيانات,بيانات,True,False,False,False,6060
237,AG9MLSV2QCVD4,attention,الانتباه,انتباه,True,False,False,False,6060
238,AG9MLSV2QCVD4,unseen,غير مرئي,غير المرئيي,False,True,False,False,6060
239,AG9MLSV2QCVD4,queries,استعلامات,استفسارات,True,False,False,False,6060
240,A9M8N3BOH6013,Semantic,دلالي,الدلاليّة,True,False,False,False,6060
241,A9M8N3BOH6013,data,البيانات,بيانات,True,False,False,False,6060
242,A9M8N3BOH6013,attention,الانتباه,انتباه,True,False,False,False,6060
243,A9M8N3BOH6013,unseen,غير مرئي,غير المرئيي,False,True,False,False,6060
244,A9M8N3BOH6013,queries,استعلامات,استفسارات,True,False,False,False,6060
245,A186ORPGIU3WNL,Semantic,دلالي,الدلاليّة,False,True,False,False,6060
246,A186ORPGIU3WNL,data,البيانات,بيانات,True,False,False,False,6060
247,A186ORPGIU3WNL,attention,الانتباه,انتباه,True,False,False,False,6060
248,A186ORPGIU3WNL,unseen,غير مرئي,غير المرئيي,False,True,False,False,6060
249,A186ORPGIU3WNL,queries,استعلامات,استفسارات,True,False,False,False,6060
250,A2QX81MMC8KN80,structured,منظم,منظمة,False,False,True,False,6060
251,A2QX81MMC8KN80,Moreover,علاوة على ذلك,وفضلا عن ذلك,False,True,False,False,6060
252,A2QX81MMC8KN80,contextualized,السياقي,السياقية,False,False,False,True,6060
253,A2QX81MMC8KN80,reasoning,التفكير,المنطق,False,False,True,False,6060
254,A2QX81MMC8KN80,sense,معنى,حسي,False,False,False,True,6060
255,A198MZX1B7ZOPY,structured,منظم,منظمة,False,False,True,False,6060
256,A198MZX1B7ZOPY,Moreover,علاوة على ذلك,وفضلا عن ذلك,False,True,False,False,6060
257,A198MZX1B7ZOPY,contextualized,السياقي,السياقية,True,False,False,False,6060
258,A198MZX1B7ZOPY,reasoning,التفكير,المنطق,False,True,False,False,6060
259,A198MZX1B7ZOPY,sense,معنى,حسي,True,False,False,False,6060
260,A19I2ZK220NTAE,structured,منظم,منظمة,True,False,False,False,6060
261,A19I2ZK220NTAE,Moreover,علاوة على ذلك,وفضلا عن ذلك,True,False,False,False,6060
262,A19I2ZK220NTAE,contextualized,السياقي,السياقية,False,True,False,False,6060
263,A19I2ZK220NTAE,reasoning,التفكير,المنطق,False,False,True,False,6060
264,A19I2ZK220NTAE,sense,معنى,حسي,True,False,False,False,6060
265,AWGV35294HOYB,structured,منظم,منظمة,False,True,False,False,6060
266,AWGV35294HOYB,Moreover,علاوة على ذلك,وفضلا عن ذلك,True,False,False,False,6060
267,AWGV35294HOYB,contextualized,السياقي,السياقية,False,True,False,False,6060
268,AWGV35294HOYB,reasoning,التفكير,المنطق,False,True,False,False,6060
269,AWGV35294HOYB,sense,معنى,حسي,True,False,False,False,6060
270,A2P8U65V6NL7B5,structured,منظم,منظمة,False,True,False,False,6060
271,A2P8U65V6NL7B5,Moreover,علاوة على ذلك,وفضلا عن ذلك,True,False,False,False,6060
272,A2P8U65V6NL7B5,contextualized,السياقي,السياقية,False,True,False,False,6060
273,A2P8U65V6NL7B5,reasoning,التفكير,المنطق,False,False,True,False,6060
274,A2P8U65V6NL7B5,sense,معنى,حسي,True,False,False,False,6060
275,A3EKM55NFX1H6B,computation,الحساب,حساب,True,False,False,False,6060
276,A3EKM55NFX1H6B,terminology,مصطلحات,مصطلح,False,True,False,False,6060
277,A3EKM55NFX1H6B,BPE,ترميز BPE,BPE,False,False,True,False,6060
278,A3EKM55NFX1H6B,binary,ثنائي,تصنيف ثنائي,False,True,False,False,6060
279,A3EKM55NFX1H6B,FLR,تقليل زمن التأخير النهائي (FLR,FLR,False,False,True,False,6060
280,A1KYZPQ0T7WECC,computation,الحساب,حساب,True,False,False,False,6060
281,A1KYZPQ0T7WECC,terminology,مصطلحات,مصطلح,False,True,False,False,6060
282,A1KYZPQ0T7WECC,BPE,ترميز BPE,BPE,False,False,True,False,6060
283,A1KYZPQ0T7WECC,binary,ثنائي,تصنيف ثنائي,False,True,False,False,6060
284,A1KYZPQ0T7WECC,FLR,تقليل زمن التأخير النهائي (FLR,FLR,False,False,True,False,6060
285,AG9MLSV2QCVD4,computation,الحساب,حساب,True,False,False,False,6060
286,AG9MLSV2QCVD4,terminology,مصطلحات,مصطلح,False,True,False,False,6060
287,AG9MLSV2QCVD4,BPE,ترميز BPE,BPE,False,True,False,False,6060
288,AG9MLSV2QCVD4,binary,ثنائي,تصنيف ثنائي,False,True,False,False,6060
289,AG9MLSV2QCVD4,FLR,تقليل زمن التأخير النهائي (FLR,FLR,False,True,False,False,6060
290,AWGV35294HOYB,computation,الحساب,حساب,True,False,False,False,6060
291,AWGV35294HOYB,terminology,مصطلحات,مصطلح,False,True,False,False,6060
292,AWGV35294HOYB,BPE,ترميز BPE,BPE,True,False,False,False,6060
293,AWGV35294HOYB,binary,ثنائي,تصنيف ثنائي,False,True,False,False,6060
294,AWGV35294HOYB,FLR,تقليل زمن التأخير النهائي (FLR,FLR,False,False,True,False,6060
295,A3MDTRJTDIDNX,computation,الحساب,حساب,True,False,False,False,6060
296,A3MDTRJTDIDNX,terminology,مصطلحات,مصطلح,False,True,False,False,6060
297,A3MDTRJTDIDNX,BPE,ترميز BPE,BPE,False,True,False,False,6060
298,A3MDTRJTDIDNX,binary,ثنائي,تصنيف ثنائي,False,True,False,False,6060
299,A3MDTRJTDIDNX,FLR,تقليل زمن التأخير النهائي (FLR,FLR,False,True,False,False,6060
300,A1G4DX33KADZA3,Similar,مشابه,مماثلة,False,False,True,False,6060
301,A1G4DX33KADZA3,corpora,مجموعات نصوص,المجاميع,False,False,False,True,6060
302,A1G4DX33KADZA3,generalize,تعميم,التعميم,False,False,True,False,6060
303,A1G4DX33KADZA3,gradient,التدرج,تدرج,False,False,False,True,6060
304,A1G4DX33KADZA3,named,مسمى,مسماة,False,False,True,False,6060
305,AWULBUF1OMXQ5,Similar,مشابه,مماثلة,False,True,False,False,6060
306,AWULBUF1OMXQ5,corpora,مجموعات نصوص,المجاميع,False,False,False,True,6060
307,AWULBUF1OMXQ5,generalize,تعميم,التعميم,False,True,False,False,6060
308,AWULBUF1OMXQ5,gradient,التدرج,تدرج,True,False,False,False,6060
309,AWULBUF1OMXQ5,named,مسمى,مسماة,False,False,True,False,6060
310,A2E2FFMXS9F9KR,Similar,مشابه,مماثلة,True,False,False,False,6060
311,A2E2FFMXS9F9KR,corpora,مجموعات نصوص,المجاميع,True,False,False,False,6060
312,A2E2FFMXS9F9KR,generalize,تعميم,التعميم,True,False,False,False,6060
313,A2E2FFMXS9F9KR,gradient,التدرج,تدرج,True,False,False,False,6060
314,A2E2FFMXS9F9KR,named,مسمى,مسماة,False,False,True,False,6060
315,A3IG9HHR3NL9R0,Similar,مشابه,مماثلة,True,False,False,False,6060
316,A3IG9HHR3NL9R0,corpora,مجموعات نصوص,المجاميع,False,True,False,False,6060
317,A3IG9HHR3NL9R0,generalize,تعميم,التعميم,False,True,False,False,6060
318,A3IG9HHR3NL9R0,gradient,التدرج,تدرج,False,True,False,False,6060
319,A3IG9HHR3NL9R0,named,مسمى,مسماة,False,True,False,False,6060
320,A2GJB7TBZM91Z4,Similar,مشابه,مماثلة,True,False,False,False,6060
321,A2GJB7TBZM91Z4,corpora,مجموعات نصوص,المجاميع,False,True,False,False,6060
322,A2GJB7TBZM91Z4,generalize,تعميم,التعميم,True,False,False,False,6060
323,A2GJB7TBZM91Z4,gradient,التدرج,تدرج,True,False,False,False,6060
324,A2GJB7TBZM91Z4,named,مسمى,مسماة,False,False,True,False,6060
325,A38SYZRVLTMOFG,representations,التمثيلات,تمثيلات,True,False,False,False,6060
326,A38SYZRVLTMOFG,tagging,الوسم,وضع علامات,True,False,False,False,6060
327,A38SYZRVLTMOFG,morphologically,صرفياً,مورفولوجيا,False,True,False,False,6060
328,A38SYZRVLTMOFG,ICLR,مؤتمر ICLR,ICLR,True,False,False,False,6060
329,A38SYZRVLTMOFG,conversational,محادثاتي,حواري,False,False,True,False,6060
330,AG9MLSV2QCVD4,representations,التمثيلات,تمثيلات,True,False,False,False,6060
331,AG9MLSV2QCVD4,tagging,الوسم,وضع علامات,True,False,False,False,6060
332,AG9MLSV2QCVD4,morphologically,صرفياً,مورفولوجيا,False,True,False,False,6060
333,AG9MLSV2QCVD4,ICLR,مؤتمر ICLR,ICLR,True,False,False,False,6060
334,AG9MLSV2QCVD4,conversational,محادثاتي,حواري,False,True,False,False,6060
335,AWGV35294HOYB,representations,التمثيلات,تمثيلات,True,False,False,False,6060
336,AWGV35294HOYB,tagging,الوسم,وضع علامات,True,False,False,False,6060
337,AWGV35294HOYB,morphologically,صرفياً,مورفولوجيا,False,True,False,False,6060
338,AWGV35294HOYB,ICLR,مؤتمر ICLR,ICLR,True,False,False,False,6060
339,AWGV35294HOYB,conversational,محادثاتي,حواري,True,False,False,False,6060
340,AC4I7XU10MQXK,representations,التمثيلات,تمثيلات,True,False,False,False,6060
341,AC4I7XU10MQXK,tagging,الوسم,وضع علامات,False,True,False,False,6060
342,AC4I7XU10MQXK,morphologically,صرفياً,مورفولوجيا,False,True,False,False,6060
343,AC4I7XU10MQXK,ICLR,مؤتمر ICLR,ICLR,True,False,False,False,6060
344,AC4I7XU10MQXK,conversational,محادثاتي,حواري,False,True,False,False,6060
345,A2FXDEKCCUT9OJ,representations,التمثيلات,تمثيلات,True,False,False,False,6060
346,A2FXDEKCCUT9OJ,tagging,الوسم,وضع علامات,True,False,False,False,6060
347,A2FXDEKCCUT9OJ,morphologically,صرفياً,مورفولوجيا,False,True,False,False,6060
348,A2FXDEKCCUT9OJ,ICLR,مؤتمر ICLR,ICLR,True,False,False,False,6060
349,A2FXDEKCCUT9OJ,conversational,محادثاتي,حواري,False,False,True,False,6060
350,A21X87H2GCSME0,downstream,المهام اللاحقة,البيانات المنخفضة,False,False,True,False,6060
351,A21X87H2GCSME0,nouns,الأسماء,أسماء,False,False,False,True,6060
352,A21X87H2GCSME0,LinCE,لينس,LinCE,False,False,False,False,6060
353,A21X87H2GCSME0,outputs,المخرجات,مخرجات,False,False,True,False,6060
354,A21X87H2GCSME0,transformers,المحولات,محولات,False,False,False,True,6060
355,A38SYZRVLTMOFG,downstream,المهام اللاحقة,البيانات المنخفضة,False,True,False,False,6060
356,A38SYZRVLTMOFG,nouns,الأسماء,أسماء,True,False,False,False,6060
357,A38SYZRVLTMOFG,LinCE,لينس,LinCE,True,False,False,False,6060
358,A38SYZRVLTMOFG,outputs,المخرجات,مخرجات,True,False,False,False,6060
359,A38SYZRVLTMOFG,transformers,المحولات,محولات,True,False,False,False,6060
360,A3HSZ9YLOBCCPR,downstream,المهام اللاحقة,البيانات المنخفضة,False,True,False,False,6060
361,A3HSZ9YLOBCCPR,nouns,الأسماء,أسماء,True,False,False,False,6060
362,A3HSZ9YLOBCCPR,LinCE,لينس,LinCE,True,False,False,False,6060
363,A3HSZ9YLOBCCPR,outputs,المخرجات,مخرجات,True,False,False,False,6060
364,A3HSZ9YLOBCCPR,transformers,المحولات,محولات,True,False,False,False,6060
365,A186ORPGIU3WNL,downstream,المهام اللاحقة,البيانات المنخفضة,False,True,False,False,6060
366,A186ORPGIU3WNL,nouns,الأسماء,أسماء,True,False,False,False,6060
367,A186ORPGIU3WNL,LinCE,لينس,LinCE,True,False,False,False,6060
368,A186ORPGIU3WNL,outputs,المخرجات,مخرجات,True,False,False,False,6060
369,A186ORPGIU3WNL,transformers,المحولات,محولات,True,False,False,False,6060
370,A198MZX1B7ZOPY,downstream,المهام اللاحقة,البيانات المنخفضة,True,False,False,False,6060
371,A198MZX1B7ZOPY,nouns,الأسماء,أسماء,False,True,False,False,6060
372,A198MZX1B7ZOPY,LinCE,لينس,LinCE,False,False,True,False,6060
373,A198MZX1B7ZOPY,outputs,المخرجات,مخرجات,False,True,False,False,6060
374,A198MZX1B7ZOPY,transformers,المحولات,محولات,True,False,False,False,6060
375,A2P8U65V6NL7B5,annotated,مُعَلَّم,مشروحة,True,False,False,False,6060
376,A2P8U65V6NL7B5,graphs,الرسوم البيانية,نماذج,False,True,False,False,6060
377,A2P8U65V6NL7B5,existing,موجود,الحالي,True,False,False,False,6060
378,A2P8U65V6NL7B5,counterfactual,افتراض مغاير للواقع,counterfactual,False,True,False,False,6060
379,A2P8U65V6NL7B5,metrics,المقاييس,مقاييس,True,False,False,False,6060
380,A3AHE81HVRXFCD,annotated,مُعَلَّم,مشروحة,False,True,False,False,6060
381,A3AHE81HVRXFCD,graphs,الرسوم البيانية,نماذج,False,True,False,False,6060
382,A3AHE81HVRXFCD,existing,موجود,الحالي,True,False,False,False,6060
383,A3AHE81HVRXFCD,counterfactual,افتراض مغاير للواقع,counterfactual,False,True,False,False,6060
384,A3AHE81HVRXFCD,metrics,المقاييس,مقاييس,True,False,False,False,6060
385,A3OAFR48DADAOM,annotated,مُعَلَّم,مشروحة,False,True,False,False,6060
386,A3OAFR48DADAOM,graphs,الرسوم البيانية,نماذج,False,True,False,False,6060
387,A3OAFR48DADAOM,existing,موجود,الحالي,True,False,False,False,6060
388,A3OAFR48DADAOM,counterfactual,افتراض مغاير للواقع,counterfactual,False,True,False,False,6060
389,A3OAFR48DADAOM,metrics,المقاييس,مقاييس,True,False,False,False,6060
390,A2FXDEKCCUT9OJ,annotated,مُعَلَّم,مشروحة,True,False,False,False,6060
391,A2FXDEKCCUT9OJ,graphs,الرسوم البيانية,نماذج,False,True,False,False,6060
392,A2FXDEKCCUT9OJ,existing,موجود,الحالي,False,False,True,False,6060
393,A2FXDEKCCUT9OJ,counterfactual,افتراض مغاير للواقع,counterfactual,False,True,False,False,6060
394,A2FXDEKCCUT9OJ,metrics,المقاييس,مقاييس,True,False,False,False,6060
395,A3QIWEQXAGMGD,annotated,مُعَلَّم,مشروحة,True,False,False,False,6060
396,A3QIWEQXAGMGD,graphs,الرسوم البيانية,نماذج,False,True,False,False,6060
397,A3QIWEQXAGMGD,existing,موجود,الحالي,False,True,False,False,6060
398,A3QIWEQXAGMGD,counterfactual,افتراض مغاير للواقع,counterfactual,False,True,False,False,6060
399,A3QIWEQXAGMGD,metrics,المقاييس,مقاييس,True,False,False,False,6060
400,A14ICQPNQ6RZXB,verbs,الأفعال,أفعال,False,True,False,False,6060
401,A14ICQPNQ6RZXB,augmented,مُعزز,معزز,False,False,True,False,6060
402,A14ICQPNQ6RZXB,re,إعادة,RE,False,True,False,False,6060
403,A14ICQPNQ6RZXB,For,على سبيل المثال,ل,False,False,True,False,6060
404,A14ICQPNQ6RZXB,TreeDST,شجرةDST,TreeDST,False,True,False,False,6060
405,A3MDTRJTDIDNX,verbs,الأفعال,أفعال,True,False,False,False,6060
406,A3MDTRJTDIDNX,augmented,مُعزز,معزز,True,False,False,False,6060
407,A3MDTRJTDIDNX,re,إعادة,RE,False,True,False,False,6060
408,A3MDTRJTDIDNX,For,على سبيل المثال,ل,False,False,True,False,6060
409,A3MDTRJTDIDNX,TreeDST,شجرةDST,TreeDST,True,False,False,False,6060
410,ASVJ75M0TNT6Z,verbs,الأفعال,أفعال,False,False,True,False,6060
411,ASVJ75M0TNT6Z,augmented,مُعزز,معزز,False,False,False,True,6060
412,ASVJ75M0TNT6Z,re,إعادة,RE,False,False,False,True,6060
413,ASVJ75M0TNT6Z,For,على سبيل المثال,ل,False,False,True,False,6060
414,ASVJ75M0TNT6Z,TreeDST,شجرةDST,TreeDST,False,False,False,True,6060
415,A1XD6THGBT1T9T,verbs,الأفعال,أفعال,True,False,False,False,6060
416,A1XD6THGBT1T9T,augmented,مُعزز,معزز,True,False,False,False,6060
417,A1XD6THGBT1T9T,re,إعادة,RE,False,True,False,False,6060
418,A1XD6THGBT1T9T,For,على سبيل المثال,ل,True,False,False,False,6060
419,A1XD6THGBT1T9T,TreeDST,شجرةDST,TreeDST,True,False,False,False,6060
420,A3IG9HHR3NL9R0,verbs,الأفعال,أفعال,True,False,False,False,6060
421,A3IG9HHR3NL9R0,augmented,مُعزز,معزز,True,False,False,False,6060
422,A3IG9HHR3NL9R0,re,إعادة,RE,False,False,True,False,6060
423,A3IG9HHR3NL9R0,For,على سبيل المثال,ل,False,False,True,False,6060
424,A3IG9HHR3NL9R0,TreeDST,شجرةDST,TreeDST,False,True,False,False,6060
425,A198MZX1B7ZOPY,spoken,محكي,منطوق,True,False,False,False,6060
426,A198MZX1B7ZOPY,transformer,المحول,محول,False,True,False,False,6060
427,A198MZX1B7ZOPY,embedding,تضمين,التضمين,False,False,True,False,6060
428,A198MZX1B7ZOPY,seq2seq,نموذج تسلسل إلى تسلسل,seq2seq,False,True,False,False,6060
429,A198MZX1B7ZOPY,structure,الهيكل,بنية,True,False,False,False,6060
430,A38SYZRVLTMOFG,spoken,محكي,منطوق,False,False,True,False,6060
431,A38SYZRVLTMOFG,transformer,المحول,محول,True,False,False,False,6060
432,A38SYZRVLTMOFG,embedding,تضمين,التضمين,True,False,False,False,6060
433,A38SYZRVLTMOFG,seq2seq,نموذج تسلسل إلى تسلسل,seq2seq,False,True,False,False,6060
434,A38SYZRVLTMOFG,structure,الهيكل,بنية,True,False,False,False,6060
435,A3QIWEQXAGMGD,spoken,محكي,منطوق,True,False,False,False,6060
436,A3QIWEQXAGMGD,transformer,المحول,محول,True,False,False,False,6060
437,A3QIWEQXAGMGD,embedding,تضمين,التضمين,False,True,False,False,6060
438,A3QIWEQXAGMGD,seq2seq,نموذج تسلسل إلى تسلسل,seq2seq,False,True,False,False,6060
439,A3QIWEQXAGMGD,structure,الهيكل,بنية,True,False,False,False,6060
440,A1L8EGJ85A7DZR,spoken,محكي,منطوق,False,False,True,False,6060
441,A1L8EGJ85A7DZR,transformer,المحول,محول,True,False,False,False,6060
442,A1L8EGJ85A7DZR,embedding,تضمين,التضمين,True,False,False,False,6060
443,A1L8EGJ85A7DZR,seq2seq,نموذج تسلسل إلى تسلسل,seq2seq,False,True,False,False,6060
444,A1L8EGJ85A7DZR,structure,الهيكل,بنية,True,False,False,False,6060
445,A2QX81MMC8KN80,spoken,محكي,منطوق,False,True,False,False,6060
446,A2QX81MMC8KN80,transformer,المحول,محول,False,False,True,False,6060
447,A2QX81MMC8KN80,embedding,تضمين,التضمين,False,False,True,False,6060
448,A2QX81MMC8KN80,seq2seq,نموذج تسلسل إلى تسلسل,seq2seq,False,True,False,False,6060
449,A2QX81MMC8KN80,structure,الهيكل,بنية,False,False,True,False,6060
450,A1G4DX33KADZA3,visual,بصري,مرئي,False,False,True,False,6060
451,A1G4DX33KADZA3,multitask,متعدد المهام,متعددة المهام,False,False,False,True,6060
452,A1G4DX33KADZA3,XLM,إكس إل إم,XLM,False,False,True,False,6060
453,A1G4DX33KADZA3,compositionality,التركيبية,نمذجة التركيبة,False,False,False,True,6060
454,A1G4DX33KADZA3,correlations,الارتباطات,ارتباطات,False,False,True,False,6060
455,ASVJ75M0TNT6Z,visual,بصري,مرئي,False,True,False,False,6060
456,ASVJ75M0TNT6Z,multitask,متعدد المهام,متعددة المهام,False,False,False,True,6060
457,ASVJ75M0TNT6Z,XLM,إكس إل إم,XLM,True,False,False,False,6060
458,ASVJ75M0TNT6Z,compositionality,التركيبية,نمذجة التركيبة,False,False,True,False,6060
459,ASVJ75M0TNT6Z,correlations,الارتباطات,ارتباطات,False,True,False,False,6060
460,A3OAFR48DADAOM,visual,بصري,مرئي,True,False,False,False,6060
461,A3OAFR48DADAOM,multitask,متعدد المهام,متعددة المهام,True,False,False,False,6060
462,A3OAFR48DADAOM,XLM,إكس إل إم,XLM,False,True,False,False,6060
463,A3OAFR48DADAOM,compositionality,التركيبية,نمذجة التركيبة,False,True,False,False,6060
464,A3OAFR48DADAOM,correlations,الارتباطات,ارتباطات,True,False,False,False,6060
465,A1L8EGJ85A7DZR,visual,بصري,مرئي,True,False,False,False,6060
466,A1L8EGJ85A7DZR,multitask,متعدد المهام,متعددة المهام,True,False,False,False,6060
467,A1L8EGJ85A7DZR,XLM,إكس إل إم,XLM,False,True,False,False,6060
468,A1L8EGJ85A7DZR,compositionality,التركيبية,نمذجة التركيبة,False,True,False,False,6060
469,A1L8EGJ85A7DZR,correlations,الارتباطات,ارتباطات,True,False,False,False,6060
470,A2GJB7TBZM91Z4,visual,بصري,مرئي,True,False,False,False,6060
471,A2GJB7TBZM91Z4,multitask,متعدد المهام,متعددة المهام,True,False,False,False,6060
472,A2GJB7TBZM91Z4,XLM,إكس إل إم,XLM,False,True,False,False,6060
473,A2GJB7TBZM91Z4,compositionality,التركيبية,نمذجة التركيبة,False,True,False,False,6060
474,A2GJB7TBZM91Z4,correlations,الارتباطات,ارتباطات,True,False,False,False,6060
475,ASVJ75M0TNT6Z,softmax,سوفتماكس,softmax,False,True,False,False,6060
476,ASVJ75M0TNT6Z,corpus,مجموعة نصوص,مجموعة,False,False,True,False,6060
477,ASVJ75M0TNT6Z,VALSE,فالس,VALSE,True,False,False,False,6060
478,ASVJ75M0TNT6Z,meaning,المعنى,معنى,False,False,False,True,6060
479,ASVJ75M0TNT6Z,ARENA,أرينا,ARENA,False,True,False,False,6060
480,A3OAFR48DADAOM,softmax,سوفتماكس,softmax,True,False,False,False,6060
481,A3OAFR48DADAOM,corpus,مجموعة نصوص,مجموعة,False,True,False,False,6060
482,A3OAFR48DADAOM,VALSE,فالس,VALSE,True,False,False,False,6060
483,A3OAFR48DADAOM,meaning,المعنى,معنى,True,False,False,False,6060
484,A3OAFR48DADAOM,ARENA,أرينا,ARENA,True,False,False,False,6060
485,A39PWDRYNY2WM0,softmax,سوفتماكس,softmax,True,False,False,False,6060
486,A39PWDRYNY2WM0,corpus,مجموعة نصوص,مجموعة,False,True,False,False,6060
487,A39PWDRYNY2WM0,VALSE,فالس,VALSE,True,False,False,False,6060
488,A39PWDRYNY2WM0,meaning,المعنى,معنى,True,False,False,False,6060
489,A39PWDRYNY2WM0,ARENA,أرينا,ARENA,True,False,False,False,6060
490,A1L8EGJ85A7DZR,softmax,سوفتماكس,softmax,True,False,False,False,6060
491,A1L8EGJ85A7DZR,corpus,مجموعة نصوص,مجموعة,False,True,False,False,6060
492,A1L8EGJ85A7DZR,VALSE,فالس,VALSE,False,True,False,False,6060
493,A1L8EGJ85A7DZR,meaning,المعنى,معنى,True,False,False,False,6060
494,A1L8EGJ85A7DZR,ARENA,أرينا,ARENA,True,False,False,False,6060
495,A3Q32FL0WWF4KZ,softmax,سوفتماكس,softmax,True,False,False,False,6060
496,A3Q32FL0WWF4KZ,corpus,مجموعة نصوص,مجموعة,False,True,False,False,6060
497,A3Q32FL0WWF4KZ,VALSE,فالس,VALSE,False,True,False,False,6060
498,A3Q32FL0WWF4KZ,meaning,المعنى,معنى,True,False,False,False,6060
499,A3Q32FL0WWF4KZ,ARENA,أرينا,ARENA,False,True,False,False,6060
500,A2DAZGA8XO0RQ6,decoding,فك التشفير,فك تشفير,False,True,False,False,6060
501,A2DAZGA8XO0RQ6,datasets,مجموعات البيانات,مجموعة بيانات,False,False,True,False,6060
502,A2DAZGA8XO0RQ6,perplexity,الارتباك,حيرة,False,True,False,False,6060
503,A2DAZGA8XO0RQ6,BSARD,بي إس إيه آر دي,BSARD,False,False,True,False,6060
504,A2DAZGA8XO0RQ6,retrieved,المسترجع,مسترجع,False,True,False,False,6060
505,A3AHE81HVRXFCD,decoding,فك التشفير,فك تشفير,False,True,False,False,6060
506,A3AHE81HVRXFCD,datasets,مجموعات البيانات,مجموعة بيانات,False,True,False,False,6060
507,A3AHE81HVRXFCD,perplexity,الارتباك,حيرة,True,False,False,False,6060
508,A3AHE81HVRXFCD,BSARD,بي إس إيه آر دي,BSARD,False,True,False,False,6060
509,A3AHE81HVRXFCD,retrieved,المسترجع,مسترجع,True,False,False,False,6060
510,A2D6SB3TU1NYQ7,decoding,فك التشفير,فك تشفير,True,False,False,False,6060
511,A2D6SB3TU1NYQ7,datasets,مجموعات البيانات,مجموعة بيانات,True,False,False,False,6060
512,A2D6SB3TU1NYQ7,perplexity,الارتباك,حيرة,True,False,False,False,6060
513,A2D6SB3TU1NYQ7,BSARD,بي إس إيه آر دي,BSARD,True,False,False,False,6060
514,A2D6SB3TU1NYQ7,retrieved,المسترجع,مسترجع,True,False,False,False,6060
515,AS0K8SAHI5SQD,decoding,فك التشفير,فك تشفير,True,False,False,False,6060
516,AS0K8SAHI5SQD,datasets,مجموعات البيانات,مجموعة بيانات,False,True,False,False,6060
517,AS0K8SAHI5SQD,perplexity,الارتباك,حيرة,False,True,False,False,6060
518,AS0K8SAHI5SQD,BSARD,بي إس إيه آر دي,BSARD,True,False,False,False,6060
519,AS0K8SAHI5SQD,retrieved,المسترجع,مسترجع,True,False,False,False,6060
520,A3QIWEQXAGMGD,decoding,فك التشفير,فك تشفير,True,False,False,False,6060
521,A3QIWEQXAGMGD,datasets,مجموعات البيانات,مجموعة بيانات,False,True,False,False,6060
522,A3QIWEQXAGMGD,perplexity,الارتباك,حيرة,True,False,False,False,6060
523,A3QIWEQXAGMGD,BSARD,بي إس إيه آر دي,BSARD,True,False,False,False,6060
524,A3QIWEQXAGMGD,retrieved,المسترجع,مسترجع,True,False,False,False,6060
525,A1G4DX33KADZA3,tokens,الرموز,رموز,False,False,True,False,6060
526,A1G4DX33KADZA3,annotators,المُعَلِّقون,المعلقين,False,False,False,True,6060
527,A1G4DX33KADZA3,edit,تعديل,تحرير,False,False,True,False,6060
528,A1G4DX33KADZA3,news,أخبار,الأخبار,False,False,False,True,6060
529,A1G4DX33KADZA3,adversarial,خصمي,عدائي,False,False,True,False,6060
530,A9M8N3BOH6013,tokens,الرموز,رموز,True,False,False,False,6060
531,A9M8N3BOH6013,annotators,المُعَلِّقون,المعلقين,False,True,False,False,6060
532,A9M8N3BOH6013,edit,تعديل,تحرير,True,False,False,False,6060
533,A9M8N3BOH6013,news,أخبار,الأخبار,False,False,True,False,6060
534,A9M8N3BOH6013,adversarial,خصمي,عدائي,False,False,True,False,6060
535,A3IG9HHR3NL9R0,tokens,الرموز,رموز,True,False,False,False,6060
536,A3IG9HHR3NL9R0,annotators,المُعَلِّقون,المعلقين,False,True,False,False,6060
537,A3IG9HHR3NL9R0,edit,تعديل,تحرير,True,False,False,False,6060
538,A3IG9HHR3NL9R0,news,أخبار,الأخبار,True,False,False,False,6060
539,A3IG9HHR3NL9R0,adversarial,خصمي,عدائي,False,False,True,False,6060
540,AG9MLSV2QCVD4,tokens,الرموز,رموز,True,False,False,False,6060
541,AG9MLSV2QCVD4,annotators,المُعَلِّقون,المعلقين,False,True,False,False,6060
542,AG9MLSV2QCVD4,edit,تعديل,تحرير,True,False,False,False,6060
543,AG9MLSV2QCVD4,news,أخبار,الأخبار,True,False,False,False,6060
544,AG9MLSV2QCVD4,adversarial,خصمي,عدائي,False,False,True,False,6060
545,A2YVLMI4PRDECY,tokens,الرموز,رموز,True,False,False,False,6060
546,A2YVLMI4PRDECY,annotators,المُعَلِّقون,المعلقين,False,True,False,False,6060
547,A2YVLMI4PRDECY,edit,تعديل,تحرير,True,False,False,False,6060
548,A2YVLMI4PRDECY,news,أخبار,الأخبار,True,False,False,False,6060
549,A2YVLMI4PRDECY,adversarial,خصمي,عدائي,False,False,True,False,6060
550,A158IFJD0BERSB,sentiment,المشاعر,شعور,False,True,False,False,6060
551,A158IFJD0BERSB,contexts,السياقات,سياقات,False,False,False,True,6060
552,A158IFJD0BERSB,Hence,وبالتالي,ومن ثم,False,True,False,False,6060
553,A158IFJD0BERSB,predicates,المحمولات,الفرضيات,False,False,False,True,6060
554,A158IFJD0BERSB,learning,التعلم,تعلم,True,False,False,False,6060
555,ASVJ75M0TNT6Z,sentiment,المشاعر,شعور,False,True,False,False,6060
556,ASVJ75M0TNT6Z,contexts,السياقات,سياقات,False,False,True,False,6060
557,ASVJ75M0TNT6Z,Hence,وبالتالي,ومن ثم,True,False,False,False,6060
558,ASVJ75M0TNT6Z,predicates,المحمولات,الفرضيات,False,False,False,True,6060
559,ASVJ75M0TNT6Z,learning,التعلم,تعلم,False,True,False,False,6060
560,A38SYZRVLTMOFG,sentiment,المشاعر,شعور,True,False,False,False,6060
561,A38SYZRVLTMOFG,contexts,السياقات,سياقات,True,False,False,False,6060
562,A38SYZRVLTMOFG,Hence,وبالتالي,ومن ثم,True,False,False,False,6060
563,A38SYZRVLTMOFG,predicates,المحمولات,الفرضيات,False,False,False,True,6060
564,A38SYZRVLTMOFG,learning,التعلم,تعلم,True,False,False,False,6060
565,A2MZEUP2ECO1AI,sentiment,المشاعر,شعور,True,False,False,False,6060
566,A2MZEUP2ECO1AI,contexts,السياقات,سياقات,True,False,False,False,6060
567,A2MZEUP2ECO1AI,Hence,وبالتالي,ومن ثم,True,False,False,False,6060
568,A2MZEUP2ECO1AI,predicates,المحمولات,الفرضيات,False,True,False,False,6060
569,A2MZEUP2ECO1AI,learning,التعلم,تعلم,True,False,False,False,6060
570,A19I2ZK220NTAE,sentiment,المشاعر,شعور,True,False,False,False,6060
571,A19I2ZK220NTAE,contexts,السياقات,سياقات,True,False,False,False,6060
572,A19I2ZK220NTAE,Hence,وبالتالي,ومن ثم,True,False,False,False,6060
573,A19I2ZK220NTAE,predicates,المحمولات,الفرضيات,False,False,False,True,6060
574,A19I2ZK220NTAE,learning,التعلم,تعلم,True,False,False,False,6060
575,ASVJ75M0TNT6Z,ablation,دراسة الاجتثاث,استئصال,False,False,True,False,6060
576,ASVJ75M0TNT6Z,XLNet,إكس إل نت,XLNet,False,True,False,False,6060
577,ASVJ75M0TNT6Z,semantics,الدلالات,دلالات,False,False,True,False,6060
578,ASVJ75M0TNT6Z,modalities,الأنماط,طرائق,False,True,False,False,6060
579,ASVJ75M0TNT6Z,weights,الأوزان,أوزان,False,False,True,False,6060
580,A198MZX1B7ZOPY,ablation,دراسة الاجتثاث,استئصال,True,False,False,False,6060
581,A198MZX1B7ZOPY,XLNet,إكس إل نت,XLNet,False,True,False,False,6060
582,A198MZX1B7ZOPY,semantics,الدلالات,دلالات,True,False,False,False,6060
583,A198MZX1B7ZOPY,modalities,الأنماط,طرائق,False,True,False,False,6060
584,A198MZX1B7ZOPY,weights,الأوزان,أوزان,False,True,False,False,6060
585,A14ICQPNQ6RZXB,ablation,دراسة الاجتثاث,استئصال,True,False,False,False,6060
586,A14ICQPNQ6RZXB,XLNet,إكس إل نت,XLNet,False,True,False,False,6060
587,A14ICQPNQ6RZXB,semantics,الدلالات,دلالات,False,False,True,False,6060
588,A14ICQPNQ6RZXB,modalities,الأنماط,طرائق,False,True,False,False,6060
589,A14ICQPNQ6RZXB,weights,الأوزان,أوزان,True,False,False,False,6060
590,A2P8U65V6NL7B5,ablation,دراسة الاجتثاث,استئصال,False,False,True,False,6060
591,A2P8U65V6NL7B5,XLNet,إكس إل نت,XLNet,True,False,False,False,6060
592,A2P8U65V6NL7B5,semantics,الدلالات,دلالات,True,False,False,False,6060
593,A2P8U65V6NL7B5,modalities,الأنماط,طرائق,True,False,False,False,6060
594,A2P8U65V6NL7B5,weights,الأوزان,أوزان,True,False,False,False,6060
595,A3QIWEQXAGMGD,ablation,دراسة الاجتثاث,استئصال,False,False,True,False,6060
596,A3QIWEQXAGMGD,XLNet,إكس إل نت,XLNet,True,False,False,False,6060
597,A3QIWEQXAGMGD,semantics,الدلالات,دلالات,True,False,False,False,6060
598,A3QIWEQXAGMGD,modalities,الأنماط,طرائق,True,False,False,False,6060
599,A3QIWEQXAGMGD,weights,الأوزان,أوزان,True,False,False,False,6060
600,ASVJ75M0TNT6Z,Clustering,التجميع,تجميع,False,True,False,False,6060
601,ASVJ75M0TNT6Z,language,لغة,اللغة,False,False,True,False,6060
602,ASVJ75M0TNT6Z,encoders,المشفرات,مشفرو,False,True,False,False,6060
603,ASVJ75M0TNT6Z,coreference,الإحالة المرجعية,مراجع مشترك,False,False,False,True,6060
604,ASVJ75M0TNT6Z,monolingual,أحادي اللغة,أحاديّ اللغة,False,False,True,False,6060
605,AC4I7XU10MQXK,Clustering,التجميع,تجميع,True,False,False,False,6060
606,AC4I7XU10MQXK,language,لغة,اللغة,False,False,True,False,6060
607,AC4I7XU10MQXK,encoders,المشفرات,مشفرو,False,True,False,False,6060
608,AC4I7XU10MQXK,coreference,الإحالة المرجعية,مراجع مشترك,True,False,False,False,6060
609,AC4I7XU10MQXK,monolingual,أحادي اللغة,أحاديّ اللغة,True,False,False,False,6060
610,A13QHI6P2C910K,Clustering,التجميع,تجميع,True,False,False,False,6060
611,A13QHI6P2C910K,language,لغة,اللغة,False,False,True,False,6060
612,A13QHI6P2C910K,encoders,المشفرات,مشفرو,False,True,False,False,6060
613,A13QHI6P2C910K,coreference,الإحالة المرجعية,مراجع مشترك,False,True,False,False,6060
614,A13QHI6P2C910K,monolingual,أحادي اللغة,أحاديّ اللغة,True,False,False,False,6060
615,A3Q32FL0WWF4KZ,Clustering,التجميع,تجميع,True,False,False,False,6060
616,A3Q32FL0WWF4KZ,language,لغة,اللغة,False,True,False,False,6060
617,A3Q32FL0WWF4KZ,encoders,المشفرات,مشفرو,False,True,False,False,6060
618,A3Q32FL0WWF4KZ,coreference,الإحالة المرجعية,مراجع مشترك,True,False,False,False,6060
619,A3Q32FL0WWF4KZ,monolingual,أحادي اللغة,أحاديّ اللغة,True,False,False,False,6060
620,A3OAFR48DADAOM,Clustering,التجميع,تجميع,True,False,False,False,6060
621,A3OAFR48DADAOM,language,لغة,اللغة,True,False,False,False,6060
622,A3OAFR48DADAOM,encoders,المشفرات,مشفرو,False,True,False,False,6060
623,A3OAFR48DADAOM,coreference,الإحالة المرجعية,مراجع مشترك,False,True,False,False,6060
624,A3OAFR48DADAOM,monolingual,أحادي اللغة,أحاديّ اللغة,True,False,False,False,6060
625,A3MF0MGWJJZ794,generated,الذي تم توليده,الناشئة,False,False,True,False,6060
626,A3MF0MGWJJZ794,BIO,ترميز BIO,BIO,False,True,False,False,6060
627,A3MF0MGWJJZ794,interpretable,قابل للتفسير,قابلةٍ للتفسير,False,False,False,True,6060
628,A3MF0MGWJJZ794,Architectures,الهياكل,هياكل,False,True,False,False,6060
629,A3MF0MGWJJZ794,parsing,التحليل النحوي,تحليل,False,False,True,False,6060
630,AS0K8SAHI5SQD,generated,الذي تم توليده,الناشئة,False,True,False,False,6060
631,AS0K8SAHI5SQD,BIO,ترميز BIO,BIO,True,False,False,False,6060
632,AS0K8SAHI5SQD,interpretable,قابل للتفسير,قابلةٍ للتفسير,False,True,False,False,6060
633,AS0K8SAHI5SQD,Architectures,الهياكل,هياكل,True,False,False,False,6060
634,AS0K8SAHI5SQD,parsing,التحليل النحوي,تحليل,False,True,False,False,6060
635,A13QHI6P2C910K,generated,الذي تم توليده,الناشئة,False,True,False,False,6060
636,A13QHI6P2C910K,BIO,ترميز BIO,BIO,False,False,True,False,6060
637,A13QHI6P2C910K,interpretable,قابل للتفسير,قابلةٍ للتفسير,False,True,False,False,6060
638,A13QHI6P2C910K,Architectures,الهياكل,هياكل,True,False,False,False,6060
639,A13QHI6P2C910K,parsing,التحليل النحوي,تحليل,False,True,False,False,6060
640,A28SLGT2GKXKT7,generated,الذي تم توليده,الناشئة,False,True,False,False,6060
641,A28SLGT2GKXKT7,BIO,ترميز BIO,BIO,False,False,True,False,6060
642,A28SLGT2GKXKT7,interpretable,قابل للتفسير,قابلةٍ للتفسير,False,False,False,False,6060
643,A28SLGT2GKXKT7,Architectures,الهياكل,هياكل,False,False,True,False,6060
644,A28SLGT2GKXKT7,parsing,التحليل النحوي,تحليل,False,False,True,False,6060
645,A3OAFR48DADAOM,generated,الذي تم توليده,الناشئة,False,True,False,False,6060
646,A3OAFR48DADAOM,BIO,ترميز BIO,BIO,True,False,False,False,6060
647,A3OAFR48DADAOM,interpretable,قابل للتفسير,قابلةٍ للتفسير,False,True,False,False,6060
648,A3OAFR48DADAOM,Architectures,الهياكل,هياكل,True,False,False,False,6060
649,A3OAFR48DADAOM,parsing,التحليل النحوي,تحليل,False,True,False,False,6060
650,A1G4DX33KADZA3,linguistics,اللغويات,لغويات,False,False,True,False,6060
651,A1G4DX33KADZA3,previous,سابق,السابق,False,False,True,False,6060
652,A1G4DX33KADZA3,Dialogue,الحوار,حوار,False,False,True,False,6060
653,A1G4DX33KADZA3,encode,ترميز,تشفير,False,False,False,True,6060
654,A1G4DX33KADZA3,QA,الأسئلة والأجوبة,ضمان الجودة,False,False,True,False,6060
655,A2WPXOAESFQ5TS,linguistics,اللغويات,لغويات,True,False,False,False,6060
656,A2WPXOAESFQ5TS,previous,سابق,السابق,True,False,False,False,6060
657,A2WPXOAESFQ5TS,Dialogue,الحوار,حوار,True,False,False,False,6060
658,A2WPXOAESFQ5TS,encode,ترميز,تشفير,False,False,True,False,6060
659,A2WPXOAESFQ5TS,QA,الأسئلة والأجوبة,ضمان الجودة,False,True,False,False,6060
660,A3OAFR48DADAOM,linguistics,اللغويات,لغويات,True,False,False,False,6060
661,A3OAFR48DADAOM,previous,سابق,السابق,False,False,True,False,6060
662,A3OAFR48DADAOM,Dialogue,الحوار,حوار,True,False,False,False,6060
663,A3OAFR48DADAOM,encode,ترميز,تشفير,True,False,False,False,6060
664,A3OAFR48DADAOM,QA,الأسئلة والأجوبة,ضمان الجودة,False,False,False,True,6060
665,ASE8ADTSWOHDB,linguistics,اللغويات,لغويات,False,True,False,False,6060
666,ASE8ADTSWOHDB,previous,سابق,السابق,True,False,False,False,6060
667,ASE8ADTSWOHDB,Dialogue,الحوار,حوار,False,False,True,False,6060
668,ASE8ADTSWOHDB,encode,ترميز,تشفير,False,True,False,False,6060
669,ASE8ADTSWOHDB,QA,الأسئلة والأجوبة,ضمان الجودة,True,False,False,False,6060
670,A3IG9HHR3NL9R0,linguistics,اللغويات,لغويات,True,False,False,False,6060
671,A3IG9HHR3NL9R0,previous,سابق,السابق,False,False,True,False,6060
672,A3IG9HHR3NL9R0,Dialogue,الحوار,حوار,True,False,False,False,6060
673,A3IG9HHR3NL9R0,encode,ترميز,تشفير,False,True,False,False,6060
674,A3IG9HHR3NL9R0,QA,الأسئلة والأجوبة,ضمان الجودة,False,False,True,False,6060
675,A9M8N3BOH6013,Additionally,بالإضافة إلى ذلك,وبالإضافة إلى ذلك,True,False,False,False,6060
676,A9M8N3BOH6013,text,نص,النص,True,False,False,False,6060
677,A9M8N3BOH6013,biases,التحيزات,biases,False,True,False,False,6060
678,A9M8N3BOH6013,propose,اقترح,نقترح,True,False,False,False,6060
679,A9M8N3BOH6013,approach,نهج,النهج,True,False,False,False,6060
680,A2YVLMI4PRDECY,Additionally,بالإضافة إلى ذلك,وبالإضافة إلى ذلك,True,False,False,False,6060
681,A2YVLMI4PRDECY,text,نص,النص,True,False,False,False,6060
682,A2YVLMI4PRDECY,biases,التحيزات,biases,False,True,False,False,6060
683,A2YVLMI4PRDECY,propose,اقترح,نقترح,True,False,False,False,6060
684,A2YVLMI4PRDECY,approach,نهج,النهج,True,False,False,False,6060
685,A2E2FFMXS9F9KR,Additionally,بالإضافة إلى ذلك,وبالإضافة إلى ذلك,True,False,False,False,6060
686,A2E2FFMXS9F9KR,text,نص,النص,True,False,False,False,6060
687,A2E2FFMXS9F9KR,biases,التحيزات,biases,False,True,False,False,6060
688,A2E2FFMXS9F9KR,propose,اقترح,نقترح,False,False,True,False,6060
689,A2E2FFMXS9F9KR,approach,نهج,النهج,True,False,False,False,6060
690,A2D6SB3TU1NYQ7,Additionally,بالإضافة إلى ذلك,وبالإضافة إلى ذلك,True,False,False,False,6060
691,A2D6SB3TU1NYQ7,text,نص,النص,True,False,False,False,6060
692,A2D6SB3TU1NYQ7,biases,التحيزات,biases,False,True,False,False,6060
693,A2D6SB3TU1NYQ7,propose,اقترح,نقترح,False,True,False,False,6060
694,A2D6SB3TU1NYQ7,approach,نهج,النهج,True,False,False,False,6060
695,ASVJ75M0TNT6Z,Additionally,بالإضافة إلى ذلك,وبالإضافة إلى ذلك,False,False,True,False,6060
696,ASVJ75M0TNT6Z,text,نص,النص,False,False,False,True,6060
697,ASVJ75M0TNT6Z,biases,التحيزات,biases,False,False,True,False,6060
698,ASVJ75M0TNT6Z,propose,اقترح,نقترح,False,False,False,True,6060
699,ASVJ75M0TNT6Z,approach,نهج,النهج,False,False,True,False,6060
700,A11BQAB549UAEG,context,السياق,context,False,True,False,False,6060
701,A11BQAB549UAEG,morphemes,المورفيمات,مورفيمات,False,False,True,False,6060
702,A11BQAB549UAEG,word2vec,وورد تو فيك,word2vec,False,True,False,False,6060
703,A11BQAB549UAEG,GPT,نموذج GPT,GPT,False,False,True,False,6060
704,A11BQAB549UAEG,encoding,ترميز,تشفير,False,True,False,False,6060
705,A2P8U65V6NL7B5,context,السياق,context,True,False,False,False,6060
706,A2P8U65V6NL7B5,morphemes,المورفيمات,مورفيمات,True,False,False,False,6060
707,A2P8U65V6NL7B5,word2vec,وورد تو فيك,word2vec,False,False,True,False,6060
708,A2P8U65V6NL7B5,GPT,نموذج GPT,GPT,True,False,False,False,6060
709,A2P8U65V6NL7B5,encoding,ترميز,تشفير,True,False,False,False,6060
710,A1KYZPQ0T7WECC,context,السياق,context,False,True,False,False,6060
711,A1KYZPQ0T7WECC,morphemes,المورفيمات,مورفيمات,True,False,False,False,6060
712,A1KYZPQ0T7WECC,word2vec,وورد تو فيك,word2vec,False,False,False,True,6060
713,A1KYZPQ0T7WECC,GPT,نموذج GPT,GPT,False,True,False,False,6060
714,A1KYZPQ0T7WECC,encoding,ترميز,تشفير,True,False,False,False,6060
715,AWGV35294HOYB,context,السياق,context,True,False,False,False,6060
716,AWGV35294HOYB,morphemes,المورفيمات,مورفيمات,True,False,False,False,6060
717,AWGV35294HOYB,word2vec,وورد تو فيك,word2vec,False,False,True,False,6060
718,AWGV35294HOYB,GPT,نموذج GPT,GPT,True,False,False,False,6060
719,AWGV35294HOYB,encoding,ترميز,تشفير,True,False,False,False,6060
720,A2YVLMI4PRDECY,context,السياق,context,False,True,False,False,6060
721,A2YVLMI4PRDECY,morphemes,المورفيمات,مورفيمات,True,False,False,False,6060
722,A2YVLMI4PRDECY,word2vec,وورد تو فيك,word2vec,False,False,True,False,6060
723,A2YVLMI4PRDECY,GPT,نموذج GPT,GPT,True,False,False,False,6060
724,A2YVLMI4PRDECY,encoding,ترميز,تشفير,True,False,False,False,6060
725,A11BQAB549UAEG,dataset,مجموعة البيانات,مجموعة بيانات,False,True,False,False,6060
726,A11BQAB549UAEG,methods,طرق,أساليب,True,False,False,False,6060
727,A11BQAB549UAEG,namely,أي,وهي,True,False,False,False,6060
728,A11BQAB549UAEG,tasks,المهام,مهام,False,False,True,False,6060
729,A11BQAB549UAEG,PubMed,بوبمد,PubMed,False,False,False,True,6060
730,A39PWDRYNY2WM0,dataset,مجموعة البيانات,مجموعة بيانات,True,False,False,False,6060
731,A39PWDRYNY2WM0,methods,طرق,أساليب,True,False,False,False,6060
732,A39PWDRYNY2WM0,namely,أي,وهي,True,False,False,False,6060
733,A39PWDRYNY2WM0,tasks,المهام,مهام,True,False,False,False,6060
734,A39PWDRYNY2WM0,PubMed,بوبمد,PubMed,True,False,False,False,6060
735,A35H5DUMZH86PC,dataset,مجموعة البيانات,مجموعة بيانات,True,False,False,False,6060
736,A35H5DUMZH86PC,methods,طرق,أساليب,True,False,False,False,6060
737,A35H5DUMZH86PC,namely,أي,وهي,False,False,True,False,6060
738,A35H5DUMZH86PC,tasks,المهام,مهام,True,False,False,False,6060
739,A35H5DUMZH86PC,PubMed,بوبمد,PubMed,True,False,False,False,6060
740,A3QIWEQXAGMGD,dataset,مجموعة البيانات,مجموعة بيانات,True,False,False,False,6060
741,A3QIWEQXAGMGD,methods,طرق,أساليب,True,False,False,False,6060
742,A3QIWEQXAGMGD,namely,أي,وهي,False,False,True,False,6060
743,A3QIWEQXAGMGD,tasks,المهام,مهام,True,False,False,False,6060
744,A3QIWEQXAGMGD,PubMed,بوبمد,PubMed,True,False,False,False,6060
745,A3MDTRJTDIDNX,dataset,مجموعة البيانات,مجموعة بيانات,True,False,False,False,6060
746,A3MDTRJTDIDNX,methods,طرق,أساليب,True,False,False,False,6060
747,A3MDTRJTDIDNX,namely,أي,وهي,False,False,True,False,6060
748,A3MDTRJTDIDNX,tasks,المهام,مهام,True,False,False,False,6060
749,A3MDTRJTDIDNX,PubMed,بوبمد,PubMed,True,False,False,False,6060
750,A158IFJD0BERSB,labeled,مُعَلَّم,مصنف,False,True,False,False,6060
751,A158IFJD0BERSB,captions,التسميات التوضيحية,التعليقات,False,False,True,False,6060
752,A158IFJD0BERSB,noun,اسم,أسم,True,False,False,False,6060
753,A158IFJD0BERSB,unsupervised,غير خاضع للإشراف,غير الخاضع للإشراف,False,False,False,True,6060
754,A158IFJD0BERSB,Morphology,علم الصرف,مورفولوجيا,False,True,False,False,6060
755,A198MZX1B7ZOPY,labeled,مُعَلَّم,مصنف,False,True,False,False,6060
756,A198MZX1B7ZOPY,captions,التسميات التوضيحية,التعليقات,True,False,False,False,6060
757,A198MZX1B7ZOPY,noun,اسم,أسم,False,True,False,False,6060
758,A198MZX1B7ZOPY,unsupervised,غير خاضع للإشراف,غير الخاضع للإشراف,True,False,False,False,6060
759,A198MZX1B7ZOPY,Morphology,علم الصرف,مورفولوجيا,False,True,False,False,6060
760,A3QIWEQXAGMGD,labeled,مُعَلَّم,مصنف,False,True,False,False,6060
761,A3QIWEQXAGMGD,captions,التسميات التوضيحية,التعليقات,False,True,False,False,6060
762,A3QIWEQXAGMGD,noun,اسم,أسم,False,True,False,False,6060
763,A3QIWEQXAGMGD,unsupervised,غير خاضع للإشراف,غير الخاضع للإشراف,True,False,False,False,6060
764,A3QIWEQXAGMGD,Morphology,علم الصرف,مورفولوجيا,True,False,False,False,6060
765,ASVJ75M0TNT6Z,labeled,مُعَلَّم,مصنف,False,False,True,False,6060
766,ASVJ75M0TNT6Z,captions,التسميات التوضيحية,التعليقات,False,False,True,False,6060
767,ASVJ75M0TNT6Z,noun,اسم,أسم,False,False,True,False,6060
768,ASVJ75M0TNT6Z,unsupervised,غير خاضع للإشراف,غير الخاضع للإشراف,False,False,False,True,6060
769,ASVJ75M0TNT6Z,Morphology,علم الصرف,مورفولوجيا,False,False,True,False,6060
770,A3Q32FL0WWF4KZ,labeled,مُعَلَّم,مصنف,False,True,False,False,6060
771,A3Q32FL0WWF4KZ,captions,التسميات التوضيحية,التعليقات,False,True,False,False,6060
772,A3Q32FL0WWF4KZ,noun,اسم,أسم,False,True,False,False,6060
773,A3Q32FL0WWF4KZ,unsupervised,غير خاضع للإشراف,غير الخاضع للإشراف,True,False,False,False,6060
774,A3Q32FL0WWF4KZ,Morphology,علم الصرف,مورفولوجيا,True,False,False,False,6060
775,A2C5HSMKN7QDM8,semantically,دلاليًا,لغوياً,False,True,False,False,6060
776,A2C5HSMKN7QDM8,BLEU,مقياس بليو,BLEU,True,False,False,False,6060
777,A2C5HSMKN7QDM8,utterances,الكلام,اقوال,False,True,False,False,6060
778,A2C5HSMKN7QDM8,BETO,بيتو,BETO,True,False,False,False,6060
779,A2C5HSMKN7QDM8,Detecting,الكشف,كشف,False,True,False,False,6060
780,A3OAFR48DADAOM,semantically,دلاليًا,لغوياً,True,False,False,False,6060
781,A3OAFR48DADAOM,BLEU,مقياس بليو,BLEU,True,False,False,False,6060
782,A3OAFR48DADAOM,utterances,الكلام,اقوال,False,True,False,False,6060
783,A3OAFR48DADAOM,BETO,بيتو,BETO,True,False,False,False,6060
784,A3OAFR48DADAOM,Detecting,الكشف,كشف,True,False,False,False,6060
785,A35H5DUMZH86PC,semantically,دلاليًا,لغوياً,False,True,False,False,6060
786,A35H5DUMZH86PC,BLEU,مقياس بليو,BLEU,True,False,False,False,6060
787,A35H5DUMZH86PC,utterances,الكلام,اقوال,True,False,False,False,6060
788,A35H5DUMZH86PC,BETO,بيتو,BETO,True,False,False,False,6060
789,A35H5DUMZH86PC,Detecting,الكشف,كشف,True,False,False,False,6060
790,AC4I7XU10MQXK,semantically,دلاليًا,لغوياً,False,True,False,False,6060
791,AC4I7XU10MQXK,BLEU,مقياس بليو,BLEU,True,False,False,False,6060
792,AC4I7XU10MQXK,utterances,الكلام,اقوال,False,True,False,False,6060
793,AC4I7XU10MQXK,BETO,بيتو,BETO,True,False,False,False,6060
794,AC4I7XU10MQXK,Detecting,الكشف,كشف,True,False,False,False,6060
795,A1A9RBD2M6F8VT,semantically,دلاليًا,لغوياً,False,True,False,False,6060
796,A1A9RBD2M6F8VT,BLEU,مقياس بليو,BLEU,True,False,False,False,6060
797,A1A9RBD2M6F8VT,utterances,الكلام,اقوال,False,True,False,False,6060
798,A1A9RBD2M6F8VT,BETO,بيتو,BETO,True,False,False,False,6060
799,A1A9RBD2M6F8VT,Detecting,الكشف,كشف,True,False,False,False,6060
800,A198MZX1B7ZOPY,API,واجهة برمجة التطبيقات,API,False,True,False,False,6060
801,A198MZX1B7ZOPY,Modeling,النمذجة,نمذجة,False,True,False,False,6060
802,A198MZX1B7ZOPY,3D object detection,الكشف عن الأجسام ثلاثية الأبعاد,كشف الأجسام ثلاثية الأبعاد,True,False,False,False,threshold
803,A198MZX1B7ZOPY,Baseline,خط الأساس,الأساس,False,True,False,False,threshold
804,A198MZX1B7ZOPY,Bayesian Network,شبكة بايزية,الشبكة البايزية,True,False,False,False,threshold
805,A3IG9HHR3NL9R0,API,واجهة برمجة التطبيقات,API,True,False,False,False,6060
806,A3IG9HHR3NL9R0,Modeling,النمذجة,نمذجة,True,False,False,False,6060
807,A3IG9HHR3NL9R0,3D object detection,الكشف عن الأجسام ثلاثية الأبعاد,كشف الأجسام ثلاثية الأبعاد,True,False,False,False,threshold
808,A3IG9HHR3NL9R0,Baseline,خط الأساس,الأساس,False,True,False,False,threshold
809,A3IG9HHR3NL9R0,Bayesian Network,شبكة بايزية,الشبكة البايزية,True,False,False,False,threshold
810,A186ORPGIU3WNL,API,واجهة برمجة التطبيقات,API,False,True,False,False,6060
811,A186ORPGIU3WNL,Modeling,النمذجة,نمذجة,True,False,False,False,6060
812,A186ORPGIU3WNL,3D object detection,الكشف عن الأجسام ثلاثية الأبعاد,كشف الأجسام ثلاثية الأبعاد,True,False,False,False,threshold
813,A186ORPGIU3WNL,Baseline,خط الأساس,الأساس,False,True,False,False,threshold
814,A186ORPGIU3WNL,Bayesian Network,شبكة بايزية,الشبكة البايزية,True,False,False,False,threshold
815,A3QIWEQXAGMGD,API,واجهة برمجة التطبيقات,API,True,False,False,False,6060
816,A3QIWEQXAGMGD,Modeling,النمذجة,نمذجة,True,False,False,False,6060
817,A3QIWEQXAGMGD,3D object detection,الكشف عن الأجسام ثلاثية الأبعاد,كشف الأجسام ثلاثية الأبعاد,True,False,False,False,threshold
818,A3QIWEQXAGMGD,Baseline,خط الأساس,الأساس,False,True,False,False,threshold
819,A3QIWEQXAGMGD,Bayesian Network,شبكة بايزية,الشبكة البايزية,True,False,False,False,threshold
820,A1A9RBD2M6F8VT,API,واجهة برمجة التطبيقات,API,True,False,False,False,6060
821,A1A9RBD2M6F8VT,Modeling,النمذجة,نمذجة,True,False,False,False,6060
822,A1A9RBD2M6F8VT,3D object detection,الكشف عن الأجسام ثلاثية الأبعاد,كشف الأجسام ثلاثية الأبعاد,False,True,False,False,threshold
823,A1A9RBD2M6F8VT,Baseline,خط الأساس,الأساس,False,True,False,False,threshold
824,A1A9RBD2M6F8VT,Bayesian Network,شبكة بايزية,الشبكة البايزية,False,True,False,False,threshold
825,A3UMJIYCNU3IMQ,Bayesian method,الأساليب البايزية,الطريقة البايزية,False,True,False,False,threshold
826,A3UMJIYCNU3IMQ,Cholesky factorization,تحليل تشوليسكي,تحليل شولي,False,False,True,False,threshold
827,A3UMJIYCNU3IMQ,Cohen's kappa,معامل كابا لكوهين,كابا كوهين,False,True,False,False,threshold
828,A3UMJIYCNU3IMQ,Computational linguistic,اللغويات الحاسوبية,اللسانيات الحاسوبية,False,True,False,False,threshold
829,A3UMJIYCNU3IMQ,Cross Entropy Loss,خسارة الإنتروبيا المتقاطعة,خسارة الانتروبيا المتقاطعة,False,False,True,False,threshold
830,A3IG9HHR3NL9R0,Bayesian method,الأساليب البايزية,الطريقة البايزية,False,True,False,False,threshold
831,A3IG9HHR3NL9R0,Cholesky factorization,تحليل تشوليسكي,تحليل شولي,False,True,False,False,threshold
832,A3IG9HHR3NL9R0,Cohen's kappa,معامل كابا لكوهين,كابا كوهين,True,False,False,False,threshold
833,A3IG9HHR3NL9R0,Computational linguistic,اللغويات الحاسوبية,اللسانيات الحاسوبية,True,False,False,False,threshold
834,A3IG9HHR3NL9R0,Cross Entropy Loss,خسارة الإنتروبيا المتقاطعة,خسارة الانتروبيا المتقاطعة,True,False,False,False,threshold
835,AC4I7XU10MQXK,Bayesian method,الأساليب البايزية,الطريقة البايزية,False,False,True,False,threshold
836,AC4I7XU10MQXK,Cholesky factorization,تحليل تشوليسكي,تحليل شولي,False,True,False,False,threshold
837,AC4I7XU10MQXK,Cohen's kappa,معامل كابا لكوهين,كابا كوهين,True,False,False,False,threshold
838,AC4I7XU10MQXK,Computational linguistic,اللغويات الحاسوبية,اللسانيات الحاسوبية,True,False,False,False,threshold
839,AC4I7XU10MQXK,Cross Entropy Loss,خسارة الإنتروبيا المتقاطعة,خسارة الانتروبيا المتقاطعة,True,False,False,False,threshold
840,A2C5HSMKN7QDM8,Bayesian method,الأساليب البايزية,الطريقة البايزية,True,False,False,False,threshold
841,A2C5HSMKN7QDM8,Cholesky factorization,تحليل تشوليسكي,تحليل شولي,False,True,False,False,threshold
842,A2C5HSMKN7QDM8,Cohen's kappa,معامل كابا لكوهين,كابا كوهين,False,True,False,False,threshold
843,A2C5HSMKN7QDM8,Computational linguistic,اللغويات الحاسوبية,اللسانيات الحاسوبية,False,True,False,False,threshold
844,A2C5HSMKN7QDM8,Cross Entropy Loss,خسارة الإنتروبيا المتقاطعة,خسارة الانتروبيا المتقاطعة,True,False,False,False,threshold
845,A2DAZGA8XO0RQ6,Bayesian method,الأساليب البايزية,الطريقة البايزية,False,True,False,False,threshold
846,A2DAZGA8XO0RQ6,Cholesky factorization,تحليل تشوليسكي,تحليل شولي,False,False,True,False,threshold
847,A2DAZGA8XO0RQ6,Cohen's kappa,معامل كابا لكوهين,كابا كوهين,False,True,False,False,threshold
848,A2DAZGA8XO0RQ6,Computational linguistic,اللغويات الحاسوبية,اللسانيات الحاسوبية,False,True,False,False,threshold
849,A2DAZGA8XO0RQ6,Cross Entropy Loss,خسارة الإنتروبيا المتقاطعة,خسارة الانتروبيا المتقاطعة,False,False,True,False,threshold
850,ASVJ75M0TNT6Z,Decoder,مفكك الترميز,المفكك,False,True,False,False,threshold
851,ASVJ75M0TNT6Z,Dirac measure,قياس ديراك,مقياس ديراك,False,False,True,False,threshold
852,ASVJ75M0TNT6Z,Dirichlet,ديريتشليه,ديريشليه,False,True,False,False,threshold
853,ASVJ75M0TNT6Z,Euclidean plane,الطائرة الإقليدية,المستوى الإقليدي,False,False,False,False,threshold
854,ASVJ75M0TNT6Z,Fairseq,فيرسيك,Fairseq,False,False,False,True,threshold
855,A21X87H2GCSME0,Decoder,مفكك الترميز,المفكك,False,True,False,False,threshold
856,A21X87H2GCSME0,Dirac measure,قياس ديراك,مقياس ديراك,False,False,True,False,threshold
857,A21X87H2GCSME0,Dirichlet,ديريتشليه,ديريشليه,False,False,False,False,threshold
858,A21X87H2GCSME0,Euclidean plane,الطائرة الإقليدية,المستوى الإقليدي,False,True,False,False,threshold
859,A21X87H2GCSME0,Fairseq,فيرسيك,Fairseq,False,False,True,False,threshold
860,A2IFN9328HNXWC,Decoder,مفكك الترميز,المفكك,True,False,False,False,threshold
861,A2IFN9328HNXWC,Dirac measure,قياس ديراك,مقياس ديراك,True,False,False,False,threshold
862,A2IFN9328HNXWC,Dirichlet,ديريتشليه,ديريشليه,False,True,False,False,threshold
863,A2IFN9328HNXWC,Euclidean plane,الطائرة الإقليدية,المستوى الإقليدي,False,False,True,False,threshold
864,A2IFN9328HNXWC,Fairseq,فيرسيك,Fairseq,False,False,True,False,threshold
865,A2E2FFMXS9F9KR,Decoder,مفكك الترميز,المفكك,True,False,False,False,threshold
866,A2E2FFMXS9F9KR,Dirac measure,قياس ديراك,مقياس ديراك,True,False,False,False,threshold
867,A2E2FFMXS9F9KR,Dirichlet,ديريتشليه,ديريشليه,True,False,False,False,threshold
868,A2E2FFMXS9F9KR,Euclidean plane,الطائرة الإقليدية,المستوى الإقليدي,False,True,False,False,threshold
869,A2E2FFMXS9F9KR,Fairseq,فيرسيك,Fairseq,True,False,False,False,threshold
870,AC4I7XU10MQXK,Decoder,مفكك الترميز,المفكك,False,True,False,False,threshold
871,AC4I7XU10MQXK,Dirac measure,قياس ديراك,مقياس ديراك,True,False,False,False,threshold
872,AC4I7XU10MQXK,Dirichlet,ديريتشليه,ديريشليه,True,False,False,False,threshold
873,AC4I7XU10MQXK,Euclidean plane,الطائرة الإقليدية,المستوى الإقليدي,False,True,False,False,threshold
874,AC4I7XU10MQXK,Fairseq,فيرسيك,Fairseq,False,False,True,False,threshold
875,A9M8N3BOH6013,Fourier basis function,دالة الأساس فورييه,دالة أساس فورييه,True,False,False,False,threshold
876,A9M8N3BOH6013,Gamma distribution,توزيع جاما,توزيع غاما,True,False,False,False,threshold
877,A9M8N3BOH6013,Gaussian Mixture Model,نموذج الخليط الغاوسي,نموذج المزيج الغاوسي,True,False,False,False,threshold
878,A9M8N3BOH6013,Generative Model,نموذج توليدي,النموذج التوليدي,True,False,False,False,threshold
879,A9M8N3BOH6013,Hellinger distance,مسافة هيلنجر,مسافة هيلينجر,False,True,False,False,threshold
880,A186ORPGIU3WNL,Fourier basis function,دالة الأساس فورييه,دالة أساس فورييه,True,False,False,False,threshold
881,A186ORPGIU3WNL,Gamma distribution,توزيع جاما,توزيع غاما,True,False,False,False,threshold
882,A186ORPGIU3WNL,Gaussian Mixture Model,نموذج الخليط الغاوسي,نموذج المزيج الغاوسي,True,False,False,False,threshold
883,A186ORPGIU3WNL,Generative Model,نموذج توليدي,النموذج التوليدي,True,False,False,False,threshold
884,A186ORPGIU3WNL,Hellinger distance,مسافة هيلنجر,مسافة هيلينجر,False,False,True,False,threshold
885,A2YVLMI4PRDECY,Fourier basis function,دالة الأساس فورييه,دالة أساس فورييه,False,False,True,False,threshold
886,A2YVLMI4PRDECY,Gamma distribution,توزيع جاما,توزيع غاما,True,False,False,False,threshold
887,A2YVLMI4PRDECY,Gaussian Mixture Model,نموذج الخليط الغاوسي,نموذج المزيج الغاوسي,True,False,False,False,threshold
888,A2YVLMI4PRDECY,Generative Model,نموذج توليدي,النموذج التوليدي,True,False,False,False,threshold
889,A2YVLMI4PRDECY,Hellinger distance,مسافة هيلنجر,مسافة هيلينجر,False,True,False,False,threshold
890,A11JXYZDAUX0UP,Fourier basis function,دالة الأساس فورييه,دالة أساس فورييه,True,False,False,False,threshold
891,A11JXYZDAUX0UP,Gamma distribution,توزيع جاما,توزيع غاما,True,False,False,False,threshold
892,A11JXYZDAUX0UP,Gaussian Mixture Model,نموذج الخليط الغاوسي,نموذج المزيج الغاوسي,True,False,False,False,threshold
893,A11JXYZDAUX0UP,Generative Model,نموذج توليدي,النموذج التوليدي,True,False,False,False,threshold
894,A11JXYZDAUX0UP,Hellinger distance,مسافة هيلنجر,مسافة هيلينجر,False,True,False,False,threshold
895,A2P8U65V6NL7B5,Fourier basis function,دالة الأساس فورييه,دالة أساس فورييه,True,False,False,False,threshold
896,A2P8U65V6NL7B5,Gamma distribution,توزيع جاما,توزيع غاما,True,False,False,False,threshold
897,A2P8U65V6NL7B5,Gaussian Mixture Model,نموذج الخليط الغاوسي,نموذج المزيج الغاوسي,True,False,False,False,threshold
898,A2P8U65V6NL7B5,Generative Model,نموذج توليدي,النموذج التوليدي,True,False,False,False,threshold
899,A2P8U65V6NL7B5,Hellinger distance,مسافة هيلنجر,مسافة هيلينجر,True,False,False,False,threshold
900,A198MZX1B7ZOPY,Hessian matrix,مصفوفة هسيان,مصفوفة هيسيان,True,False,False,False,threshold
901,A198MZX1B7ZOPY,Hiero system,نظام هييرو,نظام هيرو,False,True,False,False,threshold
902,A198MZX1B7ZOPY,Huber loss,خسارة هوبير,خسارة هوبر,True,False,False,False,threshold
903,A198MZX1B7ZOPY,Kalman filter,فلتر كالمان,مرشح كالمان,False,True,False,False,threshold
904,A198MZX1B7ZOPY,Kernel,النواة,نواة,True,False,False,False,threshold
905,A11BQAB549UAEG,Hessian matrix,مصفوفة هسيان,مصفوفة هيسيان,False,True,False,False,threshold
906,A11BQAB549UAEG,Hiero system,نظام هييرو,نظام هيرو,False,False,True,False,threshold
907,A11BQAB549UAEG,Huber loss,خسارة هوبير,خسارة هوبر,False,True,False,False,threshold
908,A11BQAB549UAEG,Kalman filter,فلتر كالمان,مرشح كالمان,False,False,True,False,threshold
909,A11BQAB549UAEG,Kernel,النواة,نواة,False,False,False,True,threshold
910,A3MDTRJTDIDNX,Hessian matrix,مصفوفة هسيان,مصفوفة هيسيان,False,True,False,False,threshold
911,A3MDTRJTDIDNX,Hiero system,نظام هييرو,نظام هيرو,True,False,False,False,threshold
912,A3MDTRJTDIDNX,Huber loss,خسارة هوبير,خسارة هوبر,False,True,False,False,threshold
913,A3MDTRJTDIDNX,Kalman filter,فلتر كالمان,مرشح كالمان,True,False,False,False,threshold
914,A3MDTRJTDIDNX,Kernel,النواة,نواة,True,False,False,False,threshold
915,A1XD6THGBT1T9T,Hessian matrix,مصفوفة هسيان,مصفوفة هيسيان,True,False,False,False,threshold
916,A1XD6THGBT1T9T,Hiero system,نظام هييرو,نظام هيرو,True,False,False,False,threshold
917,A1XD6THGBT1T9T,Huber loss,خسارة هوبير,خسارة هوبر,True,False,False,False,threshold
918,A1XD6THGBT1T9T,Kalman filter,فلتر كالمان,مرشح كالمان,True,False,False,False,threshold
919,A1XD6THGBT1T9T,Kernel,النواة,نواة,True,False,False,False,threshold
920,A3EKM55NFX1H6B,Hessian matrix,مصفوفة هسيان,مصفوفة هيسيان,True,False,False,False,threshold
921,A3EKM55NFX1H6B,Hiero system,نظام هييرو,نظام هيرو,True,False,False,False,threshold
922,A3EKM55NFX1H6B,Huber loss,خسارة هوبير,خسارة هوبر,True,False,False,False,threshold
923,A3EKM55NFX1H6B,Kalman filter,فلتر كالمان,مرشح كالمان,True,False,False,False,threshold
924,A3EKM55NFX1H6B,Kernel,النواة,نواة,True,False,False,False,threshold
925,A158IFJD0BERSB,Krippendorff's α,α لكريبندورف,ألفا كريبندورف,False,True,False,False,threshold
926,A158IFJD0BERSB,L2 regularisation,تسوية L2,تنظيم L2,False,False,True,False,threshold
927,A158IFJD0BERSB,Local Consistency,الاتساق المحلي,التناسق المحلي,False,True,False,False,threshold
928,A158IFJD0BERSB,Machine Reading Comprehension,فهم القراءة الآلية,فهم القراءة الآلي,False,False,False,True,threshold
929,A158IFJD0BERSB,Matrix Completion,اكتمال المصفوفة,إكمال المصفوفة,False,True,False,False,threshold
930,A10A7EZUXBD0II,Krippendorff's α,α لكريبندورف,ألفا كريبندورف,True,False,False,False,threshold
931,A10A7EZUXBD0II,L2 regularisation,تسوية L2,تنظيم L2,False,False,True,False,threshold
932,A10A7EZUXBD0II,Local Consistency,الاتساق المحلي,التناسق المحلي,False,True,False,False,threshold
933,A10A7EZUXBD0II,Machine Reading Comprehension,فهم القراءة الآلية,فهم القراءة الآلي,False,True,False,False,threshold
934,A10A7EZUXBD0II,Matrix Completion,اكتمال المصفوفة,إكمال المصفوفة,False,False,True,False,threshold
935,A2IFN9328HNXWC,Krippendorff's α,α لكريبندورف,ألفا كريبندورف,False,False,True,False,threshold
936,A2IFN9328HNXWC,L2 regularisation,تسوية L2,تنظيم L2,False,False,True,False,threshold
937,A2IFN9328HNXWC,Local Consistency,الاتساق المحلي,التناسق المحلي,True,False,False,False,threshold
938,A2IFN9328HNXWC,Machine Reading Comprehension,فهم القراءة الآلية,فهم القراءة الآلي,False,True,False,False,threshold
939,A2IFN9328HNXWC,Matrix Completion,اكتمال المصفوفة,إكمال المصفوفة,True,False,False,False,threshold
940,AWGV35294HOYB,Krippendorff's α,α لكريبندورف,ألفا كريبندورف,False,False,True,False,threshold
941,AWGV35294HOYB,L2 regularisation,تسوية L2,تنظيم L2,False,False,True,False,threshold
942,AWGV35294HOYB,Local Consistency,الاتساق المحلي,التناسق المحلي,True,False,False,False,threshold
943,AWGV35294HOYB,Machine Reading Comprehension,فهم القراءة الآلية,فهم القراءة الآلي,False,True,False,False,threshold
944,AWGV35294HOYB,Matrix Completion,اكتمال المصفوفة,إكمال المصفوفة,True,False,False,False,threshold
945,A3MDTRJTDIDNX,Krippendorff's α,α لكريبندورف,ألفا كريبندورف,False,False,True,False,threshold
946,A3MDTRJTDIDNX,L2 regularisation,تسوية L2,تنظيم L2,False,False,True,False,threshold
947,A3MDTRJTDIDNX,Local Consistency,الاتساق المحلي,التناسق المحلي,True,False,False,False,threshold
948,A3MDTRJTDIDNX,Machine Reading Comprehension,فهم القراءة الآلية,فهم القراءة الآلي,False,True,False,False,threshold
949,A3MDTRJTDIDNX,Matrix Completion,اكتمال المصفوفة,إكمال المصفوفة,True,False,False,False,threshold
950,A198MZX1B7ZOPY,Monte Carlo estimator,مُقدّر مونت كارلو,مقدر مونت كارلو,False,True,False,False,threshold
951,A198MZX1B7ZOPY,Monte Carlo simulation,محاكاة مونتي كارلو,محاكاة مونت كارلو,True,False,False,False,threshold
952,A198MZX1B7ZOPY,Nearest Neighbor,الجار الأقرب,أقرب جار,False,True,False,False,threshold
953,A198MZX1B7ZOPY,Quality Estimation,تقييم الجودة,تقدير الجودة,True,False,False,False,threshold
954,A198MZX1B7ZOPY,Rademacher complexity,تعقيد راديماخر,تعقيد راديماشر,False,True,False,False,threshold
955,A1U6UPXOFCXR24,Monte Carlo estimator,مُقدّر مونت كارلو,مقدر مونت كارلو,True,False,False,False,threshold
956,A1U6UPXOFCXR24,Monte Carlo simulation,محاكاة مونتي كارلو,محاكاة مونت كارلو,True,False,False,False,threshold
957,A1U6UPXOFCXR24,Nearest Neighbor,الجار الأقرب,أقرب جار,True,False,False,False,threshold
958,A1U6UPXOFCXR24,Quality Estimation,تقييم الجودة,تقدير الجودة,True,False,False,False,threshold
959,A1U6UPXOFCXR24,Rademacher complexity,تعقيد راديماخر,تعقيد راديماشر,False,True,False,False,threshold
960,A39PWDRYNY2WM0,Monte Carlo estimator,مُقدّر مونت كارلو,مقدر مونت كارلو,True,False,False,False,threshold
961,A39PWDRYNY2WM0,Monte Carlo simulation,محاكاة مونتي كارلو,محاكاة مونت كارلو,True,False,False,False,threshold
962,A39PWDRYNY2WM0,Nearest Neighbor,الجار الأقرب,أقرب جار,True,False,False,False,threshold
963,A39PWDRYNY2WM0,Quality Estimation,تقييم الجودة,تقدير الجودة,True,False,False,False,threshold
964,A39PWDRYNY2WM0,Rademacher complexity,تعقيد راديماخر,تعقيد راديماشر,False,True,False,False,threshold
965,A35H5DUMZH86PC,Monte Carlo estimator,مُقدّر مونت كارلو,مقدر مونت كارلو,True,False,False,False,threshold
966,A35H5DUMZH86PC,Monte Carlo simulation,محاكاة مونتي كارلو,محاكاة مونت كارلو,True,False,False,False,threshold
967,A35H5DUMZH86PC,Nearest Neighbor,الجار الأقرب,أقرب جار,True,False,False,False,threshold
968,A35H5DUMZH86PC,Quality Estimation,تقييم الجودة,تقدير الجودة,True,False,False,False,threshold
969,A35H5DUMZH86PC,Rademacher complexity,تعقيد راديماخر,تعقيد راديماشر,False,True,False,False,threshold
970,A11JXYZDAUX0UP,Monte Carlo estimator,مُقدّر مونت كارلو,مقدر مونت كارلو,True,False,False,False,threshold
971,A11JXYZDAUX0UP,Monte Carlo simulation,محاكاة مونتي كارلو,محاكاة مونت كارلو,True,False,False,False,threshold
972,A11JXYZDAUX0UP,Nearest Neighbor,الجار الأقرب,أقرب جار,True,False,False,False,threshold
973,A11JXYZDAUX0UP,Quality Estimation,تقييم الجودة,تقدير الجودة,True,False,False,False,threshold
974,A11JXYZDAUX0UP,Rademacher complexity,تعقيد راديماخر,تعقيد راديماشر,False,True,False,False,threshold
975,A2E2FFMXS9F9KR,Self-Attention,الاهتمام الذاتي,الانتباه الذاتي,False,False,True,False,threshold
976,A2E2FFMXS9F9KR,Structure from motion,البنية من الحركة,الهيكل من الحركة,True,False,False,False,threshold
977,A2E2FFMXS9F9KR,Traveling Salesman Problem,مسألة البائع المتجول,مشكلة البائع المتجول,True,False,False,False,threshold
978,A2E2FFMXS9F9KR,Tucker decomposition,تحليل تاكر,تحليل توكر,True,False,False,False,threshold
979,A2E2FFMXS9F9KR,Vertex Cover,غطاء فيرتكس,تغطية الرؤوس,False,False,True,False,threshold
980,A186ORPGIU3WNL,Self-Attention,الاهتمام الذاتي,الانتباه الذاتي,False,False,True,False,threshold
981,A186ORPGIU3WNL,Structure from motion,البنية من الحركة,الهيكل من الحركة,True,False,False,False,threshold
982,A186ORPGIU3WNL,Traveling Salesman Problem,مسألة البائع المتجول,مشكلة البائع المتجول,True,False,False,False,threshold
983,A186ORPGIU3WNL,Tucker decomposition,تحليل تاكر,تحليل توكر,False,True,False,False,threshold
984,A186ORPGIU3WNL,Vertex Cover,غطاء فيرتكس,تغطية الرؤوس,False,False,True,False,threshold
985,A2DAZGA8XO0RQ6,Self-Attention,الاهتمام الذاتي,الانتباه الذاتي,False,True,False,False,threshold
986,A2DAZGA8XO0RQ6,Structure from motion,البنية من الحركة,الهيكل من الحركة,False,False,True,False,threshold
987,A2DAZGA8XO0RQ6,Traveling Salesman Problem,مسألة البائع المتجول,مشكلة البائع المتجول,False,True,False,False,threshold
988,A2DAZGA8XO0RQ6,Tucker decomposition,تحليل تاكر,تحليل توكر,False,False,True,False,threshold
989,A2DAZGA8XO0RQ6,Vertex Cover,غطاء فيرتكس,تغطية الرؤوس,False,False,True,False,threshold
990,AC4I7XU10MQXK,Self-Attention,الاهتمام الذاتي,الانتباه الذاتي,True,False,False,False,threshold
991,AC4I7XU10MQXK,Structure from motion,البنية من الحركة,الهيكل من الحركة,False,True,False,False,threshold
992,AC4I7XU10MQXK,Traveling Salesman Problem,مسألة البائع المتجول,مشكلة البائع المتجول,True,False,False,False,threshold
993,AC4I7XU10MQXK,Tucker decomposition,تحليل تاكر,تحليل توكر,False,True,False,False,threshold
994,AC4I7XU10MQXK,Vertex Cover,غطاء فيرتكس,تغطية الرؤوس,False,False,True,False,threshold
995,A2C5HSMKN7QDM8,Self-Attention,الاهتمام الذاتي,الانتباه الذاتي,False,False,True,False,threshold
996,A2C5HSMKN7QDM8,Structure from motion,البنية من الحركة,الهيكل من الحركة,True,False,False,False,threshold
997,A2C5HSMKN7QDM8,Traveling Salesman Problem,مسألة البائع المتجول,مشكلة البائع المتجول,True,False,False,False,threshold
998,A2C5HSMKN7QDM8,Tucker decomposition,تحليل تاكر,تحليل توكر,False,True,False,False,threshold
999,A2C5HSMKN7QDM8,Vertex Cover,غطاء فيرتكس,تغطية الرؤوس,False,False,True,False,threshold
1000,AG9MLSV2QCVD4,activation,تفعيل,تنشيط,True,False,False,False,threshold
1001,AG9MLSV2QCVD4,activity detection,اكتشاف النشاط,كشف النشاط,True,False,False,False,threshold
1002,AG9MLSV2QCVD4,aggregate function,دالة تجميعية,دالة تجميع,False,True,False,False,threshold
1003,AG9MLSV2QCVD4,algorithm class,فئة الخوارزمية,فئة الخوارزميات,False,False,True,False,threshold
1004,AG9MLSV2QCVD4,alias table,جدول البدائل,جدول الأسماء المستعارة,True,False,False,False,threshold
1005,A19I2ZK220NTAE,activation,تفعيل,تنشيط,True,False,False,False,threshold
1006,A19I2ZK220NTAE,activity detection,اكتشاف النشاط,كشف النشاط,True,False,False,False,threshold
1007,A19I2ZK220NTAE,aggregate function,دالة تجميعية,دالة تجميع,True,False,False,False,threshold
1008,A19I2ZK220NTAE,algorithm class,فئة الخوارزمية,فئة الخوارزميات,False,False,True,False,threshold
1009,A19I2ZK220NTAE,alias table,جدول البدائل,جدول الأسماء المستعارة,False,True,False,False,threshold
1010,A38SYZRVLTMOFG,activation,تفعيل,تنشيط,True,False,False,False,threshold
1011,A38SYZRVLTMOFG,activity detection,اكتشاف النشاط,كشف النشاط,True,False,False,False,threshold
1012,A38SYZRVLTMOFG,aggregate function,دالة تجميعية,دالة تجميع,True,False,False,False,threshold
1013,A38SYZRVLTMOFG,algorithm class,فئة الخوارزمية,فئة الخوارزميات,False,False,True,False,threshold
1014,A38SYZRVLTMOFG,alias table,جدول البدائل,جدول الأسماء المستعارة,False,False,True,False,threshold
1015,A1L8EGJ85A7DZR,activation,تفعيل,تنشيط,True,False,False,False,threshold
1016,A1L8EGJ85A7DZR,activity detection,اكتشاف النشاط,كشف النشاط,True,False,False,False,threshold
1017,A1L8EGJ85A7DZR,aggregate function,دالة تجميعية,دالة تجميع,False,True,False,False,threshold
1018,A1L8EGJ85A7DZR,algorithm class,فئة الخوارزمية,فئة الخوارزميات,False,False,True,False,threshold
1019,A1L8EGJ85A7DZR,alias table,جدول البدائل,جدول الأسماء المستعارة,True,False,False,False,threshold
1020,A2DAZGA8XO0RQ6,activation,تفعيل,تنشيط,False,True,False,False,threshold
1021,A2DAZGA8XO0RQ6,activity detection,اكتشاف النشاط,كشف النشاط,False,False,True,False,threshold
1022,A2DAZGA8XO0RQ6,aggregate function,دالة تجميعية,دالة تجميع,False,False,False,True,threshold
1023,A2DAZGA8XO0RQ6,algorithm class,فئة الخوارزمية,فئة الخوارزميات,False,False,True,False,threshold
1024,A2DAZGA8XO0RQ6,alias table,جدول البدائل,جدول الأسماء المستعارة,False,True,False,False,threshold
1025,A11BQAB549UAEG,apprenticeship learning,التعلم بالتلمذة,تعلم التلمذة,False,True,False,False,threshold
1026,A11BQAB549UAEG,architecture,معمارية,بنية,False,False,True,False,threshold
1027,A11BQAB549UAEG,attention-based model,النموذج القائم على الانتباه,نموذج قائم على الانتباه,False,True,False,False,threshold
1028,A11BQAB549UAEG,bag-of-word,حقيبة كلمات,حقيبة الكلمات,False,False,True,False,threshold
1029,A11BQAB549UAEG,bart-large,بارت-لارج,بارت-كبير,True,False,False,False,threshold
1030,ASVJ75M0TNT6Z,apprenticeship learning,التعلم بالتلمذة,تعلم التلمذة,False,True,False,False,threshold
1031,ASVJ75M0TNT6Z,architecture,معمارية,بنية,False,False,False,True,threshold
1032,ASVJ75M0TNT6Z,attention-based model,النموذج القائم على الانتباه,نموذج قائم على الانتباه,False,True,False,False,threshold
1033,ASVJ75M0TNT6Z,bag-of-word,حقيبة كلمات,حقيبة الكلمات,False,False,False,True,threshold
1034,ASVJ75M0TNT6Z,bart-large,بارت-لارج,بارت-كبير,True,False,False,False,threshold
1035,A2E2FFMXS9F9KR,apprenticeship learning,التعلم بالتلمذة,تعلم التلمذة,False,True,False,False,threshold
1036,A2E2FFMXS9F9KR,architecture,معمارية,بنية,True,False,False,False,threshold
1037,A2E2FFMXS9F9KR,attention-based model,النموذج القائم على الانتباه,نموذج قائم على الانتباه,True,False,False,False,threshold
1038,A2E2FFMXS9F9KR,bag-of-word,حقيبة كلمات,حقيبة الكلمات,False,True,False,False,threshold
1039,A2E2FFMXS9F9KR,bart-large,بارت-لارج,بارت-كبير,True,False,False,False,threshold
1040,A2GJB7TBZM91Z4,apprenticeship learning,التعلم بالتلمذة,تعلم التلمذة,True,False,False,False,threshold
1041,A2GJB7TBZM91Z4,architecture,معمارية,بنية,True,False,False,False,threshold
1042,A2GJB7TBZM91Z4,attention-based model,النموذج القائم على الانتباه,نموذج قائم على الانتباه,True,False,False,False,threshold
1043,A2GJB7TBZM91Z4,bag-of-word,حقيبة كلمات,حقيبة الكلمات,False,False,True,False,threshold
1044,A2GJB7TBZM91Z4,bart-large,بارت-لارج,بارت-كبير,False,True,False,False,threshold
1045,A11JXYZDAUX0UP,apprenticeship learning,التعلم بالتلمذة,تعلم التلمذة,False,True,False,False,threshold
1046,A11JXYZDAUX0UP,architecture,معمارية,بنية,True,False,False,False,threshold
1047,A11JXYZDAUX0UP,attention-based model,النموذج القائم على الانتباه,نموذج قائم على الانتباه,True,False,False,False,threshold
1048,A11JXYZDAUX0UP,bag-of-word,حقيبة كلمات,حقيبة الكلمات,False,False,True,False,threshold
1049,A11JXYZDAUX0UP,bart-large,بارت-لارج,بارت-كبير,True,False,False,False,threshold
1050,A198MZX1B7ZOPY,beam search algorithm,خوارزمية البحث بالشعاع,خوارزمية البحث الشعاعي,True,False,False,False,threshold
1051,A198MZX1B7ZOPY,benchmark dataset,مجموعة البيانات المرجعية,مجموعة بيانات مرجعية,False,True,False,False,threshold
1052,A198MZX1B7ZOPY,bidirectional search,البحث ثنائي الاتجاه,البحث الثنائي الاتجاه,True,False,False,False,threshold
1053,A198MZX1B7ZOPY,binary classification,التصنيف الثنائي,تصنيف ثنائي,False,True,False,False,threshold
1054,A198MZX1B7ZOPY,binary vector,المتجه الثنائي,متجه ثنائي,True,False,False,False,threshold
1055,A2IFN9328HNXWC,beam search algorithm,خوارزمية البحث بالشعاع,خوارزمية البحث الشعاعي,True,False,False,False,threshold
1056,A2IFN9328HNXWC,benchmark dataset,مجموعة البيانات المرجعية,مجموعة بيانات مرجعية,True,False,False,False,threshold
1057,A2IFN9328HNXWC,bidirectional search,البحث ثنائي الاتجاه,البحث الثنائي الاتجاه,True,False,False,False,threshold
1058,A2IFN9328HNXWC,binary classification,التصنيف الثنائي,تصنيف ثنائي,True,False,False,False,threshold
1059,A2IFN9328HNXWC,binary vector,المتجه الثنائي,متجه ثنائي,True,False,False,False,threshold
1060,AC4I7XU10MQXK,beam search algorithm,خوارزمية البحث بالشعاع,خوارزمية البحث الشعاعي,True,False,False,False,threshold
1061,AC4I7XU10MQXK,benchmark dataset,مجموعة البيانات المرجعية,مجموعة بيانات مرجعية,True,False,False,False,threshold
1062,AC4I7XU10MQXK,bidirectional search,البحث ثنائي الاتجاه,البحث الثنائي الاتجاه,True,False,False,False,threshold
1063,AC4I7XU10MQXK,binary classification,التصنيف الثنائي,تصنيف ثنائي,True,False,False,False,threshold
1064,AC4I7XU10MQXK,binary vector,المتجه الثنائي,متجه ثنائي,True,False,False,False,threshold
1065,A3OAFR48DADAOM,beam search algorithm,خوارزمية البحث بالشعاع,خوارزمية البحث الشعاعي,True,False,False,False,threshold
1066,A3OAFR48DADAOM,benchmark dataset,مجموعة البيانات المرجعية,مجموعة بيانات مرجعية,True,False,False,False,threshold
1067,A3OAFR48DADAOM,bidirectional search,البحث ثنائي الاتجاه,البحث الثنائي الاتجاه,True,False,False,False,threshold
1068,A3OAFR48DADAOM,binary classification,التصنيف الثنائي,تصنيف ثنائي,True,False,False,False,threshold
1069,A3OAFR48DADAOM,binary vector,المتجه الثنائي,متجه ثنائي,True,False,False,False,threshold
1070,A2GJB7TBZM91Z4,beam search algorithm,خوارزمية البحث بالشعاع,خوارزمية البحث الشعاعي,False,True,False,False,threshold
1071,A2GJB7TBZM91Z4,benchmark dataset,مجموعة البيانات المرجعية,مجموعة بيانات مرجعية,True,False,False,False,threshold
1072,A2GJB7TBZM91Z4,bidirectional search,البحث ثنائي الاتجاه,البحث الثنائي الاتجاه,True,False,False,False,threshold
1073,A2GJB7TBZM91Z4,binary classification,التصنيف الثنائي,تصنيف ثنائي,True,False,False,False,threshold
1074,A2GJB7TBZM91Z4,binary vector,المتجه الثنائي,متجه ثنائي,True,False,False,False,threshold
1075,A1XD6THGBT1T9T,bootstrap learning,تعلم البوتستراب,تعلم التمهيد,True,False,False,False,threshold
1076,A1XD6THGBT1T9T,camera parameter,معلمات الكاميرا,معامل الكاميرا,True,False,False,False,threshold
1077,A1XD6THGBT1T9T,capsule network,شبكة الكبسولات,شبكة الكبسولة,False,True,False,False,threshold
1078,A1XD6THGBT1T9T,causal language model,نموذج اللغة السببية,نموذج اللغة السببي,True,False,False,False,threshold
1079,A1XD6THGBT1T9T,causal theory,النظرية السببية,نظرية السببية,True,False,False,False,threshold
1080,A2GJB7TBZM91Z4,bootstrap learning,تعلم البوتستراب,تعلم التمهيد,True,False,False,False,threshold
1081,A2GJB7TBZM91Z4,camera parameter,معلمات الكاميرا,معامل الكاميرا,False,True,False,False,threshold
1082,A2GJB7TBZM91Z4,capsule network,شبكة الكبسولات,شبكة الكبسولة,False,True,False,False,threshold
1083,A2GJB7TBZM91Z4,causal language model,نموذج اللغة السببية,نموذج اللغة السببي,True,False,False,False,threshold
1084,A2GJB7TBZM91Z4,causal theory,النظرية السببية,نظرية السببية,True,False,False,False,threshold
1085,A251BWQW2F81FT,bootstrap learning,تعلم البوتستراب,تعلم التمهيد,False,True,False,False,threshold
1086,A251BWQW2F81FT,camera parameter,معلمات الكاميرا,معامل الكاميرا,True,False,False,False,threshold
1087,A251BWQW2F81FT,capsule network,شبكة الكبسولات,شبكة الكبسولة,False,True,False,False,threshold
1088,A251BWQW2F81FT,causal language model,نموذج اللغة السببية,نموذج اللغة السببي,True,False,False,False,threshold
1089,A251BWQW2F81FT,causal theory,النظرية السببية,نظرية السببية,True,False,False,False,threshold
1090,A3QIWEQXAGMGD,bootstrap learning,تعلم البوتستراب,تعلم التمهيد,False,True,False,False,threshold
1091,A3QIWEQXAGMGD,camera parameter,معلمات الكاميرا,معامل الكاميرا,True,False,False,False,threshold
1092,A3QIWEQXAGMGD,capsule network,شبكة الكبسولات,شبكة الكبسولة,False,True,False,False,threshold
1093,A3QIWEQXAGMGD,causal language model,نموذج اللغة السببية,نموذج اللغة السببي,True,False,False,False,threshold
1094,A3QIWEQXAGMGD,causal theory,النظرية السببية,نظرية السببية,True,False,False,False,threshold
1095,A2DAZGA8XO0RQ6,bootstrap learning,تعلم البوتستراب,تعلم التمهيد,True,False,False,False,threshold
1096,A2DAZGA8XO0RQ6,camera parameter,معلمات الكاميرا,معامل الكاميرا,False,True,False,False,threshold
1097,A2DAZGA8XO0RQ6,capsule network,شبكة الكبسولات,شبكة الكبسولة,False,False,True,False,threshold
1098,A2DAZGA8XO0RQ6,causal language model,نموذج اللغة السببية,نموذج اللغة السببي,False,False,True,False,threshold
1099,A2DAZGA8XO0RQ6,causal theory,النظرية السببية,نظرية السببية,False,True,False,False,threshold
1100,A2987PX0SS9IX2,chart parser,محلل المخطط,محلل الرسم البياني,False,False,False,False,threshold
1101,A2987PX0SS9IX2,chart parsing,تحليل المخططات,تحليل الرسم البياني,False,False,False,False,threshold
1102,A2987PX0SS9IX2,closed-world,عالم مغلق,العالم المغلق,True,False,False,False,threshold
1103,A2987PX0SS9IX2,codebook,كتاب الشيفرات,كتاب الرموز,True,False,False,False,threshold
1104,A2987PX0SS9IX2,concept assertion,إثبات المفهوم,تأكيد المفهوم,False,True,False,False,threshold
1105,A38SYZRVLTMOFG,chart parser,محلل المخطط,محلل الرسم البياني,False,True,False,False,threshold
1106,A38SYZRVLTMOFG,chart parsing,تحليل المخططات,تحليل الرسم البياني,True,False,False,False,threshold
1107,A38SYZRVLTMOFG,closed-world,عالم مغلق,العالم المغلق,True,False,False,False,threshold
1108,A38SYZRVLTMOFG,codebook,كتاب الشيفرات,كتاب الرموز,False,True,False,False,threshold
1109,A38SYZRVLTMOFG,concept assertion,إثبات المفهوم,تأكيد المفهوم,True,False,False,False,threshold
1110,A2D6SB3TU1NYQ7,chart parser,محلل المخطط,محلل الرسم البياني,False,True,False,False,threshold
1111,A2D6SB3TU1NYQ7,chart parsing,تحليل المخططات,تحليل الرسم البياني,False,True,False,False,threshold
1112,A2D6SB3TU1NYQ7,closed-world,عالم مغلق,العالم المغلق,True,False,False,False,threshold
1113,A2D6SB3TU1NYQ7,codebook,كتاب الشيفرات,كتاب الرموز,False,True,False,False,threshold
1114,A2D6SB3TU1NYQ7,concept assertion,إثبات المفهوم,تأكيد المفهوم,False,False,True,False,threshold
1115,AC4I7XU10MQXK,chart parser,محلل المخطط,محلل الرسم البياني,False,True,False,False,threshold
1116,AC4I7XU10MQXK,chart parsing,تحليل المخططات,تحليل الرسم البياني,False,False,True,False,threshold
1117,AC4I7XU10MQXK,closed-world,عالم مغلق,العالم المغلق,True,False,False,False,threshold
1118,AC4I7XU10MQXK,codebook,كتاب الشيفرات,كتاب الرموز,False,True,False,False,threshold
1119,AC4I7XU10MQXK,concept assertion,إثبات المفهوم,تأكيد المفهوم,True,False,False,False,threshold
1120,A3AHE81HVRXFCD,chart parser,محلل المخطط,محلل الرسم البياني,False,False,True,False,threshold
1121,A3AHE81HVRXFCD,chart parsing,تحليل المخططات,تحليل الرسم البياني,False,False,True,False,threshold
1122,A3AHE81HVRXFCD,closed-world,عالم مغلق,العالم المغلق,True,False,False,False,threshold
1123,A3AHE81HVRXFCD,codebook,كتاب الشيفرات,كتاب الرموز,False,True,False,False,threshold
1124,A3AHE81HVRXFCD,concept assertion,إثبات المفهوم,تأكيد المفهوم,False,True,False,False,threshold
1125,A158IFJD0BERSB,conditional probability distribution,التوزيع الاحتمالي المشروط,توزيع الاحتمال الشرطي,False,True,False,False,threshold
1126,A158IFJD0BERSB,conditional text generation,توليد النص المشروط,توليد النص الشرطي,False,False,False,True,threshold
1127,A158IFJD0BERSB,confidence interval,فاصل الثقة,فترة الثقة,True,False,False,False,threshold
1128,A158IFJD0BERSB,constituent parsing,التحليل التأسيسي,تحليل المكونات,False,False,True,False,threshold
1129,A158IFJD0BERSB,contingency table,جدول التداخل,جدول الطوارئ,False,True,False,False,threshold
1130,A9M8N3BOH6013,conditional probability distribution,التوزيع الاحتمالي المشروط,توزيع الاحتمال الشرطي,True,False,False,False,threshold
1131,A9M8N3BOH6013,conditional text generation,توليد النص المشروط,توليد النص الشرطي,True,False,False,False,threshold
1132,A9M8N3BOH6013,confidence interval,فاصل الثقة,فترة الثقة,True,False,False,False,threshold
1133,A9M8N3BOH6013,constituent parsing,التحليل التأسيسي,تحليل المكونات,False,False,True,False,threshold
1134,A9M8N3BOH6013,contingency table,جدول التداخل,جدول الطوارئ,False,False,False,True,threshold
1135,A3AHE81HVRXFCD,conditional probability distribution,التوزيع الاحتمالي المشروط,توزيع الاحتمال الشرطي,True,False,False,False,threshold
1136,A3AHE81HVRXFCD,conditional text generation,توليد النص المشروط,توليد النص الشرطي,True,False,False,False,threshold
1137,A3AHE81HVRXFCD,confidence interval,فاصل الثقة,فترة الثقة,True,False,False,False,threshold
1138,A3AHE81HVRXFCD,constituent parsing,التحليل التأسيسي,تحليل المكونات,False,False,True,False,threshold
1139,A3AHE81HVRXFCD,contingency table,جدول التداخل,جدول الطوارئ,False,False,False,True,threshold
1140,A2IFN9328HNXWC,conditional probability distribution,التوزيع الاحتمالي المشروط,توزيع الاحتمال الشرطي,True,False,False,False,threshold
1141,A2IFN9328HNXWC,conditional text generation,توليد النص المشروط,توليد النص الشرطي,True,False,False,False,threshold
1142,A2IFN9328HNXWC,confidence interval,فاصل الثقة,فترة الثقة,True,False,False,False,threshold
1143,A2IFN9328HNXWC,constituent parsing,التحليل التأسيسي,تحليل المكونات,False,False,True,False,threshold
1144,A2IFN9328HNXWC,contingency table,جدول التداخل,جدول الطوارئ,False,False,False,True,threshold
1145,A3SC8IBRLEFRUP,conditional probability distribution,التوزيع الاحتمالي المشروط,توزيع الاحتمال الشرطي,True,False,False,False,threshold
1146,A3SC8IBRLEFRUP,conditional text generation,توليد النص المشروط,توليد النص الشرطي,False,True,False,False,threshold
1147,A3SC8IBRLEFRUP,confidence interval,فاصل الثقة,فترة الثقة,False,True,False,False,threshold
1148,A3SC8IBRLEFRUP,constituent parsing,التحليل التأسيسي,تحليل المكونات,False,False,False,True,threshold
1149,A3SC8IBRLEFRUP,contingency table,جدول التداخل,جدول الطوارئ,False,False,True,False,threshold
1150,A1XD6THGBT1T9T,conversation history,تاريخ المحادثة,سجل المحادثة,True,False,False,False,threshold
1151,A1XD6THGBT1T9T,conversational dialogue system,نظام الحوار التحادثي,نظام حوار محادثة,False,True,False,False,threshold
1152,A1XD6THGBT1T9T,convolution neural network,الشبكة العصبية التلافيفية,شبكة الالتفاف العصبية,True,False,False,False,threshold
1153,A1XD6THGBT1T9T,convolutional layer,طبقة تلافيفية,طبقة التلافيف,True,False,False,False,threshold
1154,A1XD6THGBT1T9T,convolutional network,شبكة تلافيفية,شبكة التلافيف,True,False,False,False,threshold
1155,A11JXYZDAUX0UP,conversation history,تاريخ المحادثة,سجل المحادثة,True,False,False,False,threshold
1156,A11JXYZDAUX0UP,conversational dialogue system,نظام الحوار التحادثي,نظام حوار محادثة,True,False,False,False,threshold
1157,A11JXYZDAUX0UP,convolution neural network,الشبكة العصبية التلافيفية,شبكة الالتفاف العصبية,True,False,False,False,threshold
1158,A11JXYZDAUX0UP,convolutional layer,طبقة تلافيفية,طبقة التلافيف,True,False,False,False,threshold
1159,A11JXYZDAUX0UP,convolutional network,شبكة تلافيفية,شبكة التلافيف,True,False,False,False,threshold
1160,A3OAFR48DADAOM,conversation history,تاريخ المحادثة,سجل المحادثة,True,False,False,False,threshold
1161,A3OAFR48DADAOM,conversational dialogue system,نظام الحوار التحادثي,نظام حوار محادثة,True,False,False,False,threshold
1162,A3OAFR48DADAOM,convolution neural network,الشبكة العصبية التلافيفية,شبكة الالتفاف العصبية,True,False,False,False,threshold
1163,A3OAFR48DADAOM,convolutional layer,طبقة تلافيفية,طبقة التلافيف,True,False,False,False,threshold
1164,A3OAFR48DADAOM,convolutional network,شبكة تلافيفية,شبكة التلافيف,True,False,False,False,threshold
1165,A2C5HSMKN7QDM8,conversation history,تاريخ المحادثة,سجل المحادثة,True,False,False,False,threshold
1166,A2C5HSMKN7QDM8,conversational dialogue system,نظام الحوار التحادثي,نظام حوار محادثة,False,True,False,False,threshold
1167,A2C5HSMKN7QDM8,convolution neural network,الشبكة العصبية التلافيفية,شبكة الالتفاف العصبية,False,True,False,False,threshold
1168,A2C5HSMKN7QDM8,convolutional layer,طبقة تلافيفية,طبقة التلافيف,False,True,False,False,threshold
1169,A2C5HSMKN7QDM8,convolutional network,شبكة تلافيفية,شبكة التلافيف,False,True,False,False,threshold
1170,AWULBUF1OMXQ5,conversation history,تاريخ المحادثة,سجل المحادثة,False,False,True,False,threshold
1171,AWULBUF1OMXQ5,conversational dialogue system,نظام الحوار التحادثي,نظام حوار محادثة,False,False,False,True,threshold
1172,AWULBUF1OMXQ5,convolution neural network,الشبكة العصبية التلافيفية,شبكة الالتفاف العصبية,False,False,True,False,threshold
1173,AWULBUF1OMXQ5,convolutional layer,طبقة تلافيفية,طبقة التلافيف,False,False,False,True,threshold
1174,AWULBUF1OMXQ5,convolutional network,شبكة تلافيفية,شبكة التلافيف,False,False,True,False,threshold
1175,A11BQAB549UAEG,convolutional representation,التمثيل التلافيفي,تمثيل تلافيفي,False,True,False,False,threshold
1176,A11BQAB549UAEG,cost-sensitive learning,التعلم الحسّاس للتكلفة,التعلم الحساس للتكلفة,False,False,False,True,threshold
1177,A11BQAB549UAEG,covariance structure,بنية التغاير,هيكل التباين,False,True,False,False,threshold
1178,A11BQAB549UAEG,cycle consistency,تناسق الدورة,اتساق الدورة,True,False,False,False,threshold
1179,A11BQAB549UAEG,data structure,هيكل البيانات,بنية البيانات,False,True,False,False,threshold
1180,A1M151WPTX57PC,convolutional representation,التمثيل التلافيفي,تمثيل تلافيفي,False,True,False,False,threshold
1181,A1M151WPTX57PC,cost-sensitive learning,التعلم الحسّاس للتكلفة,التعلم الحساس للتكلفة,False,True,False,False,threshold
1182,A1M151WPTX57PC,covariance structure,بنية التغاير,هيكل التباين,False,True,False,False,threshold
1183,A1M151WPTX57PC,cycle consistency,تناسق الدورة,اتساق الدورة,False,False,True,False,threshold
1184,A1M151WPTX57PC,data structure,هيكل البيانات,بنية البيانات,True,False,False,False,threshold
1185,A2744LPDY86TJO,convolutional representation,التمثيل التلافيفي,تمثيل تلافيفي,True,False,False,False,threshold
1186,A2744LPDY86TJO,cost-sensitive learning,التعلم الحسّاس للتكلفة,التعلم الحساس للتكلفة,True,False,False,False,threshold
1187,A2744LPDY86TJO,covariance structure,بنية التغاير,هيكل التباين,False,True,False,False,threshold
1188,A2744LPDY86TJO,cycle consistency,تناسق الدورة,اتساق الدورة,False,True,False,False,threshold
1189,A2744LPDY86TJO,data structure,هيكل البيانات,بنية البيانات,True,False,False,False,threshold
1190,A1XD6THGBT1T9T,convolutional representation,التمثيل التلافيفي,تمثيل تلافيفي,True,False,False,False,threshold
1191,A1XD6THGBT1T9T,cost-sensitive learning,التعلم الحسّاس للتكلفة,التعلم الحساس للتكلفة,True,False,False,False,threshold
1192,A1XD6THGBT1T9T,covariance structure,بنية التغاير,هيكل التباين,True,False,False,False,threshold
1193,A1XD6THGBT1T9T,cycle consistency,تناسق الدورة,اتساق الدورة,False,False,True,False,threshold
1194,A1XD6THGBT1T9T,data structure,هيكل البيانات,بنية البيانات,True,False,False,False,threshold
1195,A3IG9HHR3NL9R0,convolutional representation,التمثيل التلافيفي,تمثيل تلافيفي,True,False,False,False,threshold
1196,A3IG9HHR3NL9R0,cost-sensitive learning,التعلم الحسّاس للتكلفة,التعلم الحساس للتكلفة,True,False,False,False,threshold
1197,A3IG9HHR3NL9R0,covariance structure,بنية التغاير,هيكل التباين,False,True,False,False,threshold
1198,A3IG9HHR3NL9R0,cycle consistency,تناسق الدورة,اتساق الدورة,True,False,False,False,threshold
1199,A3IG9HHR3NL9R0,data structure,هيكل البيانات,بنية البيانات,True,False,False,False,threshold
1200,A1G4DX33KADZA3,datum bias,تحيز مسند,تحيز البيانات,False,False,True,False,threshold
1201,A1G4DX33KADZA3,datum mining algorithm,خوارزمية تنقيب البيانات,خوارزمية استخراج البيانات,False,False,False,True,threshold
1202,A1G4DX33KADZA3,decoding algorithm,خوارزمية فك الترميز,خوارزمية فك التشفير,False,False,False,True,threshold
1203,A1G4DX33KADZA3,decoding step,خطوة فك الترميز,خطوة فك التشفير,False,False,False,True,threshold
1204,A1G4DX33KADZA3,decomposition,التحلل,تحليل,False,True,False,False,threshold
1205,A1XD6THGBT1T9T,datum bias,تحيز مسند,تحيز البيانات,False,False,True,False,threshold
1206,A1XD6THGBT1T9T,datum mining algorithm,خوارزمية تنقيب البيانات,خوارزمية استخراج البيانات,True,False,False,False,threshold
1207,A1XD6THGBT1T9T,decoding algorithm,خوارزمية فك الترميز,خوارزمية فك التشفير,False,False,True,False,threshold
1208,A1XD6THGBT1T9T,decoding step,خطوة فك الترميز,خطوة فك التشفير,False,False,True,False,threshold
1209,A1XD6THGBT1T9T,decomposition,التحلل,تحليل,True,False,False,False,threshold
1210,A2E2FFMXS9F9KR,datum bias,تحيز مسند,تحيز البيانات,False,False,True,False,threshold
1211,A2E2FFMXS9F9KR,datum mining algorithm,خوارزمية تنقيب البيانات,خوارزمية استخراج البيانات,True,False,False,False,threshold
1212,A2E2FFMXS9F9KR,decoding algorithm,خوارزمية فك الترميز,خوارزمية فك التشفير,False,True,False,False,threshold
1213,A2E2FFMXS9F9KR,decoding step,خطوة فك الترميز,خطوة فك التشفير,False,True,False,False,threshold
1214,A2E2FFMXS9F9KR,decomposition,التحلل,تحليل,False,False,True,False,threshold
1215,A186ORPGIU3WNL,datum bias,تحيز مسند,تحيز البيانات,False,False,True,False,threshold
1216,A186ORPGIU3WNL,datum mining algorithm,خوارزمية تنقيب البيانات,خوارزمية استخراج البيانات,True,False,False,False,threshold
1217,A186ORPGIU3WNL,decoding algorithm,خوارزمية فك الترميز,خوارزمية فك التشفير,False,False,True,False,threshold
1218,A186ORPGIU3WNL,decoding step,خطوة فك الترميز,خطوة فك التشفير,False,False,True,False,threshold
1219,A186ORPGIU3WNL,decomposition,التحلل,تحليل,False,True,False,False,threshold
1220,A9M8N3BOH6013,datum bias,تحيز مسند,تحيز البيانات,False,False,True,False,threshold
1221,A9M8N3BOH6013,datum mining algorithm,خوارزمية تنقيب البيانات,خوارزمية استخراج البيانات,True,False,False,False,threshold
1222,A9M8N3BOH6013,decoding algorithm,خوارزمية فك الترميز,خوارزمية فك التشفير,False,True,False,False,threshold
1223,A9M8N3BOH6013,decoding step,خطوة فك الترميز,خطوة فك التشفير,False,True,False,False,threshold
1224,A9M8N3BOH6013,decomposition,التحلل,تحليل,False,False,True,False,threshold
1225,A1G4DX33KADZA3,deep network architecture,بنية شبكة عميقة,بنية الشبكة العميقة,False,False,True,False,threshold
1226,A1G4DX33KADZA3,degree distribution,توزيع الدرجات,توزيع الدرجة,False,False,True,False,threshold
1227,A1G4DX33KADZA3,denoising objective,هدف إزالة الضجيج,هدف إزالة الضوضاء,False,False,True,False,threshold
1228,A1G4DX33KADZA3,dependency parser,محلل التبعيات,محلل التبعية,False,True,False,False,threshold
1229,A1G4DX33KADZA3,dependency tree,شجرة التبعية,شجرة الاعتماد,False,False,True,False,threshold
1230,A9M8N3BOH6013,deep network architecture,بنية شبكة عميقة,بنية الشبكة العميقة,True,False,False,False,threshold
1231,A9M8N3BOH6013,degree distribution,توزيع الدرجات,توزيع الدرجة,False,True,False,False,threshold
1232,A9M8N3BOH6013,denoising objective,هدف إزالة الضجيج,هدف إزالة الضوضاء,False,True,False,False,threshold
1233,A9M8N3BOH6013,dependency parser,محلل التبعيات,محلل التبعية,True,False,False,False,threshold
1234,A9M8N3BOH6013,dependency tree,شجرة التبعية,شجرة الاعتماد,False,True,False,False,threshold
1235,A3AHE81HVRXFCD,deep network architecture,بنية شبكة عميقة,بنية الشبكة العميقة,True,False,False,False,threshold
1236,A3AHE81HVRXFCD,degree distribution,توزيع الدرجات,توزيع الدرجة,False,True,False,False,threshold
1237,A3AHE81HVRXFCD,denoising objective,هدف إزالة الضجيج,هدف إزالة الضوضاء,True,False,False,False,threshold
1238,A3AHE81HVRXFCD,dependency parser,محلل التبعيات,محلل التبعية,True,False,False,False,threshold
1239,A3AHE81HVRXFCD,dependency tree,شجرة التبعية,شجرة الاعتماد,False,True,False,False,threshold
1240,A38SYZRVLTMOFG,deep network architecture,بنية شبكة عميقة,بنية الشبكة العميقة,True,False,False,False,threshold
1241,A38SYZRVLTMOFG,degree distribution,توزيع الدرجات,توزيع الدرجة,False,True,False,False,threshold
1242,A38SYZRVLTMOFG,denoising objective,هدف إزالة الضجيج,هدف إزالة الضوضاء,False,True,False,False,threshold
1243,A38SYZRVLTMOFG,dependency parser,محلل التبعيات,محلل التبعية,True,False,False,False,threshold
1244,A38SYZRVLTMOFG,dependency tree,شجرة التبعية,شجرة الاعتماد,True,False,False,False,threshold
1245,A3EKM55NFX1H6B,deep network architecture,بنية شبكة عميقة,بنية الشبكة العميقة,True,False,False,False,threshold
1246,A3EKM55NFX1H6B,degree distribution,توزيع الدرجات,توزيع الدرجة,False,True,False,False,threshold
1247,A3EKM55NFX1H6B,denoising objective,هدف إزالة الضجيج,هدف إزالة الضوضاء,True,False,False,False,threshold
1248,A3EKM55NFX1H6B,dependency parser,محلل التبعيات,محلل التبعية,True,False,False,False,threshold
1249,A3EKM55NFX1H6B,dependency tree,شجرة التبعية,شجرة الاعتماد,False,True,False,False,threshold
1250,A2D6SB3TU1NYQ7,depth estimator,مُقدّر العمق,مقدر العمق,True,False,False,False,threshold
1251,A2D6SB3TU1NYQ7,detector,الكاشف,كاشف,True,False,False,False,threshold
1252,A2D6SB3TU1NYQ7,diagonal matrix,المصفوفة القطرية,مصفوفة قطرية,True,False,False,False,threshold
1253,A2D6SB3TU1NYQ7,dimensional vector,متجه ذو أبعاد,متجه الأبعاد,False,True,False,False,threshold
1254,A2D6SB3TU1NYQ7,dimensionality,عدد الأبعاد,الأبعاد,True,False,False,False,threshold
1255,AS0K8SAHI5SQD,depth estimator,مُقدّر العمق,مقدر العمق,True,False,False,False,threshold
1256,AS0K8SAHI5SQD,detector,الكاشف,كاشف,True,False,False,False,threshold
1257,AS0K8SAHI5SQD,diagonal matrix,المصفوفة القطرية,مصفوفة قطرية,True,False,False,False,threshold
1258,AS0K8SAHI5SQD,dimensional vector,متجه ذو أبعاد,متجه الأبعاد,False,True,False,False,threshold
1259,AS0K8SAHI5SQD,dimensionality,عدد الأبعاد,الأبعاد,True,False,False,False,threshold
1260,A2FXDEKCCUT9OJ,depth estimator,مُقدّر العمق,مقدر العمق,True,False,False,False,threshold
1261,A2FXDEKCCUT9OJ,detector,الكاشف,كاشف,True,False,False,False,threshold
1262,A2FXDEKCCUT9OJ,diagonal matrix,المصفوفة القطرية,مصفوفة قطرية,True,False,False,False,threshold
1263,A2FXDEKCCUT9OJ,dimensional vector,متجه ذو أبعاد,متجه الأبعاد,False,True,False,False,threshold
1264,A2FXDEKCCUT9OJ,dimensionality,عدد الأبعاد,الأبعاد,False,True,False,False,threshold
1265,A3MDTRJTDIDNX,depth estimator,مُقدّر العمق,مقدر العمق,True,False,False,False,threshold
1266,A3MDTRJTDIDNX,detector,الكاشف,كاشف,True,False,False,False,threshold
1267,A3MDTRJTDIDNX,diagonal matrix,المصفوفة القطرية,مصفوفة قطرية,True,False,False,False,threshold
1268,A3MDTRJTDIDNX,dimensional vector,متجه ذو أبعاد,متجه الأبعاد,False,True,False,False,threshold
1269,A3MDTRJTDIDNX,dimensionality,عدد الأبعاد,الأبعاد,False,True,False,False,threshold
1270,A11JXYZDAUX0UP,depth estimator,مُقدّر العمق,مقدر العمق,True,False,False,False,threshold
1271,A11JXYZDAUX0UP,detector,الكاشف,كاشف,True,False,False,False,threshold
1272,A11JXYZDAUX0UP,diagonal matrix,المصفوفة القطرية,مصفوفة قطرية,True,False,False,False,threshold
1273,A11JXYZDAUX0UP,dimensional vector,متجه ذو أبعاد,متجه الأبعاد,False,True,False,False,threshold
1274,A11JXYZDAUX0UP,dimensionality,عدد الأبعاد,الأبعاد,True,False,False,False,threshold
1275,A9M8N3BOH6013,directed tree,شجرة موجهة,الشجرة الموجهة,True,False,False,False,threshold
1276,A9M8N3BOH6013,discriminant analysis,التحليل التمييزي,تحليل التمييز,False,True,False,False,threshold
1277,A9M8N3BOH6013,discriminative model,نموذج تمييزي,النموذج التمييزي,True,False,False,False,threshold
1278,A9M8N3BOH6013,distance measure,قياس المسافة,مقياس المسافة,True,False,False,False,threshold
1279,A9M8N3BOH6013,distance metric,متري المسافة,مقياس المسافة,False,False,True,False,threshold
1280,A2D6SB3TU1NYQ7,directed tree,شجرة موجهة,الشجرة الموجهة,True,False,False,False,threshold
1281,A2D6SB3TU1NYQ7,discriminant analysis,التحليل التمييزي,تحليل التمييز,True,False,False,False,threshold
1282,A2D6SB3TU1NYQ7,discriminative model,نموذج تمييزي,النموذج التمييزي,True,False,False,False,threshold
1283,A2D6SB3TU1NYQ7,distance measure,قياس المسافة,مقياس المسافة,True,False,False,False,threshold
1284,A2D6SB3TU1NYQ7,distance metric,متري المسافة,مقياس المسافة,False,False,True,False,threshold
1285,A30IGMGSC7G2HM,directed tree,شجرة موجهة,الشجرة الموجهة,True,False,False,False,threshold
1286,A30IGMGSC7G2HM,discriminant analysis,التحليل التمييزي,تحليل التمييز,False,True,False,False,threshold
1287,A30IGMGSC7G2HM,discriminative model,نموذج تمييزي,النموذج التمييزي,True,False,False,False,threshold
1288,A30IGMGSC7G2HM,distance measure,قياس المسافة,مقياس المسافة,True,False,False,False,threshold
1289,A30IGMGSC7G2HM,distance metric,متري المسافة,مقياس المسافة,False,False,True,False,threshold
1290,A186ORPGIU3WNL,directed tree,شجرة موجهة,الشجرة الموجهة,True,False,False,False,threshold
1291,A186ORPGIU3WNL,discriminant analysis,التحليل التمييزي,تحليل التمييز,True,False,False,False,threshold
1292,A186ORPGIU3WNL,discriminative model,نموذج تمييزي,النموذج التمييزي,True,False,False,False,threshold
1293,A186ORPGIU3WNL,distance measure,قياس المسافة,مقياس المسافة,True,False,False,False,threshold
1294,A186ORPGIU3WNL,distance metric,متري المسافة,مقياس المسافة,False,False,True,False,threshold
1295,ASVJ75M0TNT6Z,directed tree,شجرة موجهة,الشجرة الموجهة,False,False,True,False,threshold
1296,ASVJ75M0TNT6Z,discriminant analysis,التحليل التمييزي,تحليل التمييز,False,False,False,True,threshold
1297,ASVJ75M0TNT6Z,discriminative model,نموذج تمييزي,النموذج التمييزي,False,False,True,False,threshold
1298,ASVJ75M0TNT6Z,distance measure,قياس المسافة,مقياس المسافة,False,False,False,True,threshold
1299,ASVJ75M0TNT6Z,distance metric,متري المسافة,مقياس المسافة,False,False,True,False,threshold
1300,AC4I7XU10MQXK,document corpus,مجموعة الوثائق,مجموعة المستندات,True,False,False,False,threshold
1301,AC4I7XU10MQXK,dual variable,المتغير المزدوج,المتغير الثنائي,False,True,False,False,threshold
1302,AC4I7XU10MQXK,early fusion,الانصهار المبكر,الدمج المبكر,True,False,False,False,threshold
1303,AC4I7XU10MQXK,early stopping,التوقف المبكر,الإيقاف المبكر,True,False,False,False,threshold
1304,AC4I7XU10MQXK,eligibility trace,تتبع الأهلية,أثر الأهلية,False,True,False,False,threshold
1305,A3HSZ9YLOBCCPR,document corpus,مجموعة الوثائق,مجموعة المستندات,True,False,False,False,threshold
1306,A3HSZ9YLOBCCPR,dual variable,المتغير المزدوج,المتغير الثنائي,True,False,False,False,threshold
1307,A3HSZ9YLOBCCPR,early fusion,الانصهار المبكر,الدمج المبكر,True,False,False,False,threshold
1308,A3HSZ9YLOBCCPR,early stopping,التوقف المبكر,الإيقاف المبكر,True,False,False,False,threshold
1309,A3HSZ9YLOBCCPR,eligibility trace,تتبع الأهلية,أثر الأهلية,False,False,True,False,threshold
1310,A2P8U65V6NL7B5,document corpus,مجموعة الوثائق,مجموعة المستندات,True,False,False,False,threshold
1311,A2P8U65V6NL7B5,dual variable,المتغير المزدوج,المتغير الثنائي,True,False,False,False,threshold
1312,A2P8U65V6NL7B5,early fusion,الانصهار المبكر,الدمج المبكر,False,True,False,False,threshold
1313,A2P8U65V6NL7B5,early stopping,التوقف المبكر,الإيقاف المبكر,True,False,False,False,threshold
1314,A2P8U65V6NL7B5,eligibility trace,تتبع الأهلية,أثر الأهلية,False,False,True,False,threshold
1315,AWGV35294HOYB,document corpus,مجموعة الوثائق,مجموعة المستندات,True,False,False,False,threshold
1316,AWGV35294HOYB,dual variable,المتغير المزدوج,المتغير الثنائي,True,False,False,False,threshold
1317,AWGV35294HOYB,early fusion,الانصهار المبكر,الدمج المبكر,True,False,False,False,threshold
1318,AWGV35294HOYB,early stopping,التوقف المبكر,الإيقاف المبكر,True,False,False,False,threshold
1319,AWGV35294HOYB,eligibility trace,تتبع الأهلية,أثر الأهلية,False,True,False,False,threshold
1320,A2C5HSMKN7QDM8,document corpus,مجموعة الوثائق,مجموعة المستندات,True,False,False,False,threshold
1321,A2C5HSMKN7QDM8,dual variable,المتغير المزدوج,المتغير الثنائي,False,False,True,False,threshold
1322,A2C5HSMKN7QDM8,early fusion,الانصهار المبكر,الدمج المبكر,False,True,False,False,threshold
1323,A2C5HSMKN7QDM8,early stopping,التوقف المبكر,الإيقاف المبكر,True,False,False,False,threshold
1324,A2C5HSMKN7QDM8,eligibility trace,تتبع الأهلية,أثر الأهلية,False,True,False,False,threshold
1325,A21X87H2GCSME0,embedding parameter,معلمة التضمين,معامل التضمين,False,False,False,False,threshold
1326,A21X87H2GCSME0,empirical frequency,التردد التجريبي,التكرار التجريبي,False,False,True,False,threshold
1327,A21X87H2GCSME0,encoder states,حالات المشفر,حالات الترميز,False,False,False,True,threshold
1328,A21X87H2GCSME0,end-to-end neural model,النموذج العصبي من النهاية إلى النهاية,نموذج عصبي من النهاية إلى النهاية,False,False,True,False,threshold
1329,A21X87H2GCSME0,end-to-end training,التدريب من البداية إلى النهاية,تدريب شامل,False,False,False,True,threshold
1330,A186ORPGIU3WNL,embedding parameter,معلمة التضمين,معامل التضمين,False,False,True,False,threshold
1331,A186ORPGIU3WNL,empirical frequency,التردد التجريبي,التكرار التجريبي,True,False,False,False,threshold
1332,A186ORPGIU3WNL,encoder states,حالات المشفر,حالات الترميز,False,False,True,False,threshold
1333,A186ORPGIU3WNL,end-to-end neural model,النموذج العصبي من النهاية إلى النهاية,نموذج عصبي من النهاية إلى النهاية,True,False,False,False,threshold
1334,A186ORPGIU3WNL,end-to-end training,التدريب من البداية إلى النهاية,تدريب شامل,False,True,False,False,threshold
1335,AS0K8SAHI5SQD,embedding parameter,معلمة التضمين,معامل التضمين,False,False,True,False,threshold
1336,AS0K8SAHI5SQD,empirical frequency,التردد التجريبي,التكرار التجريبي,True,False,False,False,threshold
1337,AS0K8SAHI5SQD,encoder states,حالات المشفر,حالات الترميز,False,False,True,False,threshold
1338,AS0K8SAHI5SQD,end-to-end neural model,النموذج العصبي من النهاية إلى النهاية,نموذج عصبي من النهاية إلى النهاية,True,False,False,False,threshold
1339,AS0K8SAHI5SQD,end-to-end training,التدريب من البداية إلى النهاية,تدريب شامل,False,True,False,False,threshold
1340,A3HSZ9YLOBCCPR,embedding parameter,معلمة التضمين,معامل التضمين,False,False,True,False,threshold
1341,A3HSZ9YLOBCCPR,empirical frequency,التردد التجريبي,التكرار التجريبي,True,False,False,False,threshold
1342,A3HSZ9YLOBCCPR,encoder states,حالات المشفر,حالات الترميز,False,False,True,False,threshold
1343,A3HSZ9YLOBCCPR,end-to-end neural model,النموذج العصبي من النهاية إلى النهاية,نموذج عصبي من النهاية إلى النهاية,True,False,False,False,threshold
1344,A3HSZ9YLOBCCPR,end-to-end training,التدريب من البداية إلى النهاية,تدريب شامل,False,True,False,False,threshold
1345,A2P8U65V6NL7B5,embedding parameter,معلمة التضمين,معامل التضمين,False,False,True,False,threshold
1346,A2P8U65V6NL7B5,empirical frequency,التردد التجريبي,التكرار التجريبي,True,False,False,False,threshold
1347,A2P8U65V6NL7B5,encoder states,حالات المشفر,حالات الترميز,False,False,True,False,threshold
1348,A2P8U65V6NL7B5,end-to-end neural model,النموذج العصبي من النهاية إلى النهاية,نموذج عصبي من النهاية إلى النهاية,True,False,False,False,threshold
1349,A2P8U65V6NL7B5,end-to-end training,التدريب من البداية إلى النهاية,تدريب شامل,False,True,False,False,threshold
1350,A3MDTRJTDIDNX,energy minimization framework,إطار عمل تقليل الطاقة,إطار تقليل الطاقة,True,False,False,False,threshold
1351,A3MDTRJTDIDNX,ensemble classification,التصنيف الجماعي,تصنيف التجميع,False,True,False,False,threshold
1352,A3MDTRJTDIDNX,entity,كيانات,كيان,True,False,False,False,threshold
1353,A3MDTRJTDIDNX,entity extraction,استخراج الكيانات,استخراج الكيان,False,True,False,False,threshold
1354,A3MDTRJTDIDNX,error bound,منضم الخطأ,حد الخطأ,False,False,True,False,threshold
1355,A3AHE81HVRXFCD,energy minimization framework,إطار عمل تقليل الطاقة,إطار تقليل الطاقة,False,True,False,False,threshold
1356,A3AHE81HVRXFCD,ensemble classification,التصنيف الجماعي,تصنيف التجميع,True,False,False,False,threshold
1357,A3AHE81HVRXFCD,entity,كيانات,كيان,True,False,False,False,threshold
1358,A3AHE81HVRXFCD,entity extraction,استخراج الكيانات,استخراج الكيان,False,True,False,False,threshold
1359,A3AHE81HVRXFCD,error bound,منضم الخطأ,حد الخطأ,False,False,True,False,threshold
1360,A3QIWEQXAGMGD,energy minimization framework,إطار عمل تقليل الطاقة,إطار تقليل الطاقة,False,True,False,False,threshold
1361,A3QIWEQXAGMGD,ensemble classification,التصنيف الجماعي,تصنيف التجميع,True,False,False,False,threshold
1362,A3QIWEQXAGMGD,entity,كيانات,كيان,True,False,False,False,threshold
1363,A3QIWEQXAGMGD,entity extraction,استخراج الكيانات,استخراج الكيان,False,True,False,False,threshold
1364,A3QIWEQXAGMGD,error bound,منضم الخطأ,حد الخطأ,False,False,True,False,threshold
1365,AWGV35294HOYB,energy minimization framework,إطار عمل تقليل الطاقة,إطار تقليل الطاقة,True,False,False,False,threshold
1366,AWGV35294HOYB,ensemble classification,التصنيف الجماعي,تصنيف التجميع,True,False,False,False,threshold
1367,AWGV35294HOYB,entity,كيانات,كيان,False,True,False,False,threshold
1368,AWGV35294HOYB,entity extraction,استخراج الكيانات,استخراج الكيان,False,True,False,False,threshold
1369,AWGV35294HOYB,error bound,منضم الخطأ,حد الخطأ,False,False,True,False,threshold
1370,A2D6SB3TU1NYQ7,energy minimization framework,إطار عمل تقليل الطاقة,إطار تقليل الطاقة,True,False,False,False,threshold
1371,A2D6SB3TU1NYQ7,ensemble classification,التصنيف الجماعي,تصنيف التجميع,False,True,False,False,threshold
1372,A2D6SB3TU1NYQ7,entity,كيانات,كيان,True,False,False,False,threshold
1373,A2D6SB3TU1NYQ7,entity extraction,استخراج الكيانات,استخراج الكيان,False,True,False,False,threshold
1374,A2D6SB3TU1NYQ7,error bound,منضم الخطأ,حد الخطأ,False,False,True,False,threshold
1375,A2P8U65V6NL7B5,fairness criterion,معيار الإنصاف,معيار العدالة,True,False,False,False,threshold
1376,A2P8U65V6NL7B5,feature hierarchy,التسلسل الهرمي للميزات,تسلسل الميزات,False,True,False,False,threshold
1377,A2P8U65V6NL7B5,feature map,خريطة الميزة,خريطة الميزات,False,False,True,False,threshold
1378,A2P8U65V6NL7B5,feature point,نقطة ميزات,نقطة ميزة,False,False,True,False,threshold
1379,A2P8U65V6NL7B5,first-order logic,منطق الدرجة الأولى,المنطق من الدرجة الأولى,True,False,False,False,threshold
1380,A251BWQW2F81FT,fairness criterion,معيار الإنصاف,معيار العدالة,False,True,False,False,threshold
1381,A251BWQW2F81FT,feature hierarchy,التسلسل الهرمي للميزات,تسلسل الميزات,False,True,False,False,threshold
1382,A251BWQW2F81FT,feature map,خريطة الميزة,خريطة الميزات,False,False,True,False,threshold
1383,A251BWQW2F81FT,feature point,نقطة ميزات,نقطة ميزة,False,True,False,False,threshold
1384,A251BWQW2F81FT,first-order logic,منطق الدرجة الأولى,المنطق من الدرجة الأولى,True,False,False,False,threshold
1385,A2D6SB3TU1NYQ7,fairness criterion,معيار الإنصاف,معيار العدالة,True,False,False,False,threshold
1386,A2D6SB3TU1NYQ7,feature hierarchy,التسلسل الهرمي للميزات,تسلسل الميزات,False,True,False,False,threshold
1387,A2D6SB3TU1NYQ7,feature map,خريطة الميزة,خريطة الميزات,False,True,False,False,threshold
1388,A2D6SB3TU1NYQ7,feature point,نقطة ميزات,نقطة ميزة,False,False,True,False,threshold
1389,A2D6SB3TU1NYQ7,first-order logic,منطق الدرجة الأولى,المنطق من الدرجة الأولى,True,False,False,False,threshold
1390,A3Q32FL0WWF4KZ,fairness criterion,معيار الإنصاف,معيار العدالة,True,False,False,False,threshold
1391,A3Q32FL0WWF4KZ,feature hierarchy,التسلسل الهرمي للميزات,تسلسل الميزات,False,True,False,False,threshold
1392,A3Q32FL0WWF4KZ,feature map,خريطة الميزة,خريطة الميزات,False,False,True,False,threshold
1393,A3Q32FL0WWF4KZ,feature point,نقطة ميزات,نقطة ميزة,False,False,True,False,threshold
1394,A3Q32FL0WWF4KZ,first-order logic,منطق الدرجة الأولى,المنطق من الدرجة الأولى,True,False,False,False,threshold
1395,AWGV35294HOYB,fairness criterion,معيار الإنصاف,معيار العدالة,True,False,False,False,threshold
1396,AWGV35294HOYB,feature hierarchy,التسلسل الهرمي للميزات,تسلسل الميزات,False,True,False,False,threshold
1397,AWGV35294HOYB,feature map,خريطة الميزة,خريطة الميزات,False,False,True,False,threshold
1398,AWGV35294HOYB,feature point,نقطة ميزات,نقطة ميزة,False,False,True,False,threshold
1399,AWGV35294HOYB,first-order logic,منطق الدرجة الأولى,المنطق من الدرجة الأولى,True,False,False,False,threshold
1400,A198MZX1B7ZOPY,fuzzy matching,مطابقة ضبابية,المطابقة الضبابية,False,True,False,False,threshold
1401,A198MZX1B7ZOPY,game-theoretic analysis,تحليل نظرية الألعاب,التحليل النظري للألعاب,True,False,False,False,threshold
1402,A198MZX1B7ZOPY,generalized linear model,النموذج الخطي المعمم,النموذج الخطي العام,False,True,False,False,threshold
1403,A198MZX1B7ZOPY,generation model,نموذج توليد,نموذج التوليد,True,False,False,False,threshold
1404,A198MZX1B7ZOPY,global average pooling layer,طبقة تجميع المتوسط العالمي,طبقة التجميع المتوسط العالمي,False,True,False,False,threshold
1405,A38SYZRVLTMOFG,fuzzy matching,مطابقة ضبابية,المطابقة الضبابية,False,False,True,False,threshold
1406,A38SYZRVLTMOFG,game-theoretic analysis,تحليل نظرية الألعاب,التحليل النظري للألعاب,True,False,False,False,threshold
1407,A38SYZRVLTMOFG,generalized linear model,النموذج الخطي المعمم,النموذج الخطي العام,True,False,False,False,threshold
1408,A38SYZRVLTMOFG,generation model,نموذج توليد,نموذج التوليد,True,False,False,False,threshold
1409,A38SYZRVLTMOFG,global average pooling layer,طبقة تجميع المتوسط العالمي,طبقة التجميع المتوسط العالمي,True,False,False,False,threshold
1410,A2P8U65V6NL7B5,fuzzy matching,مطابقة ضبابية,المطابقة الضبابية,False,False,True,False,threshold
1411,A2P8U65V6NL7B5,game-theoretic analysis,تحليل نظرية الألعاب,التحليل النظري للألعاب,False,True,False,False,threshold
1412,A2P8U65V6NL7B5,generalized linear model,النموذج الخطي المعمم,النموذج الخطي العام,True,False,False,False,threshold
1413,A2P8U65V6NL7B5,generation model,نموذج توليد,نموذج التوليد,True,False,False,False,threshold
1414,A2P8U65V6NL7B5,global average pooling layer,طبقة تجميع المتوسط العالمي,طبقة التجميع المتوسط العالمي,True,False,False,False,threshold
1415,A2QX81MMC8KN80,fuzzy matching,مطابقة ضبابية,المطابقة الضبابية,False,True,False,False,threshold
1416,A2QX81MMC8KN80,game-theoretic analysis,تحليل نظرية الألعاب,التحليل النظري للألعاب,False,False,True,False,threshold
1417,A2QX81MMC8KN80,generalized linear model,النموذج الخطي المعمم,النموذج الخطي العام,False,True,False,False,threshold
1418,A2QX81MMC8KN80,generation model,نموذج توليد,نموذج التوليد,False,False,True,False,threshold
1419,A2QX81MMC8KN80,global average pooling layer,طبقة تجميع المتوسط العالمي,طبقة التجميع المتوسط العالمي,False,True,False,False,threshold
1420,AWGV35294HOYB,fuzzy matching,مطابقة ضبابية,المطابقة الضبابية,True,False,False,False,threshold
1421,AWGV35294HOYB,game-theoretic analysis,تحليل نظرية الألعاب,التحليل النظري للألعاب,False,True,False,False,threshold
1422,AWGV35294HOYB,generalized linear model,النموذج الخطي المعمم,النموذج الخطي العام,False,True,False,False,threshold
1423,AWGV35294HOYB,generation model,نموذج توليد,نموذج التوليد,True,False,False,False,threshold
1424,AWGV35294HOYB,global average pooling layer,طبقة تجميع المتوسط العالمي,طبقة التجميع المتوسط العالمي,False,True,False,False,threshold
1425,A3UMJIYCNU3IMQ,grammar induction,الحث النحوي,استنباط القواعد,False,True,False,False,threshold
1426,A3UMJIYCNU3IMQ,graph adjacency matrix,مصفوفة التجاور للرسم البياني,مصفوفة تلاصق الرسم البياني,True,False,False,False,threshold
1427,A3UMJIYCNU3IMQ,graph attention mechanism,آلية الانتباه البياني,آلية انتباه الرسم البياني,False,False,True,False,threshold
1428,A3UMJIYCNU3IMQ,graph classification,تصنيف الرسوم البيانية,تصنيف الرسم البياني,False,True,False,False,threshold
1429,A3UMJIYCNU3IMQ,graph dataset,مجموعة بيانات الرسوم البيانية,مجموعة بيانات الرسم البياني,False,False,True,False,threshold
1430,A1G4DX33KADZA3,grammar induction,الحث النحوي,استنباط القواعد,False,False,True,False,threshold
1431,A1G4DX33KADZA3,graph adjacency matrix,مصفوفة التجاور للرسم البياني,مصفوفة تلاصق الرسم البياني,False,False,False,True,threshold
1432,A1G4DX33KADZA3,graph attention mechanism,آلية الانتباه البياني,آلية انتباه الرسم البياني,False,False,True,False,threshold
1433,A1G4DX33KADZA3,graph classification,تصنيف الرسوم البيانية,تصنيف الرسم البياني,False,False,True,False,threshold
1434,A1G4DX33KADZA3,graph dataset,مجموعة بيانات الرسوم البيانية,مجموعة بيانات الرسم البياني,False,False,False,True,threshold
1435,A21X87H2GCSME0,grammar induction,الحث النحوي,استنباط القواعد,False,True,False,False,threshold
1436,A21X87H2GCSME0,graph adjacency matrix,مصفوفة التجاور للرسم البياني,مصفوفة تلاصق الرسم البياني,False,False,True,False,threshold
1437,A21X87H2GCSME0,graph attention mechanism,آلية الانتباه البياني,آلية انتباه الرسم البياني,False,False,False,False,threshold
1438,A21X87H2GCSME0,graph classification,تصنيف الرسوم البيانية,تصنيف الرسم البياني,False,True,False,False,threshold
1439,A21X87H2GCSME0,graph dataset,مجموعة بيانات الرسوم البيانية,مجموعة بيانات الرسم البياني,False,False,True,False,threshold
1440,A2P8U65V6NL7B5,grammar induction,الحث النحوي,استنباط القواعد,False,False,True,False,threshold
1441,A2P8U65V6NL7B5,graph adjacency matrix,مصفوفة التجاور للرسم البياني,مصفوفة تلاصق الرسم البياني,False,True,False,False,threshold
1442,A2P8U65V6NL7B5,graph attention mechanism,آلية الانتباه البياني,آلية انتباه الرسم البياني,True,False,False,False,threshold
1443,A2P8U65V6NL7B5,graph classification,تصنيف الرسوم البيانية,تصنيف الرسم البياني,False,True,False,False,threshold
1444,A2P8U65V6NL7B5,graph dataset,مجموعة بيانات الرسوم البيانية,مجموعة بيانات الرسم البياني,False,True,False,False,threshold
1445,A11JXYZDAUX0UP,grammar induction,الحث النحوي,استنباط القواعد,False,True,False,False,threshold
1446,A11JXYZDAUX0UP,graph adjacency matrix,مصفوفة التجاور للرسم البياني,مصفوفة تلاصق الرسم البياني,False,True,False,False,threshold
1447,A11JXYZDAUX0UP,graph attention mechanism,آلية الانتباه البياني,آلية انتباه الرسم البياني,True,False,False,False,threshold
1448,A11JXYZDAUX0UP,graph classification,تصنيف الرسوم البيانية,تصنيف الرسم البياني,False,True,False,False,threshold
1449,A11JXYZDAUX0UP,graph dataset,مجموعة بيانات الرسوم البيانية,مجموعة بيانات الرسم البياني,False,True,False,False,threshold
1450,AHTS0ICKEEED6,graph structure,بنية الرسم البياني,هيكل الرسم البياني,True,False,False,False,threshold
1451,AHTS0ICKEEED6,group normalization,تطبيع المجموعة,التطبيع الجماعي,False,True,False,False,threshold
1452,AHTS0ICKEEED6,hierarchical agglomerative clustering,التجميع الهرمي التصاعدي,التجميع الهرمي التراكمي,True,False,False,False,threshold
1453,AHTS0ICKEEED6,hinge loss function,وظيفة فقدان المفصلة,دالة خسارة المفصلة,False,True,False,False,threshold
1454,AHTS0ICKEEED6,human pose,وضعية الجسم البشري,وضع الإنسان,True,False,False,False,threshold
1455,A3EKM55NFX1H6B,graph structure,بنية الرسم البياني,هيكل الرسم البياني,False,True,False,False,threshold
1456,A3EKM55NFX1H6B,group normalization,تطبيع المجموعة,التطبيع الجماعي,True,False,False,False,threshold
1457,A3EKM55NFX1H6B,hierarchical agglomerative clustering,التجميع الهرمي التصاعدي,التجميع الهرمي التراكمي,False,True,False,False,threshold
1458,A3EKM55NFX1H6B,hinge loss function,وظيفة فقدان المفصلة,دالة خسارة المفصلة,False,False,True,False,threshold
1459,A3EKM55NFX1H6B,human pose,وضعية الجسم البشري,وضع الإنسان,True,False,False,False,threshold
1460,A39PWDRYNY2WM0,graph structure,بنية الرسم البياني,هيكل الرسم البياني,True,False,False,False,threshold
1461,A39PWDRYNY2WM0,group normalization,تطبيع المجموعة,التطبيع الجماعي,True,False,False,False,threshold
1462,A39PWDRYNY2WM0,hierarchical agglomerative clustering,التجميع الهرمي التصاعدي,التجميع الهرمي التراكمي,False,True,False,False,threshold
1463,A39PWDRYNY2WM0,hinge loss function,وظيفة فقدان المفصلة,دالة خسارة المفصلة,False,False,True,False,threshold
1464,A39PWDRYNY2WM0,human pose,وضعية الجسم البشري,وضع الإنسان,False,True,False,False,threshold
1465,A186ORPGIU3WNL,graph structure,بنية الرسم البياني,هيكل الرسم البياني,False,False,True,False,threshold
1466,A186ORPGIU3WNL,group normalization,تطبيع المجموعة,التطبيع الجماعي,True,False,False,False,threshold
1467,A186ORPGIU3WNL,hierarchical agglomerative clustering,التجميع الهرمي التصاعدي,التجميع الهرمي التراكمي,True,False,False,False,threshold
1468,A186ORPGIU3WNL,hinge loss function,وظيفة فقدان المفصلة,دالة خسارة المفصلة,False,True,False,False,threshold
1469,A186ORPGIU3WNL,human pose,وضعية الجسم البشري,وضع الإنسان,False,True,False,False,threshold
1470,AWGV35294HOYB,graph structure,بنية الرسم البياني,هيكل الرسم البياني,False,True,False,False,threshold
1471,AWGV35294HOYB,group normalization,تطبيع المجموعة,التطبيع الجماعي,True,False,False,False,threshold
1472,AWGV35294HOYB,hierarchical agglomerative clustering,التجميع الهرمي التصاعدي,التجميع الهرمي التراكمي,True,False,False,False,threshold
1473,AWGV35294HOYB,hinge loss function,وظيفة فقدان المفصلة,دالة خسارة المفصلة,False,False,True,False,threshold
1474,AWGV35294HOYB,human pose,وضعية الجسم البشري,وضع الإنسان,False,True,False,False,threshold
1475,A3OAFR48DADAOM,human pose estimation,تقدير وضعية الجسم البشري,تقدير وضع الإنسان,False,True,False,False,threshold
1476,A3OAFR48DADAOM,hybrid model,نموذج هجين,النموذج الهجين,True,False,False,False,threshold
1477,A3OAFR48DADAOM,image encoder,مُشفِّر الصورة,مشفر الصورة,False,True,False,False,threshold
1478,A3OAFR48DADAOM,image generation,توليد الصور,توليد الصورة,False,True,False,False,threshold
1479,A3OAFR48DADAOM,image segmentation,تجزئة الصورة,تقسيم الصورة,True,False,False,False,threshold
1480,AWGV35294HOYB,human pose estimation,تقدير وضعية الجسم البشري,تقدير وضع الإنسان,False,True,False,False,threshold
1481,AWGV35294HOYB,hybrid model,نموذج هجين,النموذج الهجين,True,False,False,False,threshold
1482,AWGV35294HOYB,image encoder,مُشفِّر الصورة,مشفر الصورة,False,True,False,False,threshold
1483,AWGV35294HOYB,image generation,توليد الصور,توليد الصورة,False,True,False,False,threshold
1484,AWGV35294HOYB,image segmentation,تجزئة الصورة,تقسيم الصورة,True,False,False,False,threshold
1485,A2O4PW85X1GQA1,human pose estimation,تقدير وضعية الجسم البشري,تقدير وضع الإنسان,False,True,False,False,threshold
1486,A2O4PW85X1GQA1,hybrid model,نموذج هجين,النموذج الهجين,True,False,False,False,threshold
1487,A2O4PW85X1GQA1,image encoder,مُشفِّر الصورة,مشفر الصورة,False,True,False,False,threshold
1488,A2O4PW85X1GQA1,image generation,توليد الصور,توليد الصورة,False,True,False,False,threshold
1489,A2O4PW85X1GQA1,image segmentation,تجزئة الصورة,تقسيم الصورة,True,False,False,False,threshold
1490,A11JXYZDAUX0UP,human pose estimation,تقدير وضعية الجسم البشري,تقدير وضع الإنسان,False,True,False,False,threshold
1491,A11JXYZDAUX0UP,hybrid model,نموذج هجين,النموذج الهجين,True,False,False,False,threshold
1492,A11JXYZDAUX0UP,image encoder,مُشفِّر الصورة,مشفر الصورة,False,True,False,False,threshold
1493,A11JXYZDAUX0UP,image generation,توليد الصور,توليد الصورة,False,True,False,False,threshold
1494,A11JXYZDAUX0UP,image segmentation,تجزئة الصورة,تقسيم الصورة,True,False,False,False,threshold
1495,AG9MLSV2QCVD4,human pose estimation,تقدير وضعية الجسم البشري,تقدير وضع الإنسان,False,True,False,False,threshold
1496,AG9MLSV2QCVD4,hybrid model,نموذج هجين,النموذج الهجين,True,False,False,False,threshold
1497,AG9MLSV2QCVD4,image encoder,مُشفِّر الصورة,مشفر الصورة,False,True,False,False,threshold
1498,AG9MLSV2QCVD4,image generation,توليد الصور,توليد الصورة,True,False,False,False,threshold
1499,AG9MLSV2QCVD4,image segmentation,تجزئة الصورة,تقسيم الصورة,True,False,False,False,threshold
1500,A3EKM55NFX1H6B,image super-resolution,رفع دقة الصورة,تحسين دقة الصورة,True,False,False,False,threshold
1501,A3EKM55NFX1H6B,imperfect information,المعلومات غير الكاملة,معلومات غير كاملة,True,False,False,False,threshold
1502,A3EKM55NFX1H6B,implicit representation,التمثيل الضمني,تمثيل ضمني,True,False,False,False,threshold
1503,A3EKM55NFX1H6B,implicit surface,السطح الضمني,سطح ضمني,True,False,False,False,threshold
1504,A3EKM55NFX1H6B,in-distribution,ضمن التوزيع,في التوزيع,False,True,False,False,threshold
1505,A38SYZRVLTMOFG,image super-resolution,رفع دقة الصورة,تحسين دقة الصورة,False,False,True,False,threshold
1506,A38SYZRVLTMOFG,imperfect information,المعلومات غير الكاملة,معلومات غير كاملة,True,False,False,False,threshold
1507,A38SYZRVLTMOFG,implicit representation,التمثيل الضمني,تمثيل ضمني,True,False,False,False,threshold
1508,A38SYZRVLTMOFG,implicit surface,السطح الضمني,سطح ضمني,True,False,False,False,threshold
1509,A38SYZRVLTMOFG,in-distribution,ضمن التوزيع,في التوزيع,False,False,True,False,threshold
1510,A11JXYZDAUX0UP,image super-resolution,رفع دقة الصورة,تحسين دقة الصورة,False,False,True,False,threshold
1511,A11JXYZDAUX0UP,imperfect information,المعلومات غير الكاملة,معلومات غير كاملة,True,False,False,False,threshold
1512,A11JXYZDAUX0UP,implicit representation,التمثيل الضمني,تمثيل ضمني,True,False,False,False,threshold
1513,A11JXYZDAUX0UP,implicit surface,السطح الضمني,سطح ضمني,True,False,False,False,threshold
1514,A11JXYZDAUX0UP,in-distribution,ضمن التوزيع,في التوزيع,False,False,True,False,threshold
1515,A2DAZGA8XO0RQ6,image super-resolution,رفع دقة الصورة,تحسين دقة الصورة,False,False,True,False,threshold
1516,A2DAZGA8XO0RQ6,imperfect information,المعلومات غير الكاملة,معلومات غير كاملة,False,True,False,False,threshold
1517,A2DAZGA8XO0RQ6,implicit representation,التمثيل الضمني,تمثيل ضمني,False,False,True,False,threshold
1518,A2DAZGA8XO0RQ6,implicit surface,السطح الضمني,سطح ضمني,False,False,False,True,threshold
1519,A2DAZGA8XO0RQ6,in-distribution,ضمن التوزيع,في التوزيع,False,False,True,False,threshold
1520,A9M8N3BOH6013,image super-resolution,رفع دقة الصورة,تحسين دقة الصورة,False,False,True,False,threshold
1521,A9M8N3BOH6013,imperfect information,المعلومات غير الكاملة,معلومات غير كاملة,True,False,False,False,threshold
1522,A9M8N3BOH6013,implicit representation,التمثيل الضمني,تمثيل ضمني,True,False,False,False,threshold
1523,A9M8N3BOH6013,implicit surface,السطح الضمني,سطح ضمني,True,False,False,False,threshold
1524,A9M8N3BOH6013,in-distribution,ضمن التوزيع,في التوزيع,False,True,False,False,threshold
1525,A20QN206J2XBRF,initial state distribution,توزيع الحالة الأولية,توزيع الحالة الابتدائية,True,False,False,False,threshold
1526,A20QN206J2XBRF,input image,الصورة المدخلة,صورة الإدخال,False,True,False,False,threshold
1527,A20QN206J2XBRF,iterative optimization algorithm,خوارزمية التحسين التكرارية,خوارزمية التحسين التكراري,False,False,True,False,threshold
1528,A20QN206J2XBRF,joint probability matrix,مصفوفة الاحتمالات المشتركة,مصفوفة الاحتمال المشترك,False,True,False,False,threshold
1529,A20QN206J2XBRF,kernel regression,الانحدار بالنواة,انحدار النواة,False,True,False,False,threshold
1530,A3EKM55NFX1H6B,initial state distribution,توزيع الحالة الأولية,توزيع الحالة الابتدائية,True,False,False,False,threshold
1531,A3EKM55NFX1H6B,input image,الصورة المدخلة,صورة الإدخال,True,False,False,False,threshold
1532,A3EKM55NFX1H6B,iterative optimization algorithm,خوارزمية التحسين التكرارية,خوارزمية التحسين التكراري,False,True,False,False,threshold
1533,A3EKM55NFX1H6B,joint probability matrix,مصفوفة الاحتمالات المشتركة,مصفوفة الاحتمال المشترك,True,False,False,False,threshold
1534,A3EKM55NFX1H6B,kernel regression,الانحدار بالنواة,انحدار النواة,True,False,False,False,threshold
1535,A3IG9HHR3NL9R0,initial state distribution,توزيع الحالة الأولية,توزيع الحالة الابتدائية,True,False,False,False,threshold
1536,A3IG9HHR3NL9R0,input image,الصورة المدخلة,صورة الإدخال,True,False,False,False,threshold
1537,A3IG9HHR3NL9R0,iterative optimization algorithm,خوارزمية التحسين التكرارية,خوارزمية التحسين التكراري,False,True,False,False,threshold
1538,A3IG9HHR3NL9R0,joint probability matrix,مصفوفة الاحتمالات المشتركة,مصفوفة الاحتمال المشترك,False,True,False,False,threshold
1539,A3IG9HHR3NL9R0,kernel regression,الانحدار بالنواة,انحدار النواة,False,True,False,False,threshold
1540,AWGV35294HOYB,initial state distribution,توزيع الحالة الأولية,توزيع الحالة الابتدائية,True,False,False,False,threshold
1541,AWGV35294HOYB,input image,الصورة المدخلة,صورة الإدخال,True,False,False,False,threshold
1542,AWGV35294HOYB,iterative optimization algorithm,خوارزمية التحسين التكرارية,خوارزمية التحسين التكراري,False,False,True,False,threshold
1543,AWGV35294HOYB,joint probability matrix,مصفوفة الاحتمالات المشتركة,مصفوفة الاحتمال المشترك,False,True,False,False,threshold
1544,AWGV35294HOYB,kernel regression,الانحدار بالنواة,انحدار النواة,True,False,False,False,threshold
1545,A3OAFR48DADAOM,initial state distribution,توزيع الحالة الأولية,توزيع الحالة الابتدائية,True,False,False,False,threshold
1546,A3OAFR48DADAOM,input image,الصورة المدخلة,صورة الإدخال,True,False,False,False,threshold
1547,A3OAFR48DADAOM,iterative optimization algorithm,خوارزمية التحسين التكرارية,خوارزمية التحسين التكراري,False,True,False,False,threshold
1548,A3OAFR48DADAOM,joint probability matrix,مصفوفة الاحتمالات المشتركة,مصفوفة الاحتمال المشترك,False,True,False,False,threshold
1549,A3OAFR48DADAOM,kernel regression,الانحدار بالنواة,انحدار النواة,True,False,False,False,threshold
1550,A2MZEUP2ECO1AI,layer activation,تنشيط الطبقة,تفعيل الطبقة,True,False,False,False,threshold
1551,A2MZEUP2ECO1AI,least square minimization,التقليل من المربعات الصغرى,تقليل المربعات الصغرى,True,False,False,False,threshold
1552,A2MZEUP2ECO1AI,lexical acquisition algorithm,خوارزمية الاكتساب المعجمي,خوارزمية اكتساب المفردات,True,False,False,False,threshold
1553,A2MZEUP2ECO1AI,linear-chain,السلسلة الخطية,سلسلة خطية,True,False,False,False,threshold
1554,A2MZEUP2ECO1AI,linearization,التحسين الخطي,خطية,False,False,False,True,threshold
1555,A3Q32FL0WWF4KZ,layer activation,تنشيط الطبقة,تفعيل الطبقة,True,False,False,False,threshold
1556,A3Q32FL0WWF4KZ,least square minimization,التقليل من المربعات الصغرى,تقليل المربعات الصغرى,True,False,False,False,threshold
1557,A3Q32FL0WWF4KZ,lexical acquisition algorithm,خوارزمية الاكتساب المعجمي,خوارزمية اكتساب المفردات,True,False,False,False,threshold
1558,A3Q32FL0WWF4KZ,linear-chain,السلسلة الخطية,سلسلة خطية,True,False,False,False,threshold
1559,A3Q32FL0WWF4KZ,linearization,التحسين الخطي,خطية,False,False,False,True,threshold
1560,A35H5DUMZH86PC,layer activation,تنشيط الطبقة,تفعيل الطبقة,False,False,True,False,threshold
1561,A35H5DUMZH86PC,least square minimization,التقليل من المربعات الصغرى,تقليل المربعات الصغرى,True,False,False,False,threshold
1562,A35H5DUMZH86PC,lexical acquisition algorithm,خوارزمية الاكتساب المعجمي,خوارزمية اكتساب المفردات,True,False,False,False,threshold
1563,A35H5DUMZH86PC,linear-chain,السلسلة الخطية,سلسلة خطية,True,False,False,False,threshold
1564,A35H5DUMZH86PC,linearization,التحسين الخطي,خطية,False,False,False,True,threshold
1565,A39PWDRYNY2WM0,layer activation,تنشيط الطبقة,تفعيل الطبقة,True,False,False,False,threshold
1566,A39PWDRYNY2WM0,least square minimization,التقليل من المربعات الصغرى,تقليل المربعات الصغرى,True,False,False,False,threshold
1567,A39PWDRYNY2WM0,lexical acquisition algorithm,خوارزمية الاكتساب المعجمي,خوارزمية اكتساب المفردات,True,False,False,False,threshold
1568,A39PWDRYNY2WM0,linear-chain,السلسلة الخطية,سلسلة خطية,True,False,False,False,threshold
1569,A39PWDRYNY2WM0,linearization,التحسين الخطي,خطية,False,True,False,False,threshold
1570,A3EKM55NFX1H6B,layer activation,تنشيط الطبقة,تفعيل الطبقة,True,False,False,False,threshold
1571,A3EKM55NFX1H6B,least square minimization,التقليل من المربعات الصغرى,تقليل المربعات الصغرى,True,False,False,False,threshold
1572,A3EKM55NFX1H6B,lexical acquisition algorithm,خوارزمية الاكتساب المعجمي,خوارزمية اكتساب المفردات,False,True,False,False,threshold
1573,A3EKM55NFX1H6B,linear-chain,السلسلة الخطية,سلسلة خطية,True,False,False,False,threshold
1574,A3EKM55NFX1H6B,linearization,التحسين الخطي,خطية,False,False,False,True,threshold
1575,A3IG9HHR3NL9R0,local coordinate frame,الإطار الإحداثي المحلي,إطار الإحداثيات المحلي,True,False,False,False,threshold
1576,A3IG9HHR3NL9R0,local image feature,الميزة المحلية للصورة,ميزة الصورة المحلية,True,False,False,False,threshold
1577,A3IG9HHR3NL9R0,logistic loss,الخسارة اللوجستية,خسارة لوجستية,True,False,False,False,threshold
1578,A3IG9HHR3NL9R0,logit,لوغيت,اللوغيت,True,False,False,False,threshold
1579,A3IG9HHR3NL9R0,machine learning system,نظام التعلم الآلي,نظام تعلم الآلة,True,False,False,False,threshold
1580,A3EKM55NFX1H6B,local coordinate frame,الإطار الإحداثي المحلي,إطار الإحداثيات المحلي,True,False,False,False,threshold
1581,A3EKM55NFX1H6B,local image feature,الميزة المحلية للصورة,ميزة الصورة المحلية,True,False,False,False,threshold
1582,A3EKM55NFX1H6B,logistic loss,الخسارة اللوجستية,خسارة لوجستية,True,False,False,False,threshold
1583,A3EKM55NFX1H6B,logit,لوغيت,اللوغيت,True,False,False,False,threshold
1584,A3EKM55NFX1H6B,machine learning system,نظام التعلم الآلي,نظام تعلم الآلة,True,False,False,False,threshold
1585,A2P8U65V6NL7B5,local coordinate frame,الإطار الإحداثي المحلي,إطار الإحداثيات المحلي,True,False,False,False,threshold
1586,A2P8U65V6NL7B5,local image feature,الميزة المحلية للصورة,ميزة الصورة المحلية,True,False,False,False,threshold
1587,A2P8U65V6NL7B5,logistic loss,الخسارة اللوجستية,خسارة لوجستية,True,False,False,False,threshold
1588,A2P8U65V6NL7B5,logit,لوغيت,اللوغيت,True,False,False,False,threshold
1589,A2P8U65V6NL7B5,machine learning system,نظام التعلم الآلي,نظام تعلم الآلة,True,False,False,False,threshold
1590,ASVJ75M0TNT6Z,local coordinate frame,الإطار الإحداثي المحلي,إطار الإحداثيات المحلي,False,False,False,True,threshold
1591,ASVJ75M0TNT6Z,local image feature,الميزة المحلية للصورة,ميزة الصورة المحلية,False,False,True,False,threshold
1592,ASVJ75M0TNT6Z,logistic loss,الخسارة اللوجستية,خسارة لوجستية,False,False,True,False,threshold
1593,ASVJ75M0TNT6Z,logit,لوغيت,اللوغيت,False,False,False,True,threshold
1594,ASVJ75M0TNT6Z,machine learning system,نظام التعلم الآلي,نظام تعلم الآلة,False,False,True,False,threshold
1595,A38SYZRVLTMOFG,local coordinate frame,الإطار الإحداثي المحلي,إطار الإحداثيات المحلي,True,False,False,False,threshold
1596,A38SYZRVLTMOFG,local image feature,الميزة المحلية للصورة,ميزة الصورة المحلية,True,False,False,False,threshold
1597,A38SYZRVLTMOFG,logistic loss,الخسارة اللوجستية,خسارة لوجستية,True,False,False,False,threshold
1598,A38SYZRVLTMOFG,logit,لوغيت,اللوغيت,True,False,False,False,threshold
1599,A38SYZRVLTMOFG,machine learning system,نظام التعلم الآلي,نظام تعلم الآلة,True,False,False,False,threshold
1600,A1XD6THGBT1T9T,machine reading,قراءة الآلة,القراءة الآلية,False,False,True,False,threshold
1601,A1XD6THGBT1T9T,margin parameter,معلمة الهامش,معامل الهامش,False,False,True,False,threshold
1602,A1XD6THGBT1T9T,masked language model,نموذج اللغة المموهة,نموذج اللغة المقنع,False,True,False,False,threshold
1603,A1XD6THGBT1T9T,matrix inversion,معكوس المصفوفة,عكس المصفوفة,True,False,False,False,threshold
1604,A1XD6THGBT1T9T,matrix sketching,تخطيط المصفوفات,تخطيط المصفوفة,False,True,False,False,threshold
1605,A39PWDRYNY2WM0,machine reading,قراءة الآلة,القراءة الآلية,False,False,True,False,threshold
1606,A39PWDRYNY2WM0,margin parameter,معلمة الهامش,معامل الهامش,True,False,False,False,threshold
1607,A39PWDRYNY2WM0,masked language model,نموذج اللغة المموهة,نموذج اللغة المقنع,False,True,False,False,threshold
1608,A39PWDRYNY2WM0,matrix inversion,معكوس المصفوفة,عكس المصفوفة,True,False,False,False,threshold
1609,A39PWDRYNY2WM0,matrix sketching,تخطيط المصفوفات,تخطيط المصفوفة,True,False,False,False,threshold
1610,AWGV35294HOYB,machine reading,قراءة الآلة,القراءة الآلية,True,False,False,False,threshold
1611,AWGV35294HOYB,margin parameter,معلمة الهامش,معامل الهامش,True,False,False,False,threshold
1612,AWGV35294HOYB,masked language model,نموذج اللغة المموهة,نموذج اللغة المقنع,False,True,False,False,threshold
1613,AWGV35294HOYB,matrix inversion,معكوس المصفوفة,عكس المصفوفة,False,True,False,False,threshold
1614,AWGV35294HOYB,matrix sketching,تخطيط المصفوفات,تخطيط المصفوفة,False,False,True,False,threshold
1615,A2GJB7TBZM91Z4,machine reading,قراءة الآلة,القراءة الآلية,False,False,True,False,threshold
1616,A2GJB7TBZM91Z4,margin parameter,معلمة الهامش,معامل الهامش,True,False,False,False,threshold
1617,A2GJB7TBZM91Z4,masked language model,نموذج اللغة المموهة,نموذج اللغة المقنع,False,True,False,False,threshold
1618,A2GJB7TBZM91Z4,matrix inversion,معكوس المصفوفة,عكس المصفوفة,True,False,False,False,threshold
1619,A2GJB7TBZM91Z4,matrix sketching,تخطيط المصفوفات,تخطيط المصفوفة,True,False,False,False,threshold
1620,AFYRAQ7N9RBMN,machine reading,قراءة الآلة,القراءة الآلية,True,False,False,False,threshold
1621,AFYRAQ7N9RBMN,margin parameter,معلمة الهامش,معامل الهامش,False,False,True,False,threshold
1622,AFYRAQ7N9RBMN,masked language model,نموذج اللغة المموهة,نموذج اللغة المقنع,True,False,False,False,threshold
1623,AFYRAQ7N9RBMN,matrix inversion,معكوس المصفوفة,عكس المصفوفة,True,False,False,False,threshold
1624,AFYRAQ7N9RBMN,matrix sketching,تخطيط المصفوفات,تخطيط المصفوفة,False,True,False,False,threshold
1625,A2DAZGA8XO0RQ6,mean function,دالة الوسط,دالة المتوسط,False,True,False,False,threshold
1626,A2DAZGA8XO0RQ6,mean shape,شكل المتوسط,الشكل المتوسط,False,False,True,False,threshold
1627,A2DAZGA8XO0RQ6,metric score,النتيجة المترية,درجة المقياس,True,False,False,False,threshold
1628,A2DAZGA8XO0RQ6,minimum support,الحد الأدنى من الدعم,الدعم الأدنى,False,True,False,False,threshold
1629,A2DAZGA8XO0RQ6,mixing matrix,مصفوفة خلط,مصفوفة الخلط,False,False,True,False,threshold
1630,A2IFN9328HNXWC,mean function,دالة الوسط,دالة المتوسط,False,False,True,False,threshold
1631,A2IFN9328HNXWC,mean shape,شكل المتوسط,الشكل المتوسط,False,False,True,False,threshold
1632,A2IFN9328HNXWC,metric score,النتيجة المترية,درجة المقياس,False,True,False,False,threshold
1633,A2IFN9328HNXWC,minimum support,الحد الأدنى من الدعم,الدعم الأدنى,False,True,False,False,threshold
1634,A2IFN9328HNXWC,mixing matrix,مصفوفة خلط,مصفوفة الخلط,True,False,False,False,threshold
1635,AWGV35294HOYB,mean function,دالة الوسط,دالة المتوسط,False,False,True,False,threshold
1636,AWGV35294HOYB,mean shape,شكل المتوسط,الشكل المتوسط,True,False,False,False,threshold
1637,AWGV35294HOYB,metric score,النتيجة المترية,درجة المقياس,False,True,False,False,threshold
1638,AWGV35294HOYB,minimum support,الحد الأدنى من الدعم,الدعم الأدنى,False,True,False,False,threshold
1639,AWGV35294HOYB,mixing matrix,مصفوفة خلط,مصفوفة الخلط,True,False,False,False,threshold
1640,A251BWQW2F81FT,mean function,دالة الوسط,دالة المتوسط,False,False,True,False,threshold
1641,A251BWQW2F81FT,mean shape,شكل المتوسط,الشكل المتوسط,False,False,True,False,threshold
1642,A251BWQW2F81FT,metric score,النتيجة المترية,درجة المقياس,False,True,False,False,threshold
1643,A251BWQW2F81FT,minimum support,الحد الأدنى من الدعم,الدعم الأدنى,False,True,False,False,threshold
1644,A251BWQW2F81FT,mixing matrix,مصفوفة خلط,مصفوفة الخلط,True,False,False,False,threshold
1645,A39PWDRYNY2WM0,mean function,دالة الوسط,دالة المتوسط,True,False,False,False,threshold
1646,A39PWDRYNY2WM0,mean shape,شكل المتوسط,الشكل المتوسط,False,True,False,False,threshold
1647,A39PWDRYNY2WM0,metric score,النتيجة المترية,درجة المقياس,False,True,False,False,threshold
1648,A39PWDRYNY2WM0,minimum support,الحد الأدنى من الدعم,الدعم الأدنى,False,True,False,False,threshold
1649,A39PWDRYNY2WM0,mixing matrix,مصفوفة خلط,مصفوفة الخلط,True,False,False,False,threshold
1650,A21X87H2GCSME0,mixture model,نموذج الخليط,نموذج المزيج,False,False,False,False,threshold
1651,A21X87H2GCSME0,model bias,انحياز النموذج,تحيز النموذج,False,False,True,False,threshold
1652,A21X87H2GCSME0,model comparison,مقارنة النموذج,مقارنة النماذج,False,False,False,True,threshold
1653,A21X87H2GCSME0,momentum encoder,مشفّر الزخم,مشفر الزخم,False,False,True,False,threshold
1654,A21X87H2GCSME0,monolingual corpus,مجموعة نصوص أحادية اللغة,مجموعة أحادية اللغة,False,False,False,True,threshold
1655,ASVJ75M0TNT6Z,mixture model,نموذج الخليط,نموذج المزيج,False,True,False,False,threshold
1656,ASVJ75M0TNT6Z,model bias,انحياز النموذج,تحيز النموذج,False,False,True,False,threshold
1657,ASVJ75M0TNT6Z,model comparison,مقارنة النموذج,مقارنة النماذج,True,False,False,False,threshold
1658,ASVJ75M0TNT6Z,momentum encoder,مشفّر الزخم,مشفر الزخم,False,False,False,True,threshold
1659,ASVJ75M0TNT6Z,monolingual corpus,مجموعة نصوص أحادية اللغة,مجموعة أحادية اللغة,False,True,False,False,threshold
1660,A186ORPGIU3WNL,mixture model,نموذج الخليط,نموذج المزيج,True,False,False,False,threshold
1661,A186ORPGIU3WNL,model bias,انحياز النموذج,تحيز النموذج,True,False,False,False,threshold
1662,A186ORPGIU3WNL,model comparison,مقارنة النموذج,مقارنة النماذج,False,False,True,False,threshold
1663,A186ORPGIU3WNL,momentum encoder,مشفّر الزخم,مشفر الزخم,True,False,False,False,threshold
1664,A186ORPGIU3WNL,monolingual corpus,مجموعة نصوص أحادية اللغة,مجموعة أحادية اللغة,False,True,False,False,threshold
1665,A3QIWEQXAGMGD,mixture model,نموذج الخليط,نموذج المزيج,True,False,False,False,threshold
1666,A3QIWEQXAGMGD,model bias,انحياز النموذج,تحيز النموذج,True,False,False,False,threshold
1667,A3QIWEQXAGMGD,model comparison,مقارنة النموذج,مقارنة النماذج,False,False,True,False,threshold
1668,A3QIWEQXAGMGD,momentum encoder,مشفّر الزخم,مشفر الزخم,True,False,False,False,threshold
1669,A3QIWEQXAGMGD,monolingual corpus,مجموعة نصوص أحادية اللغة,مجموعة أحادية اللغة,False,True,False,False,threshold
1670,A17XFP2W4ZWYAT,mixture model,نموذج الخليط,نموذج المزيج,False,False,False,True,threshold
1671,A17XFP2W4ZWYAT,model bias,انحياز النموذج,تحيز النموذج,False,False,True,False,threshold
1672,A17XFP2W4ZWYAT,model comparison,مقارنة النموذج,مقارنة النماذج,False,False,False,True,threshold
1673,A17XFP2W4ZWYAT,momentum encoder,مشفّر الزخم,مشفر الزخم,False,False,True,False,threshold
1674,A17XFP2W4ZWYAT,monolingual corpus,مجموعة نصوص أحادية اللغة,مجموعة أحادية اللغة,False,False,False,True,threshold
1675,A20OEK6BVW13NV,multi-agent learning,التعلم متعدد الوكلاء,تعلم متعدد الوكلاء,False,True,False,False,threshold
1676,A20OEK6BVW13NV,multi-scale training,التدريب متعدد المقاييس,تدريب متعدد المقاييس,False,True,False,False,threshold
1677,A20OEK6BVW13NV,multilinguality,التعددية اللغوية,تعدد اللغات,False,True,False,False,threshold
1678,A20OEK6BVW13NV,multinomial distribution,التوزيع متعدد الحدود,توزيع متعدد الحدود,False,True,False,False,threshold
1679,A20OEK6BVW13NV,multivariate Gaussian distribution,التوزيع الغاوسي متعدد المتغيرات,توزيع Gaussian متعدد المتغيرات,False,True,False,False,threshold
1680,A3HSZ9YLOBCCPR,multi-agent learning,التعلم متعدد الوكلاء,تعلم متعدد الوكلاء,True,False,False,False,threshold
1681,A3HSZ9YLOBCCPR,multi-scale training,التدريب متعدد المقاييس,تدريب متعدد المقاييس,True,False,False,False,threshold
1682,A3HSZ9YLOBCCPR,multilinguality,التعددية اللغوية,تعدد اللغات,False,True,False,False,threshold
1683,A3HSZ9YLOBCCPR,multinomial distribution,التوزيع متعدد الحدود,توزيع متعدد الحدود,True,False,False,False,threshold
1684,A3HSZ9YLOBCCPR,multivariate Gaussian distribution,التوزيع الغاوسي متعدد المتغيرات,توزيع Gaussian متعدد المتغيرات,False,True,False,False,threshold
1685,A1XD6THGBT1T9T,multi-agent learning,التعلم متعدد الوكلاء,تعلم متعدد الوكلاء,True,False,False,False,threshold
1686,A1XD6THGBT1T9T,multi-scale training,التدريب متعدد المقاييس,تدريب متعدد المقاييس,True,False,False,False,threshold
1687,A1XD6THGBT1T9T,multilinguality,التعددية اللغوية,تعدد اللغات,True,False,False,False,threshold
1688,A1XD6THGBT1T9T,multinomial distribution,التوزيع متعدد الحدود,توزيع متعدد الحدود,True,False,False,False,threshold
1689,A1XD6THGBT1T9T,multivariate Gaussian distribution,التوزيع الغاوسي متعدد المتغيرات,توزيع Gaussian متعدد المتغيرات,False,True,False,False,threshold
1690,A186ORPGIU3WNL,multi-agent learning,التعلم متعدد الوكلاء,تعلم متعدد الوكلاء,True,False,False,False,threshold
1691,A186ORPGIU3WNL,multi-scale training,التدريب متعدد المقاييس,تدريب متعدد المقاييس,True,False,False,False,threshold
1692,A186ORPGIU3WNL,multilinguality,التعددية اللغوية,تعدد اللغات,False,True,False,False,threshold
1693,A186ORPGIU3WNL,multinomial distribution,التوزيع متعدد الحدود,توزيع متعدد الحدود,True,False,False,False,threshold
1694,A186ORPGIU3WNL,multivariate Gaussian distribution,التوزيع الغاوسي متعدد المتغيرات,توزيع Gaussian متعدد المتغيرات,False,True,False,False,threshold
1695,A2E2FFMXS9F9KR,multi-agent learning,التعلم متعدد الوكلاء,تعلم متعدد الوكلاء,True,False,False,False,threshold
1696,A2E2FFMXS9F9KR,multi-scale training,التدريب متعدد المقاييس,تدريب متعدد المقاييس,True,False,False,False,threshold
1697,A2E2FFMXS9F9KR,multilinguality,التعددية اللغوية,تعدد اللغات,False,True,False,False,threshold
1698,A2E2FFMXS9F9KR,multinomial distribution,التوزيع متعدد الحدود,توزيع متعدد الحدود,True,False,False,False,threshold
1699,A2E2FFMXS9F9KR,multivariate Gaussian distribution,التوزيع الغاوسي متعدد المتغيرات,توزيع Gaussian متعدد المتغيرات,False,True,False,False,threshold
1700,A1XD6THGBT1T9T,natural logic inference,الاستدلال المنطقي الطبيعي,استدلال المنطق الطبيعي,True,False,False,False,threshold
1701,A1XD6THGBT1T9T,net,الشبكة,شبكة,True,False,False,False,threshold
1702,A1XD6THGBT1T9T,neural generation model,نموذج توليد عصبي,نموذج التوليد العصبي,True,False,False,False,threshold
1703,A1XD6THGBT1T9T,neural language model,نموذج لغة عصبي,نموذج اللغة العصبي,True,False,False,False,threshold
1704,A1XD6THGBT1T9T,neural retrieval,الاسترجاع العصبي,استرجاع عصبي,True,False,False,False,threshold
1705,A1PG4NZUVQMZUI,natural logic inference,الاستدلال المنطقي الطبيعي,استدلال المنطق الطبيعي,True,False,False,False,threshold
1706,A1PG4NZUVQMZUI,net,الشبكة,شبكة,True,False,False,False,threshold
1707,A1PG4NZUVQMZUI,neural generation model,نموذج توليد عصبي,نموذج التوليد العصبي,True,False,False,False,threshold
1708,A1PG4NZUVQMZUI,neural language model,نموذج لغة عصبي,نموذج اللغة العصبي,True,False,False,False,threshold
1709,A1PG4NZUVQMZUI,neural retrieval,الاسترجاع العصبي,استرجاع عصبي,True,False,False,False,threshold
1710,A38SYZRVLTMOFG,natural logic inference,الاستدلال المنطقي الطبيعي,استدلال المنطق الطبيعي,True,False,False,False,threshold
1711,A38SYZRVLTMOFG,net,الشبكة,شبكة,True,False,False,False,threshold
1712,A38SYZRVLTMOFG,neural generation model,نموذج توليد عصبي,نموذج التوليد العصبي,True,False,False,False,threshold
1713,A38SYZRVLTMOFG,neural language model,نموذج لغة عصبي,نموذج اللغة العصبي,True,False,False,False,threshold
1714,A38SYZRVLTMOFG,neural retrieval,الاسترجاع العصبي,استرجاع عصبي,True,False,False,False,threshold
1715,A2MZEUP2ECO1AI,natural logic inference,الاستدلال المنطقي الطبيعي,استدلال المنطق الطبيعي,True,False,False,False,threshold
1716,A2MZEUP2ECO1AI,net,الشبكة,شبكة,True,False,False,False,threshold
1717,A2MZEUP2ECO1AI,neural generation model,نموذج توليد عصبي,نموذج التوليد العصبي,False,True,False,False,threshold
1718,A2MZEUP2ECO1AI,neural language model,نموذج لغة عصبي,نموذج اللغة العصبي,False,True,False,False,threshold
1719,A2MZEUP2ECO1AI,neural retrieval,الاسترجاع العصبي,استرجاع عصبي,True,False,False,False,threshold
1720,A186ORPGIU3WNL,natural logic inference,الاستدلال المنطقي الطبيعي,استدلال المنطق الطبيعي,True,False,False,False,threshold
1721,A186ORPGIU3WNL,net,الشبكة,شبكة,True,False,False,False,threshold
1722,A186ORPGIU3WNL,neural generation model,نموذج توليد عصبي,نموذج التوليد العصبي,True,False,False,False,threshold
1723,A186ORPGIU3WNL,neural language model,نموذج لغة عصبي,نموذج اللغة العصبي,True,False,False,False,threshold
1724,A186ORPGIU3WNL,neural retrieval,الاسترجاع العصبي,استرجاع عصبي,True,False,False,False,threshold
1725,A1XD6THGBT1T9T,neuron,العصبون,خلية عصبية,True,False,False,False,threshold
1726,A1XD6THGBT1T9T,non-linear optimization,تحسين غير خطي,التحسين غير الخطي,True,False,False,False,threshold
1727,A1XD6THGBT1T9T,non-linearity,غير الخطية,عدم الخطية,False,True,False,False,threshold
1728,A1XD6THGBT1T9T,normal-form game,اللعبة ذات الصيغة القياسية,لعبة الصيغة الطبيعية,False,True,False,False,threshold
1729,A1XD6THGBT1T9T,online algorithm,خوارزمية على الإنترنت,خوارزمية عبر الإنترنت,True,False,False,False,threshold
1730,A9M8N3BOH6013,neuron,العصبون,خلية عصبية,True,False,False,False,threshold
1731,A9M8N3BOH6013,non-linear optimization,تحسين غير خطي,التحسين غير الخطي,True,False,False,False,threshold
1732,A9M8N3BOH6013,non-linearity,غير الخطية,عدم الخطية,False,True,False,False,threshold
1733,A9M8N3BOH6013,normal-form game,اللعبة ذات الصيغة القياسية,لعبة الصيغة الطبيعية,False,True,False,False,threshold
1734,A9M8N3BOH6013,online algorithm,خوارزمية على الإنترنت,خوارزمية عبر الإنترنت,True,False,False,False,threshold
1735,A2P8U65V6NL7B5,neuron,العصبون,خلية عصبية,True,False,False,False,threshold
1736,A2P8U65V6NL7B5,non-linear optimization,تحسين غير خطي,التحسين غير الخطي,True,False,False,False,threshold
1737,A2P8U65V6NL7B5,non-linearity,غير الخطية,عدم الخطية,False,True,False,False,threshold
1738,A2P8U65V6NL7B5,normal-form game,اللعبة ذات الصيغة القياسية,لعبة الصيغة الطبيعية,False,True,False,False,threshold
1739,A2P8U65V6NL7B5,online algorithm,خوارزمية على الإنترنت,خوارزمية عبر الإنترنت,True,False,False,False,threshold
1740,AWGV35294HOYB,neuron,العصبون,خلية عصبية,True,False,False,False,threshold
1741,AWGV35294HOYB,non-linear optimization,تحسين غير خطي,التحسين غير الخطي,True,False,False,False,threshold
1742,AWGV35294HOYB,non-linearity,غير الخطية,عدم الخطية,False,True,False,False,threshold
1743,AWGV35294HOYB,normal-form game,اللعبة ذات الصيغة القياسية,لعبة الصيغة الطبيعية,False,True,False,False,threshold
1744,AWGV35294HOYB,online algorithm,خوارزمية على الإنترنت,خوارزمية عبر الإنترنت,True,False,False,False,threshold
1745,ASVJ75M0TNT6Z,neuron,العصبون,خلية عصبية,False,False,True,False,threshold
1746,ASVJ75M0TNT6Z,non-linear optimization,تحسين غير خطي,التحسين غير الخطي,False,False,False,True,threshold
1747,ASVJ75M0TNT6Z,non-linearity,غير الخطية,عدم الخطية,False,False,True,False,threshold
1748,ASVJ75M0TNT6Z,normal-form game,اللعبة ذات الصيغة القياسية,لعبة الصيغة الطبيعية,False,False,True,False,threshold
1749,ASVJ75M0TNT6Z,online algorithm,خوارزمية على الإنترنت,خوارزمية عبر الإنترنت,False,False,True,False,threshold
1750,AG9MLSV2QCVD4,open-loop,نظام حلقة مفتوحة,حلقة مفتوحة,False,True,False,False,threshold
1751,AG9MLSV2QCVD4,optimal solution,حل أمثل,الحل الأمثل,False,False,True,False,threshold
1752,AG9MLSV2QCVD4,pairwise comparison,المقارنة الثنائية,مقارنة ثنائية,True,False,False,False,threshold
1753,AG9MLSV2QCVD4,parameter vector,متجه المعلمة,متجه المعلمات,False,True,False,False,threshold
1754,AG9MLSV2QCVD4,parse chart,مخطط التحليل النحوي,مخطط التحليل,False,True,False,False,threshold
1755,A2D6SB3TU1NYQ7,open-loop,نظام حلقة مفتوحة,حلقة مفتوحة,True,False,False,False,threshold
1756,A2D6SB3TU1NYQ7,optimal solution,حل أمثل,الحل الأمثل,True,False,False,False,threshold
1757,A2D6SB3TU1NYQ7,pairwise comparison,المقارنة الثنائية,مقارنة ثنائية,True,False,False,False,threshold
1758,A2D6SB3TU1NYQ7,parameter vector,متجه المعلمة,متجه المعلمات,False,True,False,False,threshold
1759,A2D6SB3TU1NYQ7,parse chart,مخطط التحليل النحوي,مخطط التحليل,True,False,False,False,threshold
1760,A2E2FFMXS9F9KR,open-loop,نظام حلقة مفتوحة,حلقة مفتوحة,False,True,False,False,threshold
1761,A2E2FFMXS9F9KR,optimal solution,حل أمثل,الحل الأمثل,False,False,True,False,threshold
1762,A2E2FFMXS9F9KR,pairwise comparison,المقارنة الثنائية,مقارنة ثنائية,True,False,False,False,threshold
1763,A2E2FFMXS9F9KR,parameter vector,متجه المعلمة,متجه المعلمات,False,False,True,False,threshold
1764,A2E2FFMXS9F9KR,parse chart,مخطط التحليل النحوي,مخطط التحليل,False,True,False,False,threshold
1765,A30IGMGSC7G2HM,open-loop,نظام حلقة مفتوحة,حلقة مفتوحة,True,False,False,False,threshold
1766,A30IGMGSC7G2HM,optimal solution,حل أمثل,الحل الأمثل,False,False,True,False,threshold
1767,A30IGMGSC7G2HM,pairwise comparison,المقارنة الثنائية,مقارنة ثنائية,True,False,False,False,threshold
1768,A30IGMGSC7G2HM,parameter vector,متجه المعلمة,متجه المعلمات,False,True,False,False,threshold
1769,A30IGMGSC7G2HM,parse chart,مخطط التحليل النحوي,مخطط التحليل,False,True,False,False,threshold
1770,A35H5DUMZH86PC,open-loop,نظام حلقة مفتوحة,حلقة مفتوحة,False,True,False,False,threshold
1771,A35H5DUMZH86PC,optimal solution,حل أمثل,الحل الأمثل,True,False,False,False,threshold
1772,A35H5DUMZH86PC,pairwise comparison,المقارنة الثنائية,مقارنة ثنائية,True,False,False,False,threshold
1773,A35H5DUMZH86PC,parameter vector,متجه المعلمة,متجه المعلمات,False,True,False,False,threshold
1774,A35H5DUMZH86PC,parse chart,مخطط التحليل النحوي,مخطط التحليل,False,True,False,False,threshold
1775,A1M151WPTX57PC,partition,التقسيم,تقسيم,True,False,False,False,threshold
1776,A1M151WPTX57PC,permutation matrix,مصفوفة التباديل,مصفوفة التبديل,False,True,False,False,threshold
1777,A1M151WPTX57PC,perplexity score,درجة التعقيد,درجة الارتباك,False,True,False,False,threshold
1778,A1M151WPTX57PC,planning problem,مشكلة تخطيط,مشكلة التخطيط,False,False,True,False,threshold
1779,A1M151WPTX57PC,policy learning,تعلم السياسات,تعلم السياسة,False,True,False,False,threshold
1780,A14ICQPNQ6RZXB,partition,التقسيم,تقسيم,False,False,True,False,threshold
1781,A14ICQPNQ6RZXB,permutation matrix,مصفوفة التباديل,مصفوفة التبديل,True,False,False,False,threshold
1782,A14ICQPNQ6RZXB,perplexity score,درجة التعقيد,درجة الارتباك,False,False,True,False,threshold
1783,A14ICQPNQ6RZXB,planning problem,مشكلة تخطيط,مشكلة التخطيط,True,False,False,False,threshold
1784,A14ICQPNQ6RZXB,policy learning,تعلم السياسات,تعلم السياسة,False,True,False,False,threshold
1785,A3EKM55NFX1H6B,partition,التقسيم,تقسيم,True,False,False,False,threshold
1786,A3EKM55NFX1H6B,permutation matrix,مصفوفة التباديل,مصفوفة التبديل,False,True,False,False,threshold
1787,A3EKM55NFX1H6B,perplexity score,درجة التعقيد,درجة الارتباك,False,False,True,False,threshold
1788,A3EKM55NFX1H6B,planning problem,مشكلة تخطيط,مشكلة التخطيط,True,False,False,False,threshold
1789,A3EKM55NFX1H6B,policy learning,تعلم السياسات,تعلم السياسة,False,True,False,False,threshold
1790,A3OAFR48DADAOM,partition,التقسيم,تقسيم,True,False,False,False,threshold
1791,A3OAFR48DADAOM,permutation matrix,مصفوفة التباديل,مصفوفة التبديل,False,True,False,False,threshold
1792,A3OAFR48DADAOM,perplexity score,درجة التعقيد,درجة الارتباك,False,True,False,False,threshold
1793,A3OAFR48DADAOM,planning problem,مشكلة تخطيط,مشكلة التخطيط,True,False,False,False,threshold
1794,A3OAFR48DADAOM,policy learning,تعلم السياسات,تعلم السياسة,False,True,False,False,threshold
1795,A19I2ZK220NTAE,partition,التقسيم,تقسيم,True,False,False,False,threshold
1796,A19I2ZK220NTAE,permutation matrix,مصفوفة التباديل,مصفوفة التبديل,True,False,False,False,threshold
1797,A19I2ZK220NTAE,perplexity score,درجة التعقيد,درجة الارتباك,False,True,False,False,threshold
1798,A19I2ZK220NTAE,planning problem,مشكلة تخطيط,مشكلة التخطيط,False,False,True,False,threshold
1799,A19I2ZK220NTAE,policy learning,تعلم السياسات,تعلم السياسة,True,False,False,False,threshold
1800,A1XD6THGBT1T9T,post-hoc,بعد الواقعة,بعد الحدث,False,False,True,False,threshold
1801,A1XD6THGBT1T9T,prefix sum,مجموع بادئات,مجموع البادئات,False,False,True,False,threshold
1802,A1XD6THGBT1T9T,preimage,ما قبل الصورة,الصورة السابقة,False,True,False,False,threshold
1803,A1XD6THGBT1T9T,preprocessing phase,مرحلة ما قبل المعالجة,مرحلة المعالجة المسبقة,True,False,False,False,threshold
1804,A1XD6THGBT1T9T,primal objective function,وظيفة الهدف الأولية,دالة الهدف الأولية,True,False,False,False,threshold
1805,A3EKM55NFX1H6B,post-hoc,بعد الواقعة,بعد الحدث,True,False,False,False,threshold
1806,A3EKM55NFX1H6B,prefix sum,مجموع بادئات,مجموع البادئات,False,False,True,False,threshold
1807,A3EKM55NFX1H6B,preimage,ما قبل الصورة,الصورة السابقة,False,True,False,False,threshold
1808,A3EKM55NFX1H6B,preprocessing phase,مرحلة ما قبل المعالجة,مرحلة المعالجة المسبقة,True,False,False,False,threshold
1809,A3EKM55NFX1H6B,primal objective function,وظيفة الهدف الأولية,دالة الهدف الأولية,True,False,False,False,threshold
1810,A3HSZ9YLOBCCPR,post-hoc,بعد الواقعة,بعد الحدث,False,False,True,False,threshold
1811,A3HSZ9YLOBCCPR,prefix sum,مجموع بادئات,مجموع البادئات,True,False,False,False,threshold
1812,A3HSZ9YLOBCCPR,preimage,ما قبل الصورة,الصورة السابقة,False,True,False,False,threshold
1813,A3HSZ9YLOBCCPR,preprocessing phase,مرحلة ما قبل المعالجة,مرحلة المعالجة المسبقة,True,False,False,False,threshold
1814,A3HSZ9YLOBCCPR,primal objective function,وظيفة الهدف الأولية,دالة الهدف الأولية,True,False,False,False,threshold
1815,A2MZEUP2ECO1AI,post-hoc,بعد الواقعة,بعد الحدث,False,False,True,False,threshold
1816,A2MZEUP2ECO1AI,prefix sum,مجموع بادئات,مجموع البادئات,True,False,False,False,threshold
1817,A2MZEUP2ECO1AI,preimage,ما قبل الصورة,الصورة السابقة,False,True,False,False,threshold
1818,A2MZEUP2ECO1AI,preprocessing phase,مرحلة ما قبل المعالجة,مرحلة المعالجة المسبقة,True,False,False,False,threshold
1819,A2MZEUP2ECO1AI,primal objective function,وظيفة الهدف الأولية,دالة الهدف الأولية,True,False,False,False,threshold
1820,A2YVLMI4PRDECY,post-hoc,بعد الواقعة,بعد الحدث,False,False,True,False,threshold
1821,A2YVLMI4PRDECY,prefix sum,مجموع بادئات,مجموع البادئات,True,False,False,False,threshold
1822,A2YVLMI4PRDECY,preimage,ما قبل الصورة,الصورة السابقة,False,True,False,False,threshold
1823,A2YVLMI4PRDECY,preprocessing phase,مرحلة ما قبل المعالجة,مرحلة المعالجة المسبقة,True,False,False,False,threshold
1824,A2YVLMI4PRDECY,primal objective function,وظيفة الهدف الأولية,دالة الهدف الأولية,True,False,False,False,threshold
1825,A19I2ZK220NTAE,probability model,النموذج الاحتمالي,نموذج الاحتمال,True,False,False,False,threshold
1826,A19I2ZK220NTAE,projective camera,الكاميرا الإسقاطية,كاميرا إسقاطية,True,False,False,False,threshold
1827,A19I2ZK220NTAE,query,تمثيل متجه,استعلام,False,False,True,False,threshold
1828,A19I2ZK220NTAE,query processing,معالجة الاستعلام,معالجة الاستعلامات,True,False,False,False,threshold
1829,A19I2ZK220NTAE,random seed,بذرة عشوائية,البذور العشوائية,False,True,False,False,threshold
1830,A2GJB7TBZM91Z4,probability model,النموذج الاحتمالي,نموذج الاحتمال,True,False,False,False,threshold
1831,A2GJB7TBZM91Z4,projective camera,الكاميرا الإسقاطية,كاميرا إسقاطية,False,True,False,False,threshold
1832,A2GJB7TBZM91Z4,query,تمثيل متجه,استعلام,False,False,True,False,threshold
1833,A2GJB7TBZM91Z4,query processing,معالجة الاستعلام,معالجة الاستعلامات,True,False,False,False,threshold
1834,A2GJB7TBZM91Z4,random seed,بذرة عشوائية,البذور العشوائية,False,True,False,False,threshold
1835,A186ORPGIU3WNL,probability model,النموذج الاحتمالي,نموذج الاحتمال,True,False,False,False,threshold
1836,A186ORPGIU3WNL,projective camera,الكاميرا الإسقاطية,كاميرا إسقاطية,True,False,False,False,threshold
1837,A186ORPGIU3WNL,query,تمثيل متجه,استعلام,False,False,True,False,threshold
1838,A186ORPGIU3WNL,query processing,معالجة الاستعلام,معالجة الاستعلامات,True,False,False,False,threshold
1839,A186ORPGIU3WNL,random seed,بذرة عشوائية,البذور العشوائية,False,True,False,False,threshold
1840,A2P8U65V6NL7B5,probability model,النموذج الاحتمالي,نموذج الاحتمال,True,False,False,False,threshold
1841,A2P8U65V6NL7B5,projective camera,الكاميرا الإسقاطية,كاميرا إسقاطية,True,False,False,False,threshold
1842,A2P8U65V6NL7B5,query,تمثيل متجه,استعلام,False,False,True,False,threshold
1843,A2P8U65V6NL7B5,query processing,معالجة الاستعلام,معالجة الاستعلامات,True,False,False,False,threshold
1844,A2P8U65V6NL7B5,random seed,بذرة عشوائية,البذور العشوائية,False,True,False,False,threshold
1845,ASVJ75M0TNT6Z,probability model,النموذج الاحتمالي,نموذج الاحتمال,False,False,False,True,threshold
1846,ASVJ75M0TNT6Z,projective camera,الكاميرا الإسقاطية,كاميرا إسقاطية,False,False,True,False,threshold
1847,ASVJ75M0TNT6Z,query,تمثيل متجه,استعلام,False,False,False,True,threshold
1848,ASVJ75M0TNT6Z,query processing,معالجة الاستعلام,معالجة الاستعلامات,False,False,True,False,threshold
1849,ASVJ75M0TNT6Z,random seed,بذرة عشوائية,البذور العشوائية,False,False,False,True,threshold
1850,A1G4DX33KADZA3,random variable,المتغير العشوائي,متغير عشوائي,False,False,True,False,threshold
1851,A1G4DX33KADZA3,recurrent architecture,بنية تكرارية,بنية متكررة,False,False,False,True,threshold
1852,A1G4DX33KADZA3,reference resolution,حل المرجعية,حل الإشارة,False,False,True,False,threshold
1853,A1G4DX33KADZA3,representation,التمثيل,تمثيل,False,False,True,False,threshold
1854,A1G4DX33KADZA3,representation learning,التعلم التمثيلي,تعلم التمثيل,False,False,True,False,threshold
1855,A9M8N3BOH6013,random variable,المتغير العشوائي,متغير عشوائي,True,False,False,False,threshold
1856,A9M8N3BOH6013,recurrent architecture,بنية تكرارية,بنية متكررة,False,True,False,False,threshold
1857,A9M8N3BOH6013,reference resolution,حل المرجعية,حل الإشارة,False,True,False,False,threshold
1858,A9M8N3BOH6013,representation,التمثيل,تمثيل,True,False,False,False,threshold
1859,A9M8N3BOH6013,representation learning,التعلم التمثيلي,تعلم التمثيل,False,False,True,False,threshold
1860,A2FXDEKCCUT9OJ,random variable,المتغير العشوائي,متغير عشوائي,True,False,False,False,threshold
1861,A2FXDEKCCUT9OJ,recurrent architecture,بنية تكرارية,بنية متكررة,False,True,False,False,threshold
1862,A2FXDEKCCUT9OJ,reference resolution,حل المرجعية,حل الإشارة,False,True,False,False,threshold
1863,A2FXDEKCCUT9OJ,representation,التمثيل,تمثيل,True,False,False,False,threshold
1864,A2FXDEKCCUT9OJ,representation learning,التعلم التمثيلي,تعلم التمثيل,False,True,False,False,threshold
1865,AC4I7XU10MQXK,random variable,المتغير العشوائي,متغير عشوائي,True,False,False,False,threshold
1866,AC4I7XU10MQXK,recurrent architecture,بنية تكرارية,بنية متكررة,False,True,False,False,threshold
1867,AC4I7XU10MQXK,reference resolution,حل المرجعية,حل الإشارة,False,True,False,False,threshold
1868,AC4I7XU10MQXK,representation,التمثيل,تمثيل,True,False,False,False,threshold
1869,AC4I7XU10MQXK,representation learning,التعلم التمثيلي,تعلم التمثيل,True,False,False,False,threshold
1870,A3HSZ9YLOBCCPR,random variable,المتغير العشوائي,متغير عشوائي,True,False,False,False,threshold
1871,A3HSZ9YLOBCCPR,recurrent architecture,بنية تكرارية,بنية متكررة,True,False,False,False,threshold
1872,A3HSZ9YLOBCCPR,reference resolution,حل المرجعية,حل الإشارة,True,False,False,False,threshold
1873,A3HSZ9YLOBCCPR,representation,التمثيل,تمثيل,True,False,False,False,threshold
1874,A3HSZ9YLOBCCPR,representation learning,التعلم التمثيلي,تعلم التمثيل,True,False,False,False,threshold
1875,A1G4DX33KADZA3,residual branch,الفرع المتبقي,فرع متبقي,False,False,True,False,threshold
1876,A1G4DX33KADZA3,reverse-mode,وضع العكس,الوضع العكسي,False,False,True,False,threshold
1877,A1G4DX33KADZA3,role assertion,تصريح الدور,تأكيد الدور,False,False,False,True,threshold
1878,A1G4DX33KADZA3,row vector,متجه صف,متجه الصف,False,False,True,False,threshold
1879,A1G4DX33KADZA3,sample space,فضاء العينات,فضاء العينة,False,False,True,False,threshold
1880,A2YVLMI4PRDECY,residual branch,الفرع المتبقي,فرع متبقي,True,False,False,False,threshold
1881,A2YVLMI4PRDECY,reverse-mode,وضع العكس,الوضع العكسي,False,False,True,False,threshold
1882,A2YVLMI4PRDECY,role assertion,تصريح الدور,تأكيد الدور,False,False,True,False,threshold
1883,A2YVLMI4PRDECY,row vector,متجه صف,متجه الصف,False,True,False,False,threshold
1884,A2YVLMI4PRDECY,sample space,فضاء العينات,فضاء العينة,False,True,False,False,threshold
1885,A3Q32FL0WWF4KZ,residual branch,الفرع المتبقي,فرع متبقي,True,False,False,False,threshold
1886,A3Q32FL0WWF4KZ,reverse-mode,وضع العكس,الوضع العكسي,False,False,True,False,threshold
1887,A3Q32FL0WWF4KZ,role assertion,تصريح الدور,تأكيد الدور,False,False,True,False,threshold
1888,A3Q32FL0WWF4KZ,row vector,متجه صف,متجه الصف,False,True,False,False,threshold
1889,A3Q32FL0WWF4KZ,sample space,فضاء العينات,فضاء العينة,False,True,False,False,threshold
1890,A2DAZGA8XO0RQ6,residual branch,الفرع المتبقي,فرع متبقي,False,True,False,False,threshold
1891,A2DAZGA8XO0RQ6,reverse-mode,وضع العكس,الوضع العكسي,False,False,True,False,threshold
1892,A2DAZGA8XO0RQ6,role assertion,تصريح الدور,تأكيد الدور,False,True,False,False,threshold
1893,A2DAZGA8XO0RQ6,row vector,متجه صف,متجه الصف,False,False,True,False,threshold
1894,A2DAZGA8XO0RQ6,sample space,فضاء العينات,فضاء العينة,False,True,False,False,threshold
1895,A3I1OLOTCWCIET,residual branch,الفرع المتبقي,فرع متبقي,True,False,False,False,threshold
1896,A3I1OLOTCWCIET,reverse-mode,وضع العكس,الوضع العكسي,True,False,False,False,threshold
1897,A3I1OLOTCWCIET,role assertion,تصريح الدور,تأكيد الدور,True,False,False,False,threshold
1898,A3I1OLOTCWCIET,row vector,متجه صف,متجه الصف,True,False,False,False,threshold
1899,A3I1OLOTCWCIET,sample space,فضاء العينات,فضاء العينة,True,False,False,False,threshold
1900,A3MF0MGWJJZ794,segmentation mask,قناع التجزئة,قناع التقسيم,False,True,False,False,threshold
1901,A3MF0MGWJJZ794,semantic object,كائن دلالي,الكائن الدلالي,False,False,True,False,threshold
1902,A3MF0MGWJJZ794,sentence classification,تصنيف الجملة,تصنيف الجمل,False,True,False,False,threshold
1903,A3MF0MGWJJZ794,sequential datum,البيانات المتسلسلة,بيانات تسلسلية,False,False,True,False,threshold
1904,A3MF0MGWJJZ794,shift reduce parser,محلل التحول والاختزال,محلل التحويل والتقليص,False,True,False,False,threshold
1905,AC4I7XU10MQXK,segmentation mask,قناع التجزئة,قناع التقسيم,True,False,False,False,threshold
1906,AC4I7XU10MQXK,semantic object,كائن دلالي,الكائن الدلالي,True,False,False,False,threshold
1907,AC4I7XU10MQXK,sentence classification,تصنيف الجملة,تصنيف الجمل,False,False,True,False,threshold
1908,AC4I7XU10MQXK,sequential datum,البيانات المتسلسلة,بيانات تسلسلية,True,False,False,False,threshold
1909,AC4I7XU10MQXK,shift reduce parser,محلل التحول والاختزال,محلل التحويل والتقليص,False,True,False,False,threshold
1910,A3OAFR48DADAOM,segmentation mask,قناع التجزئة,قناع التقسيم,True,False,False,False,threshold
1911,A3OAFR48DADAOM,semantic object,كائن دلالي,الكائن الدلالي,True,False,False,False,threshold
1912,A3OAFR48DADAOM,sentence classification,تصنيف الجملة,تصنيف الجمل,False,False,True,False,threshold
1913,A3OAFR48DADAOM,sequential datum,البيانات المتسلسلة,بيانات تسلسلية,True,False,False,False,threshold
1914,A3OAFR48DADAOM,shift reduce parser,محلل التحول والاختزال,محلل التحويل والتقليص,False,True,False,False,threshold
1915,A3Q32FL0WWF4KZ,segmentation mask,قناع التجزئة,قناع التقسيم,True,False,False,False,threshold
1916,A3Q32FL0WWF4KZ,semantic object,كائن دلالي,الكائن الدلالي,True,False,False,False,threshold
1917,A3Q32FL0WWF4KZ,sentence classification,تصنيف الجملة,تصنيف الجمل,False,False,True,False,threshold
1918,A3Q32FL0WWF4KZ,sequential datum,البيانات المتسلسلة,بيانات تسلسلية,True,False,False,False,threshold
1919,A3Q32FL0WWF4KZ,shift reduce parser,محلل التحول والاختزال,محلل التحويل والتقليص,False,True,False,False,threshold
1920,A2DAZGA8XO0RQ6,segmentation mask,قناع التجزئة,قناع التقسيم,False,True,False,False,threshold
1921,A2DAZGA8XO0RQ6,semantic object,كائن دلالي,الكائن الدلالي,False,False,True,False,threshold
1922,A2DAZGA8XO0RQ6,sentence classification,تصنيف الجملة,تصنيف الجمل,False,False,False,True,threshold
1923,A2DAZGA8XO0RQ6,sequential datum,البيانات المتسلسلة,بيانات تسلسلية,False,False,True,False,threshold
1924,A2DAZGA8XO0RQ6,shift reduce parser,محلل التحول والاختزال,محلل التحويل والتقليص,False,True,False,False,threshold
1925,A39PWDRYNY2WM0,shortest path algorithm,خوارزمية المسار الأقصر,خوارزمية أقصر مسار,True,False,False,False,threshold
1926,A39PWDRYNY2WM0,sim,التشابه,تشابه,True,False,False,False,threshold
1927,A39PWDRYNY2WM0,speech synthesis model,نموذج توليف الكلام,نموذج توليد الكلام,False,True,False,False,threshold
1928,A39PWDRYNY2WM0,squared Euclidean distance,المسافة الإقليدية التربيعية,المسافة الإقليدية المربعة,False,True,False,False,threshold
1929,A39PWDRYNY2WM0,stance detection,الكشف عن الموقف,كشف الموقف,True,False,False,False,threshold
1930,A38SYZRVLTMOFG,shortest path algorithm,خوارزمية المسار الأقصر,خوارزمية أقصر مسار,True,False,False,False,threshold
1931,A38SYZRVLTMOFG,sim,التشابه,تشابه,True,False,False,False,threshold
1932,A38SYZRVLTMOFG,speech synthesis model,نموذج توليف الكلام,نموذج توليد الكلام,False,True,False,False,threshold
1933,A38SYZRVLTMOFG,squared Euclidean distance,المسافة الإقليدية التربيعية,المسافة الإقليدية المربعة,False,True,False,False,threshold
1934,A38SYZRVLTMOFG,stance detection,الكشف عن الموقف,كشف الموقف,True,False,False,False,threshold
1935,A3HSZ9YLOBCCPR,shortest path algorithm,خوارزمية المسار الأقصر,خوارزمية أقصر مسار,True,False,False,False,threshold
1936,A3HSZ9YLOBCCPR,sim,التشابه,تشابه,True,False,False,False,threshold
1937,A3HSZ9YLOBCCPR,speech synthesis model,نموذج توليف الكلام,نموذج توليد الكلام,False,False,True,False,threshold
1938,A3HSZ9YLOBCCPR,squared Euclidean distance,المسافة الإقليدية التربيعية,المسافة الإقليدية المربعة,True,False,False,False,threshold
1939,A3HSZ9YLOBCCPR,stance detection,الكشف عن الموقف,كشف الموقف,True,False,False,False,threshold
1940,A2MZEUP2ECO1AI,shortest path algorithm,خوارزمية المسار الأقصر,خوارزمية أقصر مسار,True,False,False,False,threshold
1941,A2MZEUP2ECO1AI,sim,التشابه,تشابه,True,False,False,False,threshold
1942,A2MZEUP2ECO1AI,speech synthesis model,نموذج توليف الكلام,نموذج توليد الكلام,False,False,True,False,threshold
1943,A2MZEUP2ECO1AI,squared Euclidean distance,المسافة الإقليدية التربيعية,المسافة الإقليدية المربعة,True,False,False,False,threshold
1944,A2MZEUP2ECO1AI,stance detection,الكشف عن الموقف,كشف الموقف,False,True,False,False,threshold
1945,A1XD6THGBT1T9T,shortest path algorithm,خوارزمية المسار الأقصر,خوارزمية أقصر مسار,True,False,False,False,threshold
1946,A1XD6THGBT1T9T,sim,التشابه,تشابه,True,False,False,False,threshold
1947,A1XD6THGBT1T9T,speech synthesis model,نموذج توليف الكلام,نموذج توليد الكلام,False,True,False,False,threshold
1948,A1XD6THGBT1T9T,squared Euclidean distance,المسافة الإقليدية التربيعية,المسافة الإقليدية المربعة,True,False,False,False,threshold
1949,A1XD6THGBT1T9T,stance detection,الكشف عن الموقف,كشف الموقف,True,False,False,False,threshold
1950,A11BQAB549UAEG,stochastic environment,بيئة عشوائية,البيئة العشوائية,False,True,False,False,threshold
1951,A11BQAB549UAEG,stochastic policy,سياسة عشوائية,السياسة العشوائية,False,False,False,True,threshold
1952,A11BQAB549UAEG,stop-gradient operation,عملية توقف التدرج,عملية إيقاف التدرج,False,True,False,False,threshold
1953,A11BQAB549UAEG,stopping condition,شرط التوقف,شرط الإيقاف,False,False,True,False,threshold
1954,A11BQAB549UAEG,structured prediction,التنبؤ المهيكل,التنبؤ المنظم,False,True,False,False,threshold
1955,A21X87H2GCSME0,stochastic environment,بيئة عشوائية,البيئة العشوائية,False,False,False,False,threshold
1956,A21X87H2GCSME0,stochastic policy,سياسة عشوائية,السياسة العشوائية,False,False,True,False,threshold
1957,A21X87H2GCSME0,stop-gradient operation,عملية توقف التدرج,عملية إيقاف التدرج,False,False,False,True,threshold
1958,A21X87H2GCSME0,stopping condition,شرط التوقف,شرط الإيقاف,False,False,False,True,threshold
1959,A21X87H2GCSME0,structured prediction,التنبؤ المهيكل,التنبؤ المنظم,False,False,True,False,threshold
1960,A39PWDRYNY2WM0,stochastic environment,بيئة عشوائية,البيئة العشوائية,True,False,False,False,threshold
1961,A39PWDRYNY2WM0,stochastic policy,سياسة عشوائية,السياسة العشوائية,True,False,False,False,threshold
1962,A39PWDRYNY2WM0,stop-gradient operation,عملية توقف التدرج,عملية إيقاف التدرج,False,False,True,False,threshold
1963,A39PWDRYNY2WM0,stopping condition,شرط التوقف,شرط الإيقاف,True,False,False,False,threshold
1964,A39PWDRYNY2WM0,structured prediction,التنبؤ المهيكل,التنبؤ المنظم,False,True,False,False,threshold
1965,A3OAFR48DADAOM,stochastic environment,بيئة عشوائية,البيئة العشوائية,True,False,False,False,threshold
1966,A3OAFR48DADAOM,stochastic policy,سياسة عشوائية,السياسة العشوائية,True,False,False,False,threshold
1967,A3OAFR48DADAOM,stop-gradient operation,عملية توقف التدرج,عملية إيقاف التدرج,False,False,True,False,threshold
1968,A3OAFR48DADAOM,stopping condition,شرط التوقف,شرط الإيقاف,True,False,False,False,threshold
1969,A3OAFR48DADAOM,structured prediction,التنبؤ المهيكل,التنبؤ المنظم,False,True,False,False,threshold
1970,A35H5DUMZH86PC,stochastic environment,بيئة عشوائية,البيئة العشوائية,True,False,False,False,threshold
1971,A35H5DUMZH86PC,stochastic policy,سياسة عشوائية,السياسة العشوائية,True,False,False,False,threshold
1972,A35H5DUMZH86PC,stop-gradient operation,عملية توقف التدرج,عملية إيقاف التدرج,False,False,True,False,threshold
1973,A35H5DUMZH86PC,stopping condition,شرط التوقف,شرط الإيقاف,True,False,False,False,threshold
1974,A35H5DUMZH86PC,structured prediction,التنبؤ المهيكل,التنبؤ المنظم,False,True,False,False,threshold
1975,A38SYZRVLTMOFG,suffix tree,شجرة اللاحقة,شجرة اللاحقات,False,True,False,False,threshold
1976,A38SYZRVLTMOFG,symbolic representation,التمثيل الرمزي,تمثيل رمزي,True,False,False,False,threshold
1977,A38SYZRVLTMOFG,syntactic parse,التحليل النحوي,تحليل نحوي,True,False,False,False,threshold
1978,A38SYZRVLTMOFG,synthetic dataset,مجموعة بيانات اصطناعية,مجموعة بيانات صناعية,True,False,False,False,threshold
1979,A38SYZRVLTMOFG,temperature scaling,تحجيم درجة الحرارة,تعديل درجة الحرارة,False,False,True,False,threshold
1980,A1U6UPXOFCXR24,suffix tree,شجرة اللاحقة,شجرة اللاحقات,True,False,False,False,threshold
1981,A1U6UPXOFCXR24,symbolic representation,التمثيل الرمزي,تمثيل رمزي,True,False,False,False,threshold
1982,A1U6UPXOFCXR24,syntactic parse,التحليل النحوي,تحليل نحوي,True,False,False,False,threshold
1983,A1U6UPXOFCXR24,synthetic dataset,مجموعة بيانات اصطناعية,مجموعة بيانات صناعية,True,False,False,False,threshold
1984,A1U6UPXOFCXR24,temperature scaling,تحجيم درجة الحرارة,تعديل درجة الحرارة,False,True,False,False,threshold
1985,A2YVLMI4PRDECY,suffix tree,شجرة اللاحقة,شجرة اللاحقات,False,True,False,False,threshold
1986,A2YVLMI4PRDECY,symbolic representation,التمثيل الرمزي,تمثيل رمزي,True,False,False,False,threshold
1987,A2YVLMI4PRDECY,syntactic parse,التحليل النحوي,تحليل نحوي,True,False,False,False,threshold
1988,A2YVLMI4PRDECY,synthetic dataset,مجموعة بيانات اصطناعية,مجموعة بيانات صناعية,True,False,False,False,threshold
1989,A2YVLMI4PRDECY,temperature scaling,تحجيم درجة الحرارة,تعديل درجة الحرارة,False,False,True,False,threshold
1990,A3Q32FL0WWF4KZ,suffix tree,شجرة اللاحقة,شجرة اللاحقات,True,False,False,False,threshold
1991,A3Q32FL0WWF4KZ,symbolic representation,التمثيل الرمزي,تمثيل رمزي,True,False,False,False,threshold
1992,A3Q32FL0WWF4KZ,syntactic parse,التحليل النحوي,تحليل نحوي,True,False,False,False,threshold
1993,A3Q32FL0WWF4KZ,synthetic dataset,مجموعة بيانات اصطناعية,مجموعة بيانات صناعية,False,True,False,False,threshold
1994,A3Q32FL0WWF4KZ,temperature scaling,تحجيم درجة الحرارة,تعديل درجة الحرارة,False,False,True,False,threshold
1995,A3HSZ9YLOBCCPR,suffix tree,شجرة اللاحقة,شجرة اللاحقات,True,False,False,False,threshold
1996,A3HSZ9YLOBCCPR,symbolic representation,التمثيل الرمزي,تمثيل رمزي,True,False,False,False,threshold
1997,A3HSZ9YLOBCCPR,syntactic parse,التحليل النحوي,تحليل نحوي,True,False,False,False,threshold
1998,A3HSZ9YLOBCCPR,synthetic dataset,مجموعة بيانات اصطناعية,مجموعة بيانات صناعية,True,False,False,False,threshold
1999,A3HSZ9YLOBCCPR,temperature scaling,تحجيم درجة الحرارة,تعديل درجة الحرارة,False,True,False,False,threshold
2000,A1XD6THGBT1T9T,text embedding,تضمين النص,تمثيل نصي,True,False,False,False,threshold
2001,A1XD6THGBT1T9T,text simplification,تبسيط النص,تبسيط النصوص,False,True,False,False,threshold
2002,A1XD6THGBT1T9T,token-level,مستوى الرمز المميز,مستوى الرموز,False,False,True,False,threshold
2003,A1XD6THGBT1T9T,topic proportion,نسبة الموضوعات,نسبة الموضوع,False,False,True,False,threshold
2004,A1XD6THGBT1T9T,topic weight,وزن الموضوعات,وزن الموضوع,False,False,True,False,threshold
2005,A3OAFR48DADAOM,text embedding,تضمين النص,تمثيل نصي,True,False,False,False,threshold
2006,A3OAFR48DADAOM,text simplification,تبسيط النص,تبسيط النصوص,True,False,False,False,threshold
2007,A3OAFR48DADAOM,token-level,مستوى الرمز المميز,مستوى الرموز,False,False,True,False,threshold
2008,A3OAFR48DADAOM,topic proportion,نسبة الموضوعات,نسبة الموضوع,False,False,True,False,threshold
2009,A3OAFR48DADAOM,topic weight,وزن الموضوعات,وزن الموضوع,True,False,False,False,threshold
2010,A3HSZ9YLOBCCPR,text embedding,تضمين النص,تمثيل نصي,False,True,False,False,threshold
2011,A3HSZ9YLOBCCPR,text simplification,تبسيط النص,تبسيط النصوص,False,True,False,False,threshold
2012,A3HSZ9YLOBCCPR,token-level,مستوى الرمز المميز,مستوى الرموز,False,False,True,False,threshold
2013,A3HSZ9YLOBCCPR,topic proportion,نسبة الموضوعات,نسبة الموضوع,False,True,False,False,threshold
2014,A3HSZ9YLOBCCPR,topic weight,وزن الموضوعات,وزن الموضوع,True,False,False,False,threshold
2015,A11JXYZDAUX0UP,text embedding,تضمين النص,تمثيل نصي,False,False,True,False,threshold
2016,A11JXYZDAUX0UP,text simplification,تبسيط النص,تبسيط النصوص,True,False,False,False,threshold
2017,A11JXYZDAUX0UP,token-level,مستوى الرمز المميز,مستوى الرموز,False,False,True,False,threshold
2018,A11JXYZDAUX0UP,topic proportion,نسبة الموضوعات,نسبة الموضوع,False,False,True,False,threshold
2019,A11JXYZDAUX0UP,topic weight,وزن الموضوعات,وزن الموضوع,True,False,False,False,threshold
2020,A2DAZGA8XO0RQ6,text embedding,تضمين النص,تمثيل نصي,False,False,True,False,threshold
2021,A2DAZGA8XO0RQ6,text simplification,تبسيط النص,تبسيط النصوص,False,False,True,False,threshold
2022,A2DAZGA8XO0RQ6,token-level,مستوى الرمز المميز,مستوى الرموز,False,True,False,False,threshold
2023,A2DAZGA8XO0RQ6,topic proportion,نسبة الموضوعات,نسبة الموضوع,False,False,False,True,threshold
2024,A2DAZGA8XO0RQ6,topic weight,وزن الموضوعات,وزن الموضوع,False,False,True,False,threshold
2025,A11BQAB549UAEG,toxicity detection,اكتشاف السمية,كشف السمية,False,True,False,False,threshold
2026,A11BQAB549UAEG,train / test / dev split,تقسيم التدريب / الاختبار / التحقق,تقسيم التدريب / الاختبار / التطوير,False,False,True,False,threshold
2027,A11BQAB549UAEG,training procedure,إجراءات التدريب,إجراء التدريب,False,True,False,False,threshold
2028,A11BQAB549UAEG,training task,مهمة تدريب,مهمة التدريب,False,False,True,False,threshold
2029,A11BQAB549UAEG,training token,توكن التدريب,رمز التدريب,False,False,True,False,threshold
2030,A1G4DX33KADZA3,toxicity detection,اكتشاف السمية,كشف السمية,False,False,False,False,threshold
2031,A1G4DX33KADZA3,train / test / dev split,تقسيم التدريب / الاختبار / التحقق,تقسيم التدريب / الاختبار / التطوير,False,False,False,True,threshold
2032,A1G4DX33KADZA3,training procedure,إجراءات التدريب,إجراء التدريب,False,False,True,False,threshold
2033,A1G4DX33KADZA3,training task,مهمة تدريب,مهمة التدريب,False,False,True,False,threshold
2034,A1G4DX33KADZA3,training token,توكن التدريب,رمز التدريب,False,False,False,True,threshold
2035,A3Q32FL0WWF4KZ,toxicity detection,اكتشاف السمية,كشف السمية,True,False,False,False,threshold
2036,A3Q32FL0WWF4KZ,train / test / dev split,تقسيم التدريب / الاختبار / التحقق,تقسيم التدريب / الاختبار / التطوير,False,True,False,False,threshold
2037,A3Q32FL0WWF4KZ,training procedure,إجراءات التدريب,إجراء التدريب,True,False,False,False,threshold
2038,A3Q32FL0WWF4KZ,training task,مهمة تدريب,مهمة التدريب,True,False,False,False,threshold
2039,A3Q32FL0WWF4KZ,training token,توكن التدريب,رمز التدريب,False,False,True,False,threshold
2040,A2P8U65V6NL7B5,toxicity detection,اكتشاف السمية,كشف السمية,True,False,False,False,threshold
2041,A2P8U65V6NL7B5,train / test / dev split,تقسيم التدريب / الاختبار / التحقق,تقسيم التدريب / الاختبار / التطوير,True,False,False,False,threshold
2042,A2P8U65V6NL7B5,training procedure,إجراءات التدريب,إجراء التدريب,False,True,False,False,threshold
2043,A2P8U65V6NL7B5,training task,مهمة تدريب,مهمة التدريب,True,False,False,False,threshold
2044,A2P8U65V6NL7B5,training token,توكن التدريب,رمز التدريب,False,True,False,False,threshold
2045,A17XFP2W4ZWYAT,toxicity detection,اكتشاف السمية,كشف السمية,False,False,True,False,threshold
2046,A17XFP2W4ZWYAT,train / test / dev split,تقسيم التدريب / الاختبار / التحقق,تقسيم التدريب / الاختبار / التطوير,False,False,True,False,threshold
2047,A17XFP2W4ZWYAT,training procedure,إجراءات التدريب,إجراء التدريب,False,False,False,True,threshold
2048,A17XFP2W4ZWYAT,training task,مهمة تدريب,مهمة التدريب,False,False,True,False,threshold
2049,A17XFP2W4ZWYAT,training token,توكن التدريب,رمز التدريب,False,False,True,False,threshold
2050,A2DBRVROZ9PMUM,trajectory forecasting,تنبؤ المسار,توقع المسار,False,True,False,False,threshold
2051,A2DBRVROZ9PMUM,unsupervised method,طريقة غير خاضعة للإشراف,الطريقة غير المراقبة,True,False,False,False,threshold
2052,A2DBRVROZ9PMUM,validation split,تقسيم التحقق من الصحة,تقسيم التحقق,False,False,False,True,threshold
2053,A2DBRVROZ9PMUM,vector space model,نموذج الفضاء المتجهي,نموذج فضاء المتجهات,False,False,True,False,threshold
2054,A2DBRVROZ9PMUM,vector space representation,تمثيل الفضاء المتجه,تمثيل فضاء المتجهات,True,False,False,False,threshold
2055,A198MZX1B7ZOPY,trajectory forecasting,تنبؤ المسار,توقع المسار,False,True,False,False,threshold
2056,A198MZX1B7ZOPY,unsupervised method,طريقة غير خاضعة للإشراف,الطريقة غير المراقبة,True,False,False,False,threshold
2057,A198MZX1B7ZOPY,validation split,تقسيم التحقق من الصحة,تقسيم التحقق,False,True,False,False,threshold
2058,A198MZX1B7ZOPY,vector space model,نموذج الفضاء المتجهي,نموذج فضاء المتجهات,True,False,False,False,threshold
2059,A198MZX1B7ZOPY,vector space representation,تمثيل الفضاء المتجه,تمثيل فضاء المتجهات,False,True,False,False,threshold
2060,AC4I7XU10MQXK,trajectory forecasting,تنبؤ المسار,توقع المسار,True,False,False,False,threshold
2061,AC4I7XU10MQXK,unsupervised method,طريقة غير خاضعة للإشراف,الطريقة غير المراقبة,False,True,False,False,threshold
2062,AC4I7XU10MQXK,validation split,تقسيم التحقق من الصحة,تقسيم التحقق,True,False,False,False,threshold
2063,AC4I7XU10MQXK,vector space model,نموذج الفضاء المتجهي,نموذج فضاء المتجهات,False,False,True,False,threshold
2064,AC4I7XU10MQXK,vector space representation,تمثيل الفضاء المتجه,تمثيل فضاء المتجهات,False,False,True,False,threshold
2065,A251BWQW2F81FT,trajectory forecasting,تنبؤ المسار,توقع المسار,False,False,True,False,threshold
2066,A251BWQW2F81FT,unsupervised method,طريقة غير خاضعة للإشراف,الطريقة غير المراقبة,True,False,False,False,threshold
2067,A251BWQW2F81FT,validation split,تقسيم التحقق من الصحة,تقسيم التحقق,False,True,False,False,threshold
2068,A251BWQW2F81FT,vector space model,نموذج الفضاء المتجهي,نموذج فضاء المتجهات,True,False,False,False,threshold
2069,A251BWQW2F81FT,vector space representation,تمثيل الفضاء المتجه,تمثيل فضاء المتجهات,True,False,False,False,threshold
2070,A2D6SB3TU1NYQ7,trajectory forecasting,تنبؤ المسار,توقع المسار,True,False,False,False,threshold
2071,A2D6SB3TU1NYQ7,unsupervised method,طريقة غير خاضعة للإشراف,الطريقة غير المراقبة,True,False,False,False,threshold
2072,A2D6SB3TU1NYQ7,validation split,تقسيم التحقق من الصحة,تقسيم التحقق,False,True,False,False,threshold
2073,A2D6SB3TU1NYQ7,vector space model,نموذج الفضاء المتجهي,نموذج فضاء المتجهات,False,False,True,False,threshold
2074,A2D6SB3TU1NYQ7,vector space representation,تمثيل الفضاء المتجه,تمثيل فضاء المتجهات,True,False,False,False,threshold
2075,A11BQAB549UAEG,voxel-based representation,تمثيل قائم على فوكسل,تمثيل قائم على الفوكسل,False,True,False,False,threshold
2076,A11BQAB549UAEG,zero-shot learning,التعلم بدون أمثلة سابقة,التعلم بدون أمثلة,False,False,True,False,threshold
2077,A11BQAB549UAEG,3D object detection,الكشف عن الأجسام ثلاثية الأبعاد,كشف الأجسام ثلاثية الأبعاد,False,True,False,False,threshold
2078,A11BQAB549UAEG,Baseline,خط الأساس,الأساس,False,True,False,False,threshold
2079,A11BQAB549UAEG,Bayesian method,الأساليب البايزية,الطريقة البايزية,False,False,True,False,threshold
2080,A10A7EZUXBD0II,voxel-based representation,تمثيل قائم على فوكسل,تمثيل قائم على الفوكسل,False,True,False,False,threshold
2081,A10A7EZUXBD0II,zero-shot learning,التعلم بدون أمثلة سابقة,التعلم بدون أمثلة,False,True,False,False,threshold
2082,A10A7EZUXBD0II,3D object detection,الكشف عن الأجسام ثلاثية الأبعاد,كشف الأجسام ثلاثية الأبعاد,True,False,False,False,threshold
2083,A10A7EZUXBD0II,Baseline,خط الأساس,الأساس,False,True,False,False,threshold
2084,A10A7EZUXBD0II,Bayesian method,الأساليب البايزية,الطريقة البايزية,False,False,True,False,threshold
2085,A3OAFR48DADAOM,voxel-based representation,تمثيل قائم على فوكسل,تمثيل قائم على الفوكسل,False,False,True,False,threshold
2086,A3OAFR48DADAOM,zero-shot learning,التعلم بدون أمثلة سابقة,التعلم بدون أمثلة,True,False,False,False,threshold
2087,A3OAFR48DADAOM,3D object detection,الكشف عن الأجسام ثلاثية الأبعاد,كشف الأجسام ثلاثية الأبعاد,True,False,False,False,threshold
2088,A3OAFR48DADAOM,Baseline,خط الأساس,الأساس,False,True,False,False,threshold
2089,A3OAFR48DADAOM,Bayesian method,الأساليب البايزية,الطريقة البايزية,False,True,False,False,threshold
2090,A3IG9HHR3NL9R0,voxel-based representation,تمثيل قائم على فوكسل,تمثيل قائم على الفوكسل,False,False,True,False,threshold
2091,A3IG9HHR3NL9R0,zero-shot learning,التعلم بدون أمثلة سابقة,التعلم بدون أمثلة,False,True,False,False,threshold
2092,A3IG9HHR3NL9R0,3D object detection,الكشف عن الأجسام ثلاثية الأبعاد,كشف الأجسام ثلاثية الأبعاد,True,False,False,False,threshold
2093,A3IG9HHR3NL9R0,Baseline,خط الأساس,الأساس,False,True,False,False,threshold
2094,A3IG9HHR3NL9R0,Bayesian method,الأساليب البايزية,الطريقة البايزية,True,False,False,False,threshold
2095,A38UI9ED6CTEUZ,voxel-based representation,تمثيل قائم على فوكسل,تمثيل قائم على الفوكسل,False,False,True,False,threshold
2096,A38UI9ED6CTEUZ,zero-shot learning,التعلم بدون أمثلة سابقة,التعلم بدون أمثلة,False,False,True,False,threshold
2097,A38UI9ED6CTEUZ,3D object detection,الكشف عن الأجسام ثلاثية الأبعاد,كشف الأجسام ثلاثية الأبعاد,False,False,False,True,threshold
2098,A38UI9ED6CTEUZ,Baseline,خط الأساس,الأساس,False,False,True,False,threshold
2099,A38UI9ED6CTEUZ,Bayesian method,الأساليب البايزية,الطريقة البايزية,False,False,False,True,threshold
2100,A1G4DX33KADZA3,Cholesky factorization,تحليل تشوليسكي,تحليل شولي,False,False,True,False,threshold
2101,A1G4DX33KADZA3,Gaussian Mixture Model,نموذج الخليط الغاوسي,نموذج المزيج الغاوسي,False,False,False,False,threshold
2102,A1G4DX33KADZA3,Kalman filter,فلتر كالمان,مرشح كالمان,False,False,False,True,threshold
2103,A1G4DX33KADZA3,Krippendorff's α,α لكريبندورف,ألفا كريبندورف,False,False,True,False,threshold
2104,A1G4DX33KADZA3,Local Consistency,الاتساق المحلي,التناسق المحلي,False,False,True,False,threshold
2105,A2C5HSMKN7QDM8,Cholesky factorization,تحليل تشوليسكي,تحليل شولي,False,True,False,False,threshold
2106,A2C5HSMKN7QDM8,Gaussian Mixture Model,نموذج الخليط الغاوسي,نموذج المزيج الغاوسي,True,False,False,False,threshold
2107,A2C5HSMKN7QDM8,Kalman filter,فلتر كالمان,مرشح كالمان,False,False,True,False,threshold
2108,A2C5HSMKN7QDM8,Krippendorff's α,α لكريبندورف,ألفا كريبندورف,False,False,True,False,threshold
2109,A2C5HSMKN7QDM8,Local Consistency,الاتساق المحلي,التناسق المحلي,False,True,False,False,threshold
2110,A3Q32FL0WWF4KZ,Cholesky factorization,تحليل تشوليسكي,تحليل شولي,False,True,False,False,threshold
2111,A3Q32FL0WWF4KZ,Gaussian Mixture Model,نموذج الخليط الغاوسي,نموذج المزيج الغاوسي,True,False,False,False,threshold
2112,A3Q32FL0WWF4KZ,Kalman filter,فلتر كالمان,مرشح كالمان,True,False,False,False,threshold
2113,A3Q32FL0WWF4KZ,Krippendorff's α,α لكريبندورف,ألفا كريبندورف,False,True,False,False,threshold
2114,A3Q32FL0WWF4KZ,Local Consistency,الاتساق المحلي,التناسق المحلي,True,False,False,False,threshold
2115,A2D6SB3TU1NYQ7,Cholesky factorization,تحليل تشوليسكي,تحليل شولي,True,False,False,False,threshold
2116,A2D6SB3TU1NYQ7,Gaussian Mixture Model,نموذج الخليط الغاوسي,نموذج المزيج الغاوسي,True,False,False,False,threshold
2117,A2D6SB3TU1NYQ7,Kalman filter,فلتر كالمان,مرشح كالمان,True,False,False,False,threshold
2118,A2D6SB3TU1NYQ7,Krippendorff's α,α لكريبندورف,ألفا كريبندورف,True,False,False,False,threshold
2119,A2D6SB3TU1NYQ7,Local Consistency,الاتساق المحلي,التناسق المحلي,True,False,False,False,threshold
2120,ASVJ75M0TNT6Z,Cholesky factorization,تحليل تشوليسكي,تحليل شولي,False,False,False,True,threshold
2121,ASVJ75M0TNT6Z,Gaussian Mixture Model,نموذج الخليط الغاوسي,نموذج المزيج الغاوسي,False,False,True,False,threshold
2122,ASVJ75M0TNT6Z,Kalman filter,فلتر كالمان,مرشح كالمان,False,False,False,True,threshold
2123,ASVJ75M0TNT6Z,Krippendorff's α,α لكريبندورف,ألفا كريبندورف,False,False,True,False,threshold
2124,ASVJ75M0TNT6Z,Local Consistency,الاتساق المحلي,التناسق المحلي,False,False,True,False,threshold
2125,A3AHE81HVRXFCD,Monte Carlo estimator,مُقدِّر مونت كارلو,مقدر مونت كارلو,True,False,False,False,threshold
2126,A3AHE81HVRXFCD,Q value,قيمة كيو,قيمة Q,True,False,False,False,threshold
2127,A3AHE81HVRXFCD,Structure from motion,البنية من الحركة,الهيكل من الحركة,False,True,False,False,threshold
2128,A3AHE81HVRXFCD,Tucker decomposition,تحليل تاكر,تحليل توكر,False,True,False,False,threshold
2129,A3AHE81HVRXFCD,Vertex Cover,غطاء فيرتكس,تغطية الرؤوس,False,False,True,False,threshold
2130,A38SYZRVLTMOFG,Monte Carlo estimator,مُقدِّر مونت كارلو,مقدر مونت كارلو,True,False,False,False,threshold
2131,A38SYZRVLTMOFG,Q value,قيمة كيو,قيمة Q,True,False,False,False,threshold
2132,A38SYZRVLTMOFG,Structure from motion,البنية من الحركة,الهيكل من الحركة,False,False,False,True,threshold
2133,A38SYZRVLTMOFG,Tucker decomposition,تحليل تاكر,تحليل توكر,False,True,False,False,threshold
2134,A38SYZRVLTMOFG,Vertex Cover,غطاء فيرتكس,تغطية الرؤوس,False,False,True,False,threshold
2135,AG9MLSV2QCVD4,Monte Carlo estimator,مُقدِّر مونت كارلو,مقدر مونت كارلو,True,False,False,False,threshold
2136,AG9MLSV2QCVD4,Q value,قيمة كيو,قيمة Q,True,False,False,False,threshold
2137,AG9MLSV2QCVD4,Structure from motion,البنية من الحركة,الهيكل من الحركة,False,True,False,False,threshold
2138,AG9MLSV2QCVD4,Tucker decomposition,تحليل تاكر,تحليل توكر,False,True,False,False,threshold
2139,AG9MLSV2QCVD4,Vertex Cover,غطاء فيرتكس,تغطية الرؤوس,False,False,True,False,threshold
2140,A3OAFR48DADAOM,Monte Carlo estimator,مُقدِّر مونت كارلو,مقدر مونت كارلو,True,False,False,False,threshold
2141,A3OAFR48DADAOM,Q value,قيمة كيو,قيمة Q,True,False,False,False,threshold
2142,A3OAFR48DADAOM,Structure from motion,البنية من الحركة,الهيكل من الحركة,False,False,True,False,threshold
2143,A3OAFR48DADAOM,Tucker decomposition,تحليل تاكر,تحليل توكر,False,True,False,False,threshold
2144,A3OAFR48DADAOM,Vertex Cover,غطاء فيرتكس,تغطية الرؤوس,False,False,True,False,threshold
2145,AQWQPE8JO0M04,Monte Carlo estimator,مُقدِّر مونت كارلو,مقدر مونت كارلو,True,False,False,False,threshold
2146,AQWQPE8JO0M04,Q value,قيمة كيو,قيمة Q,False,True,False,False,threshold
2147,AQWQPE8JO0M04,Structure from motion,البنية من الحركة,الهيكل من الحركة,False,False,False,False,threshold
2148,AQWQPE8JO0M04,Tucker decomposition,تحليل تاكر,تحليل توكر,False,False,True,False,threshold
2149,AQWQPE8JO0M04,Vertex Cover,غطاء فيرتكس,تغطية الرؤوس,True,False,False,False,threshold
2150,A2DAZGA8XO0RQ6,bag-of-word,حقيبة كلمات,حقيبة الكلمات,False,False,True,False,threshold
2151,A2DAZGA8XO0RQ6,beta1,بيتا 1,بيتا1,False,True,False,False,threshold
2152,A2DAZGA8XO0RQ6,bias parameter,معلمة التحيز,معامل التحيز,False,False,True,False,threshold
2153,A2DAZGA8XO0RQ6,binary vector,المتجه الثنائي,متجه ثنائي,False,True,False,False,threshold
2154,A2DAZGA8XO0RQ6,bipartite structure,البنية ثنائية الأقسام,الهيكل الثنائي,False,False,True,False,threshold
2155,A38SYZRVLTMOFG,bag-of-word,حقيبة كلمات,حقيبة الكلمات,True,False,False,False,threshold
2156,A38SYZRVLTMOFG,beta1,بيتا 1,بيتا1,True,False,False,False,threshold
2157,A38SYZRVLTMOFG,bias parameter,معلمة التحيز,معامل التحيز,True,False,False,False,threshold
2158,A38SYZRVLTMOFG,binary vector,المتجه الثنائي,متجه ثنائي,True,False,False,False,threshold
2159,A38SYZRVLTMOFG,bipartite structure,البنية ثنائية الأقسام,الهيكل الثنائي,False,True,False,False,threshold
2160,A2MZEUP2ECO1AI,bag-of-word,حقيبة كلمات,حقيبة الكلمات,False,False,True,False,threshold
2161,A2MZEUP2ECO1AI,beta1,بيتا 1,بيتا1,True,False,False,False,threshold
2162,A2MZEUP2ECO1AI,bias parameter,معلمة التحيز,معامل التحيز,False,True,False,False,threshold
2163,A2MZEUP2ECO1AI,binary vector,المتجه الثنائي,متجه ثنائي,True,False,False,False,threshold
2164,A2MZEUP2ECO1AI,bipartite structure,البنية ثنائية الأقسام,الهيكل الثنائي,False,True,False,False,threshold
2165,A251BWQW2F81FT,bag-of-word,حقيبة كلمات,حقيبة الكلمات,False,False,True,False,threshold
2166,A251BWQW2F81FT,beta1,بيتا 1,بيتا1,True,False,False,False,threshold
2167,A251BWQW2F81FT,bias parameter,معلمة التحيز,معامل التحيز,False,False,True,False,threshold
2168,A251BWQW2F81FT,binary vector,المتجه الثنائي,متجه ثنائي,True,False,False,False,threshold
2169,A251BWQW2F81FT,bipartite structure,البنية ثنائية الأقسام,الهيكل الثنائي,False,True,False,False,threshold
2170,A2YVLMI4PRDECY,bag-of-word,حقيبة كلمات,حقيبة الكلمات,False,False,True,False,threshold
2171,A2YVLMI4PRDECY,beta1,بيتا 1,بيتا1,True,False,False,False,threshold
2172,A2YVLMI4PRDECY,bias parameter,معلمة التحيز,معامل التحيز,True,False,False,False,threshold
2173,A2YVLMI4PRDECY,binary vector,المتجه الثنائي,متجه ثنائي,True,False,False,False,threshold
2174,A2YVLMI4PRDECY,bipartite structure,البنية ثنائية الأقسام,الهيكل الثنائي,False,True,False,False,threshold
2175,A11BQAB549UAEG,bootstrap learning,تعلم البوتستراب,تعلم التمهيد,False,True,False,False,threshold
2176,A11BQAB549UAEG,camera pose estimation,تقدير وضعية الكاميرا,تقدير وضع الكاميرا,False,False,True,False,threshold
2177,A11BQAB549UAEG,capsule network,شبكة الكبسولات,شبكة الكبسولة,False,False,True,False,threshold
2178,A11BQAB549UAEG,causal theory,النظرية السببية,نظرية السببية,False,True,False,False,threshold
2179,A11BQAB549UAEG,chart parser,محلل المخططات,محلل الرسم البياني,False,False,True,False,threshold
2180,A3AHE81HVRXFCD,bootstrap learning,تعلم البوتستراب,تعلم التمهيد,False,True,False,False,threshold
2181,A3AHE81HVRXFCD,camera pose estimation,تقدير وضعية الكاميرا,تقدير وضع الكاميرا,True,False,False,False,threshold
2182,A3AHE81HVRXFCD,capsule network,شبكة الكبسولات,شبكة الكبسولة,True,False,False,False,threshold
2183,A3AHE81HVRXFCD,causal theory,النظرية السببية,نظرية السببية,False,True,False,False,threshold
2184,A3AHE81HVRXFCD,chart parser,محلل المخططات,محلل الرسم البياني,False,False,True,False,threshold
2185,A3EKM55NFX1H6B,bootstrap learning,تعلم البوتستراب,تعلم التمهيد,False,True,False,False,threshold
2186,A3EKM55NFX1H6B,camera pose estimation,تقدير وضعية الكاميرا,تقدير وضع الكاميرا,True,False,False,False,threshold
2187,A3EKM55NFX1H6B,capsule network,شبكة الكبسولات,شبكة الكبسولة,False,True,False,False,threshold
2188,A3EKM55NFX1H6B,causal theory,النظرية السببية,نظرية السببية,True,False,False,False,threshold
2189,A3EKM55NFX1H6B,chart parser,محلل المخططات,محلل الرسم البياني,True,False,False,False,threshold
2190,A1PG4NZUVQMZUI,bootstrap learning,تعلم البوتستراب,تعلم التمهيد,False,True,False,False,threshold
2191,A1PG4NZUVQMZUI,camera pose estimation,تقدير وضعية الكاميرا,تقدير وضع الكاميرا,True,False,False,False,threshold
2192,A1PG4NZUVQMZUI,capsule network,شبكة الكبسولات,شبكة الكبسولة,False,True,False,False,threshold
2193,A1PG4NZUVQMZUI,causal theory,النظرية السببية,نظرية السببية,True,False,False,False,threshold
2194,A1PG4NZUVQMZUI,chart parser,محلل المخططات,محلل الرسم البياني,True,False,False,False,threshold
2195,A3HSZ9YLOBCCPR,bootstrap learning,تعلم البوتستراب,تعلم التمهيد,False,True,False,False,threshold
2196,A3HSZ9YLOBCCPR,camera pose estimation,تقدير وضعية الكاميرا,تقدير وضع الكاميرا,True,False,False,False,threshold
2197,A3HSZ9YLOBCCPR,capsule network,شبكة الكبسولات,شبكة الكبسولة,False,True,False,False,threshold
2198,A3HSZ9YLOBCCPR,causal theory,النظرية السببية,نظرية السببية,True,False,False,False,threshold
2199,A3HSZ9YLOBCCPR,chart parser,محلل المخططات,محلل الرسم البياني,False,False,True,False,threshold
2200,ASVJ75M0TNT6Z,codebook,كتاب الشيفرات,كتاب الرموز,False,True,False,False,threshold
2201,ASVJ75M0TNT6Z,concept assertion,إثبات مفهوم,تأكيد المفهوم,False,False,True,False,threshold
2202,ASVJ75M0TNT6Z,conversation history,تاريخ المحادثة,سجل المحادثة,False,False,False,True,threshold
2203,ASVJ75M0TNT6Z,cross entropy error,خطأ الإنتروبيا المتقاطعة,خطأ الانتروبيا المتقاطعة,False,True,False,False,threshold
2204,ASVJ75M0TNT6Z,dependency parser,محلل التبعيات,محلل التبعية,True,False,False,False,threshold
2205,A1XD6THGBT1T9T,codebook,كتاب الشيفرات,كتاب الرموز,True,False,False,False,threshold
2206,A1XD6THGBT1T9T,concept assertion,إثبات مفهوم,تأكيد المفهوم,True,False,False,False,threshold
2207,A1XD6THGBT1T9T,conversation history,تاريخ المحادثة,سجل المحادثة,True,False,False,False,threshold
2208,A1XD6THGBT1T9T,cross entropy error,خطأ الإنتروبيا المتقاطعة,خطأ الانتروبيا المتقاطعة,True,False,False,False,threshold
2209,A1XD6THGBT1T9T,dependency parser,محلل التبعيات,محلل التبعية,True,False,False,False,threshold
2210,AC4I7XU10MQXK,codebook,كتاب الشيفرات,كتاب الرموز,True,False,False,False,threshold
2211,AC4I7XU10MQXK,concept assertion,إثبات مفهوم,تأكيد المفهوم,False,False,True,False,threshold
2212,AC4I7XU10MQXK,conversation history,تاريخ المحادثة,سجل المحادثة,True,False,False,False,threshold
2213,AC4I7XU10MQXK,cross entropy error,خطأ الإنتروبيا المتقاطعة,خطأ الانتروبيا المتقاطعة,True,False,False,False,threshold
2214,AC4I7XU10MQXK,dependency parser,محلل التبعيات,محلل التبعية,True,False,False,False,threshold
2215,A2YVLMI4PRDECY,codebook,كتاب الشيفرات,كتاب الرموز,True,False,False,False,threshold
2216,A2YVLMI4PRDECY,concept assertion,إثبات مفهوم,تأكيد المفهوم,False,False,True,False,threshold
2217,A2YVLMI4PRDECY,conversation history,تاريخ المحادثة,سجل المحادثة,True,False,False,False,threshold
2218,A2YVLMI4PRDECY,cross entropy error,خطأ الإنتروبيا المتقاطعة,خطأ الانتروبيا المتقاطعة,True,False,False,False,threshold
2219,A2YVLMI4PRDECY,dependency parser,محلل التبعيات,محلل التبعية,False,True,False,False,threshold
2220,A3MDTRJTDIDNX,codebook,كتاب الشيفرات,كتاب الرموز,True,False,False,False,threshold
2221,A3MDTRJTDIDNX,concept assertion,إثبات مفهوم,تأكيد المفهوم,False,False,True,False,threshold
2222,A3MDTRJTDIDNX,conversation history,تاريخ المحادثة,سجل المحادثة,True,False,False,False,threshold
2223,A3MDTRJTDIDNX,cross entropy error,خطأ الإنتروبيا المتقاطعة,خطأ الانتروبيا المتقاطعة,True,False,False,False,threshold
2224,A3MDTRJTDIDNX,dependency parser,محلل التبعيات,محلل التبعية,True,False,False,False,threshold
2225,A1M151WPTX57PC,depth estimator,مُقدّر العمق,مقدر العمق,True,False,False,False,threshold
2226,A1M151WPTX57PC,dimensionality reduction,تخفيض الأبعاد,تقليل الأبعاد,False,True,False,False,threshold
2227,A1M151WPTX57PC,discount factor,معامل الخصم,عامل الخصم,False,True,False,False,threshold
2228,A1M151WPTX57PC,discriminant analysis,التحليل التمييزي,تحليل التمييز,False,True,False,False,threshold
2229,A1M151WPTX57PC,dual variable,المتغير المزدوج,المتغير الثنائي,False,False,True,False,threshold
2230,A3EKM55NFX1H6B,depth estimator,مُقدّر العمق,مقدر العمق,True,False,False,False,threshold
2231,A3EKM55NFX1H6B,dimensionality reduction,تخفيض الأبعاد,تقليل الأبعاد,True,False,False,False,threshold
2232,A3EKM55NFX1H6B,discount factor,معامل الخصم,عامل الخصم,True,False,False,False,threshold
2233,A3EKM55NFX1H6B,discriminant analysis,التحليل التمييزي,تحليل التمييز,False,True,False,False,threshold
2234,A3EKM55NFX1H6B,dual variable,المتغير المزدوج,المتغير الثنائي,True,False,False,False,threshold
2235,A1KYZPQ0T7WECC,depth estimator,مُقدّر العمق,مقدر العمق,True,False,False,False,threshold
2236,A1KYZPQ0T7WECC,dimensionality reduction,تخفيض الأبعاد,تقليل الأبعاد,True,False,False,False,threshold
2237,A1KYZPQ0T7WECC,discount factor,معامل الخصم,عامل الخصم,True,False,False,False,threshold
2238,A1KYZPQ0T7WECC,discriminant analysis,التحليل التمييزي,تحليل التمييز,False,True,False,False,threshold
2239,A1KYZPQ0T7WECC,dual variable,المتغير المزدوج,المتغير الثنائي,False,True,False,False,threshold
2240,A38SYZRVLTMOFG,depth estimator,مُقدّر العمق,مقدر العمق,True,False,False,False,threshold
2241,A38SYZRVLTMOFG,dimensionality reduction,تخفيض الأبعاد,تقليل الأبعاد,True,False,False,False,threshold
2242,A38SYZRVLTMOFG,discount factor,معامل الخصم,عامل الخصم,True,False,False,False,threshold
2243,A38SYZRVLTMOFG,discriminant analysis,التحليل التمييزي,تحليل التمييز,False,True,False,False,threshold
2244,A38SYZRVLTMOFG,dual variable,المتغير المزدوج,المتغير الثنائي,True,False,False,False,threshold
2245,A3QIWEQXAGMGD,depth estimator,مُقدّر العمق,مقدر العمق,True,False,False,False,threshold
2246,A3QIWEQXAGMGD,dimensionality reduction,تخفيض الأبعاد,تقليل الأبعاد,True,False,False,False,threshold
2247,A3QIWEQXAGMGD,discount factor,معامل الخصم,عامل الخصم,False,True,False,False,threshold
2248,A3QIWEQXAGMGD,discriminant analysis,التحليل التمييزي,تحليل التمييز,False,True,False,False,threshold
2249,A3QIWEQXAGMGD,dual variable,المتغير المزدوج,المتغير الثنائي,True,False,False,False,threshold
2250,A11BQAB549UAEG,early fusion,الانصهار المبكر,الدمج المبكر,False,True,False,False,threshold
2251,A11BQAB549UAEG,early stopping,التوقف المبكر,الإيقاف المبكر,False,False,True,False,threshold
2252,A11BQAB549UAEG,empirical frequency,التردد التجريبي,التكرار التجريبي,False,True,False,False,threshold
2253,A11BQAB549UAEG,energy minimization framework,إطار عمل تقليل الطاقة,إطار تقليل الطاقة,False,False,True,False,threshold
2254,A11BQAB549UAEG,feature hierarchy,التسلسل الهرمي للميزات,تسلسل الميزات,False,True,False,False,threshold
2255,A2IFN9328HNXWC,early fusion,الانصهار المبكر,الدمج المبكر,False,False,True,False,threshold
2256,A2IFN9328HNXWC,early stopping,التوقف المبكر,الإيقاف المبكر,True,False,False,False,threshold
2257,A2IFN9328HNXWC,empirical frequency,التردد التجريبي,التكرار التجريبي,True,False,False,False,threshold
2258,A2IFN9328HNXWC,energy minimization framework,إطار عمل تقليل الطاقة,إطار تقليل الطاقة,False,True,False,False,threshold
2259,A2IFN9328HNXWC,feature hierarchy,التسلسل الهرمي للميزات,تسلسل الميزات,False,True,False,False,threshold
2260,A1PG4NZUVQMZUI,early fusion,الانصهار المبكر,الدمج المبكر,True,False,False,False,threshold
2261,A1PG4NZUVQMZUI,early stopping,التوقف المبكر,الإيقاف المبكر,True,False,False,False,threshold
2262,A1PG4NZUVQMZUI,empirical frequency,التردد التجريبي,التكرار التجريبي,True,False,False,False,threshold
2263,A1PG4NZUVQMZUI,energy minimization framework,إطار عمل تقليل الطاقة,إطار تقليل الطاقة,False,True,False,False,threshold
2264,A1PG4NZUVQMZUI,feature hierarchy,التسلسل الهرمي للميزات,تسلسل الميزات,False,True,False,False,threshold
2265,A2FXDEKCCUT9OJ,early fusion,الانصهار المبكر,الدمج المبكر,True,False,False,False,threshold
2266,A2FXDEKCCUT9OJ,early stopping,التوقف المبكر,الإيقاف المبكر,True,False,False,False,threshold
2267,A2FXDEKCCUT9OJ,empirical frequency,التردد التجريبي,التكرار التجريبي,False,True,False,False,threshold
2268,A2FXDEKCCUT9OJ,energy minimization framework,إطار عمل تقليل الطاقة,إطار تقليل الطاقة,True,False,False,False,threshold
2269,A2FXDEKCCUT9OJ,feature hierarchy,التسلسل الهرمي للميزات,تسلسل الميزات,False,True,False,False,threshold
2270,A1XD6THGBT1T9T,early fusion,الانصهار المبكر,الدمج المبكر,True,False,False,False,threshold
2271,A1XD6THGBT1T9T,early stopping,التوقف المبكر,الإيقاف المبكر,True,False,False,False,threshold
2272,A1XD6THGBT1T9T,empirical frequency,التردد التجريبي,التكرار التجريبي,True,False,False,False,threshold
2273,A1XD6THGBT1T9T,energy minimization framework,إطار عمل تقليل الطاقة,إطار تقليل الطاقة,True,False,False,False,threshold
2274,A1XD6THGBT1T9T,feature hierarchy,التسلسل الهرمي للميزات,تسلسل الميزات,False,True,False,False,threshold
2275,ASVJ75M0TNT6Z,image generation,توليد الصور,توليد الصورة,False,False,True,False,threshold
2276,ASVJ75M0TNT6Z,input image,الصورة المدخلة,صورة الإدخال,False,True,False,False,threshold
2277,ASVJ75M0TNT6Z,joint probability matrix,مصفوفة الاحتمالات المشتركة,مصفوفة الاحتمال المشترك,False,False,True,False,threshold
2278,ASVJ75M0TNT6Z,linearization,التحسين الخطي,خطية,False,True,False,False,threshold
2279,ASVJ75M0TNT6Z,logit,لوغيت,اللوغيت,False,False,False,True,threshold
2280,A1G4DX33KADZA3,image generation,توليد الصور,توليد الصورة,False,False,True,False,threshold
2281,A1G4DX33KADZA3,input image,الصورة المدخلة,صورة الإدخال,False,False,False,True,threshold
2282,A1G4DX33KADZA3,joint probability matrix,مصفوفة الاحتمالات المشتركة,مصفوفة الاحتمال المشترك,False,False,True,False,threshold
2283,A1G4DX33KADZA3,linearization,التحسين الخطي,خطية,False,False,False,True,threshold
2284,A1G4DX33KADZA3,logit,لوغيت,اللوغيت,False,False,True,False,threshold
2285,A35H5DUMZH86PC,image generation,توليد الصور,توليد الصورة,False,True,False,False,threshold
2286,A35H5DUMZH86PC,input image,الصورة المدخلة,صورة الإدخال,True,False,False,False,threshold
2287,A35H5DUMZH86PC,joint probability matrix,مصفوفة الاحتمالات المشتركة,مصفوفة الاحتمال المشترك,True,False,False,False,threshold
2288,A35H5DUMZH86PC,linearization,التحسين الخطي,خطية,False,False,False,True,threshold
2289,A35H5DUMZH86PC,logit,لوغيت,اللوغيت,True,False,False,False,threshold
2290,A3QIWEQXAGMGD,image generation,توليد الصور,توليد الصورة,False,False,False,False,threshold
2291,A3QIWEQXAGMGD,input image,الصورة المدخلة,صورة الإدخال,True,False,False,False,threshold
2292,A3QIWEQXAGMGD,joint probability matrix,مصفوفة الاحتمالات المشتركة,مصفوفة الاحتمال المشترك,False,True,False,False,threshold
2293,A3QIWEQXAGMGD,linearization,التحسين الخطي,خطية,False,False,False,True,threshold
2294,A3QIWEQXAGMGD,logit,لوغيت,اللوغيت,True,False,False,False,threshold
2295,A1DAAEXVRDZMOQ,image generation,توليد الصور,توليد الصورة,False,False,True,False,threshold
2296,A1DAAEXVRDZMOQ,input image,الصورة المدخلة,صورة الإدخال,False,False,True,False,threshold
2297,A1DAAEXVRDZMOQ,joint probability matrix,مصفوفة الاحتمالات المشتركة,مصفوفة الاحتمال المشترك,False,False,False,True,threshold
2298,A1DAAEXVRDZMOQ,linearization,التحسين الخطي,خطية,False,False,True,False,threshold
2299,A1DAAEXVRDZMOQ,logit,لوغيت,اللوغيت,False,False,False,True,threshold
2300,A11BQAB549UAEG,maximization problem,مشكلة تعظيم,مشكلة التعظيم,False,False,False,False,threshold
2301,A11BQAB549UAEG,mean function,دالة الوسط,دالة المتوسط,True,False,False,False,threshold
2302,A11BQAB549UAEG,mean shape,شكل المتوسط,الشكل المتوسط,False,True,False,False,threshold
2303,A11BQAB549UAEG,metric score,النتيجة المترية,درجة المقياس,False,False,True,False,threshold
2304,A11BQAB549UAEG,momentum encoder,مشفّر الزخم,مشفر الزخم,False,False,False,True,threshold
2305,A10A7EZUXBD0II,maximization problem,مشكلة تعظيم,مشكلة التعظيم,False,True,False,False,threshold
2306,A10A7EZUXBD0II,mean function,دالة الوسط,دالة المتوسط,False,False,True,False,threshold
2307,A10A7EZUXBD0II,mean shape,شكل المتوسط,الشكل المتوسط,False,False,True,False,threshold
2308,A10A7EZUXBD0II,metric score,النتيجة المترية,درجة المقياس,False,True,False,False,threshold
2309,A10A7EZUXBD0II,momentum encoder,مشفّر الزخم,مشفر الزخم,False,True,False,False,threshold
2310,A2E2FFMXS9F9KR,maximization problem,مشكلة تعظيم,مشكلة التعظيم,False,True,False,False,threshold
2311,A2E2FFMXS9F9KR,mean function,دالة الوسط,دالة المتوسط,False,False,True,False,threshold
2312,A2E2FFMXS9F9KR,mean shape,شكل المتوسط,الشكل المتوسط,False,False,True,False,threshold
2313,A2E2FFMXS9F9KR,metric score,النتيجة المترية,درجة المقياس,False,True,False,False,threshold
2314,A2E2FFMXS9F9KR,momentum encoder,مشفّر الزخم,مشفر الزخم,True,False,False,False,threshold
2315,AC4I7XU10MQXK,maximization problem,مشكلة تعظيم,مشكلة التعظيم,False,True,False,False,threshold
2316,AC4I7XU10MQXK,mean function,دالة الوسط,دالة المتوسط,False,False,True,False,threshold
2317,AC4I7XU10MQXK,mean shape,شكل المتوسط,الشكل المتوسط,False,True,False,False,threshold
2318,AC4I7XU10MQXK,metric score,النتيجة المترية,درجة المقياس,False,True,False,False,threshold
2319,AC4I7XU10MQXK,momentum encoder,مشفّر الزخم,مشفر الزخم,True,False,False,False,threshold
2320,A2FXDEKCCUT9OJ,maximization problem,مشكلة تعظيم,مشكلة التعظيم,False,True,False,False,threshold
2321,A2FXDEKCCUT9OJ,mean function,دالة الوسط,دالة المتوسط,False,False,True,False,threshold
2322,A2FXDEKCCUT9OJ,mean shape,شكل المتوسط,الشكل المتوسط,True,False,False,False,threshold
2323,A2FXDEKCCUT9OJ,metric score,النتيجة المترية,درجة المقياس,False,False,True,False,threshold
2324,A2FXDEKCCUT9OJ,momentum encoder,مشفّر الزخم,مشفر الزخم,True,False,False,False,threshold
2325,ASVJ75M0TNT6Z,net,الشبكة,شبكة,False,True,False,False,threshold
2326,ASVJ75M0TNT6Z,neural generation model,نموذج توليد عصبي,نموذج التوليد العصبي,False,False,False,True,threshold
2327,ASVJ75M0TNT6Z,optimal solution,حل أمثل,الحل الأمثل,True,False,False,False,threshold
2328,ASVJ75M0TNT6Z,permutation matrix,مصفوفة التباديل,مصفوفة التبديل,False,True,False,False,threshold
2329,ASVJ75M0TNT6Z,perplexity score,درجة التعقيد,درجة الارتباك,False,False,True,False,threshold
2330,A19I2ZK220NTAE,net,الشبكة,شبكة,True,False,False,False,threshold
2331,A19I2ZK220NTAE,neural generation model,نموذج توليد عصبي,نموذج التوليد العصبي,True,False,False,False,threshold
2332,A19I2ZK220NTAE,optimal solution,حل أمثل,الحل الأمثل,False,False,True,False,threshold
2333,A19I2ZK220NTAE,permutation matrix,مصفوفة التباديل,مصفوفة التبديل,False,True,False,False,threshold
2334,A19I2ZK220NTAE,perplexity score,درجة التعقيد,درجة الارتباك,False,True,False,False,threshold
2335,A3Q32FL0WWF4KZ,net,الشبكة,شبكة,True,False,False,False,threshold
2336,A3Q32FL0WWF4KZ,neural generation model,نموذج توليد عصبي,نموذج التوليد العصبي,True,False,False,False,threshold
2337,A3Q32FL0WWF4KZ,optimal solution,حل أمثل,الحل الأمثل,False,False,True,False,threshold
2338,A3Q32FL0WWF4KZ,permutation matrix,مصفوفة التباديل,مصفوفة التبديل,False,True,False,False,threshold
2339,A3Q32FL0WWF4KZ,perplexity score,درجة التعقيد,درجة الارتباك,False,True,False,False,threshold
2340,A2FXDEKCCUT9OJ,net,الشبكة,شبكة,True,False,False,False,threshold
2341,A2FXDEKCCUT9OJ,neural generation model,نموذج توليد عصبي,نموذج التوليد العصبي,True,False,False,False,threshold
2342,A2FXDEKCCUT9OJ,optimal solution,حل أمثل,الحل الأمثل,False,False,True,False,threshold
2343,A2FXDEKCCUT9OJ,permutation matrix,مصفوفة التباديل,مصفوفة التبديل,True,False,False,False,threshold
2344,A2FXDEKCCUT9OJ,perplexity score,درجة التعقيد,درجة الارتباك,False,False,True,False,threshold
2345,A3OAFR48DADAOM,net,الشبكة,شبكة,True,False,False,False,threshold
2346,A3OAFR48DADAOM,neural generation model,نموذج توليد عصبي,نموذج التوليد العصبي,True,False,False,False,threshold
2347,A3OAFR48DADAOM,optimal solution,حل أمثل,الحل الأمثل,False,False,True,False,threshold
2348,A3OAFR48DADAOM,permutation matrix,مصفوفة التباديل,مصفوفة التبديل,False,True,False,False,threshold
2349,A3OAFR48DADAOM,perplexity score,درجة التعقيد,درجة الارتباك,False,False,False,True,threshold
2350,A11BQAB549UAEG,primal objective function,وظيفة الهدف الأولية,دالة الهدف الأولية,False,True,False,False,threshold
2351,A11BQAB549UAEG,projective camera,الكاميرا الإسقاطية,كاميرا إسقاطية,False,False,True,False,threshold
2352,A11BQAB549UAEG,regularization strength,قوة الانتظام,قوة التنظيم,False,True,False,False,threshold
2353,A11BQAB549UAEG,representation learning,التعلم التمثيلي,تعلم التمثيل,False,False,True,False,threshold
2354,A11BQAB549UAEG,reverse-mode,وضع العكس,الوضع العكسي,False,True,False,False,threshold
2355,A9M8N3BOH6013,primal objective function,وظيفة الهدف الأولية,دالة الهدف الأولية,False,False,True,False,threshold
2356,A9M8N3BOH6013,projective camera,الكاميرا الإسقاطية,كاميرا إسقاطية,True,False,False,False,threshold
2357,A9M8N3BOH6013,regularization strength,قوة الانتظام,قوة التنظيم,False,True,False,False,threshold
2358,A9M8N3BOH6013,representation learning,التعلم التمثيلي,تعلم التمثيل,False,True,False,False,threshold
2359,A9M8N3BOH6013,reverse-mode,وضع العكس,الوضع العكسي,False,False,True,False,threshold
2360,A3QIWEQXAGMGD,primal objective function,وظيفة الهدف الأولية,دالة الهدف الأولية,False,True,False,False,threshold
2361,A3QIWEQXAGMGD,projective camera,الكاميرا الإسقاطية,كاميرا إسقاطية,True,False,False,False,threshold
2362,A3QIWEQXAGMGD,regularization strength,قوة الانتظام,قوة التنظيم,False,False,True,False,threshold
2363,A3QIWEQXAGMGD,representation learning,التعلم التمثيلي,تعلم التمثيل,True,False,False,False,threshold
2364,A3QIWEQXAGMGD,reverse-mode,وضع العكس,الوضع العكسي,False,False,True,False,threshold
2365,A3OAFR48DADAOM,primal objective function,وظيفة الهدف الأولية,دالة الهدف الأولية,False,False,True,False,threshold
2366,A3OAFR48DADAOM,projective camera,الكاميرا الإسقاطية,كاميرا إسقاطية,True,False,False,False,threshold
2367,A3OAFR48DADAOM,regularization strength,قوة الانتظام,قوة التنظيم,False,True,False,False,threshold
2368,A3OAFR48DADAOM,representation learning,التعلم التمثيلي,تعلم التمثيل,False,False,True,False,threshold
2369,A3OAFR48DADAOM,reverse-mode,وضع العكس,الوضع العكسي,False,False,True,False,threshold
2370,A3Q32FL0WWF4KZ,primal objective function,وظيفة الهدف الأولية,دالة الهدف الأولية,False,False,True,False,threshold
2371,A3Q32FL0WWF4KZ,projective camera,الكاميرا الإسقاطية,كاميرا إسقاطية,False,True,False,False,threshold
2372,A3Q32FL0WWF4KZ,regularization strength,قوة الانتظام,قوة التنظيم,False,False,True,False,threshold
2373,A3Q32FL0WWF4KZ,representation learning,التعلم التمثيلي,تعلم التمثيل,False,True,False,False,threshold
2374,A3Q32FL0WWF4KZ,reverse-mode,وضع العكس,الوضع العكسي,False,False,True,False,threshold
2375,A1G4DX33KADZA3,row vector,متجه صف,متجه الصف,False,False,False,False,threshold
2376,A1G4DX33KADZA3,stochastic matrix,مصفوفة احتمالية,المصفوفة العشوائية,False,False,True,False,threshold
2377,A1G4DX33KADZA3,synthetic dataset,مجموعة بيانات اصطناعية,مجموعة بيانات صناعية,False,False,False,True,threshold
2378,A1G4DX33KADZA3,topic proportion,نسبة الموضوعات,نسبة الموضوع,False,False,False,True,threshold
2379,A1G4DX33KADZA3,training token,توكن التدريب,رمز التدريب,False,False,True,False,threshold
2380,ASVJ75M0TNT6Z,row vector,متجه صف,متجه الصف,False,False,True,False,threshold
2381,ASVJ75M0TNT6Z,stochastic matrix,مصفوفة احتمالية,المصفوفة العشوائية,False,True,False,False,threshold
2382,ASVJ75M0TNT6Z,synthetic dataset,مجموعة بيانات اصطناعية,مجموعة بيانات صناعية,False,False,False,True,threshold
2383,ASVJ75M0TNT6Z,topic proportion,نسبة الموضوعات,نسبة الموضوع,True,False,False,False,threshold
2384,ASVJ75M0TNT6Z,training token,توكن التدريب,رمز التدريب,False,False,True,False,threshold
2385,A3MDTRJTDIDNX,row vector,متجه صف,متجه الصف,False,True,False,False,threshold
2386,A3MDTRJTDIDNX,stochastic matrix,مصفوفة احتمالية,المصفوفة العشوائية,False,False,True,False,threshold
2387,A3MDTRJTDIDNX,synthetic dataset,مجموعة بيانات اصطناعية,مجموعة بيانات صناعية,True,False,False,False,threshold
2388,A3MDTRJTDIDNX,topic proportion,نسبة الموضوعات,نسبة الموضوع,False,True,False,False,threshold
2389,A3MDTRJTDIDNX,training token,توكن التدريب,رمز التدريب,True,False,False,False,threshold
2390,AG9MLSV2QCVD4,row vector,متجه صف,متجه الصف,False,True,False,False,threshold
2391,AG9MLSV2QCVD4,stochastic matrix,مصفوفة احتمالية,المصفوفة العشوائية,True,False,False,False,threshold
2392,AG9MLSV2QCVD4,synthetic dataset,مجموعة بيانات اصطناعية,مجموعة بيانات صناعية,True,False,False,False,threshold
2393,AG9MLSV2QCVD4,topic proportion,نسبة الموضوعات,نسبة الموضوع,False,True,False,False,threshold
2394,AG9MLSV2QCVD4,training token,توكن التدريب,رمز التدريب,True,False,False,False,threshold
2395,A3OAFR48DADAOM,row vector,متجه صف,متجه الصف,True,False,False,False,threshold
2396,A3OAFR48DADAOM,stochastic matrix,مصفوفة احتمالية,المصفوفة العشوائية,False,True,False,False,threshold
2397,A3OAFR48DADAOM,synthetic dataset,مجموعة بيانات اصطناعية,مجموعة بيانات صناعية,True,False,False,False,threshold
2398,A3OAFR48DADAOM,topic proportion,نسبة الموضوعات,نسبة الموضوع,False,True,False,False,threshold
2399,A3OAFR48DADAOM,training token,توكن التدريب,رمز التدريب,True,False,False,False,threshold
2400,A158IFJD0BERSB,transformation matrix,مصفوفة التحول,مصفوفة التحويل,True,False,False,False,threshold
2401,A158IFJD0BERSB,tree search,بحث شجري,بحث الشجرة,False,True,False,False,threshold
2402,A158IFJD0BERSB,user-item matrix,مصفوفة المستخدم-item,مصفوفة المستخدم-العنصر,False,False,True,False,threshold
2403,A158IFJD0BERSB,vectorization,تحويل المتجهات,تحويل إلى متجهات,False,True,False,False,threshold
2404,A158IFJD0BERSB,voxel representation,تمثيل فوكسل,تمثيل الفوكسل,False,False,False,True,threshold
2405,A1M151WPTX57PC,transformation matrix,مصفوفة التحول,مصفوفة التحويل,False,True,False,False,threshold
2406,A1M151WPTX57PC,tree search,بحث شجري,بحث الشجرة,False,True,False,False,threshold
2407,A1M151WPTX57PC,user-item matrix,مصفوفة المستخدم-item,مصفوفة المستخدم-العنصر,False,False,True,False,threshold
2408,A1M151WPTX57PC,vectorization,تحويل المتجهات,تحويل إلى متجهات,False,True,False,False,threshold
2409,A1M151WPTX57PC,voxel representation,تمثيل فوكسل,تمثيل الفوكسل,True,False,False,False,threshold
2410,A9M8N3BOH6013,transformation matrix,مصفوفة التحول,مصفوفة التحويل,False,True,False,False,threshold
2411,A9M8N3BOH6013,tree search,بحث شجري,بحث الشجرة,False,True,False,False,threshold
2412,A9M8N3BOH6013,user-item matrix,مصفوفة المستخدم-item,مصفوفة المستخدم-العنصر,False,False,True,False,threshold
2413,A9M8N3BOH6013,vectorization,تحويل المتجهات,تحويل إلى متجهات,True,False,False,False,threshold
2414,A9M8N3BOH6013,voxel representation,تمثيل فوكسل,تمثيل الفوكسل,True,False,False,False,threshold
2415,A35H5DUMZH86PC,transformation matrix,مصفوفة التحول,مصفوفة التحويل,True,False,False,False,threshold
2416,A35H5DUMZH86PC,tree search,بحث شجري,بحث الشجرة,False,True,False,False,threshold
2417,A35H5DUMZH86PC,user-item matrix,مصفوفة المستخدم-item,مصفوفة المستخدم-العنصر,False,False,True,False,threshold
2418,A35H5DUMZH86PC,vectorization,تحويل المتجهات,تحويل إلى متجهات,True,False,False,False,threshold
2419,A35H5DUMZH86PC,voxel representation,تمثيل فوكسل,تمثيل الفوكسل,True,False,False,False,threshold
2420,A2YVLMI4PRDECY,transformation matrix,مصفوفة التحول,مصفوفة التحويل,False,True,False,False,threshold
2421,A2YVLMI4PRDECY,tree search,بحث شجري,بحث الشجرة,True,False,False,False,threshold
2422,A2YVLMI4PRDECY,user-item matrix,مصفوفة المستخدم-item,مصفوفة المستخدم-العنصر,True,False,False,False,threshold
2423,A2YVLMI4PRDECY,vectorization,تحويل المتجهات,تحويل إلى متجهات,False,True,False,False,threshold
2424,A2YVLMI4PRDECY,voxel representation,تمثيل فوكسل,تمثيل الفوكسل,True,False,False,False,threshold
