"HITId","HITTypeId","Title","Description","Keywords","Reward","CreationTime","MaxAssignments","RequesterAnnotation","AssignmentDurationInSeconds","AutoApprovalDelayInSeconds","Expiration","NumberOfSimilarHITs","LifetimeInSeconds","AssignmentId","WorkerId","AssignmentStatus","AcceptTime","SubmitTime","AutoApprovalTime","ApprovalTime","RejectionTime","RequesterFeedback","WorkTimeInSeconds","LifetimeApprovalRate","Last30DaysApprovalRate","Last7DaysApprovalRate","Input.en_word1","Input.anno1_word1","Input.anno2_word1","Input.en_word2","Input.anno1_word2","Input.anno2_word2","Input.en_word3","Input.anno1_word3","Input.anno2_word3","Input.en_word4","Input.anno1_word4","Input.anno2_word4","Input.en_word5","Input.anno1_word5","Input.anno2_word5","Answer.A.1","Answer.A.2","Answer.A.3","Answer.A.4","Answer.A.5","Answer.B.1","Answer.B.2","Answer.B.3","Answer.B.4","Answer.B.5","Answer.C.1","Answer.C.2","Answer.C.3","Answer.C.4","Answer.C.5","Answer.D.1","Answer.D.2","Answer.D.3","Answer.D.4","Answer.D.5","Approve","Reject"
"371DNNCG5LGKJ43TTIPS34KW82OT84","30NHI4EO3BHNAT9JQMEIFM3OOCFBT8","Ranking the Quality of AI Terminology Translation from English to Chinese","In this task, you will compare the quality of translations for scientific terms generated by two different methods. The input will include an English term, a context paragraph where the term is used, and its translations in Chinese.","Translation, AI Terminology, Multilingual, Ranking","$0.01","Fri Dec 06 03:33:11 PST 2024","5","BatchId:5277379;OriginalHitTemplateId:928390912;","3600","3600","Fri Dec 13 03:33:11 PST 2024","","","3FTYUGLFSCZX1HMO0WNBB0ODJW1D5R","A3AHE81HVRXFCD","Approved","Fri Dec 06 03:33:49 PST 2024","Fri Dec 06 03:48:04 PST 2024","Fri Dec 06 04:48:04 PST 2024","Fri Dec 06 04:48:35 PST 2024","","","855","100% (22/22)","100% (22/22)","100% (22/22)","statistical","统计的","统计类","CRF","条件随机场","CRF","OOV","超出词汇表","OOV","morphological","形态学的","形态化","NLI","自然语言推理","NLI","false","false","false","false","false","true","true","true","true","true","false","false","false","false","false","false","false","false","false","false"
"371DNNCG5LGKJ43TTIPS34KW82OT84","30NHI4EO3BHNAT9JQMEIFM3OOCFBT8","Ranking the Quality of AI Terminology Translation from English to Chinese","In this task, you will compare the quality of translations for scientific terms generated by two different methods. The input will include an English term, a context paragraph where the term is used, and its translations in Chinese.","Translation, AI Terminology, Multilingual, Ranking","$0.01","Fri Dec 06 03:33:11 PST 2024","5","BatchId:5277379;OriginalHitTemplateId:928390912;","3600","3600","Fri Dec 13 03:33:11 PST 2024","","","3FTF2T8WL9WFBAORKH5IF4I0C8QW9A","AC4I7XU10MQXK","Approved","Fri Dec 06 03:33:58 PST 2024","Fri Dec 06 04:06:36 PST 2024","Fri Dec 06 05:06:36 PST 2024","Fri Dec 06 05:07:35 PST 2024","","","1958","100% (58/58)","100% (58/58)","100% (58/58)","statistical","统计的","统计类","CRF","条件随机场","CRF","OOV","超出词汇表","OOV","morphological","形态学的","形态化","NLI","自然语言推理","NLI","false","false","false","false","false","true","true","true","true","true","false","false","false","false","false","false","false","false","false","false"
"371DNNCG5LGKJ43TTIPS34KW82OT84","30NHI4EO3BHNAT9JQMEIFM3OOCFBT8","Ranking the Quality of AI Terminology Translation from English to Chinese","In this task, you will compare the quality of translations for scientific terms generated by two different methods. The input will include an English term, a context paragraph where the term is used, and its translations in Chinese.","Translation, AI Terminology, Multilingual, Ranking","$0.01","Fri Dec 06 03:33:11 PST 2024","5","BatchId:5277379;OriginalHitTemplateId:928390912;","3600","3600","Fri Dec 13 03:33:11 PST 2024","","","3M0NZ3JDPJC04IRKSEC82S7G7EC5ZJ","A11B7MUC7UTFKN","Approved","Fri Dec 06 03:33:56 PST 2024","Fri Dec 06 04:16:28 PST 2024","Fri Dec 06 05:16:28 PST 2024","Fri Dec 06 05:16:35 PST 2024","","","2552","100% (36/36)","100% (36/36)","100% (36/36)","statistical","统计的","统计类","CRF","条件随机场","CRF","OOV","超出词汇表","OOV","morphological","形态学的","形态化","NLI","自然语言推理","NLI","false","true","false","false","true","true","false","true","true","false","false","false","false","false","false","false","false","false","false","false"
"371DNNCG5LGKJ43TTIPS34KW82OT84","30NHI4EO3BHNAT9JQMEIFM3OOCFBT8","Ranking the Quality of AI Terminology Translation from English to Chinese","In this task, you will compare the quality of translations for scientific terms generated by two different methods. The input will include an English term, a context paragraph where the term is used, and its translations in Chinese.","Translation, AI Terminology, Multilingual, Ranking","$0.01","Fri Dec 06 03:33:11 PST 2024","5","BatchId:5277379;OriginalHitTemplateId:928390912;","3600","3600","Fri Dec 13 03:33:11 PST 2024","","","3TU5ZICBRVFAD89V3G0YNJ5342Z8Q3","A30IGMGSC7G2HM","Approved","Fri Dec 06 04:34:50 PST 2024","Fri Dec 06 04:47:49 PST 2024","Fri Dec 06 05:47:49 PST 2024","Fri Dec 06 05:48:35 PST 2024","","","779","100% (24/24)","100% (24/24)","100% (24/24)","statistical","统计的","统计类","CRF","条件随机场","CRF","OOV","超出词汇表","OOV","morphological","形态学的","形态化","NLI","自然语言推理","NLI","false","false","false","false","false","true","true","true","true","true","false","false","false","false","false","false","false","false","false","false"
"371DNNCG5LGKJ43TTIPS34KW82OT84","30NHI4EO3BHNAT9JQMEIFM3OOCFBT8","Ranking the Quality of AI Terminology Translation from English to Chinese","In this task, you will compare the quality of translations for scientific terms generated by two different methods. The input will include an English term, a context paragraph where the term is used, and its translations in Chinese.","Translation, AI Terminology, Multilingual, Ranking","$0.01","Fri Dec 06 03:33:11 PST 2024","5","BatchId:5277379;OriginalHitTemplateId:928390912;","3600","3600","Fri Dec 13 03:33:11 PST 2024","","","3VELCLL3G2XVBJZ1QFGPWAEHJVSF16","A19I2ZK220NTAE","Approved","Fri Dec 06 05:35:15 PST 2024","Fri Dec 06 05:47:22 PST 2024","Fri Dec 06 06:47:22 PST 2024","Fri Dec 06 06:47:35 PST 2024","","","727","100% (32/32)","100% (32/32)","100% (32/32)","statistical","统计的","统计类","CRF","条件随机场","CRF","OOV","超出词汇表","OOV","morphological","形态学的","形态化","NLI","自然语言推理","NLI","false","false","false","false","false","true","true","true","true","true","false","false","false","false","false","false","false","false","false","false"
"344M16OZLZT3XS809PPGMFAQUN0ENN","30NHI4EO3BHNAT9JQMEIFM3OOCFBT8","Ranking the Quality of AI Terminology Translation from English to Chinese","In this task, you will compare the quality of translations for scientific terms generated by two different methods. The input will include an English term, a context paragraph where the term is used, and its translations in Chinese.","Translation, AI Terminology, Multilingual, Ranking","$0.01","Fri Dec 06 03:33:11 PST 2024","5","BatchId:5277379;OriginalHitTemplateId:928390912;","3600","3600","Fri Dec 13 03:33:11 PST 2024","","","39JEC7537CF4UJVP6RADVS0UBKRCVX","A3MDTRJTDIDNX","Approved","Fri Dec 06 03:33:47 PST 2024","Fri Dec 06 03:48:24 PST 2024","Fri Dec 06 04:48:24 PST 2024","Fri Dec 06 04:48:35 PST 2024","","","877","100% (53/53)","100% (53/53)","100% (53/53)","BERTs","BERT模型集","BERTs","CONLL","会议自然语言处理与计算语言学","CoNLL","corresponding","对应的","相应的","newswire","新闻通讯","新闻专线","CAS","具体含义需根据上下文确定","CAS","false","false","true","false","false","true","false","false","true","false","false","true","false","false","true","false","false","false","false","false"
"344M16OZLZT3XS809PPGMFAQUN0ENN","30NHI4EO3BHNAT9JQMEIFM3OOCFBT8","Ranking the Quality of AI Terminology Translation from English to Chinese","In this task, you will compare the quality of translations for scientific terms generated by two different methods. The input will include an English term, a context paragraph where the term is used, and its translations in Chinese.","Translation, AI Terminology, Multilingual, Ranking","$0.01","Fri Dec 06 03:33:11 PST 2024","5","BatchId:5277379;OriginalHitTemplateId:928390912;","3600","3600","Fri Dec 13 03:33:11 PST 2024","","","336KAV9KY8680VYSE98RQEV2HAH2YO","A3IG9HHR3NL9R0","Approved","Fri Dec 06 03:33:49 PST 2024","Fri Dec 06 03:54:29 PST 2024","Fri Dec 06 04:54:29 PST 2024","Fri Dec 06 04:54:35 PST 2024","","","1240","100% (50/50)","100% (50/50)","100% (50/50)","BERTs","BERT模型集","BERTs","CONLL","会议自然语言处理与计算语言学","CoNLL","corresponding","对应的","相应的","newswire","新闻通讯","新闻专线","CAS","具体含义需根据上下文确定","CAS","false","false","true","false","false","true","false","false","true","false","false","true","false","false","true","false","false","false","false","false"
"344M16OZLZT3XS809PPGMFAQUN0ENN","30NHI4EO3BHNAT9JQMEIFM3OOCFBT8","Ranking the Quality of AI Terminology Translation from English to Chinese","In this task, you will compare the quality of translations for scientific terms generated by two different methods. The input will include an English term, a context paragraph where the term is used, and its translations in Chinese.","Translation, AI Terminology, Multilingual, Ranking","$0.01","Fri Dec 06 03:33:11 PST 2024","5","BatchId:5277379;OriginalHitTemplateId:928390912;","3600","3600","Fri Dec 13 03:33:11 PST 2024","","","3SNLUL3WOM1XK80VEET72POYRMWLUX","A1KYZPQ0T7WECC","Approved","Fri Dec 06 03:33:48 PST 2024","Fri Dec 06 04:02:24 PST 2024","Fri Dec 06 05:02:24 PST 2024","Fri Dec 06 05:02:35 PST 2024","","","1716","100% (15/15)","100% (15/15)","100% (14/14)","BERTs","BERT模型集","BERTs","CONLL","会议自然语言处理与计算语言学","CoNLL","corresponding","对应的","相应的","newswire","新闻通讯","新闻专线","CAS","具体含义需根据上下文确定","CAS","false","false","true","false","false","true","false","false","true","false","false","true","false","false","true","false","false","false","false","false"
"344M16OZLZT3XS809PPGMFAQUN0ENN","30NHI4EO3BHNAT9JQMEIFM3OOCFBT8","Ranking the Quality of AI Terminology Translation from English to Chinese","In this task, you will compare the quality of translations for scientific terms generated by two different methods. The input will include an English term, a context paragraph where the term is used, and its translations in Chinese.","Translation, AI Terminology, Multilingual, Ranking","$0.01","Fri Dec 06 03:33:11 PST 2024","5","BatchId:5277379;OriginalHitTemplateId:928390912;","3600","3600","Fri Dec 13 03:33:11 PST 2024","","","3QAVNHZ3E4ID5ZMX89CG2OC4KJ4LAL","A186ORPGIU3WNL","Approved","Fri Dec 06 03:33:37 PST 2024","Fri Dec 06 04:28:29 PST 2024","Fri Dec 06 05:28:29 PST 2024","Fri Dec 06 05:28:35 PST 2024","","","3292","100% (53/53)","100% (52/52)","100% (52/52)","BERTs","BERT模型集","BERTs","CONLL","会议自然语言处理与计算语言学","CoNLL","corresponding","对应的","相应的","newswire","新闻通讯","新闻专线","CAS","具体含义需根据上下文确定","CAS","false","false","true","false","false","true","false","false","true","false","false","true","false","false","true","false","false","false","false","false"
"344M16OZLZT3XS809PPGMFAQUN0ENN","30NHI4EO3BHNAT9JQMEIFM3OOCFBT8","Ranking the Quality of AI Terminology Translation from English to Chinese","In this task, you will compare the quality of translations for scientific terms generated by two different methods. The input will include an English term, a context paragraph where the term is used, and its translations in Chinese.","Translation, AI Terminology, Multilingual, Ranking","$0.01","Fri Dec 06 03:33:11 PST 2024","5","BatchId:5277379;OriginalHitTemplateId:928390912;","3600","3600","Fri Dec 13 03:33:11 PST 2024","","","34X6J5FLPBCZXP5EUKXPC9EHKDSQJ4","A3QIWEQXAGMGD","Approved","Fri Dec 06 04:34:37 PST 2024","Fri Dec 06 05:12:39 PST 2024","Fri Dec 06 06:12:39 PST 2024","Fri Dec 06 06:13:35 PST 2024","","","2282","100% (26/26)","100% (26/26)","100% (26/26)","BERTs","BERT模型集","BERTs","CONLL","会议自然语言处理与计算语言学","CoNLL","corresponding","对应的","相应的","newswire","新闻通讯","新闻专线","CAS","具体含义需根据上下文确定","CAS","false","false","true","false","false","true","false","false","true","false","false","true","false","false","true","false","false","false","false","false"
"3M93N4X8I118OLMXVMHTIPXOMU4JSP","30NHI4EO3BHNAT9JQMEIFM3OOCFBT8","Ranking the Quality of AI Terminology Translation from English to Chinese","In this task, you will compare the quality of translations for scientific terms generated by two different methods. The input will include an English term, a context paragraph where the term is used, and its translations in Chinese.","Translation, AI Terminology, Multilingual, Ranking","$0.01","Fri Dec 06 03:33:11 PST 2024","5","BatchId:5277379;OriginalHitTemplateId:928390912;","3600","3600","Fri Dec 13 03:33:11 PST 2024","","","39U1BHVTD3514RVH83ZX178F8MYT30","A1KYZPQ0T7WECC","Approved","Fri Dec 06 03:33:47 PST 2024","Fri Dec 06 04:01:57 PST 2024","Fri Dec 06 05:01:57 PST 2024","Fri Dec 06 05:02:35 PST 2024","","","1690","100% (15/15)","100% (15/15)","100% (14/14)","GLUE","GLUE基准","GLUE","syntactic","句法的","句法","QED","查询分解框架","QED","grounding","实际场景联系","领域","pretrained","预训练的","预训练","true","false","false","false","true","false","true","false","true","false","false","false","true","false","false","false","false","false","false","false"
"3M93N4X8I118OLMXVMHTIPXOMU4JSP","30NHI4EO3BHNAT9JQMEIFM3OOCFBT8","Ranking the Quality of AI Terminology Translation from English to Chinese","In this task, you will compare the quality of translations for scientific terms generated by two different methods. The input will include an English term, a context paragraph where the term is used, and its translations in Chinese.","Translation, AI Terminology, Multilingual, Ranking","$0.01","Fri Dec 06 03:33:11 PST 2024","5","BatchId:5277379;OriginalHitTemplateId:928390912;","3600","3600","Fri Dec 13 03:33:11 PST 2024","","","3A7Y0R2P262J6M6QGYSH6HAAHFLXJC","AR0QMXHEA9P0M","Approved","Fri Dec 06 03:50:40 PST 2024","Fri Dec 06 04:06:50 PST 2024","Fri Dec 06 05:06:50 PST 2024","Fri Dec 06 05:07:35 PST 2024","","","970","100% (4/4)","100% (4/4)","100% (4/4)","GLUE","GLUE基准","GLUE","syntactic","句法的","句法","QED","查询分解框架","QED","grounding","实际场景联系","领域","pretrained","预训练的","预训练","false","false","false","false","false","false","true","false","true","false","false","false","true","false","true","false","false","false","false","false"
"3M93N4X8I118OLMXVMHTIPXOMU4JSP","30NHI4EO3BHNAT9JQMEIFM3OOCFBT8","Ranking the Quality of AI Terminology Translation from English to Chinese","In this task, you will compare the quality of translations for scientific terms generated by two different methods. The input will include an English term, a context paragraph where the term is used, and its translations in Chinese.","Translation, AI Terminology, Multilingual, Ranking","$0.01","Fri Dec 06 03:33:11 PST 2024","5","BatchId:5277379;OriginalHitTemplateId:928390912;","3600","3600","Fri Dec 13 03:33:11 PST 2024","","","3L70J4KAZY0U7NY5VSESJB4ZBA2DAX","AWPXR7XE6B8KD","Approved","Fri Dec 06 03:33:51 PST 2024","Fri Dec 06 04:07:52 PST 2024","Fri Dec 06 05:07:52 PST 2024","Fri Dec 06 05:08:35 PST 2024","","","2041","100% (17/17)","100% (17/17)","100% (17/17)","GLUE","GLUE基准","GLUE","syntactic","句法的","句法","QED","查询分解框架","QED","grounding","实际场景联系","领域","pretrained","预训练的","预训练","false","true","false","false","true","true","false","false","true","false","false","false","true","false","false","false","false","false","false","false"
"3M93N4X8I118OLMXVMHTIPXOMU4JSP","30NHI4EO3BHNAT9JQMEIFM3OOCFBT8","Ranking the Quality of AI Terminology Translation from English to Chinese","In this task, you will compare the quality of translations for scientific terms generated by two different methods. The input will include an English term, a context paragraph where the term is used, and its translations in Chinese.","Translation, AI Terminology, Multilingual, Ranking","$0.01","Fri Dec 06 03:33:11 PST 2024","5","BatchId:5277379;OriginalHitTemplateId:928390912;","3600","3600","Fri Dec 13 03:33:11 PST 2024","","","3G5W44VEUPW3VKHI99SPJAASTECGKP","A39PWDRYNY2WM0","Approved","Fri Dec 06 04:34:07 PST 2024","Fri Dec 06 05:02:08 PST 2024","Fri Dec 06 06:02:08 PST 2024","Fri Dec 06 06:02:35 PST 2024","","","1681","100% (55/55)","100% (55/55)","100% (55/55)","GLUE","GLUE基准","GLUE","syntactic","句法的","句法","QED","查询分解框架","QED","grounding","实际场景联系","领域","pretrained","预训练的","预训练","false","true","false","false","true","true","false","false","true","false","false","false","true","false","false","false","false","false","false","false"
"3M93N4X8I118OLMXVMHTIPXOMU4JSP","30NHI4EO3BHNAT9JQMEIFM3OOCFBT8","Ranking the Quality of AI Terminology Translation from English to Chinese","In this task, you will compare the quality of translations for scientific terms generated by two different methods. The input will include an English term, a context paragraph where the term is used, and its translations in Chinese.","Translation, AI Terminology, Multilingual, Ranking","$0.01","Fri Dec 06 03:33:11 PST 2024","5","BatchId:5277379;OriginalHitTemplateId:928390912;","3600","3600","Fri Dec 13 03:33:11 PST 2024","","","33L7PJKHCYCN5O1NKKUTSOGQOA68TR","A3MDTRJTDIDNX","Approved","Fri Dec 06 05:34:31 PST 2024","Fri Dec 06 05:39:16 PST 2024","Fri Dec 06 06:39:16 PST 2024","Fri Dec 06 06:39:35 PST 2024","","","285","100% (53/53)","100% (53/53)","100% (53/53)","GLUE","GLUE基准","GLUE","syntactic","句法的","句法","QED","查询分解框架","QED","grounding","实际场景联系","领域","pretrained","预训练的","预训练","false","true","false","false","true","true","false","false","true","false","false","false","true","false","false","false","false","false","false","false"
"31ODACBEOBTPA8QAQC12FQ9A0PWQSN","30NHI4EO3BHNAT9JQMEIFM3OOCFBT8","Ranking the Quality of AI Terminology Translation from English to Chinese","In this task, you will compare the quality of translations for scientific terms generated by two different methods. The input will include an English term, a context paragraph where the term is used, and its translations in Chinese.","Translation, AI Terminology, Multilingual, Ranking","$0.01","Fri Dec 06 03:33:11 PST 2024","5","BatchId:5277379;OriginalHitTemplateId:928390912;","3600","3600","Fri Dec 13 03:33:11 PST 2024","","","31EUONYN2DH538SSWWJ4QSUB0YAOV6","AVCNC5TZ00ZJM","Approved","Fri Dec 06 03:50:40 PST 2024","Fri Dec 06 03:53:20 PST 2024","Fri Dec 06 04:53:20 PST 2024","Fri Dec 06 04:53:35 PST 2024","","","160","100% (1/1)","100% (1/1)","100% (1/1)","graph","图","图形","words","词语","字","computational","计算的","计算类","motivated","如前所述动机","有动力","IDF","逆文档频率","IDF","true","true","false","false","false","false","false","true","false","false","false","false","false","true","true","false","false","false","false","false"
"31ODACBEOBTPA8QAQC12FQ9A0PWQSN","30NHI4EO3BHNAT9JQMEIFM3OOCFBT8","Ranking the Quality of AI Terminology Translation from English to Chinese","In this task, you will compare the quality of translations for scientific terms generated by two different methods. The input will include an English term, a context paragraph where the term is used, and its translations in Chinese.","Translation, AI Terminology, Multilingual, Ranking","$0.01","Fri Dec 06 03:33:11 PST 2024","5","BatchId:5277379;OriginalHitTemplateId:928390912;","3600","3600","Fri Dec 13 03:33:11 PST 2024","","","386CSBG1OH0N9UQ7A130359CY78Q6Y","A3QIWEQXAGMGD","Approved","Fri Dec 06 04:34:25 PST 2024","Fri Dec 06 05:12:22 PST 2024","Fri Dec 06 06:12:22 PST 2024","Fri Dec 06 06:12:35 PST 2024","","","2277","100% (26/26)","100% (26/26)","100% (26/26)","graph","图","图形","words","词语","字","computational","计算的","计算类","motivated","如前所述动机","有动力","IDF","逆文档频率","IDF","true","false","false","false","true","false","true","true","false","false","false","false","false","false","false","false","false","false","true","false"
"31ODACBEOBTPA8QAQC12FQ9A0PWQSN","30NHI4EO3BHNAT9JQMEIFM3OOCFBT8","Ranking the Quality of AI Terminology Translation from English to Chinese","In this task, you will compare the quality of translations for scientific terms generated by two different methods. The input will include an English term, a context paragraph where the term is used, and its translations in Chinese.","Translation, AI Terminology, Multilingual, Ranking","$0.01","Fri Dec 06 03:33:11 PST 2024","5","BatchId:5277379;OriginalHitTemplateId:928390912;","3600","3600","Fri Dec 13 03:33:11 PST 2024","","","3I33IC7ZWXG74D0PY3UBNSDVEKL2AN","A11JXYZDAUX0UP","Approved","Fri Dec 06 04:34:25 PST 2024","Fri Dec 06 05:29:43 PST 2024","Fri Dec 06 06:29:43 PST 2024","Fri Dec 06 06:30:35 PST 2024","","","3318","100% (1186/1186)","100% (1186/1186)","100% (1184/1184)","graph","图","图形","words","词语","字","computational","计算的","计算类","motivated","如前所述动机","有动力","IDF","逆文档频率","IDF","false","true","false","false","true","true","false","true","false","false","false","false","false","false","false","false","false","false","true","false"
"31ODACBEOBTPA8QAQC12FQ9A0PWQSN","30NHI4EO3BHNAT9JQMEIFM3OOCFBT8","Ranking the Quality of AI Terminology Translation from English to Chinese","In this task, you will compare the quality of translations for scientific terms generated by two different methods. The input will include an English term, a context paragraph where the term is used, and its translations in Chinese.","Translation, AI Terminology, Multilingual, Ranking","$0.01","Fri Dec 06 03:33:11 PST 2024","5","BatchId:5277379;OriginalHitTemplateId:928390912;","3600","3600","Fri Dec 13 03:33:11 PST 2024","","","37C0GNLMHXHTKLM25FXG362DFRCD67","A2QX81MMC8KN80","Approved","Fri Dec 06 04:34:05 PST 2024","Fri Dec 06 05:31:56 PST 2024","Fri Dec 06 06:31:56 PST 2024","Fri Dec 06 06:32:35 PST 2024","","","3471","100% (22/22)","100% (22/22)","100% (22/22)","graph","图","图形","words","词语","字","computational","计算的","计算类","motivated","如前所述动机","有动力","IDF","逆文档频率","IDF","false","false","false","false","false","true","false","false","false","false","false","true","true","true","true","false","false","false","false","false"
"31ODACBEOBTPA8QAQC12FQ9A0PWQSN","30NHI4EO3BHNAT9JQMEIFM3OOCFBT8","Ranking the Quality of AI Terminology Translation from English to Chinese","In this task, you will compare the quality of translations for scientific terms generated by two different methods. The input will include an English term, a context paragraph where the term is used, and its translations in Chinese.","Translation, AI Terminology, Multilingual, Ranking","$0.01","Fri Dec 06 03:33:11 PST 2024","5","BatchId:5277379;OriginalHitTemplateId:928390912;","3600","3600","Fri Dec 13 03:33:11 PST 2024","","","3QIYRE09YLV7ZBCIO3Z24FNQLL61NP","A2ZLQZJD9I7NAL","Approved","Fri Dec 06 05:35:04 PST 2024","Fri Dec 06 05:42:21 PST 2024","Fri Dec 06 06:42:21 PST 2024","Fri Dec 06 06:42:35 PST 2024","","","437","100% (10/10)","100% (10/10)","100% (10/10)","graph","图","图形","words","词语","字","computational","计算的","计算类","motivated","如前所述动机","有动力","IDF","逆文档频率","IDF","false","false","false","false","true","false","true","true","true","false","false","false","false","false","false","false","false","false","false","false"
"3I4E7AFQ31D93LZCKMMJSUTAODIJTE","30NHI4EO3BHNAT9JQMEIFM3OOCFBT8","Ranking the Quality of AI Terminology Translation from English to Chinese","In this task, you will compare the quality of translations for scientific terms generated by two different methods. The input will include an English term, a context paragraph where the term is used, and its translations in Chinese.","Translation, AI Terminology, Multilingual, Ranking","$0.01","Fri Dec 06 03:33:11 PST 2024","5","BatchId:5277379;OriginalHitTemplateId:928390912;","3600","3600","Fri Dec 13 03:33:11 PST 2024","","","33F859I56ORG2D8ZN2XE5733LKHBH0","A2MZEUP2ECO1AI","Approved","Fri Dec 06 03:34:04 PST 2024","Fri Dec 06 04:03:34 PST 2024","Fri Dec 06 05:03:34 PST 2024","Fri Dec 06 05:03:35 PST 2024","","","1770","100% (34/34)","100% (34/34)","100% (34/34)","VFL","维多利亚足球联赛","VFL","extractive","抽取式的","可提取","documents","文档","文件","domains","领域","域","unseen","未见过的","未见","false","true","true","false","true","false","false","false","true","false","true","false","false","false","false","false","false","false","false","false"
"3I4E7AFQ31D93LZCKMMJSUTAODIJTE","30NHI4EO3BHNAT9JQMEIFM3OOCFBT8","Ranking the Quality of AI Terminology Translation from English to Chinese","In this task, you will compare the quality of translations for scientific terms generated by two different methods. The input will include an English term, a context paragraph where the term is used, and its translations in Chinese.","Translation, AI Terminology, Multilingual, Ranking","$0.01","Fri Dec 06 03:33:11 PST 2024","5","BatchId:5277379;OriginalHitTemplateId:928390912;","3600","3600","Fri Dec 13 03:33:11 PST 2024","","","3WR9XG3T6LPZOPHEVE1F6G83XP947Q","A3HSZ9YLOBCCPR","Approved","Fri Dec 06 03:40:20 PST 2024","Fri Dec 06 04:18:48 PST 2024","Fri Dec 06 05:18:48 PST 2024","Fri Dec 06 05:19:35 PST 2024","","","2308","100% (39/39)","100% (39/39)","100% (39/39)","VFL","维多利亚足球联赛","VFL","extractive","抽取式的","可提取","documents","文档","文件","domains","领域","域","unseen","未见过的","未见","false","true","true","false","true","true","false","false","true","false","false","false","false","false","false","false","false","false","false","false"
"3I4E7AFQ31D93LZCKMMJSUTAODIJTE","30NHI4EO3BHNAT9JQMEIFM3OOCFBT8","Ranking the Quality of AI Terminology Translation from English to Chinese","In this task, you will compare the quality of translations for scientific terms generated by two different methods. The input will include an English term, a context paragraph where the term is used, and its translations in Chinese.","Translation, AI Terminology, Multilingual, Ranking","$0.01","Fri Dec 06 03:33:11 PST 2024","5","BatchId:5277379;OriginalHitTemplateId:928390912;","3600","3600","Fri Dec 13 03:33:11 PST 2024","","","354P56DE92HIQAJPLFXX4JO9B567SU","A186ORPGIU3WNL","Approved","Fri Dec 06 04:34:07 PST 2024","Fri Dec 06 05:08:43 PST 2024","Fri Dec 06 06:08:43 PST 2024","Fri Dec 06 06:09:35 PST 2024","","","2076","100% (53/53)","100% (52/52)","100% (52/52)","VFL","维多利亚足球联赛","VFL","extractive","抽取式的","可提取","documents","文档","文件","domains","领域","域","unseen","未见过的","未见","false","false","true","false","true","true","false","false","true","false","false","true","false","false","false","false","false","false","false","false"
"3I4E7AFQ31D93LZCKMMJSUTAODIJTE","30NHI4EO3BHNAT9JQMEIFM3OOCFBT8","Ranking the Quality of AI Terminology Translation from English to Chinese","In this task, you will compare the quality of translations for scientific terms generated by two different methods. The input will include an English term, a context paragraph where the term is used, and its translations in Chinese.","Translation, AI Terminology, Multilingual, Ranking","$0.01","Fri Dec 06 03:33:11 PST 2024","5","BatchId:5277379;OriginalHitTemplateId:928390912;","3600","3600","Fri Dec 13 03:33:11 PST 2024","","","3FUI0JHJPFCW5AXNTOT6JU4HEOT333","A3MDTRJTDIDNX","Approved","Fri Dec 06 04:34:51 PST 2024","Fri Dec 06 05:18:27 PST 2024","Fri Dec 06 06:18:27 PST 2024","Fri Dec 06 06:18:35 PST 2024","","","2616","100% (53/53)","100% (53/53)","100% (53/53)","VFL","维多利亚足球联赛","VFL","extractive","抽取式的","可提取","documents","文档","文件","domains","领域","域","unseen","未见过的","未见","true","false","true","true","true","false","true","false","false","false","false","false","false","false","false","false","false","false","false","false"
"3I4E7AFQ31D93LZCKMMJSUTAODIJTE","30NHI4EO3BHNAT9JQMEIFM3OOCFBT8","Ranking the Quality of AI Terminology Translation from English to Chinese","In this task, you will compare the quality of translations for scientific terms generated by two different methods. The input will include an English term, a context paragraph where the term is used, and its translations in Chinese.","Translation, AI Terminology, Multilingual, Ranking","$0.01","Fri Dec 06 03:33:11 PST 2024","5","BatchId:5277379;OriginalHitTemplateId:928390912;","3600","3600","Fri Dec 13 03:33:11 PST 2024","","","354GIDR5ZTK47QZTRET4FY8380P00A","A2P8U65V6NL7B5","Approved","Fri Dec 06 04:34:20 PST 2024","Fri Dec 06 05:29:30 PST 2024","Fri Dec 06 06:29:30 PST 2024","Fri Dec 06 06:29:35 PST 2024","","","3310","100% (49/49)","100% (49/49)","100% (49/49)","VFL","维多利亚足球联赛","VFL","extractive","抽取式的","可提取","documents","文档","文件","domains","领域","域","unseen","未见过的","未见","false","true","true","true","true","true","false","false","false","false","false","false","false","false","false","false","false","false","false","false"
"3KWGG5KP70GIIC3M1X4LJCLN4LDMC2","30NHI4EO3BHNAT9JQMEIFM3OOCFBT8","Ranking the Quality of AI Terminology Translation from English to Chinese","In this task, you will compare the quality of translations for scientific terms generated by two different methods. The input will include an English term, a context paragraph where the term is used, and its translations in Chinese.","Translation, AI Terminology, Multilingual, Ranking","$0.01","Fri Dec 06 03:33:11 PST 2024","5","BatchId:5277379;OriginalHitTemplateId:928390912;","3600","3600","Fri Dec 13 03:33:11 PST 2024","","","3Z3ZLGNNS08OCB3PRZ52W2XSOFZQ3J","A2FXDEKCCUT9OJ","Approved","Fri Dec 06 04:06:27 PST 2024","Fri Dec 06 04:49:21 PST 2024","Fri Dec 06 05:49:21 PST 2024","Fri Dec 06 05:49:35 PST 2024","","","2574","100% (36/36)","100% (36/36)","100% (36/36)","similarity","相似性","相似度","compared","相比","已比较","SUTD","新加坡科技设计大学","SUTD","Moreover","此外","而且","paper","论文","纸","true","true","false","true","false","false","false","true","false","true","false","false","false","false","false","false","false","false","false","false"
"3KWGG5KP70GIIC3M1X4LJCLN4LDMC2","30NHI4EO3BHNAT9JQMEIFM3OOCFBT8","Ranking the Quality of AI Terminology Translation from English to Chinese","In this task, you will compare the quality of translations for scientific terms generated by two different methods. The input will include an English term, a context paragraph where the term is used, and its translations in Chinese.","Translation, AI Terminology, Multilingual, Ranking","$0.01","Fri Dec 06 03:33:11 PST 2024","5","BatchId:5277379;OriginalHitTemplateId:928390912;","3600","3600","Fri Dec 13 03:33:11 PST 2024","","","32Z9ZLUT13Y0L7X8R720BR32SKMOH5","A1VTM2VA8HN848","Approved","Fri Dec 06 04:55:49 PST 2024","Fri Dec 06 05:10:04 PST 2024","Fri Dec 06 06:10:04 PST 2024","Fri Dec 06 06:10:35 PST 2024","","","855","100% (2/2)","100% (2/2)","100% (2/2)","similarity","相似性","相似度","compared","相比","已比较","SUTD","新加坡科技设计大学","SUTD","Moreover","此外","而且","paper","论文","纸","true","false","true","true","false","false","true","false","false","true","false","false","false","false","false","false","false","false","false","false"
"3KWGG5KP70GIIC3M1X4LJCLN4LDMC2","30NHI4EO3BHNAT9JQMEIFM3OOCFBT8","Ranking the Quality of AI Terminology Translation from English to Chinese","In this task, you will compare the quality of translations for scientific terms generated by two different methods. The input will include an English term, a context paragraph where the term is used, and its translations in Chinese.","Translation, AI Terminology, Multilingual, Ranking","$0.01","Fri Dec 06 03:33:11 PST 2024","5","BatchId:5277379;OriginalHitTemplateId:928390912;","3600","3600","Fri Dec 13 03:33:11 PST 2024","","","3QECW5O0KZF4I6ILMMNQG46ZMIQ5T3","AC4I7XU10MQXK","Approved","Fri Dec 06 04:34:06 PST 2024","Fri Dec 06 05:19:37 PST 2024","Fri Dec 06 06:19:37 PST 2024","Fri Dec 06 06:20:35 PST 2024","","","2731","100% (58/58)","100% (58/58)","100% (58/58)","similarity","相似性","相似度","compared","相比","已比较","SUTD","新加坡科技设计大学","SUTD","Moreover","此外","而且","paper","论文","纸","true","false","true","true","false","false","true","false","false","true","false","false","false","false","false","false","false","false","false","false"
"3KWGG5KP70GIIC3M1X4LJCLN4LDMC2","30NHI4EO3BHNAT9JQMEIFM3OOCFBT8","Ranking the Quality of AI Terminology Translation from English to Chinese","In this task, you will compare the quality of translations for scientific terms generated by two different methods. The input will include an English term, a context paragraph where the term is used, and its translations in Chinese.","Translation, AI Terminology, Multilingual, Ranking","$0.01","Fri Dec 06 03:33:11 PST 2024","5","BatchId:5277379;OriginalHitTemplateId:928390912;","3600","3600","Fri Dec 13 03:33:11 PST 2024","","","3TYCR1GOTUXE67U5K1SFJH3DT6RZLK","A2P8U65V6NL7B5","Approved","Fri Dec 06 05:35:25 PST 2024","Fri Dec 06 05:36:56 PST 2024","Fri Dec 06 06:36:56 PST 2024","Fri Dec 06 06:37:35 PST 2024","","","91","100% (49/49)","100% (49/49)","100% (49/49)","similarity","相似性","相似度","compared","相比","已比较","SUTD","新加坡科技设计大学","SUTD","Moreover","此外","而且","paper","论文","纸","true","false","false","true","false","false","true","true","false","true","false","false","false","false","false","false","false","false","false","false"
"3KWGG5KP70GIIC3M1X4LJCLN4LDMC2","30NHI4EO3BHNAT9JQMEIFM3OOCFBT8","Ranking the Quality of AI Terminology Translation from English to Chinese","In this task, you will compare the quality of translations for scientific terms generated by two different methods. The input will include an English term, a context paragraph where the term is used, and its translations in Chinese.","Translation, AI Terminology, Multilingual, Ranking","$0.01","Fri Dec 06 03:33:11 PST 2024","5","BatchId:5277379;OriginalHitTemplateId:928390912;","3600","3600","Fri Dec 13 03:33:11 PST 2024","","","3WR9XG3T6LPZOPHEVE1F6G83XRK748","A2ZLQZJD9I7NAL","Approved","Fri Dec 06 05:35:26 PST 2024","Fri Dec 06 05:46:08 PST 2024","Fri Dec 06 06:46:08 PST 2024","Fri Dec 06 06:46:35 PST 2024","","","642","100% (10/10)","100% (10/10)","100% (10/10)","similarity","相似性","相似度","compared","相比","已比较","SUTD","新加坡科技设计大学","SUTD","Moreover","此外","而且","paper","论文","纸","true","false","true","true","false","false","true","false","false","true","false","false","false","false","false","false","false","false","false","false"
"3XJOUITW9B5QP83PFC6SPV5W28AQTC","30NHI4EO3BHNAT9JQMEIFM3OOCFBT8","Ranking the Quality of AI Terminology Translation from English to Chinese","In this task, you will compare the quality of translations for scientific terms generated by two different methods. The input will include an English term, a context paragraph where the term is used, and its translations in Chinese.","Translation, AI Terminology, Multilingual, Ranking","$0.01","Fri Dec 06 03:33:11 PST 2024","5","BatchId:5277379;OriginalHitTemplateId:928390912;","3600","3600","Fri Dec 13 03:33:11 PST 2024","","","35H6S234SSEYG879Q9FX5UEL2AF65T","A2QX81MMC8KN80","Approved","Fri Dec 06 03:33:56 PST 2024","Fri Dec 06 03:38:22 PST 2024","Fri Dec 06 04:38:22 PST 2024","Fri Dec 06 04:38:35 PST 2024","","","266","100% (22/22)","100% (22/22)","100% (22/22)","contextualized","上下文化的","情境化","sense","意义","感觉","BPE","字节对编码","BPE","binary","二元","二进制","FLR","最终延迟减少","FLR","false","false","false","false","false","false","false","false","false","false","true","false","true","false","true","false","true","false","true","false"
"3XJOUITW9B5QP83PFC6SPV5W28AQTC","30NHI4EO3BHNAT9JQMEIFM3OOCFBT8","Ranking the Quality of AI Terminology Translation from English to Chinese","In this task, you will compare the quality of translations for scientific terms generated by two different methods. The input will include an English term, a context paragraph where the term is used, and its translations in Chinese.","Translation, AI Terminology, Multilingual, Ranking","$0.01","Fri Dec 06 03:33:11 PST 2024","5","BatchId:5277379;OriginalHitTemplateId:928390912;","3600","3600","Fri Dec 13 03:33:11 PST 2024","","","358UUM7WRHH6PVJC6QXSE9JDP3NR7Q","A39PWDRYNY2WM0","Approved","Fri Dec 06 03:33:48 PST 2024","Fri Dec 06 04:06:46 PST 2024","Fri Dec 06 05:06:46 PST 2024","Fri Dec 06 05:07:35 PST 2024","","","1978","100% (55/55)","100% (55/55)","100% (55/55)","contextualized","上下文化的","情境化","sense","意义","感觉","BPE","字节对编码","BPE","binary","二元","二进制","FLR","最终延迟减少","FLR","true","false","false","false","false","false","true","false","false","false","false","false","true","true","true","false","false","false","false","false"
"3XJOUITW9B5QP83PFC6SPV5W28AQTC","30NHI4EO3BHNAT9JQMEIFM3OOCFBT8","Ranking the Quality of AI Terminology Translation from English to Chinese","In this task, you will compare the quality of translations for scientific terms generated by two different methods. The input will include an English term, a context paragraph where the term is used, and its translations in Chinese.","Translation, AI Terminology, Multilingual, Ranking","$0.01","Fri Dec 06 03:33:11 PST 2024","5","BatchId:5277379;OriginalHitTemplateId:928390912;","3600","3600","Fri Dec 13 03:33:11 PST 2024","","","3EFVCAY5LLNTRL5I8QGPQITHQ6ZJ8D","A2GJB7TBZM91Z4","Approved","Fri Dec 06 03:33:45 PST 2024","Fri Dec 06 04:32:47 PST 2024","Fri Dec 06 05:32:47 PST 2024","Fri Dec 06 05:33:35 PST 2024","","","3542","100% (23/23)","100% (23/23)","100% (23/23)","contextualized","上下文化的","情境化","sense","意义","感觉","BPE","字节对编码","BPE","binary","二元","二进制","FLR","最终延迟减少","FLR","false","false","false","false","false","true","true","true","false","true","false","false","false","true","false","false","false","false","false","false"
"3XJOUITW9B5QP83PFC6SPV5W28AQTC","30NHI4EO3BHNAT9JQMEIFM3OOCFBT8","Ranking the Quality of AI Terminology Translation from English to Chinese","In this task, you will compare the quality of translations for scientific terms generated by two different methods. The input will include an English term, a context paragraph where the term is used, and its translations in Chinese.","Translation, AI Terminology, Multilingual, Ranking","$0.01","Fri Dec 06 03:33:11 PST 2024","5","BatchId:5277379;OriginalHitTemplateId:928390912;","3600","3600","Fri Dec 13 03:33:11 PST 2024","","","3OB0CAO74Z3CFL1AXUBYDI146U5YHA","A2MZEUP2ECO1AI","Approved","Fri Dec 06 04:34:37 PST 2024","Fri Dec 06 05:27:10 PST 2024","Fri Dec 06 06:27:10 PST 2024","Fri Dec 06 06:27:35 PST 2024","","","3153","100% (34/34)","100% (34/34)","100% (34/34)","contextualized","上下文化的","情境化","sense","意义","感觉","BPE","字节对编码","BPE","binary","二元","二进制","FLR","最终延迟减少","FLR","false","false","false","false","false","true","true","false","true","false","false","false","true","false","true","false","false","false","false","false"
"3XJOUITW9B5QP83PFC6SPV5W28AQTC","30NHI4EO3BHNAT9JQMEIFM3OOCFBT8","Ranking the Quality of AI Terminology Translation from English to Chinese","In this task, you will compare the quality of translations for scientific terms generated by two different methods. The input will include an English term, a context paragraph where the term is used, and its translations in Chinese.","Translation, AI Terminology, Multilingual, Ranking","$0.01","Fri Dec 06 03:33:11 PST 2024","5","BatchId:5277379;OriginalHitTemplateId:928390912;","3600","3600","Fri Dec 13 03:33:11 PST 2024","","","3M0BCWMB8DAYZ33OI1JE6ADQ08TBWZ","AVW3ODRZWQ6WT","Approved","Fri Dec 06 05:57:16 PST 2024","Fri Dec 06 05:57:38 PST 2024","Fri Dec 06 06:57:38 PST 2024","Fri Dec 06 06:58:35 PST 2024","","","22","100% (5/5)","100% (5/5)","100% (5/5)","contextualized","上下文化的","情境化","sense","意义","感觉","BPE","字节对编码","BPE","binary","二元","二进制","FLR","最终延迟减少","FLR","false","false","false","false","false","true","false","true","false","true","false","true","false","true","false","false","false","false","false","false"
"3RWO3EJEMYN4GCQ1DG7TJKWR5TXP1B","30NHI4EO3BHNAT9JQMEIFM3OOCFBT8","Ranking the Quality of AI Terminology Translation from English to Chinese","In this task, you will compare the quality of translations for scientific terms generated by two different methods. The input will include an English term, a context paragraph where the term is used, and its translations in Chinese.","Translation, AI Terminology, Multilingual, Ranking","$0.01","Fri Dec 06 03:33:11 PST 2024","5","BatchId:5277379;OriginalHitTemplateId:928390912;","3600","3600","Fri Dec 13 03:33:11 PST 2024","","","3ZQIG0FLQWUD8H1UNIAE7M7X309VWP","A20OEK6BVW13NV","Approved","Fri Dec 06 03:35:18 PST 2024","Fri Dec 06 03:42:15 PST 2024","Fri Dec 06 04:42:15 PST 2024","Fri Dec 06 04:42:35 PST 2024","","","417","100% (2/2)","100% (2/2)","100% (2/2)","generalize","泛化","概括","gradient","梯度","坡度","linear","线性","线性的","named","命名的","命名为","social","社会的","社会类","false","false","true","true","false","true","true","false","false","true","false","false","false","false","false","false","false","false","false","false"
"3RWO3EJEMYN4GCQ1DG7TJKWR5TXP1B","30NHI4EO3BHNAT9JQMEIFM3OOCFBT8","Ranking the Quality of AI Terminology Translation from English to Chinese","In this task, you will compare the quality of translations for scientific terms generated by two different methods. The input will include an English term, a context paragraph where the term is used, and its translations in Chinese.","Translation, AI Terminology, Multilingual, Ranking","$0.01","Fri Dec 06 03:33:11 PST 2024","5","BatchId:5277379;OriginalHitTemplateId:928390912;","3600","3600","Fri Dec 13 03:33:11 PST 2024","","","3PM8NZGV8GU0S9A3BOCQ3IMWVB7XQZ","ASML73P0NOOVV","Approved","Fri Dec 06 04:34:24 PST 2024","Fri Dec 06 04:54:54 PST 2024","Fri Dec 06 05:54:54 PST 2024","Fri Dec 06 05:55:35 PST 2024","","","1230","100% (24/24)","100% (24/24)","100% (24/24)","generalize","泛化","概括","gradient","梯度","坡度","linear","线性","线性的","named","命名的","命名为","social","社会的","社会类","false","false","true","false","true","true","true","false","true","false","false","false","false","false","false","false","false","false","false","false"
"3RWO3EJEMYN4GCQ1DG7TJKWR5TXP1B","30NHI4EO3BHNAT9JQMEIFM3OOCFBT8","Ranking the Quality of AI Terminology Translation from English to Chinese","In this task, you will compare the quality of translations for scientific terms generated by two different methods. The input will include an English term, a context paragraph where the term is used, and its translations in Chinese.","Translation, AI Terminology, Multilingual, Ranking","$0.01","Fri Dec 06 03:33:11 PST 2024","5","BatchId:5277379;OriginalHitTemplateId:928390912;","3600","3600","Fri Dec 13 03:33:11 PST 2024","","","3570Y55XZ7XYFP6ZDOTGSIP3RUSYGB","A3Q32FL0WWF4KZ","Approved","Fri Dec 06 04:34:37 PST 2024","Fri Dec 06 05:12:44 PST 2024","Fri Dec 06 06:12:44 PST 2024","Fri Dec 06 06:13:35 PST 2024","","","2287","100% (40/40)","100% (40/40)","100% (40/40)","generalize","泛化","概括","gradient","梯度","坡度","linear","线性","线性的","named","命名的","命名为","social","社会的","社会类","false","false","true","false","true","true","true","false","true","false","false","false","false","false","false","false","false","false","false","false"
"3RWO3EJEMYN4GCQ1DG7TJKWR5TXP1B","30NHI4EO3BHNAT9JQMEIFM3OOCFBT8","Ranking the Quality of AI Terminology Translation from English to Chinese","In this task, you will compare the quality of translations for scientific terms generated by two different methods. The input will include an English term, a context paragraph where the term is used, and its translations in Chinese.","Translation, AI Terminology, Multilingual, Ranking","$0.01","Fri Dec 06 03:33:11 PST 2024","5","BatchId:5277379;OriginalHitTemplateId:928390912;","3600","3600","Fri Dec 13 03:33:11 PST 2024","","","3GNA64GUZWIRQQQT5ITVBZVC2B5Q5O","A35H5DUMZH86PC","Approved","Fri Dec 06 04:54:26 PST 2024","Fri Dec 06 05:23:42 PST 2024","Fri Dec 06 06:23:42 PST 2024","Fri Dec 06 06:24:35 PST 2024","","","1756","100% (40/40)","100% (40/40)","100% (40/40)","generalize","泛化","概括","gradient","梯度","坡度","linear","线性","线性的","named","命名的","命名为","social","社会的","社会类","false","false","true","false","true","true","true","false","true","false","false","false","false","false","false","false","false","false","false","false"
"3RWO3EJEMYN4GCQ1DG7TJKWR5TXP1B","30NHI4EO3BHNAT9JQMEIFM3OOCFBT8","Ranking the Quality of AI Terminology Translation from English to Chinese","In this task, you will compare the quality of translations for scientific terms generated by two different methods. The input will include an English term, a context paragraph where the term is used, and its translations in Chinese.","Translation, AI Terminology, Multilingual, Ranking","$0.01","Fri Dec 06 03:33:11 PST 2024","5","BatchId:5277379;OriginalHitTemplateId:928390912;","3600","3600","Fri Dec 13 03:33:11 PST 2024","","","339ANSOTRNGHRBNDZXSS4MN88TKIK3","A1L8EGJ85A7DZR","Approved","Fri Dec 06 05:34:42 PST 2024","Fri Dec 06 05:36:28 PST 2024","Fri Dec 06 06:36:28 PST 2024","Fri Dec 06 06:36:35 PST 2024","","","106","100% (27/27)","100% (27/27)","100% (27/27)","generalize","泛化","概括","gradient","梯度","坡度","linear","线性","线性的","named","命名的","命名为","social","社会的","社会类","true","false","true","true","false","false","true","false","false","true","false","false","false","false","false","false","false","false","false","false"
"37OPIVELVBH8XJ5DQMSHLCN3NWTHAM","30NHI4EO3BHNAT9JQMEIFM3OOCFBT8","Ranking the Quality of AI Terminology Translation from English to Chinese","In this task, you will compare the quality of translations for scientific terms generated by two different methods. The input will include an English term, a context paragraph where the term is used, and its translations in Chinese.","Translation, AI Terminology, Multilingual, Ranking","$0.01","Fri Dec 06 03:33:11 PST 2024","5","BatchId:5277379;OriginalHitTemplateId:928390912;","3600","3600","Fri Dec 13 03:33:11 PST 2024","","","3NC5L260M60G7B62WHE086RPC4MOFI","A3AHE81HVRXFCD","Approved","Fri Dec 06 03:33:45 PST 2024","Fri Dec 06 03:45:29 PST 2024","Fri Dec 06 04:45:29 PST 2024","Fri Dec 06 04:45:35 PST 2024","","","704","100% (22/22)","100% (22/22)","100% (22/22)","representations","表示","陈述","number","数量","数字","tagging","标注","标记","morphologically","形态学上","形态上","ICLR","国际学习表征会议","ICLR","false","false","true","false","false","true","true","false","true","false","false","false","false","false","true","false","false","false","false","false"
"37OPIVELVBH8XJ5DQMSHLCN3NWTHAM","30NHI4EO3BHNAT9JQMEIFM3OOCFBT8","Ranking the Quality of AI Terminology Translation from English to Chinese","In this task, you will compare the quality of translations for scientific terms generated by two different methods. The input will include an English term, a context paragraph where the term is used, and its translations in Chinese.","Translation, AI Terminology, Multilingual, Ranking","$0.01","Fri Dec 06 03:33:11 PST 2024","5","BatchId:5277379;OriginalHitTemplateId:928390912;","3600","3600","Fri Dec 13 03:33:11 PST 2024","","","3AMW0RGHOVGAG3VK95AS5B5OO04PN7","A30IGMGSC7G2HM","Approved","Fri Dec 06 04:33:49 PST 2024","Fri Dec 06 04:45:54 PST 2024","Fri Dec 06 05:45:54 PST 2024","Fri Dec 06 05:46:35 PST 2024","","","725","100% (24/24)","100% (24/24)","100% (24/24)","representations","表示","陈述","number","数量","数字","tagging","标注","标记","morphologically","形态学上","形态上","ICLR","国际学习表征会议","ICLR","false","false","true","false","true","true","false","false","true","false","false","true","false","false","false","false","false","false","false","false"
"37OPIVELVBH8XJ5DQMSHLCN3NWTHAM","30NHI4EO3BHNAT9JQMEIFM3OOCFBT8","Ranking the Quality of AI Terminology Translation from English to Chinese","In this task, you will compare the quality of translations for scientific terms generated by two different methods. The input will include an English term, a context paragraph where the term is used, and its translations in Chinese.","Translation, AI Terminology, Multilingual, Ranking","$0.01","Fri Dec 06 03:33:11 PST 2024","5","BatchId:5277379;OriginalHitTemplateId:928390912;","3600","3600","Fri Dec 13 03:33:11 PST 2024","","","3GGAI1SQEDCL4W1GSZ9M8WHHKRFCMG","A186ORPGIU3WNL","Approved","Fri Dec 06 04:33:49 PST 2024","Fri Dec 06 05:08:00 PST 2024","Fri Dec 06 06:08:00 PST 2024","Fri Dec 06 06:08:35 PST 2024","","","2051","100% (53/53)","100% (52/52)","100% (52/52)","representations","表示","陈述","number","数量","数字","tagging","标注","标记","morphologically","形态学上","形态上","ICLR","国际学习表征会议","ICLR","false","false","true","false","true","true","false","false","true","false","false","true","false","false","false","false","false","false","false","false"
"37OPIVELVBH8XJ5DQMSHLCN3NWTHAM","30NHI4EO3BHNAT9JQMEIFM3OOCFBT8","Ranking the Quality of AI Terminology Translation from English to Chinese","In this task, you will compare the quality of translations for scientific terms generated by two different methods. The input will include an English term, a context paragraph where the term is used, and its translations in Chinese.","Translation, AI Terminology, Multilingual, Ranking","$0.01","Fri Dec 06 03:33:11 PST 2024","5","BatchId:5277379;OriginalHitTemplateId:928390912;","3600","3600","Fri Dec 13 03:33:11 PST 2024","","","3CPLWGV3M6DPOGFDSGEVJL59JWM9NW","A3QIWEQXAGMGD","Approved","Fri Dec 06 05:34:21 PST 2024","Fri Dec 06 05:38:21 PST 2024","Fri Dec 06 06:38:21 PST 2024","Fri Dec 06 06:38:35 PST 2024","","","240","100% (26/26)","100% (26/26)","100% (26/26)","representations","表示","陈述","number","数量","数字","tagging","标注","标记","morphologically","形态学上","形态上","ICLR","国际学习表征会议","ICLR","false","false","true","false","true","true","false","false","true","false","false","true","false","false","false","false","false","false","false","false"
"37OPIVELVBH8XJ5DQMSHLCN3NWTHAM","30NHI4EO3BHNAT9JQMEIFM3OOCFBT8","Ranking the Quality of AI Terminology Translation from English to Chinese","In this task, you will compare the quality of translations for scientific terms generated by two different methods. The input will include an English term, a context paragraph where the term is used, and its translations in Chinese.","Translation, AI Terminology, Multilingual, Ranking","$0.01","Fri Dec 06 03:33:11 PST 2024","5","BatchId:5277379;OriginalHitTemplateId:928390912;","3600","3600","Fri Dec 13 03:33:11 PST 2024","","","3X4JMASXC4N5RD23PUQTZF4MZ5P0B1","A11B7MUC7UTFKN","Approved","Fri Dec 06 05:27:42 PST 2024","Fri Dec 06 05:59:30 PST 2024","Fri Dec 06 06:59:30 PST 2024","Fri Dec 06 06:59:35 PST 2024","","","1908","100% (36/36)","100% (36/36)","100% (36/36)","representations","表示","陈述","number","数量","数字","tagging","标注","标记","morphologically","形态学上","形态上","ICLR","国际学习表征会议","ICLR","false","true","true","false","false","true","false","false","true","false","false","false","false","false","true","false","false","false","false","false"
"3DFYDSXB3DEO3YE1KRCTXQFC7RPJU5","30NHI4EO3BHNAT9JQMEIFM3OOCFBT8","Ranking the Quality of AI Terminology Translation from English to Chinese","In this task, you will compare the quality of translations for scientific terms generated by two different methods. The input will include an English term, a context paragraph where the term is used, and its translations in Chinese.","Translation, AI Terminology, Multilingual, Ranking","$0.01","Fri Dec 06 03:33:11 PST 2024","5","BatchId:5277379;OriginalHitTemplateId:928390912;","3600","3600","Fri Dec 13 03:33:11 PST 2024","","","3018Q3ZVO04O8XHADT9CO0L3QBTAR0","A3AHE81HVRXFCD","Approved","Fri Dec 06 03:33:42 PST 2024","Fri Dec 06 03:44:08 PST 2024","Fri Dec 06 04:44:08 PST 2024","Fri Dec 06 04:44:35 PST 2024","","","626","100% (22/22)","100% (22/22)","100% (22/22)","conversational","对话式的","会话式","LinCE","LinCE代码切换数据集","LinCE","transformers","Transformer模型","转换器","annotated","注释的","带注释","graphs","图","图表","true","false","false","false","false","false","false","true","false","false","false","true","false","true","true","false","false","false","false","false"
"3DFYDSXB3DEO3YE1KRCTXQFC7RPJU5","30NHI4EO3BHNAT9JQMEIFM3OOCFBT8","Ranking the Quality of AI Terminology Translation from English to Chinese","In this task, you will compare the quality of translations for scientific terms generated by two different methods. The input will include an English term, a context paragraph where the term is used, and its translations in Chinese.","Translation, AI Terminology, Multilingual, Ranking","$0.01","Fri Dec 06 03:33:11 PST 2024","5","BatchId:5277379;OriginalHitTemplateId:928390912;","3600","3600","Fri Dec 13 03:33:11 PST 2024","","","3X65QVEQII11YEJVSN878J2SKMPCLE","A3QIWEQXAGMGD","Approved","Fri Dec 06 03:33:41 PST 2024","Fri Dec 06 03:45:15 PST 2024","Fri Dec 06 04:45:15 PST 2024","Fri Dec 06 04:45:35 PST 2024","","","694","100% (26/26)","100% (26/26)","100% (26/26)","conversational","对话式的","会话式","LinCE","LinCE代码切换数据集","LinCE","transformers","Transformer模型","转换器","annotated","注释的","带注释","graphs","图","图表","true","false","false","true","false","false","true","true","false","true","false","false","false","false","false","false","false","false","false","false"
"3DFYDSXB3DEO3YE1KRCTXQFC7RPJU5","30NHI4EO3BHNAT9JQMEIFM3OOCFBT8","Ranking the Quality of AI Terminology Translation from English to Chinese","In this task, you will compare the quality of translations for scientific terms generated by two different methods. The input will include an English term, a context paragraph where the term is used, and its translations in Chinese.","Translation, AI Terminology, Multilingual, Ranking","$0.01","Fri Dec 06 03:33:11 PST 2024","5","BatchId:5277379;OriginalHitTemplateId:928390912;","3600","3600","Fri Dec 13 03:33:11 PST 2024","","","3XIQGXAUMUMQMR5OFP3K3R51QK87X2","A198MZX1B7ZOPY","Approved","Fri Dec 06 03:41:01 PST 2024","Fri Dec 06 03:45:44 PST 2024","Fri Dec 06 04:45:44 PST 2024","Fri Dec 06 04:46:35 PST 2024","","","283","100% (17/17)","100% (17/17)","100% (17/17)","conversational","对话式的","会话式","LinCE","LinCE代码切换数据集","LinCE","transformers","Transformer模型","转换器","annotated","注释的","带注释","graphs","图","图表","false","true","false","true","false","true","false","true","false","true","false","false","false","false","false","false","false","false","false","false"
"3DFYDSXB3DEO3YE1KRCTXQFC7RPJU5","30NHI4EO3BHNAT9JQMEIFM3OOCFBT8","Ranking the Quality of AI Terminology Translation from English to Chinese","In this task, you will compare the quality of translations for scientific terms generated by two different methods. The input will include an English term, a context paragraph where the term is used, and its translations in Chinese.","Translation, AI Terminology, Multilingual, Ranking","$0.01","Fri Dec 06 03:33:11 PST 2024","5","BatchId:5277379;OriginalHitTemplateId:928390912;","3600","3600","Fri Dec 13 03:33:11 PST 2024","","","3SBEHTYCW5HCBGCU3CTJDU2J67KYI3","A39PWDRYNY2WM0","Approved","Fri Dec 06 04:34:37 PST 2024","Fri Dec 06 05:02:52 PST 2024","Fri Dec 06 06:02:52 PST 2024","Fri Dec 06 06:03:35 PST 2024","","","1695","100% (55/55)","100% (55/55)","100% (55/55)","conversational","对话式的","会话式","LinCE","LinCE代码切换数据集","LinCE","transformers","Transformer模型","转换器","annotated","注释的","带注释","graphs","图","图表","true","false","false","true","true","false","false","true","false","false","false","true","false","false","false","false","false","false","false","false"
"3DFYDSXB3DEO3YE1KRCTXQFC7RPJU5","30NHI4EO3BHNAT9JQMEIFM3OOCFBT8","Ranking the Quality of AI Terminology Translation from English to Chinese","In this task, you will compare the quality of translations for scientific terms generated by two different methods. The input will include an English term, a context paragraph where the term is used, and its translations in Chinese.","Translation, AI Terminology, Multilingual, Ranking","$0.01","Fri Dec 06 03:33:11 PST 2024","5","BatchId:5277379;OriginalHitTemplateId:928390912;","3600","3600","Fri Dec 13 03:33:11 PST 2024","","","3IFS6Q0HJ0XFFU0L461UV8EIPP7SI8","A2QX81MMC8KN80","Approved","Fri Dec 06 06:36:17 PST 2024","Fri Dec 06 06:45:23 PST 2024","Fri Dec 06 07:45:23 PST 2024","Fri Dec 06 07:45:35 PST 2024","","","546","100% (22/22)","100% (22/22)","100% (22/22)","conversational","对话式的","会话式","LinCE","LinCE代码切换数据集","LinCE","transformers","Transformer模型","转换器","annotated","注释的","带注释","graphs","图","图表","false","false","false","false","false","false","false","false","false","false","true","true","true","true","true","false","false","false","false","false"
"3T8DUCXY14KKX9M3YAV630F7S86T9T","30NHI4EO3BHNAT9JQMEIFM3OOCFBT8","Ranking the Quality of AI Terminology Translation from English to Chinese","In this task, you will compare the quality of translations for scientific terms generated by two different methods. The input will include an English term, a context paragraph where the term is used, and its translations in Chinese.","Translation, AI Terminology, Multilingual, Ranking","$0.01","Fri Dec 06 03:33:11 PST 2024","5","BatchId:5277379;OriginalHitTemplateId:928390912;","3600","3600","Fri Dec 13 03:33:11 PST 2024","","","3TPWUS5F8RFH98VUW1F9HUJ8ITTCW7","A3AHE81HVRXFCD","Approved","Fri Dec 06 03:33:47 PST 2024","Fri Dec 06 03:45:51 PST 2024","Fri Dec 06 04:45:51 PST 2024","Fri Dec 06 04:46:35 PST 2024","","","724","100% (22/22)","100% (22/22)","100% (22/22)","existing","现有的","现存","vectors","向量","矢量","counterfactual","反事实","反事实的","augmented","增强的","增强型","relations","关系","relations","true","true","false","false","false","false","false","true","true","true","false","false","false","false","false","false","false","false","false","false"
"3T8DUCXY14KKX9M3YAV630F7S86T9T","30NHI4EO3BHNAT9JQMEIFM3OOCFBT8","Ranking the Quality of AI Terminology Translation from English to Chinese","In this task, you will compare the quality of translations for scientific terms generated by two different methods. The input will include an English term, a context paragraph where the term is used, and its translations in Chinese.","Translation, AI Terminology, Multilingual, Ranking","$0.01","Fri Dec 06 03:33:11 PST 2024","5","BatchId:5277379;OriginalHitTemplateId:928390912;","3600","3600","Fri Dec 13 03:33:11 PST 2024","","","3MTMREQS4DWTGTYWCNJIBZTKIQ8AW3","A3QIWEQXAGMGD","Approved","Fri Dec 06 03:33:44 PST 2024","Fri Dec 06 03:45:59 PST 2024","Fri Dec 06 04:45:59 PST 2024","Fri Dec 06 04:46:35 PST 2024","","","735","100% (26/26)","100% (26/26)","100% (26/26)","existing","现有的","现存","vectors","向量","矢量","counterfactual","反事实","反事实的","augmented","增强的","增强型","relations","关系","relations","true","true","false","false","false","false","false","true","true","true","false","false","false","false","false","false","false","false","false","false"
"3T8DUCXY14KKX9M3YAV630F7S86T9T","30NHI4EO3BHNAT9JQMEIFM3OOCFBT8","Ranking the Quality of AI Terminology Translation from English to Chinese","In this task, you will compare the quality of translations for scientific terms generated by two different methods. The input will include an English term, a context paragraph where the term is used, and its translations in Chinese.","Translation, AI Terminology, Multilingual, Ranking","$0.01","Fri Dec 06 03:33:11 PST 2024","5","BatchId:5277379;OriginalHitTemplateId:928390912;","3600","3600","Fri Dec 13 03:33:11 PST 2024","","","3018Q3ZVO04O8XHADT9CO0L3QBTRAH","A2FXDEKCCUT9OJ","Approved","Fri Dec 06 03:50:29 PST 2024","Fri Dec 06 04:05:37 PST 2024","Fri Dec 06 05:05:37 PST 2024","Fri Dec 06 05:06:35 PST 2024","","","908","100% (36/36)","100% (36/36)","100% (36/36)","existing","现有的","现存","vectors","向量","矢量","counterfactual","反事实","反事实的","augmented","增强的","增强型","relations","关系","relations","true","true","true","true","false","false","false","false","false","true","false","false","false","false","false","false","false","false","false","false"
"3T8DUCXY14KKX9M3YAV630F7S86T9T","30NHI4EO3BHNAT9JQMEIFM3OOCFBT8","Ranking the Quality of AI Terminology Translation from English to Chinese","In this task, you will compare the quality of translations for scientific terms generated by two different methods. The input will include an English term, a context paragraph where the term is used, and its translations in Chinese.","Translation, AI Terminology, Multilingual, Ranking","$0.01","Fri Dec 06 03:33:11 PST 2024","5","BatchId:5277379;OriginalHitTemplateId:928390912;","3600","3600","Fri Dec 13 03:33:11 PST 2024","","","37W3JXSD6OMUCBWZSTXYELBRLHQWYE","ASML73P0NOOVV","Approved","Fri Dec 06 03:53:39 PST 2024","Fri Dec 06 04:12:44 PST 2024","Fri Dec 06 05:12:44 PST 2024","Fri Dec 06 05:13:35 PST 2024","","","1145","100% (24/24)","100% (24/24)","100% (24/24)","existing","现有的","现存","vectors","向量","矢量","counterfactual","反事实","反事实的","augmented","增强的","增强型","relations","关系","relations","true","true","true","false","false","false","false","false","true","true","false","false","false","false","false","false","false","false","false","false"
"3T8DUCXY14KKX9M3YAV630F7S86T9T","30NHI4EO3BHNAT9JQMEIFM3OOCFBT8","Ranking the Quality of AI Terminology Translation from English to Chinese","In this task, you will compare the quality of translations for scientific terms generated by two different methods. The input will include an English term, a context paragraph where the term is used, and its translations in Chinese.","Translation, AI Terminology, Multilingual, Ranking","$0.01","Fri Dec 06 03:33:11 PST 2024","5","BatchId:5277379;OriginalHitTemplateId:928390912;","3600","3600","Fri Dec 13 03:33:11 PST 2024","","","3J2UYBXQQ3QZL1L8T39LOZIUL3B06B","A26FAIG4EODBI2","Approved","Fri Dec 06 05:34:31 PST 2024","Fri Dec 06 05:45:43 PST 2024","Fri Dec 06 06:45:43 PST 2024","Fri Dec 06 06:46:35 PST 2024","","","672","100% (2/2)","100% (2/2)","100% (2/2)","existing","现有的","现存","vectors","向量","矢量","counterfactual","反事实","反事实的","augmented","增强的","增强型","relations","关系","relations","true","false","false","false","true","false","true","false","false","false","false","false","false","true","false","false","false","false","false","false"
"37VE3DA4ZBVDGTA5W0SDGN795EEHBH","30NHI4EO3BHNAT9JQMEIFM3OOCFBT8","Ranking the Quality of AI Terminology Translation from English to Chinese","In this task, you will compare the quality of translations for scientific terms generated by two different methods. The input will include an English term, a context paragraph where the term is used, and its translations in Chinese.","Translation, AI Terminology, Multilingual, Ranking","$0.01","Fri Dec 06 03:33:11 PST 2024","5","BatchId:5277379;OriginalHitTemplateId:928390912;","3600","3600","Fri Dec 13 03:33:11 PST 2024","","","3T3IWE1XGO1TBS1J6EBTEF1QIECTQ3","A1KYZPQ0T7WECC","Approved","Fri Dec 06 03:33:52 PST 2024","Fri Dec 06 04:02:38 PST 2024","Fri Dec 06 05:02:38 PST 2024","Fri Dec 06 05:03:35 PST 2024","","","1726","100% (15/15)","100% (15/15)","100% (14/14)","lexical","词汇的","词汇","re","重新","关系提取","CLIP","对比语言-图像预训练模型","CLIP","answer","答案","回答","For","例如","针对","true","false","false","true","false","false","false","true","false","false","false","false","false","false","true","false","true","false","false","false"
"37VE3DA4ZBVDGTA5W0SDGN795EEHBH","30NHI4EO3BHNAT9JQMEIFM3OOCFBT8","Ranking the Quality of AI Terminology Translation from English to Chinese","In this task, you will compare the quality of translations for scientific terms generated by two different methods. The input will include an English term, a context paragraph where the term is used, and its translations in Chinese.","Translation, AI Terminology, Multilingual, Ranking","$0.01","Fri Dec 06 03:33:11 PST 2024","5","BatchId:5277379;OriginalHitTemplateId:928390912;","3600","3600","Fri Dec 13 03:33:11 PST 2024","","","3TE3O8573IMZ3UM60EGXII25EN1R2A","AWGV35294HOYB","Approved","Fri Dec 06 03:50:28 PST 2024","Fri Dec 06 04:44:00 PST 2024","Fri Dec 06 05:44:00 PST 2024","Fri Dec 06 05:44:35 PST 2024","","","3212","100% (43/43)","100% (43/43)","100% (43/43)","lexical","词汇的","词汇","re","重新","关系提取","CLIP","对比语言-图像预训练模型","CLIP","answer","答案","回答","For","例如","针对","false","false","true","true","false","true","false","false","false","false","false","false","false","false","true","false","true","false","false","false"
"37VE3DA4ZBVDGTA5W0SDGN795EEHBH","30NHI4EO3BHNAT9JQMEIFM3OOCFBT8","Ranking the Quality of AI Terminology Translation from English to Chinese","In this task, you will compare the quality of translations for scientific terms generated by two different methods. The input will include an English term, a context paragraph where the term is used, and its translations in Chinese.","Translation, AI Terminology, Multilingual, Ranking","$0.01","Fri Dec 06 03:33:11 PST 2024","5","BatchId:5277379;OriginalHitTemplateId:928390912;","3600","3600","Fri Dec 13 03:33:11 PST 2024","","","39L1G8WVW850V7J86KFNV1PKG38130","A11B7MUC7UTFKN","Approved","Fri Dec 06 04:34:26 PST 2024","Fri Dec 06 05:05:51 PST 2024","Fri Dec 06 06:05:51 PST 2024","Fri Dec 06 06:06:35 PST 2024","","","1885","100% (36/36)","100% (36/36)","100% (36/36)","lexical","词汇的","词汇","re","重新","关系提取","CLIP","对比语言-图像预训练模型","CLIP","answer","答案","回答","For","例如","针对","true","false","false","true","false","false","false","true","false","false","false","false","false","false","true","false","true","false","false","false"
"37VE3DA4ZBVDGTA5W0SDGN795EEHBH","30NHI4EO3BHNAT9JQMEIFM3OOCFBT8","Ranking the Quality of AI Terminology Translation from English to Chinese","In this task, you will compare the quality of translations for scientific terms generated by two different methods. The input will include an English term, a context paragraph where the term is used, and its translations in Chinese.","Translation, AI Terminology, Multilingual, Ranking","$0.01","Fri Dec 06 03:33:11 PST 2024","5","BatchId:5277379;OriginalHitTemplateId:928390912;","3600","3600","Fri Dec 13 03:33:11 PST 2024","","","3M1CVSFP6IJOWW2A0EKCJABYUQZAQ9","A2YVLMI4PRDECY","Approved","Fri Dec 06 04:34:39 PST 2024","Fri Dec 06 05:32:44 PST 2024","Fri Dec 06 06:32:44 PST 2024","Fri Dec 06 06:33:35 PST 2024","","","3485","100% (32/32)","100% (32/32)","100% (32/32)","lexical","词汇的","词汇","re","重新","关系提取","CLIP","对比语言-图像预训练模型","CLIP","answer","答案","回答","For","例如","针对","false","false","false","true","false","true","false","true","false","false","false","false","false","false","true","false","true","false","false","false"
"37VE3DA4ZBVDGTA5W0SDGN795EEHBH","30NHI4EO3BHNAT9JQMEIFM3OOCFBT8","Ranking the Quality of AI Terminology Translation from English to Chinese","In this task, you will compare the quality of translations for scientific terms generated by two different methods. The input will include an English term, a context paragraph where the term is used, and its translations in Chinese.","Translation, AI Terminology, Multilingual, Ranking","$0.01","Fri Dec 06 03:33:11 PST 2024","5","BatchId:5277379;OriginalHitTemplateId:928390912;","3600","3600","Fri Dec 13 03:33:11 PST 2024","","","3TXD01ZLDMV1M0TA8MUQG8MN52HU4X","A3MDTRJTDIDNX","Approved","Fri Dec 06 05:35:25 PST 2024","Fri Dec 06 05:39:40 PST 2024","Fri Dec 06 06:39:40 PST 2024","Fri Dec 06 06:40:35 PST 2024","","","255","100% (53/53)","100% (53/53)","100% (53/53)","lexical","词汇的","词汇","re","重新","关系提取","CLIP","对比语言-图像预训练模型","CLIP","answer","答案","回答","For","例如","针对","false","false","false","true","false","true","false","true","false","false","false","false","false","false","true","false","true","false","false","false"
"38G0E1M863JXUTEV1GQC0EQ62EWVU2","30NHI4EO3BHNAT9JQMEIFM3OOCFBT8","Ranking the Quality of AI Terminology Translation from English to Chinese","In this task, you will compare the quality of translations for scientific terms generated by two different methods. The input will include an English term, a context paragraph where the term is used, and its translations in Chinese.","Translation, AI Terminology, Multilingual, Ranking","$0.01","Fri Dec 06 03:33:11 PST 2024","5","BatchId:5277379;OriginalHitTemplateId:928390912;","3600","3600","Fri Dec 13 03:33:11 PST 2024","","","3OCHAWUVG6YEH6C8YJST7WANW4LXKB","A1KYZPQ0T7WECC","Approved","Fri Dec 06 03:50:40 PST 2024","Fri Dec 06 04:06:07 PST 2024","Fri Dec 06 05:06:07 PST 2024","Fri Dec 06 05:06:35 PST 2024","","","927","100% (15/15)","100% (15/15)","100% (14/14)","spoken","口语的","口语","transformer","变换器","转换器","embedding","嵌入表示","嵌入","image","图像","图片","seq2seq","序列到序列","seq2seq","true","false","false","true","true","false","true","true","false","false","false","false","false","false","false","false","false","false","false","false"
"38G0E1M863JXUTEV1GQC0EQ62EWVU2","30NHI4EO3BHNAT9JQMEIFM3OOCFBT8","Ranking the Quality of AI Terminology Translation from English to Chinese","In this task, you will compare the quality of translations for scientific terms generated by two different methods. The input will include an English term, a context paragraph where the term is used, and its translations in Chinese.","Translation, AI Terminology, Multilingual, Ranking","$0.01","Fri Dec 06 03:33:11 PST 2024","5","BatchId:5277379;OriginalHitTemplateId:928390912;","3600","3600","Fri Dec 13 03:33:11 PST 2024","","","3PW9OPU9P8YBAPNP2K1ICRKSAQF21Z","A9M8N3BOH6013","Approved","Fri Dec 06 04:34:20 PST 2024","Fri Dec 06 04:50:29 PST 2024","Fri Dec 06 05:50:29 PST 2024","Fri Dec 06 05:50:35 PST 2024","","","969","100% (44/44)","100% (44/44)","100% (44/44)","spoken","口语的","口语","transformer","变换器","转换器","embedding","嵌入表示","嵌入","image","图像","图片","seq2seq","序列到序列","seq2seq","true","false","true","true","true","false","false","false","false","false","false","true","false","false","false","false","false","false","false","false"
"38G0E1M863JXUTEV1GQC0EQ62EWVU2","30NHI4EO3BHNAT9JQMEIFM3OOCFBT8","Ranking the Quality of AI Terminology Translation from English to Chinese","In this task, you will compare the quality of translations for scientific terms generated by two different methods. The input will include an English term, a context paragraph where the term is used, and its translations in Chinese.","Translation, AI Terminology, Multilingual, Ranking","$0.01","Fri Dec 06 03:33:11 PST 2024","5","BatchId:5277379;OriginalHitTemplateId:928390912;","3600","3600","Fri Dec 13 03:33:11 PST 2024","","","382M9COHEZTJE2Q3XS63PUYEIPVUEJ","A38SYZRVLTMOFG","Approved","Fri Dec 06 04:34:22 PST 2024","Fri Dec 06 05:09:59 PST 2024","Fri Dec 06 06:09:59 PST 2024","Fri Dec 06 06:10:35 PST 2024","","","2137","100% (49/49)","100% (49/49)","100% (49/49)","spoken","口语的","口语","transformer","变换器","转换器","embedding","嵌入表示","嵌入","image","图像","图片","seq2seq","序列到序列","seq2seq","false","false","false","true","true","true","false","true","false","false","false","true","false","false","false","false","false","false","false","false"
"38G0E1M863JXUTEV1GQC0EQ62EWVU2","30NHI4EO3BHNAT9JQMEIFM3OOCFBT8","Ranking the Quality of AI Terminology Translation from English to Chinese","In this task, you will compare the quality of translations for scientific terms generated by two different methods. The input will include an English term, a context paragraph where the term is used, and its translations in Chinese.","Translation, AI Terminology, Multilingual, Ranking","$0.01","Fri Dec 06 03:33:11 PST 2024","5","BatchId:5277379;OriginalHitTemplateId:928390912;","3600","3600","Fri Dec 13 03:33:11 PST 2024","","","3R0T90IZ1AQLCM5UHWBRVRXKO53GCC","A11JXYZDAUX0UP","Approved","Fri Dec 06 04:33:50 PST 2024","Fri Dec 06 05:28:23 PST 2024","Fri Dec 06 06:28:23 PST 2024","Fri Dec 06 06:28:35 PST 2024","","","3273","100% (1186/1186)","100% (1186/1186)","100% (1184/1184)","spoken","口语的","口语","transformer","变换器","转换器","embedding","嵌入表示","嵌入","image","图像","图片","seq2seq","序列到序列","seq2seq","true","false","false","true","false","false","false","true","false","true","false","true","false","false","false","false","false","false","false","false"
"38G0E1M863JXUTEV1GQC0EQ62EWVU2","30NHI4EO3BHNAT9JQMEIFM3OOCFBT8","Ranking the Quality of AI Terminology Translation from English to Chinese","In this task, you will compare the quality of translations for scientific terms generated by two different methods. The input will include an English term, a context paragraph where the term is used, and its translations in Chinese.","Translation, AI Terminology, Multilingual, Ranking","$0.01","Fri Dec 06 03:33:11 PST 2024","5","BatchId:5277379;OriginalHitTemplateId:928390912;","3600","3600","Fri Dec 13 03:33:11 PST 2024","","","3NVC2EB658DXLDUBI9MW9O0UNQS3YF","A251BWQW2F81FT","Approved","Fri Dec 06 05:28:45 PST 2024","Fri Dec 06 05:35:11 PST 2024","Fri Dec 06 06:35:11 PST 2024","Fri Dec 06 06:35:35 PST 2024","","","386","100% (31/31)","100% (31/31)","100% (31/31)","spoken","口语的","口语","transformer","变换器","转换器","embedding","嵌入表示","嵌入","image","图像","图片","seq2seq","序列到序列","seq2seq","false","true","false","true","true","true","false","true","false","false","false","false","false","false","false","false","false","false","false","false"
"3J06WJ78I4YX783V660HW0SPGL5VVR","30NHI4EO3BHNAT9JQMEIFM3OOCFBT8","Ranking the Quality of AI Terminology Translation from English to Chinese","In this task, you will compare the quality of translations for scientific terms generated by two different methods. The input will include an English term, a context paragraph where the term is used, and its translations in Chinese.","Translation, AI Terminology, Multilingual, Ranking","$0.01","Fri Dec 06 03:33:11 PST 2024","5","BatchId:5277379;OriginalHitTemplateId:928390912;","3600","3600","Fri Dec 13 03:33:11 PST 2024","","","3K3R2QNK8TH2J6ZMPHQHXGX3RSFU99","A1G4DX33KADZA3","Approved","Fri Dec 06 03:33:59 PST 2024","Fri Dec 06 03:37:44 PST 2024","Fri Dec 06 04:37:44 PST 2024","Fri Dec 06 04:38:35 PST 2024","","","225","100% (21/21)","100% (21/21)","100% (21/21)","structure","结构","结构体","visual","视觉","视觉类","BERT","BERT模型","BERT","perplexity","困惑度","混乱","CEAS","认知情感分析系统","CEAS","false","false","false","false","false","false","false","false","false","false","false","true","false","true","false","true","false","true","false","true"
"3J06WJ78I4YX783V660HW0SPGL5VVR","30NHI4EO3BHNAT9JQMEIFM3OOCFBT8","Ranking the Quality of AI Terminology Translation from English to Chinese","In this task, you will compare the quality of translations for scientific terms generated by two different methods. The input will include an English term, a context paragraph where the term is used, and its translations in Chinese.","Translation, AI Terminology, Multilingual, Ranking","$0.01","Fri Dec 06 03:33:11 PST 2024","5","BatchId:5277379;OriginalHitTemplateId:928390912;","3600","3600","Fri Dec 13 03:33:11 PST 2024","","","3IJXV6UZ1FX3EF08PH1P5Y9M3JYRIL","A2FXDEKCCUT9OJ","Approved","Fri Dec 06 03:33:53 PST 2024","Fri Dec 06 03:59:38 PST 2024","Fri Dec 06 04:59:38 PST 2024","Fri Dec 06 05:00:35 PST 2024","","","1545","100% (36/36)","100% (36/36)","100% (36/36)","structure","结构","结构体","visual","视觉","视觉类","BERT","BERT模型","BERT","perplexity","困惑度","混乱","CEAS","认知情感分析系统","CEAS","true","false","true","false","false","false","true","false","true","true","false","false","false","false","false","false","false","false","false","false"
"3J06WJ78I4YX783V660HW0SPGL5VVR","30NHI4EO3BHNAT9JQMEIFM3OOCFBT8","Ranking the Quality of AI Terminology Translation from English to Chinese","In this task, you will compare the quality of translations for scientific terms generated by two different methods. The input will include an English term, a context paragraph where the term is used, and its translations in Chinese.","Translation, AI Terminology, Multilingual, Ranking","$0.01","Fri Dec 06 03:33:11 PST 2024","5","BatchId:5277379;OriginalHitTemplateId:928390912;","3600","3600","Fri Dec 13 03:33:11 PST 2024","","","32KTQ2V7RVTJ6YUDGFZV66G9E7JM9I","A9M8N3BOH6013","Approved","Fri Dec 06 04:34:03 PST 2024","Fri Dec 06 04:49:27 PST 2024","Fri Dec 06 05:49:27 PST 2024","Fri Dec 06 05:49:35 PST 2024","","","924","100% (44/44)","100% (44/44)","100% (44/44)","structure","结构","结构体","visual","视觉","视觉类","BERT","BERT模型","BERT","perplexity","困惑度","混乱","CEAS","认知情感分析系统","CEAS","true","false","false","false","false","false","true","true","true","true","false","false","false","false","false","false","false","false","false","false"
"3J06WJ78I4YX783V660HW0SPGL5VVR","30NHI4EO3BHNAT9JQMEIFM3OOCFBT8","Ranking the Quality of AI Terminology Translation from English to Chinese","In this task, you will compare the quality of translations for scientific terms generated by two different methods. The input will include an English term, a context paragraph where the term is used, and its translations in Chinese.","Translation, AI Terminology, Multilingual, Ranking","$0.01","Fri Dec 06 03:33:11 PST 2024","5","BatchId:5277379;OriginalHitTemplateId:928390912;","3600","3600","Fri Dec 13 03:33:11 PST 2024","","","3PMBY0YE2PH6XCIM3Q5H3ABXKTG9CO","ASML73P0NOOVV","Approved","Fri Dec 06 04:35:02 PST 2024","Fri Dec 06 04:55:11 PST 2024","Fri Dec 06 05:55:11 PST 2024","Fri Dec 06 05:55:35 PST 2024","","","1209","100% (24/24)","100% (24/24)","100% (24/24)","structure","结构","结构体","visual","视觉","视觉类","BERT","BERT模型","BERT","perplexity","困惑度","混乱","CEAS","认知情感分析系统","CEAS","true","false","true","false","false","false","true","false","true","true","false","false","false","false","false","false","false","false","false","false"
"3J06WJ78I4YX783V660HW0SPGL5VVR","30NHI4EO3BHNAT9JQMEIFM3OOCFBT8","Ranking the Quality of AI Terminology Translation from English to Chinese","In this task, you will compare the quality of translations for scientific terms generated by two different methods. The input will include an English term, a context paragraph where the term is used, and its translations in Chinese.","Translation, AI Terminology, Multilingual, Ranking","$0.01","Fri Dec 06 03:33:11 PST 2024","5","BatchId:5277379;OriginalHitTemplateId:928390912;","3600","3600","Fri Dec 13 03:33:11 PST 2024","","","3PB5A5BD0DKF05AYQF3GF556NUC7GA","A2D6SB3TU1NYQ7","Approved","Fri Dec 06 04:34:06 PST 2024","Fri Dec 06 04:59:45 PST 2024","Fri Dec 06 05:59:45 PST 2024","Fri Dec 06 06:00:35 PST 2024","","","1539","100% (45/45)","100% (45/45)","100% (45/45)","structure","结构","结构体","visual","视觉","视觉类","BERT","BERT模型","BERT","perplexity","困惑度","混乱","CEAS","认知情感分析系统","CEAS","true","false","false","false","false","false","true","true","true","true","false","false","false","false","false","false","false","false","false","false"
"39HYCOOPL5ZSN4901TZW3I35PLPMD2","30NHI4EO3BHNAT9JQMEIFM3OOCFBT8","Ranking the Quality of AI Terminology Translation from English to Chinese","In this task, you will compare the quality of translations for scientific terms generated by two different methods. The input will include an English term, a context paragraph where the term is used, and its translations in Chinese.","Translation, AI Terminology, Multilingual, Ranking","$0.01","Fri Dec 06 03:33:11 PST 2024","5","BatchId:5277379;OriginalHitTemplateId:928390912;","3600","3600","Fri Dec 13 03:33:11 PST 2024","","","3KV0LJBBHKZPAYQZAWZHXRG3KSIRM1","A2QX81MMC8KN80","Approved","Fri Dec 06 03:33:54 PST 2024","Fri Dec 06 03:35:02 PST 2024","Fri Dec 06 04:35:02 PST 2024","Fri Dec 06 04:35:35 PST 2024","","","68","100% (22/22)","100% (22/22)","100% (22/22)","qualitative","定性","定性的","retrieved","检索到的","检索到","tokens","词元","令牌","grammatical","语法的","语法类","annotators","标注者","注释者","false","false","false","false","false","false","true","false","false","false","true","false","true","false","true","false","false","false","true","false"
"39HYCOOPL5ZSN4901TZW3I35PLPMD2","30NHI4EO3BHNAT9JQMEIFM3OOCFBT8","Ranking the Quality of AI Terminology Translation from English to Chinese","In this task, you will compare the quality of translations for scientific terms generated by two different methods. The input will include an English term, a context paragraph where the term is used, and its translations in Chinese.","Translation, AI Terminology, Multilingual, Ranking","$0.01","Fri Dec 06 03:33:11 PST 2024","5","BatchId:5277379;OriginalHitTemplateId:928390912;","3600","3600","Fri Dec 13 03:33:11 PST 2024","","","3R2UR8A0ISUX7XXNWBKMEDRWG9IXOI","AOK9OY3G5D6GX","Approved","Fri Dec 06 03:33:51 PST 2024","Fri Dec 06 03:38:07 PST 2024","Fri Dec 06 04:38:07 PST 2024","Fri Dec 06 04:38:35 PST 2024","","","256","100% (2/2)","100% (2/2)","100% (2/2)","qualitative","定性","定性的","retrieved","检索到的","检索到","tokens","词元","令牌","grammatical","语法的","语法类","annotators","标注者","注释者","false","false","false","false","false","true","true","true","true","true","false","false","false","false","false","false","false","false","false","false"
"39HYCOOPL5ZSN4901TZW3I35PLPMD2","30NHI4EO3BHNAT9JQMEIFM3OOCFBT8","Ranking the Quality of AI Terminology Translation from English to Chinese","In this task, you will compare the quality of translations for scientific terms generated by two different methods. The input will include an English term, a context paragraph where the term is used, and its translations in Chinese.","Translation, AI Terminology, Multilingual, Ranking","$0.01","Fri Dec 06 03:33:11 PST 2024","5","BatchId:5277379;OriginalHitTemplateId:928390912;","3600","3600","Fri Dec 13 03:33:11 PST 2024","","","3KWTYT087IHGZTAGDDLZUDWIS54L5G","A14ICQPNQ6RZXB","Approved","Fri Dec 06 03:35:29 PST 2024","Fri Dec 06 03:43:35 PST 2024","Fri Dec 06 04:43:35 PST 2024","Fri Dec 06 04:44:35 PST 2024","","","486","100% (9/9)","100% (9/9)","100% (9/9)","qualitative","定性","定性的","retrieved","检索到的","检索到","tokens","词元","令牌","grammatical","语法的","语法类","annotators","标注者","注释者","false","false","false","false","false","true","false","false","true","false","false","true","true","false","true","false","false","false","false","false"
"39HYCOOPL5ZSN4901TZW3I35PLPMD2","30NHI4EO3BHNAT9JQMEIFM3OOCFBT8","Ranking the Quality of AI Terminology Translation from English to Chinese","In this task, you will compare the quality of translations for scientific terms generated by two different methods. The input will include an English term, a context paragraph where the term is used, and its translations in Chinese.","Translation, AI Terminology, Multilingual, Ranking","$0.01","Fri Dec 06 03:33:11 PST 2024","5","BatchId:5277379;OriginalHitTemplateId:928390912;","3600","3600","Fri Dec 13 03:33:11 PST 2024","","","340UGXU9DGF0GDCPSIVDPYM0IKYVUQ","A3AHE81HVRXFCD","Approved","Fri Dec 06 03:33:54 PST 2024","Fri Dec 06 03:48:55 PST 2024","Fri Dec 06 04:48:55 PST 2024","Fri Dec 06 04:49:35 PST 2024","","","901","100% (22/22)","100% (22/22)","100% (22/22)","qualitative","定性","定性的","retrieved","检索到的","检索到","tokens","词元","令牌","grammatical","语法的","语法类","annotators","标注者","注释者","true","true","false","false","false","false","false","true","true","true","false","false","false","false","false","false","false","false","false","false"
"39HYCOOPL5ZSN4901TZW3I35PLPMD2","30NHI4EO3BHNAT9JQMEIFM3OOCFBT8","Ranking the Quality of AI Terminology Translation from English to Chinese","In this task, you will compare the quality of translations for scientific terms generated by two different methods. The input will include an English term, a context paragraph where the term is used, and its translations in Chinese.","Translation, AI Terminology, Multilingual, Ranking","$0.01","Fri Dec 06 03:33:11 PST 2024","5","BatchId:5277379;OriginalHitTemplateId:928390912;","3600","3600","Fri Dec 13 03:33:11 PST 2024","","","3YDGXNSEOH83O3MX5JTLKG4Y89984B","A35H5DUMZH86PC","Approved","Fri Dec 06 04:34:08 PST 2024","Fri Dec 06 05:15:05 PST 2024","Fri Dec 06 06:15:05 PST 2024","Fri Dec 06 06:15:35 PST 2024","","","2457","100% (40/40)","100% (40/40)","100% (40/40)","qualitative","定性","定性的","retrieved","检索到的","检索到","tokens","词元","令牌","grammatical","语法的","语法类","annotators","标注者","注释者","true","true","false","true","false","false","false","true","false","true","false","false","false","false","false","false","false","false","false","false"
"3DGDV62G85NB5X8XWK77O36WXZBP2S","30NHI4EO3BHNAT9JQMEIFM3OOCFBT8","Ranking the Quality of AI Terminology Translation from English to Chinese","In this task, you will compare the quality of translations for scientific terms generated by two different methods. The input will include an English term, a context paragraph where the term is used, and its translations in Chinese.","Translation, AI Terminology, Multilingual, Ranking","$0.01","Fri Dec 06 03:33:11 PST 2024","5","BatchId:5277379;OriginalHitTemplateId:928390912;","3600","3600","Fri Dec 13 03:33:11 PST 2024","","","3VAR3R6G17F7SWWFO38UYEA3P09O81","A3QIWEQXAGMGD","Approved","Fri Dec 06 03:33:42 PST 2024","Fri Dec 06 03:45:40 PST 2024","Fri Dec 06 04:45:40 PST 2024","Fri Dec 06 04:46:35 PST 2024","","","718","100% (26/26)","100% (26/26)","100% (26/26)","news","新闻","消息","sentiment","情感","情绪","CDA","对比数据增强","CDA","simultaneous","同时的","同时","semantics","语义学","语义","true","false","false","true","true","false","true","true","false","false","false","false","false","false","false","false","false","false","false","false"
"3DGDV62G85NB5X8XWK77O36WXZBP2S","30NHI4EO3BHNAT9JQMEIFM3OOCFBT8","Ranking the Quality of AI Terminology Translation from English to Chinese","In this task, you will compare the quality of translations for scientific terms generated by two different methods. The input will include an English term, a context paragraph where the term is used, and its translations in Chinese.","Translation, AI Terminology, Multilingual, Ranking","$0.01","Fri Dec 06 03:33:11 PST 2024","5","BatchId:5277379;OriginalHitTemplateId:928390912;","3600","3600","Fri Dec 13 03:33:11 PST 2024","","","3Q5ZZ9ZEV6TLKMQXJOCVP8AC86C85Q","A9M8N3BOH6013","Approved","Fri Dec 06 04:34:38 PST 2024","Fri Dec 06 04:51:43 PST 2024","Fri Dec 06 05:51:43 PST 2024","Fri Dec 06 05:52:35 PST 2024","","","1025","100% (44/44)","100% (44/44)","100% (44/44)","news","新闻","消息","sentiment","情感","情绪","CDA","对比数据增强","CDA","simultaneous","同时的","同时","semantics","语义学","语义","true","false","false","true","true","false","true","false","false","false","false","false","true","false","false","false","false","false","false","false"
"3DGDV62G85NB5X8XWK77O36WXZBP2S","30NHI4EO3BHNAT9JQMEIFM3OOCFBT8","Ranking the Quality of AI Terminology Translation from English to Chinese","In this task, you will compare the quality of translations for scientific terms generated by two different methods. The input will include an English term, a context paragraph where the term is used, and its translations in Chinese.","Translation, AI Terminology, Multilingual, Ranking","$0.01","Fri Dec 06 03:33:11 PST 2024","5","BatchId:5277379;OriginalHitTemplateId:928390912;","3600","3600","Fri Dec 13 03:33:11 PST 2024","","","3MB8LZR5BX7JHCVJK0P5W2F0PVYKLZ","A11B7MUC7UTFKN","Approved","Fri Dec 06 04:33:51 PST 2024","Fri Dec 06 05:03:37 PST 2024","Fri Dec 06 06:03:37 PST 2024","Fri Dec 06 06:04:35 PST 2024","","","1786","100% (36/36)","100% (36/36)","100% (36/36)","news","新闻","消息","sentiment","情感","情绪","CDA","对比数据增强","CDA","simultaneous","同时的","同时","semantics","语义学","语义","true","false","false","true","true","false","true","false","false","false","false","false","true","false","false","false","false","false","false","false"
"3DGDV62G85NB5X8XWK77O36WXZBP2S","30NHI4EO3BHNAT9JQMEIFM3OOCFBT8","Ranking the Quality of AI Terminology Translation from English to Chinese","In this task, you will compare the quality of translations for scientific terms generated by two different methods. The input will include an English term, a context paragraph where the term is used, and its translations in Chinese.","Translation, AI Terminology, Multilingual, Ranking","$0.01","Fri Dec 06 03:33:11 PST 2024","5","BatchId:5277379;OriginalHitTemplateId:928390912;","3600","3600","Fri Dec 13 03:33:11 PST 2024","","","31T4R4OBOAU2JTUTOT7XPEKRP2KC75","A2ZLQZJD9I7NAL","Approved","Fri Dec 06 05:34:21 PST 2024","Fri Dec 06 05:38:26 PST 2024","Fri Dec 06 06:38:26 PST 2024","Fri Dec 06 06:38:35 PST 2024","","","245","100% (10/10)","100% (10/10)","100% (10/10)","news","新闻","消息","sentiment","情感","情绪","CDA","对比数据增强","CDA","simultaneous","同时的","同时","semantics","语义学","语义","true","false","false","true","false","false","true","true","false","true","false","false","false","false","false","false","false","false","false","false"
"3DGDV62G85NB5X8XWK77O36WXZBP2S","30NHI4EO3BHNAT9JQMEIFM3OOCFBT8","Ranking the Quality of AI Terminology Translation from English to Chinese","In this task, you will compare the quality of translations for scientific terms generated by two different methods. The input will include an English term, a context paragraph where the term is used, and its translations in Chinese.","Translation, AI Terminology, Multilingual, Ranking","$0.01","Fri Dec 06 03:33:11 PST 2024","5","BatchId:5277379;OriginalHitTemplateId:928390912;","3600","3600","Fri Dec 13 03:33:11 PST 2024","","","3UJ1CZ6IZZ333656XMI06ZADK1R5SX","A251BWQW2F81FT","Approved","Fri Dec 06 06:34:54 PST 2024","Fri Dec 06 06:38:16 PST 2024","Fri Dec 06 07:38:16 PST 2024","Fri Dec 06 07:38:35 PST 2024","","","202","100% (31/31)","100% (31/31)","100% (31/31)","news","新闻","消息","sentiment","情感","情绪","CDA","对比数据增强","CDA","simultaneous","同时的","同时","semantics","语义学","语义","false","false","false","false","false","true","true","true","true","false","false","false","false","false","true","false","false","false","false","false"
"308KJXFUK8KY2SW8QG96ZVQRYQOTA8","30NHI4EO3BHNAT9JQMEIFM3OOCFBT8","Ranking the Quality of AI Terminology Translation from English to Chinese","In this task, you will compare the quality of translations for scientific terms generated by two different methods. The input will include an English term, a context paragraph where the term is used, and its translations in Chinese.","Translation, AI Terminology, Multilingual, Ranking","$0.01","Fri Dec 06 03:33:11 PST 2024","5","BatchId:5277379;OriginalHitTemplateId:928390912;","3600","3600","Fri Dec 13 03:33:11 PST 2024","","","3YZ8UPK3VB04H46P1108Z6YBXDICU8","A3AHE81HVRXFCD","Approved","Fri Dec 06 03:41:32 PST 2024","Fri Dec 06 03:55:53 PST 2024","Fri Dec 06 04:55:53 PST 2024","Fri Dec 06 04:56:35 PST 2024","","","861","100% (22/22)","100% (22/22)","100% (22/22)","parallel","并行","平行线","modalities","模态","形态","linguistic","语言学的","语言化","generated","生成的","已生成","BIO","BIO编码","BIO","true","true","false","true","true","false","false","true","false","false","false","false","false","false","false","false","false","false","false","false"
"308KJXFUK8KY2SW8QG96ZVQRYQOTA8","30NHI4EO3BHNAT9JQMEIFM3OOCFBT8","Ranking the Quality of AI Terminology Translation from English to Chinese","In this task, you will compare the quality of translations for scientific terms generated by two different methods. The input will include an English term, a context paragraph where the term is used, and its translations in Chinese.","Translation, AI Terminology, Multilingual, Ranking","$0.01","Fri Dec 06 03:33:11 PST 2024","5","BatchId:5277379;OriginalHitTemplateId:928390912;","3600","3600","Fri Dec 13 03:33:11 PST 2024","","","33PPO7FECDT9D5H37G6509SIOI7ID6","A38SYZRVLTMOFG","Approved","Fri Dec 06 04:34:05 PST 2024","Fri Dec 06 05:09:27 PST 2024","Fri Dec 06 06:09:27 PST 2024","Fri Dec 06 06:09:35 PST 2024","","","2122","100% (49/49)","100% (49/49)","100% (49/49)","parallel","并行","平行线","modalities","模态","形态","linguistic","语言学的","语言化","generated","生成的","已生成","BIO","BIO编码","BIO","false","true","false","true","true","true","false","true","false","false","false","false","false","false","false","false","false","false","false","false"
"308KJXFUK8KY2SW8QG96ZVQRYQOTA8","30NHI4EO3BHNAT9JQMEIFM3OOCFBT8","Ranking the Quality of AI Terminology Translation from English to Chinese","In this task, you will compare the quality of translations for scientific terms generated by two different methods. The input will include an English term, a context paragraph where the term is used, and its translations in Chinese.","Translation, AI Terminology, Multilingual, Ranking","$0.01","Fri Dec 06 03:33:11 PST 2024","5","BatchId:5277379;OriginalHitTemplateId:928390912;","3600","3600","Fri Dec 13 03:33:11 PST 2024","","","3W2LOLRXLTTUKAQWPKM1IEOZVOUKRY","AWGV35294HOYB","Approved","Fri Dec 06 04:34:21 PST 2024","Fri Dec 06 05:28:07 PST 2024","Fri Dec 06 06:28:07 PST 2024","Fri Dec 06 06:28:35 PST 2024","","","3226","100% (43/43)","100% (43/43)","100% (43/43)","parallel","并行","平行线","modalities","模态","形态","linguistic","语言学的","语言化","generated","生成的","已生成","BIO","BIO编码","BIO","false","true","false","false","true","true","false","true","true","false","false","false","false","false","false","false","false","false","false","false"
"308KJXFUK8KY2SW8QG96ZVQRYQOTA8","30NHI4EO3BHNAT9JQMEIFM3OOCFBT8","Ranking the Quality of AI Terminology Translation from English to Chinese","In this task, you will compare the quality of translations for scientific terms generated by two different methods. The input will include an English term, a context paragraph where the term is used, and its translations in Chinese.","Translation, AI Terminology, Multilingual, Ranking","$0.01","Fri Dec 06 03:33:11 PST 2024","5","BatchId:5277379;OriginalHitTemplateId:928390912;","3600","3600","Fri Dec 13 03:33:11 PST 2024","","","3RWE2M8QWZO7SMR0SKV2QA4GGU8N0I","A2ZLQZJD9I7NAL","Approved","Fri Dec 06 05:35:14 PST 2024","Fri Dec 06 05:43:24 PST 2024","Fri Dec 06 06:43:24 PST 2024","Fri Dec 06 06:43:35 PST 2024","","","490","100% (10/10)","100% (10/10)","100% (10/10)","parallel","并行","平行线","modalities","模态","形态","linguistic","语言学的","语言化","generated","生成的","已生成","BIO","BIO编码","BIO","false","false","false","true","true","true","true","true","false","false","false","false","false","false","false","false","false","false","false","false"
"308KJXFUK8KY2SW8QG96ZVQRYQOTA8","30NHI4EO3BHNAT9JQMEIFM3OOCFBT8","Ranking the Quality of AI Terminology Translation from English to Chinese","In this task, you will compare the quality of translations for scientific terms generated by two different methods. The input will include an English term, a context paragraph where the term is used, and its translations in Chinese.","Translation, AI Terminology, Multilingual, Ranking","$0.01","Fri Dec 06 03:33:11 PST 2024","5","BatchId:5277379;OriginalHitTemplateId:928390912;","3600","3600","Fri Dec 13 03:33:11 PST 2024","","","3HYA4D4529X204HX9JG31TOMB12F2J","A9M8N3BOH6013","Approved","Fri Dec 06 05:29:06 PST 2024","Fri Dec 06 05:55:55 PST 2024","Fri Dec 06 06:55:55 PST 2024","Fri Dec 06 06:56:35 PST 2024","","","1609","100% (44/44)","100% (44/44)","100% (44/44)","parallel","并行","平行线","modalities","模态","形态","linguistic","语言学的","语言化","generated","生成的","已生成","BIO","BIO编码","BIO","false","false","false","true","true","true","true","true","false","false","false","false","false","false","false","false","false","false","false","false"
"3SU800BH9N65PLIEFHW2URRYLMHQU3","30NHI4EO3BHNAT9JQMEIFM3OOCFBT8","Ranking the Quality of AI Terminology Translation from English to Chinese","In this task, you will compare the quality of translations for scientific terms generated by two different methods. The input will include an English term, a context paragraph where the term is used, and its translations in Chinese.","Translation, AI Terminology, Multilingual, Ranking","$0.01","Fri Dec 06 03:33:11 PST 2024","5","BatchId:5277379;OriginalHitTemplateId:928390912;","3600","3600","Fri Dec 13 03:33:11 PST 2024","","","3TVRFO09G2TP1CUQJJ4UMWN2L4DLXP","A39PWDRYNY2WM0","Approved","Fri Dec 06 03:33:49 PST 2024","Fri Dec 06 04:07:03 PST 2024","Fri Dec 06 05:07:03 PST 2024","Fri Dec 06 05:07:35 PST 2024","","","1994","100% (55/55)","100% (55/55)","100% (55/55)","Therefore","因此","所以","generation","生成","一代","interpretable","可解释的","可解释","manually","手动地","手动","previous","先前的","之前","true","false","false","false","false","false","true","false","false","false","false","false","true","true","true","false","false","false","false","false"
"3SU800BH9N65PLIEFHW2URRYLMHQU3","30NHI4EO3BHNAT9JQMEIFM3OOCFBT8","Ranking the Quality of AI Terminology Translation from English to Chinese","In this task, you will compare the quality of translations for scientific terms generated by two different methods. The input will include an English term, a context paragraph where the term is used, and its translations in Chinese.","Translation, AI Terminology, Multilingual, Ranking","$0.01","Fri Dec 06 03:33:11 PST 2024","5","BatchId:5277379;OriginalHitTemplateId:928390912;","3600","3600","Fri Dec 13 03:33:11 PST 2024","","","37Z929RLGRM5O8GWYI0Y9FGR034TS1","A30IGMGSC7G2HM","Approved","Fri Dec 06 04:34:07 PST 2024","Fri Dec 06 04:46:37 PST 2024","Fri Dec 06 05:46:37 PST 2024","Fri Dec 06 05:47:35 PST 2024","","","750","100% (24/24)","100% (24/24)","100% (24/24)","Therefore","因此","所以","generation","生成","一代","interpretable","可解释的","可解释","manually","手动地","手动","previous","先前的","之前","true","false","true","true","true","false","true","false","false","false","false","false","false","false","false","false","false","false","false","false"
"3SU800BH9N65PLIEFHW2URRYLMHQU3","30NHI4EO3BHNAT9JQMEIFM3OOCFBT8","Ranking the Quality of AI Terminology Translation from English to Chinese","In this task, you will compare the quality of translations for scientific terms generated by two different methods. The input will include an English term, a context paragraph where the term is used, and its translations in Chinese.","Translation, AI Terminology, Multilingual, Ranking","$0.01","Fri Dec 06 03:33:11 PST 2024","5","BatchId:5277379;OriginalHitTemplateId:928390912;","3600","3600","Fri Dec 13 03:33:11 PST 2024","","","3E13VNJ1N59FLA1RRNMAZ7R9ZL4I1G","AC4I7XU10MQXK","Approved","Fri Dec 06 04:33:49 PST 2024","Fri Dec 06 05:19:12 PST 2024","Fri Dec 06 06:19:12 PST 2024","Fri Dec 06 06:19:35 PST 2024","","","2723","100% (58/58)","100% (58/58)","100% (58/58)","Therefore","因此","所以","generation","生成","一代","interpretable","可解释的","可解释","manually","手动地","手动","previous","先前的","之前","true","false","true","true","true","false","true","false","false","false","false","false","false","false","false","false","false","false","false","false"
"3SU800BH9N65PLIEFHW2URRYLMHQU3","30NHI4EO3BHNAT9JQMEIFM3OOCFBT8","Ranking the Quality of AI Terminology Translation from English to Chinese","In this task, you will compare the quality of translations for scientific terms generated by two different methods. The input will include an English term, a context paragraph where the term is used, and its translations in Chinese.","Translation, AI Terminology, Multilingual, Ranking","$0.01","Fri Dec 06 03:33:11 PST 2024","5","BatchId:5277379;OriginalHitTemplateId:928390912;","3600","3600","Fri Dec 13 03:33:11 PST 2024","","","3ZDAD0O1TJRDKP2VSS6L8NXJFHZXT4","A3OAFR48DADAOM","Approved","Fri Dec 06 04:34:03 PST 2024","Fri Dec 06 05:28:31 PST 2024","Fri Dec 06 06:28:31 PST 2024","Fri Dec 06 06:28:35 PST 2024","","","3268","100% (41/41)","100% (41/41)","100% (41/41)","Therefore","因此","所以","generation","生成","一代","interpretable","可解释的","可解释","manually","手动地","手动","previous","先前的","之前","true","false","true","true","true","false","true","false","false","false","false","false","false","false","false","false","false","false","false","false"
"3SU800BH9N65PLIEFHW2URRYLMHQU3","30NHI4EO3BHNAT9JQMEIFM3OOCFBT8","Ranking the Quality of AI Terminology Translation from English to Chinese","In this task, you will compare the quality of translations for scientific terms generated by two different methods. The input will include an English term, a context paragraph where the term is used, and its translations in Chinese.","Translation, AI Terminology, Multilingual, Ranking","$0.01","Fri Dec 06 03:33:11 PST 2024","5","BatchId:5277379;OriginalHitTemplateId:928390912;","3600","3600","Fri Dec 13 03:33:11 PST 2024","","","3HMIGG0U43KJMA0HUQHS05853BV8YL","A1U6UPXOFCXR24","Approved","Fri Dec 06 04:55:29 PST 2024","Fri Dec 06 05:50:54 PST 2024","Fri Dec 06 06:50:54 PST 2024","Fri Dec 06 06:51:35 PST 2024","","","3325","100% (17/17)","100% (17/17)","100% (17/17)","Therefore","因此","所以","generation","生成","一代","interpretable","可解释的","可解释","manually","手动地","手动","previous","先前的","之前","true","false","true","true","true","false","true","false","false","false","false","false","false","false","false","false","false","false","false","false"
"3EKZL9T8ZP0WQY2BA0O8R7DRNZEHCO","30NHI4EO3BHNAT9JQMEIFM3OOCFBT8","Ranking the Quality of AI Terminology Translation from English to Chinese","In this task, you will compare the quality of translations for scientific terms generated by two different methods. The input will include an English term, a context paragraph where the term is used, and its translations in Chinese.","Translation, AI Terminology, Multilingual, Ranking","$0.01","Fri Dec 06 03:33:12 PST 2024","5","BatchId:5277379;OriginalHitTemplateId:928390912;","3600","3600","Fri Dec 13 03:33:12 PST 2024","","","3VAR3R6G17F7SWWFO38UYEA3P0A8OM","A1G4DX33KADZA3","Approved","Fri Dec 06 03:33:57 PST 2024","Fri Dec 06 03:35:25 PST 2024","Fri Dec 06 04:35:25 PST 2024","Fri Dec 06 04:35:35 PST 2024","","","88","100% (21/21)","100% (21/21)","100% (21/21)","biases","偏差","偏见","natural","自然的","自然","linked","链接的","链接","MathQA","数学问答","MathQA","context","上下文","语境","false","false","false","false","false","false","false","false","false","false","true","false","true","false","true","false","true","false","true","false"
"3EKZL9T8ZP0WQY2BA0O8R7DRNZEHCO","30NHI4EO3BHNAT9JQMEIFM3OOCFBT8","Ranking the Quality of AI Terminology Translation from English to Chinese","In this task, you will compare the quality of translations for scientific terms generated by two different methods. The input will include an English term, a context paragraph where the term is used, and its translations in Chinese.","Translation, AI Terminology, Multilingual, Ranking","$0.01","Fri Dec 06 03:33:12 PST 2024","5","BatchId:5277379;OriginalHitTemplateId:928390912;","3600","3600","Fri Dec 13 03:33:12 PST 2024","","","33FOTY3KE4ZO87FRZDQOO4TEMGL1CY","A2P8U65V6NL7B5","Approved","Fri Dec 06 03:34:02 PST 2024","Fri Dec 06 03:48:30 PST 2024","Fri Dec 06 04:48:30 PST 2024","Fri Dec 06 04:48:35 PST 2024","","","868","100% (49/49)","100% (49/49)","100% (49/49)","biases","偏差","偏见","natural","自然的","自然","linked","链接的","链接","MathQA","数学问答","MathQA","context","上下文","语境","false","true","false","true","true","true","false","true","false","false","false","false","false","false","false","false","false","false","false","false"
"3EKZL9T8ZP0WQY2BA0O8R7DRNZEHCO","30NHI4EO3BHNAT9JQMEIFM3OOCFBT8","Ranking the Quality of AI Terminology Translation from English to Chinese","In this task, you will compare the quality of translations for scientific terms generated by two different methods. The input will include an English term, a context paragraph where the term is used, and its translations in Chinese.","Translation, AI Terminology, Multilingual, Ranking","$0.01","Fri Dec 06 03:33:12 PST 2024","5","BatchId:5277379;OriginalHitTemplateId:928390912;","3600","3600","Fri Dec 13 03:33:12 PST 2024","","","3A4NIXBJ7ODE70VM5C2LBF74E0TLM5","AG9MLSV2QCVD4","Approved","Fri Dec 06 03:41:43 PST 2024","Fri Dec 06 04:26:12 PST 2024","Fri Dec 06 05:26:12 PST 2024","Fri Dec 06 05:26:35 PST 2024","","","2669","100% (24/24)","100% (24/24)","100% (24/24)","biases","偏差","偏见","natural","自然的","自然","linked","链接的","链接","MathQA","数学问答","MathQA","context","上下文","语境","false","true","false","false","true","true","false","true","true","false","false","false","false","false","false","false","false","false","false","false"
"3EKZL9T8ZP0WQY2BA0O8R7DRNZEHCO","30NHI4EO3BHNAT9JQMEIFM3OOCFBT8","Ranking the Quality of AI Terminology Translation from English to Chinese","In this task, you will compare the quality of translations for scientific terms generated by two different methods. The input will include an English term, a context paragraph where the term is used, and its translations in Chinese.","Translation, AI Terminology, Multilingual, Ranking","$0.01","Fri Dec 06 03:33:12 PST 2024","5","BatchId:5277379;OriginalHitTemplateId:928390912;","3600","3600","Fri Dec 13 03:33:12 PST 2024","","","3TVRFO09G2TP1CUQJJ4UMWN2L4QXLE","AC4I7XU10MQXK","Approved","Fri Dec 06 04:50:56 PST 2024","Fri Dec 06 05:28:25 PST 2024","Fri Dec 06 06:28:25 PST 2024","Fri Dec 06 06:28:35 PST 2024","","","2249","100% (58/58)","100% (58/58)","100% (58/58)","biases","偏差","偏见","natural","自然的","自然","linked","链接的","链接","MathQA","数学问答","MathQA","context","上下文","语境","false","true","false","true","true","true","false","true","false","false","false","false","false","false","false","false","false","false","false","false"
"3EKZL9T8ZP0WQY2BA0O8R7DRNZEHCO","30NHI4EO3BHNAT9JQMEIFM3OOCFBT8","Ranking the Quality of AI Terminology Translation from English to Chinese","In this task, you will compare the quality of translations for scientific terms generated by two different methods. The input will include an English term, a context paragraph where the term is used, and its translations in Chinese.","Translation, AI Terminology, Multilingual, Ranking","$0.01","Fri Dec 06 03:33:12 PST 2024","5","BatchId:5277379;OriginalHitTemplateId:928390912;","3600","3600","Fri Dec 13 03:33:12 PST 2024","","","3E4GGUZ1TQ5DGQ9BAU70H6GRJXO2KD","A2ZLQZJD9I7NAL","Approved","Fri Dec 06 05:35:47 PST 2024","Fri Dec 06 05:47:15 PST 2024","Fri Dec 06 06:47:15 PST 2024","Fri Dec 06 06:47:35 PST 2024","","","688","100% (10/10)","100% (10/10)","100% (10/10)","biases","偏差","偏见","natural","自然的","自然","linked","链接的","链接","MathQA","数学问答","MathQA","context","上下文","语境","false","true","false","true","true","true","false","true","false","false","false","false","false","false","false","false","false","false","false","false"
"3X55NP42F5U0QF4G0KLC7DBO3DBP33","30NHI4EO3BHNAT9JQMEIFM3OOCFBT8","Ranking the Quality of AI Terminology Translation from English to Chinese","In this task, you will compare the quality of translations for scientific terms generated by two different methods. The input will include an English term, a context paragraph where the term is used, and its translations in Chinese.","Translation, AI Terminology, Multilingual, Ranking","$0.01","Fri Dec 06 03:33:12 PST 2024","5","BatchId:5277379;OriginalHitTemplateId:928390912;","3600","3600","Fri Dec 13 03:33:12 PST 2024","","","3ZAK8W07IMSKNCB9PL7O45WAOOM0U4","A3QB50HW9PDXB9","Approved","Fri Dec 06 03:33:58 PST 2024","Fri Dec 06 03:38:08 PST 2024","Fri Dec 06 04:38:08 PST 2024","Fri Dec 06 04:38:35 PST 2024","","","250","100% (2/2)","100% (2/2)","100% (2/2)","neural","神经的","神经","large","大规模","大的","multilingual","多语言的","多语言","token","词元","令牌","labeled","已标注的","标签化","false","false","false","false","false","true","true","false","true","true","false","false","true","false","false","false","false","false","false","false"
"3X55NP42F5U0QF4G0KLC7DBO3DBP33","30NHI4EO3BHNAT9JQMEIFM3OOCFBT8","Ranking the Quality of AI Terminology Translation from English to Chinese","In this task, you will compare the quality of translations for scientific terms generated by two different methods. The input will include an English term, a context paragraph where the term is used, and its translations in Chinese.","Translation, AI Terminology, Multilingual, Ranking","$0.01","Fri Dec 06 03:33:12 PST 2024","5","BatchId:5277379;OriginalHitTemplateId:928390912;","3600","3600","Fri Dec 13 03:33:12 PST 2024","","","3C44YUNSIJ31UR47KBWP96TUAW2DPD","A3DXRQLMYGDOFF","Approved","Fri Dec 06 03:34:36 PST 2024","Fri Dec 06 03:42:10 PST 2024","Fri Dec 06 04:42:10 PST 2024","Fri Dec 06 04:42:35 PST 2024","","","454","100% (5/5)","100% (5/5)","100% (5/5)","neural","神经的","神经","large","大规模","大的","multilingual","多语言的","多语言","token","词元","令牌","labeled","已标注的","标签化","false","false","true","false","false","false","true","false","false","false","false","false","false","true","true","true","false","false","false","false"
"3X55NP42F5U0QF4G0KLC7DBO3DBP33","30NHI4EO3BHNAT9JQMEIFM3OOCFBT8","Ranking the Quality of AI Terminology Translation from English to Chinese","In this task, you will compare the quality of translations for scientific terms generated by two different methods. The input will include an English term, a context paragraph where the term is used, and its translations in Chinese.","Translation, AI Terminology, Multilingual, Ranking","$0.01","Fri Dec 06 03:33:12 PST 2024","5","BatchId:5277379;OriginalHitTemplateId:928390912;","3600","3600","Fri Dec 13 03:33:12 PST 2024","","","3ZAK8W07IMSKNCB9PL7O45WAOOLU0X","A1KYZPQ0T7WECC","Approved","Fri Dec 06 03:33:55 PST 2024","Fri Dec 06 04:03:00 PST 2024","Fri Dec 06 05:03:00 PST 2024","Fri Dec 06 05:03:35 PST 2024","","","1745","100% (15/15)","100% (15/15)","100% (14/14)","neural","神经的","神经","large","大规模","大的","multilingual","多语言的","多语言","token","词元","令牌","labeled","已标注的","标签化","true","false","true","false","true","false","true","false","true","false","false","false","false","false","false","false","false","false","false","false"
"3X55NP42F5U0QF4G0KLC7DBO3DBP33","30NHI4EO3BHNAT9JQMEIFM3OOCFBT8","Ranking the Quality of AI Terminology Translation from English to Chinese","In this task, you will compare the quality of translations for scientific terms generated by two different methods. The input will include an English term, a context paragraph where the term is used, and its translations in Chinese.","Translation, AI Terminology, Multilingual, Ranking","$0.01","Fri Dec 06 03:33:12 PST 2024","5","BatchId:5277379;OriginalHitTemplateId:928390912;","3600","3600","Fri Dec 13 03:33:12 PST 2024","","","3O6CYIULEVFDV2CUIS09B05EPT0UWZ","A2ZJ36LI5WNS1P","Approved","Fri Dec 06 04:34:08 PST 2024","Fri Dec 06 05:26:16 PST 2024","Fri Dec 06 06:26:16 PST 2024","Fri Dec 06 06:26:35 PST 2024","","","3128","100% (1/1)","100% (1/1)","100% (1/1)","neural","神经的","神经","large","大规模","大的","multilingual","多语言的","多语言","token","词元","令牌","labeled","已标注的","标签化","false","false","false","false","false","true","false","true","false","true","false","true","false","true","false","false","false","false","false","false"
"3X55NP42F5U0QF4G0KLC7DBO3DBP33","30NHI4EO3BHNAT9JQMEIFM3OOCFBT8","Ranking the Quality of AI Terminology Translation from English to Chinese","In this task, you will compare the quality of translations for scientific terms generated by two different methods. The input will include an English term, a context paragraph where the term is used, and its translations in Chinese.","Translation, AI Terminology, Multilingual, Ranking","$0.01","Fri Dec 06 03:33:12 PST 2024","5","BatchId:5277379;OriginalHitTemplateId:928390912;","3600","3600","Fri Dec 13 03:33:12 PST 2024","","","39ASUFLU6FLBV6KY2XHQ91XIC9OEXB","A2QX81MMC8KN80","Approved","Fri Dec 06 06:29:16 PST 2024","Fri Dec 06 06:45:11 PST 2024","Fri Dec 06 07:45:11 PST 2024","Fri Dec 06 07:45:35 PST 2024","","","955","100% (22/22)","100% (22/22)","100% (22/22)","neural","神经的","神经","large","大规模","大的","multilingual","多语言的","多语言","token","词元","令牌","labeled","已标注的","标签化","false","false","false","false","false","false","false","false","false","false","true","true","false","true","true","false","false","true","false","false"
"3OZ4VAIBFETOGD31PHMYTCHVLYYJVU","30NHI4EO3BHNAT9JQMEIFM3OOCFBT8","Ranking the Quality of AI Terminology Translation from English to Chinese","In this task, you will compare the quality of translations for scientific terms generated by two different methods. The input will include an English term, a context paragraph where the term is used, and its translations in Chinese.","Translation, AI Terminology, Multilingual, Ranking","$0.01","Fri Dec 06 03:33:12 PST 2024","5","BatchId:5277379;OriginalHitTemplateId:928390912;","3600","3600","Fri Dec 13 03:33:12 PST 2024","","","3I2PTA7R3B8U89BWC5X1DOEUZ1LQKU","A1XD6THGBT1T9T","Approved","Fri Dec 06 03:33:38 PST 2024","Fri Dec 06 03:43:51 PST 2024","Fri Dec 06 04:43:51 PST 2024","Fri Dec 06 04:44:35 PST 2024","","","613","100% (43/43)","100% (43/43)","100% (42/42)","unsupervised","无监督的","无监督","automatic","自动的","自动类","BLEU","BLEU评分","BLEU","BETO","西班牙语BERT模型","BETO","API","应用程序接口","API","true","false","false","false","true","false","true","true","true","false","false","false","false","false","false","false","false","false","false","false"
"3OZ4VAIBFETOGD31PHMYTCHVLYYJVU","30NHI4EO3BHNAT9JQMEIFM3OOCFBT8","Ranking the Quality of AI Terminology Translation from English to Chinese","In this task, you will compare the quality of translations for scientific terms generated by two different methods. The input will include an English term, a context paragraph where the term is used, and its translations in Chinese.","Translation, AI Terminology, Multilingual, Ranking","$0.01","Fri Dec 06 03:33:12 PST 2024","5","BatchId:5277379;OriginalHitTemplateId:928390912;","3600","3600","Fri Dec 13 03:33:12 PST 2024","","","3STRJBFXOE570P3OT9RWITPHJ8KKT2","A9M8N3BOH6013","Approved","Fri Dec 06 04:34:08 PST 2024","Fri Dec 06 04:50:01 PST 2024","Fri Dec 06 05:50:01 PST 2024","Fri Dec 06 05:50:35 PST 2024","","","953","100% (44/44)","100% (44/44)","100% (44/44)","unsupervised","无监督的","无监督","automatic","自动的","自动类","BLEU","BLEU评分","BLEU","BETO","西班牙语BERT模型","BETO","API","应用程序接口","API","true","false","false","false","true","false","true","true","true","false","false","false","false","false","false","false","false","false","false","false"
"3OZ4VAIBFETOGD31PHMYTCHVLYYJVU","30NHI4EO3BHNAT9JQMEIFM3OOCFBT8","Ranking the Quality of AI Terminology Translation from English to Chinese","In this task, you will compare the quality of translations for scientific terms generated by two different methods. The input will include an English term, a context paragraph where the term is used, and its translations in Chinese.","Translation, AI Terminology, Multilingual, Ranking","$0.01","Fri Dec 06 03:33:12 PST 2024","5","BatchId:5277379;OriginalHitTemplateId:928390912;","3600","3600","Fri Dec 13 03:33:12 PST 2024","","","3TGOYF991F003YNPNSL8TCKH4EWUU9","AC4I7XU10MQXK","Approved","Fri Dec 06 04:34:24 PST 2024","Fri Dec 06 05:19:58 PST 2024","Fri Dec 06 06:19:58 PST 2024","Fri Dec 06 06:20:35 PST 2024","","","2734","100% (58/58)","100% (58/58)","100% (58/58)","unsupervised","无监督的","无监督","automatic","自动的","自动类","BLEU","BLEU评分","BLEU","BETO","西班牙语BERT模型","BETO","API","应用程序接口","API","true","false","true","false","true","false","true","false","true","false","false","false","false","false","false","false","false","false","false","false"
"3OZ4VAIBFETOGD31PHMYTCHVLYYJVU","30NHI4EO3BHNAT9JQMEIFM3OOCFBT8","Ranking the Quality of AI Terminology Translation from English to Chinese","In this task, you will compare the quality of translations for scientific terms generated by two different methods. The input will include an English term, a context paragraph where the term is used, and its translations in Chinese.","Translation, AI Terminology, Multilingual, Ranking","$0.01","Fri Dec 06 03:33:12 PST 2024","5","BatchId:5277379;OriginalHitTemplateId:928390912;","3600","3600","Fri Dec 13 03:33:12 PST 2024","","","39L1G8WVW850V7J86KFNV1PKG4F31B","AWGV35294HOYB","Approved","Fri Dec 06 04:34:51 PST 2024","Fri Dec 06 05:30:00 PST 2024","Fri Dec 06 06:30:00 PST 2024","Fri Dec 06 06:30:35 PST 2024","","","3309","100% (43/43)","100% (43/43)","100% (43/43)","unsupervised","无监督的","无监督","automatic","自动的","自动类","BLEU","BLEU评分","BLEU","BETO","西班牙语BERT模型","BETO","API","应用程序接口","API","true","false","true","false","true","false","true","false","true","false","false","false","false","false","false","false","false","false","false","false"
"3OZ4VAIBFETOGD31PHMYTCHVLYYJVU","30NHI4EO3BHNAT9JQMEIFM3OOCFBT8","Ranking the Quality of AI Terminology Translation from English to Chinese","In this task, you will compare the quality of translations for scientific terms generated by two different methods. The input will include an English term, a context paragraph where the term is used, and its translations in Chinese.","Translation, AI Terminology, Multilingual, Ranking","$0.01","Fri Dec 06 03:33:12 PST 2024","5","BatchId:5277379;OriginalHitTemplateId:928390912;","3600","3600","Fri Dec 13 03:33:12 PST 2024","","","36U2A8VAGJD3HB2I3FEVQAHWYB9KY0","A39PWDRYNY2WM0","Approved","Fri Dec 06 05:34:43 PST 2024","Fri Dec 06 06:07:07 PST 2024","Fri Dec 06 07:07:07 PST 2024","Fri Dec 06 07:07:35 PST 2024","","","1944","100% (55/55)","100% (55/55)","100% (55/55)","unsupervised","无监督的","无监督","automatic","自动的","自动类","BLEU","BLEU评分","BLEU","BETO","西班牙语BERT模型","BETO","API","应用程序接口","API","true","false","true","true","true","false","true","false","false","false","false","false","false","false","false","false","false","false","false","false"
"3MXX6RQ9FCJL8BNK0YQVHI3UHD7P4O","30NHI4EO3BHNAT9JQMEIFM3OOCFBT8","Ranking the Quality of AI Terminology Translation from English to Chinese","In this task, you will compare the quality of translations for scientific terms generated by two different methods. The input will include an English term, a context paragraph where the term is used, and its translations in Chinese.","Translation, AI Terminology, Multilingual, Ranking","$0.01","Fri Dec 06 03:33:12 PST 2024","5","BatchId:5277379;OriginalHitTemplateId:928390912;","3600","3600","Fri Dec 13 03:33:12 PST 2024","","","3W2LOLRXLTTUKAQWPKM1IEOZVNNRKW","A1G4DX33KADZA3","Approved","Fri Dec 06 03:33:54 PST 2024","Fri Dec 06 03:34:22 PST 2024","Fri Dec 06 04:34:22 PST 2024","Fri Dec 06 04:34:35 PST 2024","","","28","100% (21/21)","100% (21/21)","100% (21/21)","Modeling","建模","造型","3D convolutional network","3D卷积网络","三维卷积网络","3D point cloud","3D 点云","3D点云","Canny edge detector","Canny 边缘检测器","Canny边缘检测器","Dirichlet prior","Dirichlet先验","狄利克雷先验","false","false","false","false","false","true","false","true","false","true","false","true","false","true","false","false","false","false","false","false"
"3MXX6RQ9FCJL8BNK0YQVHI3UHD7P4O","30NHI4EO3BHNAT9JQMEIFM3OOCFBT8","Ranking the Quality of AI Terminology Translation from English to Chinese","In this task, you will compare the quality of translations for scientific terms generated by two different methods. The input will include an English term, a context paragraph where the term is used, and its translations in Chinese.","Translation, AI Terminology, Multilingual, Ranking","$0.01","Fri Dec 06 03:33:12 PST 2024","5","BatchId:5277379;OriginalHitTemplateId:928390912;","3600","3600","Fri Dec 13 03:33:12 PST 2024","","","3YW4XOSQK8ZKU1WRL4BOIAFKTGRU10","A2IFN9328HNXWC","Approved","Fri Dec 06 03:33:56 PST 2024","Fri Dec 06 03:56:31 PST 2024","Fri Dec 06 04:56:31 PST 2024","Fri Dec 06 04:56:35 PST 2024","","","1355","100% (10/10)","100% (10/10)","100% (10/10)","Modeling","建模","造型","3D convolutional network","3D卷积网络","三维卷积网络","3D point cloud","3D 点云","3D点云","Canny edge detector","Canny 边缘检测器","Canny边缘检测器","Dirichlet prior","Dirichlet先验","狄利克雷先验","false","true","true","true","false","true","false","false","false","false","false","false","false","false","true","false","false","false","false","false"
"3MXX6RQ9FCJL8BNK0YQVHI3UHD7P4O","30NHI4EO3BHNAT9JQMEIFM3OOCFBT8","Ranking the Quality of AI Terminology Translation from English to Chinese","In this task, you will compare the quality of translations for scientific terms generated by two different methods. The input will include an English term, a context paragraph where the term is used, and its translations in Chinese.","Translation, AI Terminology, Multilingual, Ranking","$0.01","Fri Dec 06 03:33:12 PST 2024","5","BatchId:5277379;OriginalHitTemplateId:928390912;","3600","3600","Fri Dec 13 03:33:12 PST 2024","","","3HUTX6F6VC1W6HUQ8MZTONX031P2OM","A3MDTRJTDIDNX","Approved","Fri Dec 06 04:34:38 PST 2024","Fri Dec 06 05:18:09 PST 2024","Fri Dec 06 06:18:09 PST 2024","Fri Dec 06 06:18:35 PST 2024","","","2611","100% (53/53)","100% (53/53)","100% (53/53)","Modeling","建模","造型","3D convolutional network","3D卷积网络","三维卷积网络","3D point cloud","3D 点云","3D点云","Canny edge detector","Canny 边缘检测器","Canny边缘检测器","Dirichlet prior","Dirichlet先验","狄利克雷先验","false","true","true","true","false","true","false","false","false","false","false","false","false","false","true","false","false","false","false","false"
"3MXX6RQ9FCJL8BNK0YQVHI3UHD7P4O","30NHI4EO3BHNAT9JQMEIFM3OOCFBT8","Ranking the Quality of AI Terminology Translation from English to Chinese","In this task, you will compare the quality of translations for scientific terms generated by two different methods. The input will include an English term, a context paragraph where the term is used, and its translations in Chinese.","Translation, AI Terminology, Multilingual, Ranking","$0.01","Fri Dec 06 03:33:12 PST 2024","5","BatchId:5277379;OriginalHitTemplateId:928390912;","3600","3600","Fri Dec 13 03:33:12 PST 2024","","","3I2PTA7R3B8U89BWC5X1DOEUZ1LKQO","A2QX81MMC8KN80","Approved","Fri Dec 06 04:33:51 PST 2024","Fri Dec 06 05:31:38 PST 2024","Fri Dec 06 06:31:38 PST 2024","Fri Dec 06 06:32:35 PST 2024","","","3467","100% (22/22)","100% (22/22)","100% (22/22)","Modeling","建模","造型","3D convolutional network","3D卷积网络","三维卷积网络","3D point cloud","3D 点云","3D点云","Canny edge detector","Canny 边缘检测器","Canny边缘检测器","Dirichlet prior","Dirichlet先验","狄利克雷先验","false","false","false","false","false","false","true","false","true","false","true","false","false","false","true","false","false","true","false","false"
"3MXX6RQ9FCJL8BNK0YQVHI3UHD7P4O","30NHI4EO3BHNAT9JQMEIFM3OOCFBT8","Ranking the Quality of AI Terminology Translation from English to Chinese","In this task, you will compare the quality of translations for scientific terms generated by two different methods. The input will include an English term, a context paragraph where the term is used, and its translations in Chinese.","Translation, AI Terminology, Multilingual, Ranking","$0.01","Fri Dec 06 03:33:12 PST 2024","5","BatchId:5277379;OriginalHitTemplateId:928390912;","3600","3600","Fri Dec 13 03:33:12 PST 2024","","","3DQQ64TANYZ03X4Y161F1UIFHEOPWI","AWGV35294HOYB","Approved","Fri Dec 06 06:06:24 PST 2024","Fri Dec 06 06:14:06 PST 2024","Fri Dec 06 07:14:06 PST 2024","Fri Dec 06 07:14:35 PST 2024","","","462","100% (43/43)","100% (43/43)","100% (43/43)","Modeling","建模","造型","3D convolutional network","3D卷积网络","三维卷积网络","3D point cloud","3D 点云","3D点云","Canny edge detector","Canny 边缘检测器","Canny边缘检测器","Dirichlet prior","Dirichlet先验","狄利克雷先验","false","true","true","true","false","true","false","false","false","false","false","false","false","false","true","false","false","false","false","false"
"336OE47KJJYAMX30WG5DI2B3NU7VW1","30NHI4EO3BHNAT9JQMEIFM3OOCFBT8","Ranking the Quality of AI Terminology Translation from English to Chinese","In this task, you will compare the quality of translations for scientific terms generated by two different methods. The input will include an English term, a context paragraph where the term is used, and its translations in Chinese.","Translation, AI Terminology, Multilingual, Ranking","$0.01","Fri Dec 06 03:33:12 PST 2024","5","BatchId:5277379;OriginalHitTemplateId:928390912;","3600","3600","Fri Dec 13 03:33:12 PST 2024","","","3TMFV4NEPQSFX55HFPZ4F8NPS28W8L","A3QB50HW9PDXB9","Approved","Fri Dec 06 03:33:57 PST 2024","Fri Dec 06 03:36:26 PST 2024","Fri Dec 06 04:36:26 PST 2024","Fri Dec 06 04:36:35 PST 2024","","","149","100% (2/2)","100% (2/2)","100% (2/2)","Discriminator","鉴别器","判别器","Hadamard product","阿达玛积","哈达玛积","Hamiltonian Monte Carlo","哈密顿蒙特卡罗方法","哈密顿蒙特卡罗","K-means algorithm","K-均值算法","K均值算法","L 2 distance","L2 距离","L₂距离","true","false","false","false","true","false","false","false","true","false","false","true","true","false","false","false","false","false","false","false"
"336OE47KJJYAMX30WG5DI2B3NU7VW1","30NHI4EO3BHNAT9JQMEIFM3OOCFBT8","Ranking the Quality of AI Terminology Translation from English to Chinese","In this task, you will compare the quality of translations for scientific terms generated by two different methods. The input will include an English term, a context paragraph where the term is used, and its translations in Chinese.","Translation, AI Terminology, Multilingual, Ranking","$0.01","Fri Dec 06 03:33:12 PST 2024","5","BatchId:5277379;OriginalHitTemplateId:928390912;","3600","3600","Fri Dec 13 03:33:12 PST 2024","","","3KGTPGBS6FZRJMEN48B2NTPPLM5U2H","A2FXDEKCCUT9OJ","Approved","Fri Dec 06 03:33:56 PST 2024","Fri Dec 06 04:00:08 PST 2024","Fri Dec 06 05:00:08 PST 2024","Fri Dec 06 05:00:35 PST 2024","","","1572","100% (36/36)","100% (36/36)","100% (36/36)","Discriminator","鉴别器","判别器","Hadamard product","阿达玛积","哈达玛积","Hamiltonian Monte Carlo","哈密顿蒙特卡罗方法","哈密顿蒙特卡罗","K-means algorithm","K-均值算法","K均值算法","L 2 distance","L2 距离","L₂距离","true","false","false","true","false","false","false","true","false","false","false","true","false","false","true","false","false","false","false","false"
"336OE47KJJYAMX30WG5DI2B3NU7VW1","30NHI4EO3BHNAT9JQMEIFM3OOCFBT8","Ranking the Quality of AI Terminology Translation from English to Chinese","In this task, you will compare the quality of translations for scientific terms generated by two different methods. The input will include an English term, a context paragraph where the term is used, and its translations in Chinese.","Translation, AI Terminology, Multilingual, Ranking","$0.01","Fri Dec 06 03:33:12 PST 2024","5","BatchId:5277379;OriginalHitTemplateId:928390912;","3600","3600","Fri Dec 13 03:33:12 PST 2024","","","39ZSFO5CAQARPICVBTHUMAB6NX7JU9","A251BWQW2F81FT","Approved","Fri Dec 06 03:54:42 PST 2024","Fri Dec 06 04:18:55 PST 2024","Fri Dec 06 05:18:55 PST 2024","Fri Dec 06 05:19:35 PST 2024","","","1453","100% (31/31)","100% (31/31)","100% (31/31)","Discriminator","鉴别器","判别器","Hadamard product","阿达玛积","哈达玛积","Hamiltonian Monte Carlo","哈密顿蒙特卡罗方法","哈密顿蒙特卡罗","K-means algorithm","K-均值算法","K均值算法","L 2 distance","L2 距离","L₂距离","true","false","true","true","true","false","false","false","false","false","false","true","false","false","false","false","false","false","false","false"
"336OE47KJJYAMX30WG5DI2B3NU7VW1","30NHI4EO3BHNAT9JQMEIFM3OOCFBT8","Ranking the Quality of AI Terminology Translation from English to Chinese","In this task, you will compare the quality of translations for scientific terms generated by two different methods. The input will include an English term, a context paragraph where the term is used, and its translations in Chinese.","Translation, AI Terminology, Multilingual, Ranking","$0.01","Fri Dec 06 03:33:12 PST 2024","5","BatchId:5277379;OriginalHitTemplateId:928390912;","3600","3600","Fri Dec 13 03:33:12 PST 2024","","","388U7OUMFPFS7KJSLRCJZU9QHPI0R0","A30IGMGSC7G2HM","Approved","Fri Dec 06 03:33:57 PST 2024","Fri Dec 06 04:32:14 PST 2024","Fri Dec 06 05:32:14 PST 2024","Fri Dec 06 05:32:35 PST 2024","","","3497","100% (24/24)","100% (24/24)","100% (24/24)","Discriminator","鉴别器","判别器","Hadamard product","阿达玛积","哈达玛积","Hamiltonian Monte Carlo","哈密顿蒙特卡罗方法","哈密顿蒙特卡罗","K-means algorithm","K-均值算法","K均值算法","L 2 distance","L2 距离","L₂距离","true","false","true","true","true","false","false","false","false","false","false","true","false","false","false","false","false","false","false","false"
"336OE47KJJYAMX30WG5DI2B3NU7VW1","30NHI4EO3BHNAT9JQMEIFM3OOCFBT8","Ranking the Quality of AI Terminology Translation from English to Chinese","In this task, you will compare the quality of translations for scientific terms generated by two different methods. The input will include an English term, a context paragraph where the term is used, and its translations in Chinese.","Translation, AI Terminology, Multilingual, Ranking","$0.01","Fri Dec 06 03:33:12 PST 2024","5","BatchId:5277379;OriginalHitTemplateId:928390912;","3600","3600","Fri Dec 13 03:33:12 PST 2024","","","3RWE2M8QWZO7SMR0SKV2QA4GGTZN07","A19I2ZK220NTAE","Approved","Fri Dec 06 04:34:21 PST 2024","Fri Dec 06 05:00:45 PST 2024","Fri Dec 06 06:00:45 PST 2024","Fri Dec 06 06:01:35 PST 2024","","","1584","100% (32/32)","100% (32/32)","100% (32/32)","Discriminator","鉴别器","判别器","Hadamard product","阿达玛积","哈达玛积","Hamiltonian Monte Carlo","哈密顿蒙特卡罗方法","哈密顿蒙特卡罗","K-means algorithm","K-均值算法","K均值算法","L 2 distance","L2 距离","L₂距离","true","false","false","true","true","false","false","true","false","false","false","true","false","false","false","false","false","false","false","false"
"3UZUVSO3QO9XFAN0XOAG90LQPXQMEV","30NHI4EO3BHNAT9JQMEIFM3OOCFBT8","Ranking the Quality of AI Terminology Translation from English to Chinese","In this task, you will compare the quality of translations for scientific terms generated by two different methods. The input will include an English term, a context paragraph where the term is used, and its translations in Chinese.","Translation, AI Terminology, Multilingual, Ranking","$0.01","Fri Dec 06 03:33:12 PST 2024","5","BatchId:5277379;OriginalHitTemplateId:928390912;","3600","3600","Fri Dec 13 03:33:12 PST 2024","","","3VZLGYJEY3O961BUYKV3UBY00DLXZK","A2QX81MMC8KN80","Approved","Fri Dec 06 03:33:55 PST 2024","Fri Dec 06 03:36:44 PST 2024","Fri Dec 06 04:36:44 PST 2024","Fri Dec 06 04:37:35 PST 2024","","","169","100% (22/22)","100% (22/22)","100% (22/22)","L1 bound","L1界限","L1界","L2 weight decay","L2 权重衰减","L2权重衰减","Lagrange multiplier","拉格朗日乘数","拉格朗日乘子","Lasso penalty","Lasso惩罚项","套索惩罚","Lyapunov function","李亚普诺夫函数","李雅普诺夫函数","false","false","false","false","false","false","false","false","false","false","false","true","false","true","false","true","false","true","false","true"
"3UZUVSO3QO9XFAN0XOAG90LQPXQMEV","30NHI4EO3BHNAT9JQMEIFM3OOCFBT8","Ranking the Quality of AI Terminology Translation from English to Chinese","In this task, you will compare the quality of translations for scientific terms generated by two different methods. The input will include an English term, a context paragraph where the term is used, and its translations in Chinese.","Translation, AI Terminology, Multilingual, Ranking","$0.01","Fri Dec 06 03:33:12 PST 2024","5","BatchId:5277379;OriginalHitTemplateId:928390912;","3600","3600","Fri Dec 13 03:33:12 PST 2024","","","3AWETUDC9K6CG6MZZYV2R1BLC0HIZ5","A1XD6THGBT1T9T","Approved","Fri Dec 06 03:33:40 PST 2024","Fri Dec 06 03:44:12 PST 2024","Fri Dec 06 04:44:12 PST 2024","Fri Dec 06 04:44:35 PST 2024","","","632","100% (43/43)","100% (43/43)","100% (42/42)","L1 bound","L1界限","L1界","L2 weight decay","L2 权重衰减","L2权重衰减","Lagrange multiplier","拉格朗日乘数","拉格朗日乘子","Lasso penalty","Lasso惩罚项","套索惩罚","Lyapunov function","李亚普诺夫函数","李雅普诺夫函数","true","true","true","true","false","false","false","false","false","true","false","false","false","false","false","false","false","false","false","false"
"3UZUVSO3QO9XFAN0XOAG90LQPXQMEV","30NHI4EO3BHNAT9JQMEIFM3OOCFBT8","Ranking the Quality of AI Terminology Translation from English to Chinese","In this task, you will compare the quality of translations for scientific terms generated by two different methods. The input will include an English term, a context paragraph where the term is used, and its translations in Chinese.","Translation, AI Terminology, Multilingual, Ranking","$0.01","Fri Dec 06 03:33:12 PST 2024","5","BatchId:5277379;OriginalHitTemplateId:928390912;","3600","3600","Fri Dec 13 03:33:12 PST 2024","","","33PPO7FECDT9D5H37G6509SIOI7DI1","A30IGMGSC7G2HM","Approved","Fri Dec 06 03:33:53 PST 2024","Fri Dec 06 04:31:55 PST 2024","Fri Dec 06 05:31:55 PST 2024","Fri Dec 06 05:32:35 PST 2024","","","3482","100% (24/24)","100% (24/24)","100% (24/24)","L1 bound","L1界限","L1界","L2 weight decay","L2 权重衰减","L2权重衰减","Lagrange multiplier","拉格朗日乘数","拉格朗日乘子","Lasso penalty","Lasso惩罚项","套索惩罚","Lyapunov function","李亚普诺夫函数","李雅普诺夫函数","false","true","true","true","true","true","false","false","false","false","false","false","false","false","false","false","false","false","false","false"
"3UZUVSO3QO9XFAN0XOAG90LQPXQMEV","30NHI4EO3BHNAT9JQMEIFM3OOCFBT8","Ranking the Quality of AI Terminology Translation from English to Chinese","In this task, you will compare the quality of translations for scientific terms generated by two different methods. The input will include an English term, a context paragraph where the term is used, and its translations in Chinese.","Translation, AI Terminology, Multilingual, Ranking","$0.01","Fri Dec 06 03:33:12 PST 2024","5","BatchId:5277379;OriginalHitTemplateId:928390912;","3600","3600","Fri Dec 13 03:33:12 PST 2024","","","3GU1KF0O40F8FU6N6F5JEG5U7B6PBY","AWGV35294HOYB","Approved","Fri Dec 06 03:54:42 PST 2024","Fri Dec 06 04:45:11 PST 2024","Fri Dec 06 05:45:11 PST 2024","Fri Dec 06 05:45:35 PST 2024","","","3029","100% (43/43)","100% (43/43)","100% (43/43)","L1 bound","L1界限","L1界","L2 weight decay","L2 权重衰减","L2权重衰减","Lagrange multiplier","拉格朗日乘数","拉格朗日乘子","Lasso penalty","Lasso惩罚项","套索惩罚","Lyapunov function","李亚普诺夫函数","李雅普诺夫函数","true","true","true","true","false","false","false","false","false","true","false","false","false","false","false","false","false","false","false","false"
"3UZUVSO3QO9XFAN0XOAG90LQPXQMEV","30NHI4EO3BHNAT9JQMEIFM3OOCFBT8","Ranking the Quality of AI Terminology Translation from English to Chinese","In this task, you will compare the quality of translations for scientific terms generated by two different methods. The input will include an English term, a context paragraph where the term is used, and its translations in Chinese.","Translation, AI Terminology, Multilingual, Ranking","$0.01","Fri Dec 06 03:33:12 PST 2024","5","BatchId:5277379;OriginalHitTemplateId:928390912;","3600","3600","Fri Dec 13 03:33:12 PST 2024","","","3GNA64GUZWIRQQQT5ITVBZVC2CXQ5I","A186ORPGIU3WNL","Approved","Fri Dec 06 04:34:24 PST 2024","Fri Dec 06 05:09:07 PST 2024","Fri Dec 06 06:09:07 PST 2024","Fri Dec 06 06:09:35 PST 2024","","","2083","100% (53/53)","100% (52/52)","100% (52/52)","L1 bound","L1界限","L1界","L2 weight decay","L2 权重衰减","L2权重衰减","Lagrange multiplier","拉格朗日乘数","拉格朗日乘子","Lasso penalty","Lasso惩罚项","套索惩罚","Lyapunov function","李亚普诺夫函数","李雅普诺夫函数","true","true","true","true","true","false","false","false","false","false","false","false","false","false","false","false","false","false","false","false"
"385MDVINGTT1V236FRRUFE09S70JW4","30NHI4EO3BHNAT9JQMEIFM3OOCFBT8","Ranking the Quality of AI Terminology Translation from English to Chinese","In this task, you will compare the quality of translations for scientific terms generated by two different methods. The input will include an English term, a context paragraph where the term is used, and its translations in Chinese.","Translation, AI Terminology, Multilingual, Ranking","$0.01","Fri Dec 06 03:33:12 PST 2024","5","BatchId:5277379;OriginalHitTemplateId:928390912;","3600","3600","Fri Dec 13 03:33:12 PST 2024","","","37FMASSAYU5GY8JJTKFZ5J4ILXWBIT","A2FK6782M09EBO","Approved","Fri Dec 06 03:34:00 PST 2024","Fri Dec 06 03:35:39 PST 2024","Fri Dec 06 04:35:39 PST 2024","Fri Dec 06 04:36:35 PST 2024","","","99","100% (3/3)","100% (3/3)","100% (3/3)","Monte-Carlo return","蒙特卡洛回报","蒙特卡罗回报","Q function","Q 函数","Q函数","Question Answering","问答系统","问答","Runge-Kutta method","龙格-库塔法","龙格-库塔方法","T5-11B","T5-11B模型","T5-11B","true","true","false","true","false","false","false","true","false","true","false","false","false","false","false","false","false","false","false","false"
"385MDVINGTT1V236FRRUFE09S70JW4","30NHI4EO3BHNAT9JQMEIFM3OOCFBT8","Ranking the Quality of AI Terminology Translation from English to Chinese","In this task, you will compare the quality of translations for scientific terms generated by two different methods. The input will include an English term, a context paragraph where the term is used, and its translations in Chinese.","Translation, AI Terminology, Multilingual, Ranking","$0.01","Fri Dec 06 03:33:12 PST 2024","5","BatchId:5277379;OriginalHitTemplateId:928390912;","3600","3600","Fri Dec 13 03:33:12 PST 2024","","","30BXRYBRPMB8QG6AITTASLGOVLYWH0","A1G4DX33KADZA3","Approved","Fri Dec 06 03:34:04 PST 2024","Fri Dec 06 03:38:22 PST 2024","Fri Dec 06 04:38:22 PST 2024","Fri Dec 06 04:38:35 PST 2024","","","258","100% (21/21)","100% (21/21)","100% (21/21)","Monte-Carlo return","蒙特卡洛回报","蒙特卡罗回报","Q function","Q 函数","Q函数","Question Answering","问答系统","问答","Runge-Kutta method","龙格-库塔法","龙格-库塔方法","T5-11B","T5-11B模型","T5-11B","false","false","false","false","false","false","false","false","false","false","true","false","true","true","true","false","true","false","false","false"
"385MDVINGTT1V236FRRUFE09S70JW4","30NHI4EO3BHNAT9JQMEIFM3OOCFBT8","Ranking the Quality of AI Terminology Translation from English to Chinese","In this task, you will compare the quality of translations for scientific terms generated by two different methods. The input will include an English term, a context paragraph where the term is used, and its translations in Chinese.","Translation, AI Terminology, Multilingual, Ranking","$0.01","Fri Dec 06 03:33:12 PST 2024","5","BatchId:5277379;OriginalHitTemplateId:928390912;","3600","3600","Fri Dec 13 03:33:12 PST 2024","","","3U8YCDAGX7USVJ4S8CNJU4ZLL3G0QZ","A2IFN9328HNXWC","Approved","Fri Dec 06 03:33:56 PST 2024","Fri Dec 06 03:56:14 PST 2024","Fri Dec 06 04:56:14 PST 2024","Fri Dec 06 04:56:35 PST 2024","","","1338","100% (10/10)","100% (10/10)","100% (10/10)","Monte-Carlo return","蒙特卡洛回报","蒙特卡罗回报","Q function","Q 函数","Q函数","Question Answering","问答系统","问答","Runge-Kutta method","龙格-库塔法","龙格-库塔方法","T5-11B","T5-11B模型","T5-11B","false","true","true","true","true","false","false","false","false","false","true","false","false","false","false","false","false","false","false","false"
"385MDVINGTT1V236FRRUFE09S70JW4","30NHI4EO3BHNAT9JQMEIFM3OOCFBT8","Ranking the Quality of AI Terminology Translation from English to Chinese","In this task, you will compare the quality of translations for scientific terms generated by two different methods. The input will include an English term, a context paragraph where the term is used, and its translations in Chinese.","Translation, AI Terminology, Multilingual, Ranking","$0.01","Fri Dec 06 03:33:12 PST 2024","5","BatchId:5277379;OriginalHitTemplateId:928390912;","3600","3600","Fri Dec 13 03:33:12 PST 2024","","","3E47SOBEY8AZ8DBP7KBUG3A03IVIC6","A2YVLMI4PRDECY","Approved","Fri Dec 06 04:34:04 PST 2024","Fri Dec 06 05:31:43 PST 2024","Fri Dec 06 06:31:43 PST 2024","Fri Dec 06 06:32:35 PST 2024","","","3459","100% (32/32)","100% (32/32)","100% (32/32)","Monte-Carlo return","蒙特卡洛回报","蒙特卡罗回报","Q function","Q 函数","Q函数","Question Answering","问答系统","问答","Runge-Kutta method","龙格-库塔法","龙格-库塔方法","T5-11B","T5-11B模型","T5-11B","false","true","true","true","true","false","false","false","false","false","true","false","false","false","false","false","false","false","false","false"
"385MDVINGTT1V236FRRUFE09S70JW4","30NHI4EO3BHNAT9JQMEIFM3OOCFBT8","Ranking the Quality of AI Terminology Translation from English to Chinese","In this task, you will compare the quality of translations for scientific terms generated by two different methods. The input will include an English term, a context paragraph where the term is used, and its translations in Chinese.","Translation, AI Terminology, Multilingual, Ranking","$0.01","Fri Dec 06 03:33:12 PST 2024","5","BatchId:5277379;OriginalHitTemplateId:928390912;","3600","3600","Fri Dec 13 03:33:12 PST 2024","","","3JAOYWH7V0IZ0GCSG3YG6T1KE3Y9LA","A1U6UPXOFCXR24","Approved","Fri Dec 06 05:29:06 PST 2024","Fri Dec 06 05:51:10 PST 2024","Fri Dec 06 06:51:10 PST 2024","Fri Dec 06 06:51:35 PST 2024","","","1324","100% (17/17)","100% (17/17)","100% (17/17)","Monte-Carlo return","蒙特卡洛回报","蒙特卡罗回报","Q function","Q 函数","Q函数","Question Answering","问答系统","问答","Runge-Kutta method","龙格-库塔法","龙格-库塔方法","T5-11B","T5-11B模型","T5-11B","false","true","true","true","true","false","false","false","false","false","true","false","false","false","false","false","false","false","false","false"
"33EEIIWHLOL5207EK767QDTHZTQQVS","30NHI4EO3BHNAT9JQMEIFM3OOCFBT8","Ranking the Quality of AI Terminology Translation from English to Chinese","In this task, you will compare the quality of translations for scientific terms generated by two different methods. The input will include an English term, a context paragraph where the term is used, and its translations in Chinese.","Translation, AI Terminology, Multilingual, Ranking","$0.01","Fri Dec 06 03:33:12 PST 2024","5","BatchId:5277379;OriginalHitTemplateId:928390912;","3600","3600","Fri Dec 13 03:33:12 PST 2024","","","3YHH42UU5TTH4MOFG7FNDI0RBXSL0U","A1461W8G7G53ZF","Approved","Fri Dec 06 03:33:44 PST 2024","Fri Dec 06 03:34:02 PST 2024","Fri Dec 06 04:34:02 PST 2024","Fri Dec 06 04:34:35 PST 2024","","","18","100% (1/1)","100% (1/1)","100% (1/1)","Upper Confidence Bound","上置信界限","上置信界","Viterbi","维特比算法","维特比","Woodbury matrix identity","Woodbury 矩阵恒等式","Woodbury矩阵恒等式","Word2Vec","词向量","Word2Vec","Z-score","Z-score","Z分数","true","false","true","true","true","false","true","false","false","false","false","false","false","false","false","false","false","false","false","false"
"33EEIIWHLOL5207EK767QDTHZTQQVS","30NHI4EO3BHNAT9JQMEIFM3OOCFBT8","Ranking the Quality of AI Terminology Translation from English to Chinese","In this task, you will compare the quality of translations for scientific terms generated by two different methods. The input will include an English term, a context paragraph where the term is used, and its translations in Chinese.","Translation, AI Terminology, Multilingual, Ranking","$0.01","Fri Dec 06 03:33:12 PST 2024","5","BatchId:5277379;OriginalHitTemplateId:928390912;","3600","3600","Fri Dec 13 03:33:12 PST 2024","","","3QXNC7EIP09M3KN6RACX899WB3C90M","AE40AO3NYRW6H","Approved","Fri Dec 06 03:34:02 PST 2024","Fri Dec 06 03:34:34 PST 2024","Fri Dec 06 04:34:34 PST 2024","Fri Dec 06 04:34:35 PST 2024","","","32","100% (1/1)","100% (1/1)","100% (1/1)","Upper Confidence Bound","上置信界限","上置信界","Viterbi","维特比算法","维特比","Woodbury matrix identity","Woodbury 矩阵恒等式","Woodbury矩阵恒等式","Word2Vec","词向量","Word2Vec","Z-score","Z-score","Z分数","false","false","false","false","false","false","true","false","true","false","true","false","true","false","false","false","false","false","false","true"
"33EEIIWHLOL5207EK767QDTHZTQQVS","30NHI4EO3BHNAT9JQMEIFM3OOCFBT8","Ranking the Quality of AI Terminology Translation from English to Chinese","In this task, you will compare the quality of translations for scientific terms generated by two different methods. The input will include an English term, a context paragraph where the term is used, and its translations in Chinese.","Translation, AI Terminology, Multilingual, Ranking","$0.01","Fri Dec 06 03:33:12 PST 2024","5","BatchId:5277379;OriginalHitTemplateId:928390912;","3600","3600","Fri Dec 13 03:33:12 PST 2024","","","3T111IHZ5W4A3E75LNVCS5AJKTBR92","A3QIWEQXAGMGD","Approved","Fri Dec 06 03:33:48 PST 2024","Fri Dec 06 03:46:18 PST 2024","Fri Dec 06 04:46:18 PST 2024","Fri Dec 06 04:46:35 PST 2024","","","750","100% (26/26)","100% (26/26)","100% (26/26)","Upper Confidence Bound","上置信界限","上置信界","Viterbi","维特比算法","维特比","Woodbury matrix identity","Woodbury 矩阵恒等式","Woodbury矩阵恒等式","Word2Vec","词向量","Word2Vec","Z-score","Z-score","Z分数","true","false","true","true","false","false","true","false","false","false","false","false","false","false","true","false","false","false","false","false"
"33EEIIWHLOL5207EK767QDTHZTQQVS","30NHI4EO3BHNAT9JQMEIFM3OOCFBT8","Ranking the Quality of AI Terminology Translation from English to Chinese","In this task, you will compare the quality of translations for scientific terms generated by two different methods. The input will include an English term, a context paragraph where the term is used, and its translations in Chinese.","Translation, AI Terminology, Multilingual, Ranking","$0.01","Fri Dec 06 03:33:12 PST 2024","5","BatchId:5277379;OriginalHitTemplateId:928390912;","3600","3600","Fri Dec 13 03:33:12 PST 2024","","","3WYGZ5XF3ET6LPQ949M68OTVHP6KSD","A2D6SB3TU1NYQ7","Approved","Fri Dec 06 04:33:51 PST 2024","Fri Dec 06 04:59:28 PST 2024","Fri Dec 06 05:59:28 PST 2024","Fri Dec 06 05:59:35 PST 2024","","","1537","100% (45/45)","100% (45/45)","100% (45/45)","Upper Confidence Bound","上置信界限","上置信界","Viterbi","维特比算法","维特比","Woodbury matrix identity","Woodbury 矩阵恒等式","Woodbury矩阵恒等式","Word2Vec","词向量","Word2Vec","Z-score","Z-score","Z分数","false","true","true","true","true","true","false","false","false","false","false","false","false","false","false","false","false","false","false","false"
"33EEIIWHLOL5207EK767QDTHZTQQVS","30NHI4EO3BHNAT9JQMEIFM3OOCFBT8","Ranking the Quality of AI Terminology Translation from English to Chinese","In this task, you will compare the quality of translations for scientific terms generated by two different methods. The input will include an English term, a context paragraph where the term is used, and its translations in Chinese.","Translation, AI Terminology, Multilingual, Ranking","$0.01","Fri Dec 06 03:33:12 PST 2024","5","BatchId:5277379;OriginalHitTemplateId:928390912;","3600","3600","Fri Dec 13 03:33:12 PST 2024","","","3OXV7EAXLW4V2TK5CQR4QXG1OEO360","A3HSZ9YLOBCCPR","Approved","Fri Dec 06 05:01:53 PST 2024","Fri Dec 06 05:27:46 PST 2024","Fri Dec 06 06:27:46 PST 2024","Fri Dec 06 06:28:35 PST 2024","","","1553","100% (39/39)","100% (39/39)","100% (39/39)","Upper Confidence Bound","上置信界限","上置信界","Viterbi","维特比算法","维特比","Woodbury matrix identity","Woodbury 矩阵恒等式","Woodbury矩阵恒等式","Word2Vec","词向量","Word2Vec","Z-score","Z-score","Z分数","true","true","true","true","false","false","false","false","false","false","false","false","false","false","true","false","false","false","false","false"
"39WSF6KUWJZLFD8CA4PT14AVKX5EO2","30NHI4EO3BHNAT9JQMEIFM3OOCFBT8","Ranking the Quality of AI Terminology Translation from English to Chinese","In this task, you will compare the quality of translations for scientific terms generated by two different methods. The input will include an English term, a context paragraph where the term is used, and its translations in Chinese.","Translation, AI Terminology, Multilingual, Ranking","$0.01","Fri Dec 06 03:33:12 PST 2024","5","BatchId:5277379;OriginalHitTemplateId:928390912;","3600","3600","Fri Dec 13 03:33:12 PST 2024","","","39PAAFCOD4ELG0X0SD53K20YZ6RTVX","A3DXRQLMYGDOFF","Approved","Fri Dec 06 03:33:54 PST 2024","Fri Dec 06 03:40:26 PST 2024","Fri Dec 06 04:40:26 PST 2024","Fri Dec 06 04:40:35 PST 2024","","","392","100% (5/5)","100% (5/5)","100% (5/5)","adversarial perturbation","对抗性扰动","对抗扰动","artificial agent","人工代理","人工智能体","asymptotic notation","渐近记号","渐近符号","attention score","注意力得分","注意力分数","backward pass","反向传播","反向传递","false","false","false","true","false","true","true","true","false","false","false","false","false","false","true","false","false","false","false","false"
"39WSF6KUWJZLFD8CA4PT14AVKX5EO2","30NHI4EO3BHNAT9JQMEIFM3OOCFBT8","Ranking the Quality of AI Terminology Translation from English to Chinese","In this task, you will compare the quality of translations for scientific terms generated by two different methods. The input will include an English term, a context paragraph where the term is used, and its translations in Chinese.","Translation, AI Terminology, Multilingual, Ranking","$0.01","Fri Dec 06 03:33:12 PST 2024","5","BatchId:5277379;OriginalHitTemplateId:928390912;","3600","3600","Fri Dec 13 03:33:12 PST 2024","","","3ZSY5X72NFPDA1BBNCEUPV58FSXROG","A21X87H2GCSME0","Approved","Fri Dec 06 03:35:38 PST 2024","Fri Dec 06 03:43:05 PST 2024","Fri Dec 06 04:43:05 PST 2024","Fri Dec 06 04:43:35 PST 2024","","","447","100% (9/9)","100% (9/9)","100% (9/9)","adversarial perturbation","对抗性扰动","对抗扰动","artificial agent","人工代理","人工智能体","asymptotic notation","渐近记号","渐近符号","attention score","注意力得分","注意力分数","backward pass","反向传播","反向传递","false","false","false","false","false","false","false","false","false","false","true","false","true","true","false","false","false","false","false","true"
"39WSF6KUWJZLFD8CA4PT14AVKX5EO2","30NHI4EO3BHNAT9JQMEIFM3OOCFBT8","Ranking the Quality of AI Terminology Translation from English to Chinese","In this task, you will compare the quality of translations for scientific terms generated by two different methods. The input will include an English term, a context paragraph where the term is used, and its translations in Chinese.","Translation, AI Terminology, Multilingual, Ranking","$0.01","Fri Dec 06 03:33:12 PST 2024","5","BatchId:5277379;OriginalHitTemplateId:928390912;","3600","3600","Fri Dec 13 03:33:12 PST 2024","","","3PM8NZGV8GU0S9A3BOCQ3IMWVA0QXJ","A3IG9HHR3NL9R0","Approved","Fri Dec 06 03:33:46 PST 2024","Fri Dec 06 03:53:58 PST 2024","Fri Dec 06 04:53:58 PST 2024","Fri Dec 06 04:54:35 PST 2024","","","1212","100% (50/50)","100% (50/50)","100% (50/50)","adversarial perturbation","对抗性扰动","对抗扰动","artificial agent","人工代理","人工智能体","asymptotic notation","渐近记号","渐近符号","attention score","注意力得分","注意力分数","backward pass","反向传播","反向传递","true","false","true","true","false","false","true","false","false","true","false","false","false","false","false","false","false","false","false","false"
"39WSF6KUWJZLFD8CA4PT14AVKX5EO2","30NHI4EO3BHNAT9JQMEIFM3OOCFBT8","Ranking the Quality of AI Terminology Translation from English to Chinese","In this task, you will compare the quality of translations for scientific terms generated by two different methods. The input will include an English term, a context paragraph where the term is used, and its translations in Chinese.","Translation, AI Terminology, Multilingual, Ranking","$0.01","Fri Dec 06 03:33:12 PST 2024","5","BatchId:5277379;OriginalHitTemplateId:928390912;","3600","3600","Fri Dec 13 03:33:12 PST 2024","","","3YWRV122CAD251GCKPK3XK2S7MY8UZ","A1PG4NZUVQMZUI","Approved","Fri Dec 06 03:33:59 PST 2024","Fri Dec 06 03:59:22 PST 2024","Fri Dec 06 04:59:22 PST 2024","Fri Dec 06 04:59:35 PST 2024","","","1523","100% (13/13)","100% (13/13)","100% (13/13)","adversarial perturbation","对抗性扰动","对抗扰动","artificial agent","人工代理","人工智能体","asymptotic notation","渐近记号","渐近符号","attention score","注意力得分","注意力分数","backward pass","反向传播","反向传递","true","false","true","true","false","false","false","false","false","true","false","true","false","false","false","false","false","false","false","false"
"39WSF6KUWJZLFD8CA4PT14AVKX5EO2","30NHI4EO3BHNAT9JQMEIFM3OOCFBT8","Ranking the Quality of AI Terminology Translation from English to Chinese","In this task, you will compare the quality of translations for scientific terms generated by two different methods. The input will include an English term, a context paragraph where the term is used, and its translations in Chinese.","Translation, AI Terminology, Multilingual, Ranking","$0.01","Fri Dec 06 03:33:12 PST 2024","5","BatchId:5277379;OriginalHitTemplateId:928390912;","3600","3600","Fri Dec 13 03:33:12 PST 2024","","","3TMFV4NEPQSFX55HFPZ4F8NPS4O8WH","A2ZLQZJD9I7NAL","Approved","Fri Dec 06 05:34:31 PST 2024","Fri Dec 06 05:39:46 PST 2024","Fri Dec 06 06:39:46 PST 2024","Fri Dec 06 06:40:35 PST 2024","","","315","100% (10/10)","100% (10/10)","100% (10/10)","adversarial perturbation","对抗性扰动","对抗扰动","artificial agent","人工代理","人工智能体","asymptotic notation","渐近记号","渐近符号","attention score","注意力得分","注意力分数","backward pass","反向传播","反向传递","true","false","true","true","false","false","false","false","false","true","false","true","false","false","false","false","false","false","false","false"
"3EN4YVUOVT6GK28WPWNGHXEG196JXX","30NHI4EO3BHNAT9JQMEIFM3OOCFBT8","Ranking the Quality of AI Terminology Translation from English to Chinese","In this task, you will compare the quality of translations for scientific terms generated by two different methods. The input will include an English term, a context paragraph where the term is used, and its translations in Chinese.","Translation, AI Terminology, Multilingual, Ranking","$0.01","Fri Dec 06 03:33:12 PST 2024","5","BatchId:5277379;OriginalHitTemplateId:928390912;","3600","3600","Fri Dec 13 03:33:12 PST 2024","","","3GFK2QRXXRVWANMFHRS13ODYQC7W5J","A14ICQPNQ6RZXB","Approved","Fri Dec 06 03:33:57 PST 2024","Fri Dec 06 03:36:35 PST 2024","Fri Dec 06 04:36:35 PST 2024","Fri Dec 06 04:37:35 PST 2024","","","158","100% (9/9)","100% (9/9)","100% (9/9)","bag-of-word","词袋","词袋模型","baseline algorithm","基线算法","基准算法","baseline method","基线方法","基准方法","binary classification head","二分类头","二元分类头","binary classification problem","二分类问题","二元分类问题","false","false","true","true","false","true","false","false","false","false","false","true","false","false","false","false","false","false","false","true"
"3EN4YVUOVT6GK28WPWNGHXEG196JXX","30NHI4EO3BHNAT9JQMEIFM3OOCFBT8","Ranking the Quality of AI Terminology Translation from English to Chinese","In this task, you will compare the quality of translations for scientific terms generated by two different methods. The input will include an English term, a context paragraph where the term is used, and its translations in Chinese.","Translation, AI Terminology, Multilingual, Ranking","$0.01","Fri Dec 06 03:33:12 PST 2024","5","BatchId:5277379;OriginalHitTemplateId:928390912;","3600","3600","Fri Dec 13 03:33:12 PST 2024","","","3X0H8UUITJ2XGPKQTN59WZNQ4WFSWH","A1XD6THGBT1T9T","Approved","Fri Dec 06 03:33:45 PST 2024","Fri Dec 06 03:44:28 PST 2024","Fri Dec 06 04:44:28 PST 2024","Fri Dec 06 04:44:35 PST 2024","","","643","100% (43/43)","100% (43/43)","100% (42/42)","bag-of-word","词袋","词袋模型","baseline algorithm","基线算法","基准算法","baseline method","基线方法","基准方法","binary classification head","二分类头","二元分类头","binary classification problem","二分类问题","二元分类问题","true","true","true","false","true","false","false","false","true","false","false","false","false","false","false","false","false","false","false","false"
"3EN4YVUOVT6GK28WPWNGHXEG196JXX","30NHI4EO3BHNAT9JQMEIFM3OOCFBT8","Ranking the Quality of AI Terminology Translation from English to Chinese","In this task, you will compare the quality of translations for scientific terms generated by two different methods. The input will include an English term, a context paragraph where the term is used, and its translations in Chinese.","Translation, AI Terminology, Multilingual, Ranking","$0.01","Fri Dec 06 03:33:12 PST 2024","5","BatchId:5277379;OriginalHitTemplateId:928390912;","3600","3600","Fri Dec 13 03:33:12 PST 2024","","","352YTHGRODRWHENQ8NNRXTXXBSD4H0","A3DXRQLMYGDOFF","Approved","Fri Dec 06 03:50:40 PST 2024","Fri Dec 06 03:54:36 PST 2024","Fri Dec 06 04:54:36 PST 2024","Fri Dec 06 04:55:35 PST 2024","","","236","100% (5/5)","100% (5/5)","100% (5/5)","bag-of-word","词袋","词袋模型","baseline algorithm","基线算法","基准算法","baseline method","基线方法","基准方法","binary classification head","二分类头","二元分类头","binary classification problem","二分类问题","二元分类问题","true","true","true","true","true","false","false","false","false","false","false","false","false","false","false","false","false","false","false","false"
"3EN4YVUOVT6GK28WPWNGHXEG196JXX","30NHI4EO3BHNAT9JQMEIFM3OOCFBT8","Ranking the Quality of AI Terminology Translation from English to Chinese","In this task, you will compare the quality of translations for scientific terms generated by two different methods. The input will include an English term, a context paragraph where the term is used, and its translations in Chinese.","Translation, AI Terminology, Multilingual, Ranking","$0.01","Fri Dec 06 03:33:12 PST 2024","5","BatchId:5277379;OriginalHitTemplateId:928390912;","3600","3600","Fri Dec 13 03:33:12 PST 2024","","","37TRT2X2485CTJ3PB20ZHKJIYCLBJ5","A2MZEUP2ECO1AI","Approved","Fri Dec 06 03:34:01 PST 2024","Fri Dec 06 04:02:50 PST 2024","Fri Dec 06 05:02:50 PST 2024","Fri Dec 06 05:03:35 PST 2024","","","1729","100% (34/34)","100% (34/34)","100% (34/34)","bag-of-word","词袋","词袋模型","baseline algorithm","基线算法","基准算法","baseline method","基线方法","基准方法","binary classification head","二分类头","二元分类头","binary classification problem","二分类问题","二元分类问题","true","true","true","false","true","false","false","false","true","false","false","false","false","false","false","false","false","false","false","false"
"3EN4YVUOVT6GK28WPWNGHXEG196JXX","30NHI4EO3BHNAT9JQMEIFM3OOCFBT8","Ranking the Quality of AI Terminology Translation from English to Chinese","In this task, you will compare the quality of translations for scientific terms generated by two different methods. The input will include an English term, a context paragraph where the term is used, and its translations in Chinese.","Translation, AI Terminology, Multilingual, Ranking","$0.01","Fri Dec 06 03:33:12 PST 2024","5","BatchId:5277379;OriginalHitTemplateId:928390912;","3600","3600","Fri Dec 13 03:33:12 PST 2024","","","3G5F9DBFO7BVBR65SJOE6JXAOCWVHP","A2QX81MMC8KN80","Approved","Fri Dec 06 04:34:07 PST 2024","Fri Dec 06 05:32:04 PST 2024","Fri Dec 06 06:32:04 PST 2024","Fri Dec 06 06:32:35 PST 2024","","","3477","100% (22/22)","100% (22/22)","100% (22/22)","bag-of-word","词袋","词袋模型","baseline algorithm","基线算法","基准算法","baseline method","基线方法","基准方法","binary classification head","二分类头","二元分类头","binary classification problem","二分类问题","二元分类问题","false","false","false","false","false","false","true","false","false","true","true","false","false","true","false","false","false","true","false","false"
"30F94FBDO8Y3L210WU92U6AXG89TB3","30NHI4EO3BHNAT9JQMEIFM3OOCFBT8","Ranking the Quality of AI Terminology Translation from English to Chinese","In this task, you will compare the quality of translations for scientific terms generated by two different methods. The input will include an English term, a context paragraph where the term is used, and its translations in Chinese.","Translation, AI Terminology, Multilingual, Ranking","$0.01","Fri Dec 06 03:33:12 PST 2024","5","BatchId:5277379;OriginalHitTemplateId:928390912;","3600","3600","Fri Dec 13 03:33:12 PST 2024","","","37TRT2X2485CTJ3PB20ZHKJIYCKJBC","A3MDTRJTDIDNX","Approved","Fri Dec 06 03:33:46 PST 2024","Fri Dec 06 03:47:43 PST 2024","Fri Dec 06 04:47:43 PST 2024","Fri Dec 06 04:48:35 PST 2024","","","837","100% (53/53)","100% (53/53)","100% (53/53)","binary classifier","二分类器","二元分类器","branch and bound algorithm","分支定界算法","分支限界算法","canonical basis","规范基","标准基","canonical form","规范形式","标准形式","chunk size","数据块大小","块大小","true","true","false","true","false","false","false","false","false","true","false","false","true","false","false","false","false","false","false","false"
"30F94FBDO8Y3L210WU92U6AXG89TB3","30NHI4EO3BHNAT9JQMEIFM3OOCFBT8","Ranking the Quality of AI Terminology Translation from English to Chinese","In this task, you will compare the quality of translations for scientific terms generated by two different methods. The input will include an English term, a context paragraph where the term is used, and its translations in Chinese.","Translation, AI Terminology, Multilingual, Ranking","$0.01","Fri Dec 06 03:33:12 PST 2024","5","BatchId:5277379;OriginalHitTemplateId:928390912;","3600","3600","Fri Dec 13 03:33:12 PST 2024","","","3LRKMWOKBNV85L8XAVAA4L44N4L2ZF","A3EKM55NFX1H6B","Approved","Fri Dec 06 03:33:50 PST 2024","Fri Dec 06 03:56:00 PST 2024","Fri Dec 06 04:56:00 PST 2024","Fri Dec 06 04:56:35 PST 2024","","","1330","100% (29/29)","100% (29/29)","100% (29/29)","binary classifier","二分类器","二元分类器","branch and bound algorithm","分支定界算法","分支限界算法","canonical basis","规范基","标准基","canonical form","规范形式","标准形式","chunk size","数据块大小","块大小","true","true","false","false","true","false","false","false","false","false","false","false","true","true","false","false","false","false","false","false"
"30F94FBDO8Y3L210WU92U6AXG89TB3","30NHI4EO3BHNAT9JQMEIFM3OOCFBT8","Ranking the Quality of AI Terminology Translation from English to Chinese","In this task, you will compare the quality of translations for scientific terms generated by two different methods. The input will include an English term, a context paragraph where the term is used, and its translations in Chinese.","Translation, AI Terminology, Multilingual, Ranking","$0.01","Fri Dec 06 03:33:12 PST 2024","5","BatchId:5277379;OriginalHitTemplateId:928390912;","3600","3600","Fri Dec 13 03:33:12 PST 2024","","","38SKSKU7RJBSBH5VKX4TJM0NXR9ILM","A11B7MUC7UTFKN","Approved","Fri Dec 06 04:34:05 PST 2024","Fri Dec 06 05:05:23 PST 2024","Fri Dec 06 06:05:23 PST 2024","Fri Dec 06 06:05:35 PST 2024","","","1878","100% (36/36)","100% (36/36)","100% (36/36)","binary classifier","二分类器","二元分类器","branch and bound algorithm","分支定界算法","分支限界算法","canonical basis","规范基","标准基","canonical form","规范形式","标准形式","chunk size","数据块大小","块大小","true","true","false","false","true","false","false","false","false","false","false","false","true","true","false","false","false","false","false","false"
"30F94FBDO8Y3L210WU92U6AXG89TB3","30NHI4EO3BHNAT9JQMEIFM3OOCFBT8","Ranking the Quality of AI Terminology Translation from English to Chinese","In this task, you will compare the quality of translations for scientific terms generated by two different methods. The input will include an English term, a context paragraph where the term is used, and its translations in Chinese.","Translation, AI Terminology, Multilingual, Ranking","$0.01","Fri Dec 06 03:33:12 PST 2024","5","BatchId:5277379;OriginalHitTemplateId:928390912;","3600","3600","Fri Dec 13 03:33:12 PST 2024","","","36W0OB37HESCKBBFTGDHRPA6CN2HZB","A9M8N3BOH6013","Approved","Fri Dec 06 05:34:32 PST 2024","Fri Dec 06 05:57:23 PST 2024","Fri Dec 06 06:57:23 PST 2024","Fri Dec 06 06:57:35 PST 2024","","","1371","100% (44/44)","100% (44/44)","100% (44/44)","binary classifier","二分类器","二元分类器","branch and bound algorithm","分支定界算法","分支限界算法","canonical basis","规范基","标准基","canonical form","规范形式","标准形式","chunk size","数据块大小","块大小","true","true","false","true","false","false","false","false","false","true","false","false","true","false","false","false","false","false","false","false"
"30F94FBDO8Y3L210WU92U6AXG89TB3","30NHI4EO3BHNAT9JQMEIFM3OOCFBT8","Ranking the Quality of AI Terminology Translation from English to Chinese","In this task, you will compare the quality of translations for scientific terms generated by two different methods. The input will include an English term, a context paragraph where the term is used, and its translations in Chinese.","Translation, AI Terminology, Multilingual, Ranking","$0.01","Fri Dec 06 03:33:12 PST 2024","5","BatchId:5277379;OriginalHitTemplateId:928390912;","3600","3600","Fri Dec 13 03:33:12 PST 2024","","","3EG49X351CQ7IRRJWFYSXD55VB4X6D","A1APMHC90Z98RE","Approved","Fri Dec 06 06:35:47 PST 2024","Fri Dec 06 06:38:59 PST 2024","Fri Dec 06 07:38:59 PST 2024","Fri Dec 06 07:39:35 PST 2024","","","192","100% (1/1)","100% (1/1)","100% (1/1)","binary classifier","二分类器","二元分类器","branch and bound algorithm","分支定界算法","分支限界算法","canonical basis","规范基","标准基","canonical form","规范形式","标准形式","chunk size","数据块大小","块大小","true","false","true","false","false","false","false","false","true","true","false","false","false","false","false","false","false","false","false","false"
"3CVDZS289YEPLONWSZUMRI6Q1Y5MFD","30NHI4EO3BHNAT9JQMEIFM3OOCFBT8","Ranking the Quality of AI Terminology Translation from English to Chinese","In this task, you will compare the quality of translations for scientific terms generated by two different methods. The input will include an English term, a context paragraph where the term is used, and its translations in Chinese.","Translation, AI Terminology, Multilingual, Ranking","$0.01","Fri Dec 06 03:33:12 PST 2024","5","BatchId:5277379;OriginalHitTemplateId:928390912;","3600","3600","Fri Dec 13 03:33:12 PST 2024","","","3H7Z272LXPLKS3SZXSUDSJ1ZJ54LP1","A1KYZPQ0T7WECC","Approved","Fri Dec 06 03:33:46 PST 2024","Fri Dec 06 04:01:31 PST 2024","Fri Dec 06 05:01:31 PST 2024","Fri Dec 06 05:01:35 PST 2024","","","1665","100% (15/15)","100% (15/15)","100% (14/14)","cluster centroid","簇质心","聚类中心","cluster size","聚类规模","聚类大小","coarse-to-fine","从粗到细","粗到细","compatibility graph","兼容图","兼容性图","competitive ratio","竞争比","竞争比率","false","true","true","false","true","false","false","false","true","false","true","false","false","false","false","false","false","false","false","false"
"3CVDZS289YEPLONWSZUMRI6Q1Y5MFD","30NHI4EO3BHNAT9JQMEIFM3OOCFBT8","Ranking the Quality of AI Terminology Translation from English to Chinese","In this task, you will compare the quality of translations for scientific terms generated by two different methods. The input will include an English term, a context paragraph where the term is used, and its translations in Chinese.","Translation, AI Terminology, Multilingual, Ranking","$0.01","Fri Dec 06 03:33:12 PST 2024","5","BatchId:5277379;OriginalHitTemplateId:928390912;","3600","3600","Fri Dec 13 03:33:12 PST 2024","","","3ZY8KE4IS1H8OK58B9B8FXPBFZSVQL","ASML73P0NOOVV","Approved","Fri Dec 06 03:50:51 PST 2024","Fri Dec 06 04:12:29 PST 2024","Fri Dec 06 05:12:29 PST 2024","Fri Dec 06 05:12:35 PST 2024","","","1298","100% (24/24)","100% (24/24)","100% (24/24)","cluster centroid","簇质心","聚类中心","cluster size","聚类规模","聚类大小","coarse-to-fine","从粗到细","粗到细","compatibility graph","兼容图","兼容性图","competitive ratio","竞争比","竞争比率","false","true","true","true","true","false","false","false","false","false","true","false","false","false","false","false","false","false","false","false"
"3CVDZS289YEPLONWSZUMRI6Q1Y5MFD","30NHI4EO3BHNAT9JQMEIFM3OOCFBT8","Ranking the Quality of AI Terminology Translation from English to Chinese","In this task, you will compare the quality of translations for scientific terms generated by two different methods. The input will include an English term, a context paragraph where the term is used, and its translations in Chinese.","Translation, AI Terminology, Multilingual, Ranking","$0.01","Fri Dec 06 03:33:12 PST 2024","5","BatchId:5277379;OriginalHitTemplateId:928390912;","3600","3600","Fri Dec 13 03:33:12 PST 2024","","","3N4BPTXIOQ6M02IDTEH6NPBJ2NYKU2","A3Q32FL0WWF4KZ","Approved","Fri Dec 06 04:34:21 PST 2024","Fri Dec 06 05:12:26 PST 2024","Fri Dec 06 06:12:26 PST 2024","Fri Dec 06 06:12:35 PST 2024","","","2285","100% (40/40)","100% (40/40)","100% (40/40)","cluster centroid","簇质心","聚类中心","cluster size","聚类规模","聚类大小","coarse-to-fine","从粗到细","粗到细","compatibility graph","兼容图","兼容性图","competitive ratio","竞争比","竞争比率","true","false","true","false","true","false","true","false","true","false","false","false","false","false","false","false","false","false","false","false"
"3CVDZS289YEPLONWSZUMRI6Q1Y5MFD","30NHI4EO3BHNAT9JQMEIFM3OOCFBT8","Ranking the Quality of AI Terminology Translation from English to Chinese","In this task, you will compare the quality of translations for scientific terms generated by two different methods. The input will include an English term, a context paragraph where the term is used, and its translations in Chinese.","Translation, AI Terminology, Multilingual, Ranking","$0.01","Fri Dec 06 03:33:12 PST 2024","5","BatchId:5277379;OriginalHitTemplateId:928390912;","3600","3600","Fri Dec 13 03:33:12 PST 2024","","","3CN4LGXD5F2I39DFINRFJTS01PK4YV","A3MDTRJTDIDNX","Approved","Fri Dec 06 04:34:23 PST 2024","Fri Dec 06 05:17:39 PST 2024","Fri Dec 06 06:17:39 PST 2024","Fri Dec 06 06:18:35 PST 2024","","","2596","100% (53/53)","100% (53/53)","100% (53/53)","cluster centroid","簇质心","聚类中心","cluster size","聚类规模","聚类大小","coarse-to-fine","从粗到细","粗到细","compatibility graph","兼容图","兼容性图","competitive ratio","竞争比","竞争比率","false","true","true","true","true","false","false","false","false","false","true","false","false","false","false","false","false","false","false","false"
"3CVDZS289YEPLONWSZUMRI6Q1Y5MFD","30NHI4EO3BHNAT9JQMEIFM3OOCFBT8","Ranking the Quality of AI Terminology Translation from English to Chinese","In this task, you will compare the quality of translations for scientific terms generated by two different methods. The input will include an English term, a context paragraph where the term is used, and its translations in Chinese.","Translation, AI Terminology, Multilingual, Ranking","$0.01","Fri Dec 06 03:33:12 PST 2024","5","BatchId:5277379;OriginalHitTemplateId:928390912;","3600","3600","Fri Dec 13 03:33:12 PST 2024","","","3L6L49WXWIBK1L3V7LMI8WU76LK54M","A19I2ZK220NTAE","Approved","Fri Dec 06 05:29:06 PST 2024","Fri Dec 06 05:30:25 PST 2024","Fri Dec 06 06:30:25 PST 2024","Fri Dec 06 06:30:35 PST 2024","","","79","100% (32/32)","100% (32/32)","100% (32/32)","cluster centroid","簇质心","聚类中心","cluster size","聚类规模","聚类大小","coarse-to-fine","从粗到细","粗到细","compatibility graph","兼容图","兼容性图","competitive ratio","竞争比","竞争比率","false","true","true","false","true","false","false","false","true","false","true","false","false","false","false","false","false","false","false","false"
"3W5PY7V3V6L5K7Y6US9I0BLP3F0JY3","30NHI4EO3BHNAT9JQMEIFM3OOCFBT8","Ranking the Quality of AI Terminology Translation from English to Chinese","In this task, you will compare the quality of translations for scientific terms generated by two different methods. The input will include an English term, a context paragraph where the term is used, and its translations in Chinese.","Translation, AI Terminology, Multilingual, Ranking","$0.01","Fri Dec 06 03:33:12 PST 2024","5","BatchId:5277379;OriginalHitTemplateId:928390912;","3600","3600","Fri Dec 13 03:33:12 PST 2024","","","3DBQWDE4YOC6NTD1PQ1E7507X1AN5S","A2E2FFMXS9F9KR","Approved","Fri Dec 06 04:34:24 PST 2024","Fri Dec 06 04:37:00 PST 2024","Fri Dec 06 05:37:00 PST 2024","Fri Dec 06 05:37:35 PST 2024","","","156","100% (51/51)","100% (51/51)","100% (51/51)","constrained decoding","受约束解码","约束解码","contextualized word vector","语境化词向量","上下文化词向量","convergence bound","收敛界限","收敛界","convex","凸","凸的","convex quadratic program","凸二次规划问题","凸二次规划","false","true","false","true","true","true","false","true","false","false","false","false","false","false","false","false","false","false","false","false"
"3W5PY7V3V6L5K7Y6US9I0BLP3F0JY3","30NHI4EO3BHNAT9JQMEIFM3OOCFBT8","Ranking the Quality of AI Terminology Translation from English to Chinese","In this task, you will compare the quality of translations for scientific terms generated by two different methods. The input will include an English term, a context paragraph where the term is used, and its translations in Chinese.","Translation, AI Terminology, Multilingual, Ranking","$0.01","Fri Dec 06 03:33:12 PST 2024","5","BatchId:5277379;OriginalHitTemplateId:928390912;","3600","3600","Fri Dec 13 03:33:12 PST 2024","","","3K2755HG5AHP3EFD680KXCFQ8QFDFA","AWGV35294HOYB","Approved","Fri Dec 06 03:53:07 PST 2024","Fri Dec 06 04:44:17 PST 2024","Fri Dec 06 05:44:17 PST 2024","Fri Dec 06 05:44:35 PST 2024","","","3070","100% (43/43)","100% (43/43)","100% (43/43)","constrained decoding","受约束解码","约束解码","contextualized word vector","语境化词向量","上下文化词向量","convergence bound","收敛界限","收敛界","convex","凸","凸的","convex quadratic program","凸二次规划问题","凸二次规划","true","false","true","true","false","false","true","false","false","true","false","false","false","false","false","false","false","false","false","false"
"3W5PY7V3V6L5K7Y6US9I0BLP3F0JY3","30NHI4EO3BHNAT9JQMEIFM3OOCFBT8","Ranking the Quality of AI Terminology Translation from English to Chinese","In this task, you will compare the quality of translations for scientific terms generated by two different methods. The input will include an English term, a context paragraph where the term is used, and its translations in Chinese.","Translation, AI Terminology, Multilingual, Ranking","$0.01","Fri Dec 06 03:33:12 PST 2024","5","BatchId:5277379;OriginalHitTemplateId:928390912;","3600","3600","Fri Dec 13 03:33:12 PST 2024","","","3WR9XG3T6LPZOPHEVE1F6G83XQB47U","A2D6SB3TU1NYQ7","Approved","Fri Dec 06 04:35:23 PST 2024","Fri Dec 06 05:00:32 PST 2024","Fri Dec 06 06:00:32 PST 2024","Fri Dec 06 06:00:35 PST 2024","","","1509","100% (45/45)","100% (45/45)","100% (45/45)","constrained decoding","受约束解码","约束解码","contextualized word vector","语境化词向量","上下文化词向量","convergence bound","收敛界限","收敛界","convex","凸","凸的","convex quadratic program","凸二次规划问题","凸二次规划","true","true","true","true","true","false","false","false","false","false","false","false","false","false","false","false","false","false","false","false"
"3W5PY7V3V6L5K7Y6US9I0BLP3F0JY3","30NHI4EO3BHNAT9JQMEIFM3OOCFBT8","Ranking the Quality of AI Terminology Translation from English to Chinese","In this task, you will compare the quality of translations for scientific terms generated by two different methods. The input will include an English term, a context paragraph where the term is used, and its translations in Chinese.","Translation, AI Terminology, Multilingual, Ranking","$0.01","Fri Dec 06 03:33:12 PST 2024","5","BatchId:5277379;OriginalHitTemplateId:928390912;","3600","3600","Fri Dec 13 03:33:12 PST 2024","","","3DL65MZB8VTNS893B1L3VOC8BR4CEB","AVW3ODRZWQ6WT","Approved","Fri Dec 06 05:35:14 PST 2024","Fri Dec 06 05:35:35 PST 2024","Fri Dec 06 06:35:35 PST 2024","Fri Dec 06 06:36:35 PST 2024","","","21","100% (5/5)","100% (5/5)","100% (5/5)","constrained decoding","受约束解码","约束解码","contextualized word vector","语境化词向量","上下文化词向量","convergence bound","收敛界限","收敛界","convex","凸","凸的","convex quadratic program","凸二次规划问题","凸二次规划","false","false","false","false","false","true","false","true","false","true","false","true","false","false","false","false","false","false","true","false"
"3W5PY7V3V6L5K7Y6US9I0BLP3F0JY3","30NHI4EO3BHNAT9JQMEIFM3OOCFBT8","Ranking the Quality of AI Terminology Translation from English to Chinese","In this task, you will compare the quality of translations for scientific terms generated by two different methods. The input will include an English term, a context paragraph where the term is used, and its translations in Chinese.","Translation, AI Terminology, Multilingual, Ranking","$0.01","Fri Dec 06 03:33:12 PST 2024","5","BatchId:5277379;OriginalHitTemplateId:928390912;","3600","3600","Fri Dec 13 03:33:12 PST 2024","","","3SNLUL3WOM1XK80VEET72POYRN3ULF","AC4I7XU10MQXK","Approved","Fri Dec 06 05:34:43 PST 2024","Fri Dec 06 05:49:56 PST 2024","Fri Dec 06 06:49:56 PST 2024","Fri Dec 06 06:50:35 PST 2024","","","913","100% (58/58)","100% (58/58)","100% (58/58)","constrained decoding","受约束解码","约束解码","contextualized word vector","语境化词向量","上下文化词向量","convergence bound","收敛界限","收敛界","convex","凸","凸的","convex quadratic program","凸二次规划问题","凸二次规划","false","true","false","true","true","false","false","true","false","false","true","false","false","false","false","false","false","false","false","false"
"3126F2F5GPH30DKDP428Q4FLU21EPJ","30NHI4EO3BHNAT9JQMEIFM3OOCFBT8","Ranking the Quality of AI Terminology Translation from English to Chinese","In this task, you will compare the quality of translations for scientific terms generated by two different methods. The input will include an English term, a context paragraph where the term is used, and its translations in Chinese.","Translation, AI Terminology, Multilingual, Ranking","$0.01","Fri Dec 06 03:33:12 PST 2024","5","BatchId:5277379;OriginalHitTemplateId:928390912;","3600","3600","Fri Dec 13 03:33:12 PST 2024","","","3HWRJOOETNG3ZPYZ8NB3ATGQXSASE1","A1XD6THGBT1T9T","Approved","Fri Dec 06 03:33:37 PST 2024","Fri Dec 06 03:43:22 PST 2024","Fri Dec 06 04:43:22 PST 2024","Fri Dec 06 04:43:35 PST 2024","","","585","100% (43/43)","100% (43/43)","100% (42/42)","convolution operation","卷积运算","卷积操作","coreference resolution system","共指消解系统","共指解析系统","counterfactual fairness","反事实公平","反事实公平性","cycle inequality","环路不等式","循环不等式","davinci","davinci","达芬奇","true","false","false","false","true","false","true","true","false","false","false","false","false","true","false","false","false","false","false","false"
"3126F2F5GPH30DKDP428Q4FLU21EPJ","30NHI4EO3BHNAT9JQMEIFM3OOCFBT8","Ranking the Quality of AI Terminology Translation from English to Chinese","In this task, you will compare the quality of translations for scientific terms generated by two different methods. The input will include an English term, a context paragraph where the term is used, and its translations in Chinese.","Translation, AI Terminology, Multilingual, Ranking","$0.01","Fri Dec 06 03:33:12 PST 2024","5","BatchId:5277379;OriginalHitTemplateId:928390912;","3600","3600","Fri Dec 13 03:33:12 PST 2024","","","3LJ7UR74RZRORA91BLI42DUTX48N4E","A3QIWEQXAGMGD","Approved","Fri Dec 06 04:34:08 PST 2024","Fri Dec 06 05:11:42 PST 2024","Fri Dec 06 06:11:42 PST 2024","Fri Dec 06 06:12:35 PST 2024","","","2254","100% (26/26)","100% (26/26)","100% (26/26)","convolution operation","卷积运算","卷积操作","coreference resolution system","共指消解系统","共指解析系统","counterfactual fairness","反事实公平","反事实公平性","cycle inequality","环路不等式","循环不等式","davinci","davinci","达芬奇","true","false","true","false","false","false","true","false","false","false","false","false","false","true","true","false","false","false","false","false"
"3126F2F5GPH30DKDP428Q4FLU21EPJ","30NHI4EO3BHNAT9JQMEIFM3OOCFBT8","Ranking the Quality of AI Terminology Translation from English to Chinese","In this task, you will compare the quality of translations for scientific terms generated by two different methods. The input will include an English term, a context paragraph where the term is used, and its translations in Chinese.","Translation, AI Terminology, Multilingual, Ranking","$0.01","Fri Dec 06 03:33:12 PST 2024","5","BatchId:5277379;OriginalHitTemplateId:928390912;","3600","3600","Fri Dec 13 03:33:12 PST 2024","","","35USIKEBN9U26XDFU9BJZBE7TWLN68","A2ZLQZJD9I7NAL","Approved","Fri Dec 06 04:35:54 PST 2024","Fri Dec 06 05:12:53 PST 2024","Fri Dec 06 06:12:53 PST 2024","Fri Dec 06 06:13:35 PST 2024","","","2219","100% (10/10)","100% (10/10)","100% (10/10)","convolution operation","卷积运算","卷积操作","coreference resolution system","共指消解系统","共指解析系统","counterfactual fairness","反事实公平","反事实公平性","cycle inequality","环路不等式","循环不等式","davinci","davinci","达芬奇","true","true","false","true","false","false","false","false","false","false","false","false","true","false","true","false","false","false","false","false"
"3126F2F5GPH30DKDP428Q4FLU21EPJ","30NHI4EO3BHNAT9JQMEIFM3OOCFBT8","Ranking the Quality of AI Terminology Translation from English to Chinese","In this task, you will compare the quality of translations for scientific terms generated by two different methods. The input will include an English term, a context paragraph where the term is used, and its translations in Chinese.","Translation, AI Terminology, Multilingual, Ranking","$0.01","Fri Dec 06 03:33:12 PST 2024","5","BatchId:5277379;OriginalHitTemplateId:928390912;","3600","3600","Fri Dec 13 03:33:12 PST 2024","","","3OCHAWUVG6YEH6C8YJST7WANW48KXL","AWGV35294HOYB","Approved","Fri Dec 06 04:34:25 PST 2024","Fri Dec 06 05:29:16 PST 2024","Fri Dec 06 06:29:16 PST 2024","Fri Dec 06 06:29:35 PST 2024","","","3291","100% (43/43)","100% (43/43)","100% (43/43)","convolution operation","卷积运算","卷积操作","coreference resolution system","共指消解系统","共指解析系统","counterfactual fairness","反事实公平","反事实公平性","cycle inequality","环路不等式","循环不等式","davinci","davinci","达芬奇","true","false","true","false","false","false","true","false","true","false","false","false","false","false","true","false","false","false","false","false"
"3126F2F5GPH30DKDP428Q4FLU21EPJ","30NHI4EO3BHNAT9JQMEIFM3OOCFBT8","Ranking the Quality of AI Terminology Translation from English to Chinese","In this task, you will compare the quality of translations for scientific terms generated by two different methods. The input will include an English term, a context paragraph where the term is used, and its translations in Chinese.","Translation, AI Terminology, Multilingual, Ranking","$0.01","Fri Dec 06 03:33:12 PST 2024","5","BatchId:5277379;OriginalHitTemplateId:928390912;","3600","3600","Fri Dec 13 03:33:12 PST 2024","","","3KJYX6QCMRPR2X1VGJRZIWDP17LJV9","A2E2FFMXS9F9KR","Approved","Fri Dec 06 07:29:11 PST 2024","Fri Dec 06 07:30:25 PST 2024","Fri Dec 06 08:30:25 PST 2024","Fri Dec 06 08:30:35 PST 2024","","","74","100% (51/51)","100% (51/51)","100% (51/51)","convolution operation","卷积运算","卷积操作","coreference resolution system","共指消解系统","共指解析系统","counterfactual fairness","反事实公平","反事实公平性","cycle inequality","环路不等式","循环不等式","davinci","davinci","达芬奇","false","false","false","false","false","true","false","true","true","true","false","true","false","false","false","false","false","false","false","false"
"374UMBUHOM3MV7T6AU5X5QGFYT9TCA","30NHI4EO3BHNAT9JQMEIFM3OOCFBT8","Ranking the Quality of AI Terminology Translation from English to Chinese","In this task, you will compare the quality of translations for scientific terms generated by two different methods. The input will include an English term, a context paragraph where the term is used, and its translations in Chinese.","Translation, AI Terminology, Multilingual, Ranking","$0.01","Fri Dec 06 03:33:12 PST 2024","5","BatchId:5277379;OriginalHitTemplateId:928390912;","3600","3600","Fri Dec 13 03:33:12 PST 2024","","","3WOKGM4L7JUPA7RCTZVF5Z4L62XO0E","A3JKQCOJNMDZKD","Approved","Fri Dec 06 03:33:39 PST 2024","Fri Dec 06 03:39:05 PST 2024","Fri Dec 06 04:39:05 PST 2024","Fri Dec 06 04:39:35 PST 2024","","","326","100% (1/1)","100% (1/1)","100% (1/1)","deep network","深度神经网络","深度网络","dependency tree","依存树","依赖树","deterministic baseline","确定性基线","确定性基准","dimensionality reduction","降维","维度减少","discriminator network","判别器网络","判别网络","false","false","true","false","false","true","false","false","false","false","false","true","false","true","true","false","false","false","false","false"
"374UMBUHOM3MV7T6AU5X5QGFYT9TCA","30NHI4EO3BHNAT9JQMEIFM3OOCFBT8","Ranking the Quality of AI Terminology Translation from English to Chinese","In this task, you will compare the quality of translations for scientific terms generated by two different methods. The input will include an English term, a context paragraph where the term is used, and its translations in Chinese.","Translation, AI Terminology, Multilingual, Ranking","$0.01","Fri Dec 06 03:33:12 PST 2024","5","BatchId:5277379;OriginalHitTemplateId:928390912;","3600","3600","Fri Dec 13 03:33:12 PST 2024","","","39K0FND3AZTXBH4I8LDV21RTKOUAMC","A186ORPGIU3WNL","Approved","Fri Dec 06 03:33:41 PST 2024","Fri Dec 06 04:29:20 PST 2024","Fri Dec 06 05:29:20 PST 2024","Fri Dec 06 05:29:35 PST 2024","","","3339","100% (53/53)","100% (52/52)","100% (52/52)","deep network","深度神经网络","深度网络","dependency tree","依存树","依赖树","deterministic baseline","确定性基线","确定性基准","dimensionality reduction","降维","维度减少","discriminator network","判别器网络","判别网络","true","false","true","false","true","false","false","false","true","false","false","true","false","false","false","false","false","false","false","false"
"374UMBUHOM3MV7T6AU5X5QGFYT9TCA","30NHI4EO3BHNAT9JQMEIFM3OOCFBT8","Ranking the Quality of AI Terminology Translation from English to Chinese","In this task, you will compare the quality of translations for scientific terms generated by two different methods. The input will include an English term, a context paragraph where the term is used, and its translations in Chinese.","Translation, AI Terminology, Multilingual, Ranking","$0.01","Fri Dec 06 03:33:12 PST 2024","5","BatchId:5277379;OriginalHitTemplateId:928390912;","3600","3600","Fri Dec 13 03:33:12 PST 2024","","","3BWI6RSP7YNHGRE7KKDSF2KUAEX7ET","A2FXDEKCCUT9OJ","Approved","Fri Dec 06 04:34:08 PST 2024","Fri Dec 06 04:50:10 PST 2024","Fri Dec 06 05:50:10 PST 2024","Fri Dec 06 05:50:35 PST 2024","","","962","100% (36/36)","100% (36/36)","100% (36/36)","deep network","深度神经网络","深度网络","dependency tree","依存树","依赖树","deterministic baseline","确定性基线","确定性基准","dimensionality reduction","降维","维度减少","discriminator network","判别器网络","判别网络","true","false","true","false","true","false","false","false","true","false","false","true","false","false","false","false","false","false","false","false"
"374UMBUHOM3MV7T6AU5X5QGFYT9TCA","30NHI4EO3BHNAT9JQMEIFM3OOCFBT8","Ranking the Quality of AI Terminology Translation from English to Chinese","In this task, you will compare the quality of translations for scientific terms generated by two different methods. The input will include an English term, a context paragraph where the term is used, and its translations in Chinese.","Translation, AI Terminology, Multilingual, Ranking","$0.01","Fri Dec 06 03:33:12 PST 2024","5","BatchId:5277379;OriginalHitTemplateId:928390912;","3600","3600","Fri Dec 13 03:33:12 PST 2024","","","3H7Z272LXPLKS3SZXSUDSJ1ZJ54PL5","A251BWQW2F81FT","Approved","Fri Dec 06 04:34:26 PST 2024","Fri Dec 06 04:57:58 PST 2024","Fri Dec 06 05:57:58 PST 2024","Fri Dec 06 05:58:35 PST 2024","","","1412","100% (31/31)","100% (31/31)","100% (31/31)","deep network","深度神经网络","深度网络","dependency tree","依存树","依赖树","deterministic baseline","确定性基线","确定性基准","dimensionality reduction","降维","维度减少","discriminator network","判别器网络","判别网络","true","true","false","false","true","false","false","true","true","false","false","false","false","false","false","false","false","false","false","false"
"374UMBUHOM3MV7T6AU5X5QGFYT9TCA","30NHI4EO3BHNAT9JQMEIFM3OOCFBT8","Ranking the Quality of AI Terminology Translation from English to Chinese","In this task, you will compare the quality of translations for scientific terms generated by two different methods. The input will include an English term, a context paragraph where the term is used, and its translations in Chinese.","Translation, AI Terminology, Multilingual, Ranking","$0.01","Fri Dec 06 03:33:12 PST 2024","5","BatchId:5277379;OriginalHitTemplateId:928390912;","3600","3600","Fri Dec 13 03:33:12 PST 2024","","","3PZDLQMM0BZVXSXNIHQ2TN3JEMYC2P","A11JXYZDAUX0UP","Approved","Fri Dec 06 04:34:07 PST 2024","Fri Dec 06 05:28:47 PST 2024","Fri Dec 06 06:28:47 PST 2024","Fri Dec 06 06:29:35 PST 2024","","","3280","100% (1186/1186)","100% (1186/1186)","100% (1184/1184)","deep network","深度神经网络","深度网络","dependency tree","依存树","依赖树","deterministic baseline","确定性基线","确定性基准","dimensionality reduction","降维","维度减少","discriminator network","判别器网络","判别网络","true","true","true","false","true","false","false","false","true","false","false","false","false","false","false","false","false","false","false","false"
"3WYZV0QBG0RA2JAK14AZJ9V3T4XBX4","30NHI4EO3BHNAT9JQMEIFM3OOCFBT8","Ranking the Quality of AI Terminology Translation from English to Chinese","In this task, you will compare the quality of translations for scientific terms generated by two different methods. The input will include an English term, a context paragraph where the term is used, and its translations in Chinese.","Translation, AI Terminology, Multilingual, Ranking","$0.01","Fri Dec 06 03:33:12 PST 2024","5","BatchId:5277379;OriginalHitTemplateId:928390912;","3600","3600","Fri Dec 13 03:33:12 PST 2024","","","3URFVVM16NWHPXHZTFKGA4ZW6V4UZP","A198MZX1B7ZOPY","Approved","Fri Dec 06 03:41:32 PST 2024","Fri Dec 06 03:45:58 PST 2024","Fri Dec 06 04:45:58 PST 2024","Fri Dec 06 04:46:35 PST 2024","","","266","100% (17/17)","100% (17/17)","100% (17/17)","document-topic assignment","文档-主题分配","文档主题分配","dropout probability","Dropout概率","丢弃概率","dual objective","对偶目标函数","对偶目标","empirical minimizer","经验极小化器","经验最小化器","extractive question answering","抽取式问答","提取式问答","false","true","false","true","false","true","false","true","false","true","false","false","false","false","false","false","false","false","false","false"
"3WYZV0QBG0RA2JAK14AZJ9V3T4XBX4","30NHI4EO3BHNAT9JQMEIFM3OOCFBT8","Ranking the Quality of AI Terminology Translation from English to Chinese","In this task, you will compare the quality of translations for scientific terms generated by two different methods. The input will include an English term, a context paragraph where the term is used, and its translations in Chinese.","Translation, AI Terminology, Multilingual, Ranking","$0.01","Fri Dec 06 03:33:12 PST 2024","5","BatchId:5277379;OriginalHitTemplateId:928390912;","3600","3600","Fri Dec 13 03:33:12 PST 2024","","","3IUZPWIU16LZS67IOEW75DWGN22WK4","A3QIWEQXAGMGD","Approved","Fri Dec 06 03:35:28 PST 2024","Fri Dec 06 03:46:58 PST 2024","Fri Dec 06 04:46:58 PST 2024","Fri Dec 06 04:47:35 PST 2024","","","690","100% (26/26)","100% (26/26)","100% (26/26)","document-topic assignment","文档-主题分配","文档主题分配","dropout probability","Dropout概率","丢弃概率","dual objective","对偶目标函数","对偶目标","empirical minimizer","经验极小化器","经验最小化器","extractive question answering","抽取式问答","提取式问答","true","false","true","false","true","false","true","false","true","false","false","false","false","false","false","false","false","false","false","false"
"3WYZV0QBG0RA2JAK14AZJ9V3T4XBX4","30NHI4EO3BHNAT9JQMEIFM3OOCFBT8","Ranking the Quality of AI Terminology Translation from English to Chinese","In this task, you will compare the quality of translations for scientific terms generated by two different methods. The input will include an English term, a context paragraph where the term is used, and its translations in Chinese.","Translation, AI Terminology, Multilingual, Ranking","$0.01","Fri Dec 06 03:33:12 PST 2024","5","BatchId:5277379;OriginalHitTemplateId:928390912;","3600","3600","Fri Dec 13 03:33:12 PST 2024","","","3PDJHANYKNUAW1R4RBG6URHB7J66HA","A2MZEUP2ECO1AI","Approved","Fri Dec 06 03:34:01 PST 2024","Fri Dec 06 04:03:18 PST 2024","Fri Dec 06 05:03:18 PST 2024","Fri Dec 06 05:03:35 PST 2024","","","1757","100% (34/34)","100% (34/34)","100% (34/34)","document-topic assignment","文档-主题分配","文档主题分配","dropout probability","Dropout概率","丢弃概率","dual objective","对偶目标函数","对偶目标","empirical minimizer","经验极小化器","经验最小化器","extractive question answering","抽取式问答","提取式问答","true","false","true","false","true","false","false","false","false","false","false","true","false","true","false","false","false","false","false","false"
"3WYZV0QBG0RA2JAK14AZJ9V3T4XBX4","30NHI4EO3BHNAT9JQMEIFM3OOCFBT8","Ranking the Quality of AI Terminology Translation from English to Chinese","In this task, you will compare the quality of translations for scientific terms generated by two different methods. The input will include an English term, a context paragraph where the term is used, and its translations in Chinese.","Translation, AI Terminology, Multilingual, Ranking","$0.01","Fri Dec 06 03:33:12 PST 2024","5","BatchId:5277379;OriginalHitTemplateId:928390912;","3600","3600","Fri Dec 13 03:33:12 PST 2024","","","3SITXWYCNDNDO38ES6F08TRX9AZBXS","A35H5DUMZH86PC","Approved","Fri Dec 06 04:33:51 PST 2024","Fri Dec 06 05:14:38 PST 2024","Fri Dec 06 06:14:38 PST 2024","Fri Dec 06 06:15:35 PST 2024","","","2447","100% (40/40)","100% (40/40)","100% (40/40)","document-topic assignment","文档-主题分配","文档主题分配","dropout probability","Dropout概率","丢弃概率","dual objective","对偶目标函数","对偶目标","empirical minimizer","经验极小化器","经验最小化器","extractive question answering","抽取式问答","提取式问答","true","false","true","false","true","false","false","false","false","false","false","true","false","true","false","false","false","false","false","false"
"3WYZV0QBG0RA2JAK14AZJ9V3T4XBX4","30NHI4EO3BHNAT9JQMEIFM3OOCFBT8","Ranking the Quality of AI Terminology Translation from English to Chinese","In this task, you will compare the quality of translations for scientific terms generated by two different methods. The input will include an English term, a context paragraph where the term is used, and its translations in Chinese.","Translation, AI Terminology, Multilingual, Ranking","$0.01","Fri Dec 06 03:33:12 PST 2024","5","BatchId:5277379;OriginalHitTemplateId:928390912;","3600","3600","Fri Dec 13 03:33:12 PST 2024","","","3OXV7EAXLW4V2TK5CQR4QXG1OF836M","A2ZLQZJD9I7NAL","Approved","Fri Dec 06 04:52:40 PST 2024","Fri Dec 06 05:15:21 PST 2024","Fri Dec 06 06:15:21 PST 2024","Fri Dec 06 06:15:35 PST 2024","","","1361","100% (10/10)","100% (10/10)","100% (10/10)","document-topic assignment","文档-主题分配","文档主题分配","dropout probability","Dropout概率","丢弃概率","dual objective","对偶目标函数","对偶目标","empirical minimizer","经验极小化器","经验最小化器","extractive question answering","抽取式问答","提取式问答","true","false","false","false","true","false","false","true","false","false","false","true","false","true","false","false","false","false","false","false"
"335HHSX8DUJ6VQ8PAWJJBDV98ZQHDO","30NHI4EO3BHNAT9JQMEIFM3OOCFBT8","Ranking the Quality of AI Terminology Translation from English to Chinese","In this task, you will compare the quality of translations for scientific terms generated by two different methods. The input will include an English term, a context paragraph where the term is used, and its translations in Chinese.","Translation, AI Terminology, Multilingual, Ranking","$0.01","Fri Dec 06 03:33:12 PST 2024","5","BatchId:5277379;OriginalHitTemplateId:928390912;","3600","3600","Fri Dec 13 03:33:12 PST 2024","","","3CN4LGXD5F2I39DFINRFJTS01OCY4F","A14ICQPNQ6RZXB","Approved","Fri Dec 06 03:33:57 PST 2024","Fri Dec 06 03:41:46 PST 2024","Fri Dec 06 04:41:46 PST 2024","Fri Dec 06 04:42:35 PST 2024","","","469","100% (9/9)","100% (9/9)","100% (9/9)","factor of variation","变异因素","变化因子","gold label","金标","黄金标签","graphlet kernel","图小元核","图元核","greedy maximization","贪心最大化","贪婪最大化","greedy policy","贪心策略","贪婪策略","false","false","false","false","false","true","false","false","false","true","false","true","false","true","false","false","false","true","false","false"
"335HHSX8DUJ6VQ8PAWJJBDV98ZQHDO","30NHI4EO3BHNAT9JQMEIFM3OOCFBT8","Ranking the Quality of AI Terminology Translation from English to Chinese","In this task, you will compare the quality of translations for scientific terms generated by two different methods. The input will include an English term, a context paragraph where the term is used, and its translations in Chinese.","Translation, AI Terminology, Multilingual, Ranking","$0.01","Fri Dec 06 03:33:12 PST 2024","5","BatchId:5277379;OriginalHitTemplateId:928390912;","3600","3600","Fri Dec 13 03:33:12 PST 2024","","","3ZY8KE4IS1H8OK58B9B8FXPBFZSQVG","A2P8U65V6NL7B5","Approved","Fri Dec 06 03:33:45 PST 2024","Fri Dec 06 03:47:11 PST 2024","Fri Dec 06 04:47:11 PST 2024","Fri Dec 06 04:47:35 PST 2024","","","806","100% (49/49)","100% (49/49)","100% (49/49)","factor of variation","变异因素","变化因子","gold label","金标","黄金标签","graphlet kernel","图小元核","图元核","greedy maximization","贪心最大化","贪婪最大化","greedy policy","贪心策略","贪婪策略","true","true","false","true","true","false","false","false","false","false","false","false","true","false","false","false","false","false","false","false"
"335HHSX8DUJ6VQ8PAWJJBDV98ZQHDO","30NHI4EO3BHNAT9JQMEIFM3OOCFBT8","Ranking the Quality of AI Terminology Translation from English to Chinese","In this task, you will compare the quality of translations for scientific terms generated by two different methods. The input will include an English term, a context paragraph where the term is used, and its translations in Chinese.","Translation, AI Terminology, Multilingual, Ranking","$0.01","Fri Dec 06 03:33:12 PST 2024","5","BatchId:5277379;OriginalHitTemplateId:928390912;","3600","3600","Fri Dec 13 03:33:12 PST 2024","","","33SA9F9TRF8W66F8SSL47IJB356WEK","A1PG4NZUVQMZUI","Approved","Fri Dec 06 03:33:59 PST 2024","Fri Dec 06 03:58:57 PST 2024","Fri Dec 06 04:58:57 PST 2024","Fri Dec 06 04:59:35 PST 2024","","","1498","100% (13/13)","100% (13/13)","100% (13/13)","factor of variation","变异因素","变化因子","gold label","金标","黄金标签","graphlet kernel","图小元核","图元核","greedy maximization","贪心最大化","贪婪最大化","greedy policy","贪心策略","贪婪策略","true","false","true","true","true","false","true","false","false","false","false","false","false","false","false","false","false","false","false","false"
"335HHSX8DUJ6VQ8PAWJJBDV98ZQHDO","30NHI4EO3BHNAT9JQMEIFM3OOCFBT8","Ranking the Quality of AI Terminology Translation from English to Chinese","In this task, you will compare the quality of translations for scientific terms generated by two different methods. The input will include an English term, a context paragraph where the term is used, and its translations in Chinese.","Translation, AI Terminology, Multilingual, Ranking","$0.01","Fri Dec 06 03:33:12 PST 2024","5","BatchId:5277379;OriginalHitTemplateId:928390912;","3600","3600","Fri Dec 13 03:33:12 PST 2024","","","3WRFBPLXRS239EQXB7DLS82NJ4D3NA","AC4I7XU10MQXK","Approved","Fri Dec 06 03:33:57 PST 2024","Fri Dec 06 04:06:18 PST 2024","Fri Dec 06 05:06:18 PST 2024","Fri Dec 06 05:06:35 PST 2024","","","1941","100% (58/58)","100% (58/58)","100% (58/58)","factor of variation","变异因素","变化因子","gold label","金标","黄金标签","graphlet kernel","图小元核","图元核","greedy maximization","贪心最大化","贪婪最大化","greedy policy","贪心策略","贪婪策略","true","true","false","true","true","false","false","false","false","false","false","false","true","false","false","false","false","false","false","false"
"335HHSX8DUJ6VQ8PAWJJBDV98ZQHDO","30NHI4EO3BHNAT9JQMEIFM3OOCFBT8","Ranking the Quality of AI Terminology Translation from English to Chinese","In this task, you will compare the quality of translations for scientific terms generated by two different methods. The input will include an English term, a context paragraph where the term is used, and its translations in Chinese.","Translation, AI Terminology, Multilingual, Ranking","$0.01","Fri Dec 06 03:33:12 PST 2024","5","BatchId:5277379;OriginalHitTemplateId:928390912;","3600","3600","Fri Dec 13 03:33:12 PST 2024","","","3S3AMIZX3CJI02V3F6AJP6UNBDNDCZ","AOK9OY3G5D6GX","Approved","Fri Dec 06 03:33:51 PST 2024","Fri Dec 06 04:08:49 PST 2024","Fri Dec 06 05:08:49 PST 2024","Fri Dec 06 05:09:35 PST 2024","","","2098","100% (2/2)","100% (2/2)","100% (2/2)","factor of variation","变异因素","变化因子","gold label","金标","黄金标签","graphlet kernel","图小元核","图元核","greedy maximization","贪心最大化","贪婪最大化","greedy policy","贪心策略","贪婪策略","true","false","false","false","false","false","true","true","true","true","false","false","false","false","false","false","false","false","false","false"
"39O6Z4JLYJBPBX8Q6L1ZKLPAWWDVXU","30NHI4EO3BHNAT9JQMEIFM3OOCFBT8","Ranking the Quality of AI Terminology Translation from English to Chinese","In this task, you will compare the quality of translations for scientific terms generated by two different methods. The input will include an English term, a context paragraph where the term is used, and its translations in Chinese.","Translation, AI Terminology, Multilingual, Ranking","$0.01","Fri Dec 06 03:33:12 PST 2024","5","BatchId:5277379;OriginalHitTemplateId:928390912;","3600","3600","Fri Dec 13 03:33:12 PST 2024","","","3HMIGG0U43KJMA0HUQHS05853A98YX","A2FFCQ9WU6R764","Approved","Fri Dec 06 03:34:01 PST 2024","Fri Dec 06 03:41:30 PST 2024","Fri Dec 06 04:41:30 PST 2024","Fri Dec 06 04:41:35 PST 2024","","","449","100% (1/1)","100% (1/1)","100% (1/1)","heatmap","热力图","热图","hidden state representation","隐藏状态表示","隐状态表示","hierarchical reinforcement learning","分层强化学习","层次强化学习","hierarchical structure","分层结构","层次结构","histogram of oriented gradient","定向梯度直方图","方向梯度直方图","true","true","true","false","true","false","false","false","true","false","false","false","false","false","false","false","false","false","false","false"
"39O6Z4JLYJBPBX8Q6L1ZKLPAWWDVXU","30NHI4EO3BHNAT9JQMEIFM3OOCFBT8","Ranking the Quality of AI Terminology Translation from English to Chinese","In this task, you will compare the quality of translations for scientific terms generated by two different methods. The input will include an English term, a context paragraph where the term is used, and its translations in Chinese.","Translation, AI Terminology, Multilingual, Ranking","$0.01","Fri Dec 06 03:33:12 PST 2024","5","BatchId:5277379;OriginalHitTemplateId:928390912;","3600","3600","Fri Dec 13 03:33:12 PST 2024","","","3BDCF01OGF8E1HK0OFQW5AUBNA7LYV","A2FXDEKCCUT9OJ","Approved","Fri Dec 06 03:33:49 PST 2024","Fri Dec 06 03:59:11 PST 2024","Fri Dec 06 04:59:11 PST 2024","Fri Dec 06 04:59:35 PST 2024","","","1522","100% (36/36)","100% (36/36)","100% (36/36)","heatmap","热力图","热图","hidden state representation","隐藏状态表示","隐状态表示","hierarchical reinforcement learning","分层强化学习","层次强化学习","hierarchical structure","分层结构","层次结构","histogram of oriented gradient","定向梯度直方图","方向梯度直方图","true","false","true","true","false","false","true","false","false","true","false","false","false","false","false","false","false","false","false","false"
"39O6Z4JLYJBPBX8Q6L1ZKLPAWWDVXU","30NHI4EO3BHNAT9JQMEIFM3OOCFBT8","Ranking the Quality of AI Terminology Translation from English to Chinese","In this task, you will compare the quality of translations for scientific terms generated by two different methods. The input will include an English term, a context paragraph where the term is used, and its translations in Chinese.","Translation, AI Terminology, Multilingual, Ranking","$0.01","Fri Dec 06 03:33:12 PST 2024","5","BatchId:5277379;OriginalHitTemplateId:928390912;","3600","3600","Fri Dec 13 03:33:12 PST 2024","","","3FPRZHYEPGLGHJZ6DYZC2PW057EV3I","A38SYZRVLTMOFG","Approved","Fri Dec 06 03:41:22 PST 2024","Fri Dec 06 04:08:00 PST 2024","Fri Dec 06 05:08:00 PST 2024","Fri Dec 06 05:08:35 PST 2024","","","1598","100% (49/49)","100% (49/49)","100% (49/49)","heatmap","热力图","热图","hidden state representation","隐藏状态表示","隐状态表示","hierarchical reinforcement learning","分层强化学习","层次强化学习","hierarchical structure","分层结构","层次结构","histogram of oriented gradient","定向梯度直方图","方向梯度直方图","true","false","true","true","false","false","true","false","false","true","false","false","false","false","false","false","false","false","false","false"
"39O6Z4JLYJBPBX8Q6L1ZKLPAWWDVXU","30NHI4EO3BHNAT9JQMEIFM3OOCFBT8","Ranking the Quality of AI Terminology Translation from English to Chinese","In this task, you will compare the quality of translations for scientific terms generated by two different methods. The input will include an English term, a context paragraph where the term is used, and its translations in Chinese.","Translation, AI Terminology, Multilingual, Ranking","$0.01","Fri Dec 06 03:33:12 PST 2024","5","BatchId:5277379;OriginalHitTemplateId:928390912;","3600","3600","Fri Dec 13 03:33:12 PST 2024","","","3YDTZAI2WFULD32C6YK656HQU3414L","A39PWDRYNY2WM0","Approved","Fri Dec 06 03:35:28 PST 2024","Fri Dec 06 04:08:09 PST 2024","Fri Dec 06 05:08:09 PST 2024","Fri Dec 06 05:08:35 PST 2024","","","1961","100% (55/55)","100% (55/55)","100% (55/55)","heatmap","热力图","热图","hidden state representation","隐藏状态表示","隐状态表示","hierarchical reinforcement learning","分层强化学习","层次强化学习","hierarchical structure","分层结构","层次结构","histogram of oriented gradient","定向梯度直方图","方向梯度直方图","false","false","false","true","true","true","true","true","false","false","false","false","false","false","false","false","false","false","false","false"
"39O6Z4JLYJBPBX8Q6L1ZKLPAWWDVXU","30NHI4EO3BHNAT9JQMEIFM3OOCFBT8","Ranking the Quality of AI Terminology Translation from English to Chinese","In this task, you will compare the quality of translations for scientific terms generated by two different methods. The input will include an English term, a context paragraph where the term is used, and its translations in Chinese.","Translation, AI Terminology, Multilingual, Ranking","$0.01","Fri Dec 06 03:33:12 PST 2024","5","BatchId:5277379;OriginalHitTemplateId:928390912;","3600","3600","Fri Dec 13 03:33:12 PST 2024","","","3EQHHY4HQA60D1WF2MOJHLRAWOHG54","A3Q32FL0WWF4KZ","Approved","Fri Dec 06 04:34:07 PST 2024","Fri Dec 06 05:12:10 PST 2024","Fri Dec 06 06:12:10 PST 2024","Fri Dec 06 06:12:35 PST 2024","","","2283","100% (40/40)","100% (40/40)","100% (40/40)","heatmap","热力图","热图","hidden state representation","隐藏状态表示","隐状态表示","hierarchical reinforcement learning","分层强化学习","层次强化学习","hierarchical structure","分层结构","层次结构","histogram of oriented gradient","定向梯度直方图","方向梯度直方图","true","false","true","true","false","false","true","false","false","true","false","false","false","false","false","false","false","false","false","false"
"3OND0WXMIDTBNWMP6RU3HVDU8BRHEH","30NHI4EO3BHNAT9JQMEIFM3OOCFBT8","Ranking the Quality of AI Terminology Translation from English to Chinese","In this task, you will compare the quality of translations for scientific terms generated by two different methods. The input will include an English term, a context paragraph where the term is used, and its translations in Chinese.","Translation, AI Terminology, Multilingual, Ranking","$0.01","Fri Dec 06 03:33:12 PST 2024","5","BatchId:5277379;OriginalHitTemplateId:928390912;","3600","3600","Fri Dec 13 03:33:12 PST 2024","","","3D8YOU6S9WYF1NXORAN5D6611R7U6Y","A2QX81MMC8KN80","Approved","Fri Dec 06 03:34:25 PST 2024","Fri Dec 06 03:42:07 PST 2024","Fri Dec 06 04:42:07 PST 2024","Fri Dec 06 04:42:35 PST 2024","","","462","100% (22/22)","100% (22/22)","100% (22/22)","importance sampling estimator","重要性抽样估计器","重要性采样估计器","instruction tuning","指令调优","指令微调","interest point","特征点","兴趣点","internal regret","内部后悔","内部遗憾","intrinsic camera parameter","相机内参数","内在相机参数","false","false","false","false","false","false","false","false","false","false","true","false","false","true","true","false","true","true","false","false"
"3OND0WXMIDTBNWMP6RU3HVDU8BRHEH","30NHI4EO3BHNAT9JQMEIFM3OOCFBT8","Ranking the Quality of AI Terminology Translation from English to Chinese","In this task, you will compare the quality of translations for scientific terms generated by two different methods. The input will include an English term, a context paragraph where the term is used, and its translations in Chinese.","Translation, AI Terminology, Multilingual, Ranking","$0.01","Fri Dec 06 03:33:12 PST 2024","5","BatchId:5277379;OriginalHitTemplateId:928390912;","3600","3600","Fri Dec 13 03:33:12 PST 2024","","","3DUZQ9U6S42K10KL3D0DAX4CXNDVSA","A3QIWEQXAGMGD","Approved","Fri Dec 06 03:33:53 PST 2024","Fri Dec 06 03:46:37 PST 2024","Fri Dec 06 04:46:37 PST 2024","Fri Dec 06 04:47:35 PST 2024","","","764","100% (26/26)","100% (26/26)","100% (26/26)","importance sampling estimator","重要性抽样估计器","重要性采样估计器","instruction tuning","指令调优","指令微调","interest point","特征点","兴趣点","internal regret","内部后悔","内部遗憾","intrinsic camera parameter","相机内参数","内在相机参数","true","false","false","false","false","false","true","true","true","true","false","false","false","false","false","false","false","false","false","false"
"3OND0WXMIDTBNWMP6RU3HVDU8BRHEH","30NHI4EO3BHNAT9JQMEIFM3OOCFBT8","Ranking the Quality of AI Terminology Translation from English to Chinese","In this task, you will compare the quality of translations for scientific terms generated by two different methods. The input will include an English term, a context paragraph where the term is used, and its translations in Chinese.","Translation, AI Terminology, Multilingual, Ranking","$0.01","Fri Dec 06 03:33:12 PST 2024","5","BatchId:5277379;OriginalHitTemplateId:928390912;","3600","3600","Fri Dec 13 03:33:12 PST 2024","","","33OOO72IVZZPHRR01WAYUAC9EZBCTH","A2P8U65V6NL7B5","Approved","Fri Dec 06 03:33:46 PST 2024","Fri Dec 06 03:47:29 PST 2024","Fri Dec 06 04:47:29 PST 2024","Fri Dec 06 04:47:35 PST 2024","","","823","100% (49/49)","100% (49/49)","100% (49/49)","importance sampling estimator","重要性抽样估计器","重要性采样估计器","instruction tuning","指令调优","指令微调","interest point","特征点","兴趣点","internal regret","内部后悔","内部遗憾","intrinsic camera parameter","相机内参数","内在相机参数","true","false","true","false","false","false","true","false","true","true","false","false","false","false","false","false","false","false","false","false"
"3OND0WXMIDTBNWMP6RU3HVDU8BRHEH","30NHI4EO3BHNAT9JQMEIFM3OOCFBT8","Ranking the Quality of AI Terminology Translation from English to Chinese","In this task, you will compare the quality of translations for scientific terms generated by two different methods. The input will include an English term, a context paragraph where the term is used, and its translations in Chinese.","Translation, AI Terminology, Multilingual, Ranking","$0.01","Fri Dec 06 03:33:12 PST 2024","5","BatchId:5277379;OriginalHitTemplateId:928390912;","3600","3600","Fri Dec 13 03:33:12 PST 2024","","","3QAVNHZ3E4ID5ZMX89CG2OC4KKCALK","A2E2FFMXS9F9KR","Approved","Fri Dec 06 04:34:38 PST 2024","Fri Dec 06 04:42:23 PST 2024","Fri Dec 06 05:42:23 PST 2024","Fri Dec 06 05:42:35 PST 2024","","","465","100% (51/51)","100% (51/51)","100% (51/51)","importance sampling estimator","重要性抽样估计器","重要性采样估计器","instruction tuning","指令调优","指令微调","interest point","特征点","兴趣点","internal regret","内部后悔","内部遗憾","intrinsic camera parameter","相机内参数","内在相机参数","true","false","true","false","false","false","true","false","true","true","false","false","false","false","false","false","false","false","false","false"
"3OND0WXMIDTBNWMP6RU3HVDU8BRHEH","30NHI4EO3BHNAT9JQMEIFM3OOCFBT8","Ranking the Quality of AI Terminology Translation from English to Chinese","In this task, you will compare the quality of translations for scientific terms generated by two different methods. The input will include an English term, a context paragraph where the term is used, and its translations in Chinese.","Translation, AI Terminology, Multilingual, Ranking","$0.01","Fri Dec 06 03:33:12 PST 2024","5","BatchId:5277379;OriginalHitTemplateId:928390912;","3600","3600","Fri Dec 13 03:33:12 PST 2024","","","3UJ1CZ6IZZ333656XMI06ZADKZC5SE","A3HSZ9YLOBCCPR","Approved","Fri Dec 06 04:34:06 PST 2024","Fri Dec 06 05:20:35 PST 2024","Fri Dec 06 06:20:35 PST 2024","Fri Dec 06 06:21:35 PST 2024","","","2789","100% (39/39)","100% (39/39)","100% (39/39)","importance sampling estimator","重要性抽样估计器","重要性采样估计器","instruction tuning","指令调优","指令微调","interest point","特征点","兴趣点","internal regret","内部后悔","内部遗憾","intrinsic camera parameter","相机内参数","内在相机参数","true","false","true","false","false","false","false","false","false","true","false","true","false","true","false","false","false","false","false","false"
"3EQPA8A38LA5PX8BQEB1EIUR994JZU","30NHI4EO3BHNAT9JQMEIFM3OOCFBT8","Ranking the Quality of AI Terminology Translation from English to Chinese","In this task, you will compare the quality of translations for scientific terms generated by two different methods. The input will include an English term, a context paragraph where the term is used, and its translations in Chinese.","Translation, AI Terminology, Multilingual, Ranking","$0.01","Fri Dec 06 03:33:12 PST 2024","5","BatchId:5277379;OriginalHitTemplateId:928390912;","3600","3600","Fri Dec 13 03:33:12 PST 2024","","","3C6FJU71T87HK77UXTIXWXQU010UYY","A13FFFR71ONY8U","Approved","Fri Dec 06 03:33:40 PST 2024","Fri Dec 06 03:40:24 PST 2024","Fri Dec 06 04:40:24 PST 2024","Fri Dec 06 04:40:35 PST 2024","","","404","100% (1/1)","100% (1/1)","100% (1/1)","intrinsic image","本质图像","内在图像","k-d tree","k-d 树","k-d树","kernel bandwidth","内核带宽","核带宽","kernel evaluation","核函数计算","核评估","keypoint match","特征点匹配","关键点匹配","false","true","false","false","false","false","false","true","true","true","true","false","false","false","false","false","false","false","false","false"
"3EQPA8A38LA5PX8BQEB1EIUR994JZU","30NHI4EO3BHNAT9JQMEIFM3OOCFBT8","Ranking the Quality of AI Terminology Translation from English to Chinese","In this task, you will compare the quality of translations for scientific terms generated by two different methods. The input will include an English term, a context paragraph where the term is used, and its translations in Chinese.","Translation, AI Terminology, Multilingual, Ranking","$0.01","Fri Dec 06 03:33:12 PST 2024","5","BatchId:5277379;OriginalHitTemplateId:928390912;","3600","3600","Fri Dec 13 03:33:12 PST 2024","","","3X4JMASXC4N5RD23PUQTZF4MZ4M0BW","A30IGMGSC7G2HM","Approved","Fri Dec 06 04:34:25 PST 2024","Fri Dec 06 04:47:00 PST 2024","Fri Dec 06 05:47:00 PST 2024","Fri Dec 06 05:47:35 PST 2024","","","755","100% (24/24)","100% (24/24)","100% (24/24)","intrinsic image","本质图像","内在图像","k-d tree","k-d 树","k-d树","kernel bandwidth","内核带宽","核带宽","kernel evaluation","核函数计算","核评估","keypoint match","特征点匹配","关键点匹配","false","true","true","false","true","false","false","false","true","false","true","false","false","false","false","false","false","false","false","false"
"3EQPA8A38LA5PX8BQEB1EIUR994JZU","30NHI4EO3BHNAT9JQMEIFM3OOCFBT8","Ranking the Quality of AI Terminology Translation from English to Chinese","In this task, you will compare the quality of translations for scientific terms generated by two different methods. The input will include an English term, a context paragraph where the term is used, and its translations in Chinese.","Translation, AI Terminology, Multilingual, Ranking","$0.01","Fri Dec 06 03:33:12 PST 2024","5","BatchId:5277379;OriginalHitTemplateId:928390912;","3600","3600","Fri Dec 13 03:33:12 PST 2024","","","3JBT3HLQFQG4XS93CTLM0YCXYFJPZX","A2FXDEKCCUT9OJ","Approved","Fri Dec 06 04:34:21 PST 2024","Fri Dec 06 04:50:40 PST 2024","Fri Dec 06 05:50:40 PST 2024","Fri Dec 06 05:51:35 PST 2024","","","979","100% (36/36)","100% (36/36)","100% (36/36)","intrinsic image","本质图像","内在图像","k-d tree","k-d 树","k-d树","kernel bandwidth","内核带宽","核带宽","kernel evaluation","核函数计算","核评估","keypoint match","特征点匹配","关键点匹配","false","true","false","false","true","false","false","false","true","false","true","false","true","false","false","false","false","false","false","false"
"3EQPA8A38LA5PX8BQEB1EIUR994JZU","30NHI4EO3BHNAT9JQMEIFM3OOCFBT8","Ranking the Quality of AI Terminology Translation from English to Chinese","In this task, you will compare the quality of translations for scientific terms generated by two different methods. The input will include an English term, a context paragraph where the term is used, and its translations in Chinese.","Translation, AI Terminology, Multilingual, Ranking","$0.01","Fri Dec 06 03:33:12 PST 2024","5","BatchId:5277379;OriginalHitTemplateId:928390912;","3600","3600","Fri Dec 13 03:33:12 PST 2024","","","3WRFBPLXRS239EQXB7DLS82NJ5C3NB","AVW3ODRZWQ6WT","Approved","Fri Dec 06 05:24:05 PST 2024","Fri Dec 06 05:24:42 PST 2024","Fri Dec 06 06:24:42 PST 2024","Fri Dec 06 06:25:35 PST 2024","","","37","100% (5/5)","100% (5/5)","100% (5/5)","intrinsic image","本质图像","内在图像","k-d tree","k-d 树","k-d树","kernel bandwidth","内核带宽","核带宽","kernel evaluation","核函数计算","核评估","keypoint match","特征点匹配","关键点匹配","false","false","false","false","false","true","false","true","false","false","false","true","false","true","false","false","false","false","false","true"
"3EQPA8A38LA5PX8BQEB1EIUR994JZU","30NHI4EO3BHNAT9JQMEIFM3OOCFBT8","Ranking the Quality of AI Terminology Translation from English to Chinese","In this task, you will compare the quality of translations for scientific terms generated by two different methods. The input will include an English term, a context paragraph where the term is used, and its translations in Chinese.","Translation, AI Terminology, Multilingual, Ranking","$0.01","Fri Dec 06 03:33:12 PST 2024","5","BatchId:5277379;OriginalHitTemplateId:928390912;","3600","3600","Fri Dec 13 03:33:12 PST 2024","","","31UV0MXWN8QE9S2ASAOM2X4QB2H5IV","A2ZLQZJD9I7NAL","Approved","Fri Dec 06 05:34:43 PST 2024","Fri Dec 06 05:40:49 PST 2024","Fri Dec 06 06:40:49 PST 2024","Fri Dec 06 06:41:35 PST 2024","","","366","100% (10/10)","100% (10/10)","100% (10/10)","intrinsic image","本质图像","内在图像","k-d tree","k-d 树","k-d树","kernel bandwidth","内核带宽","核带宽","kernel evaluation","核函数计算","核评估","keypoint match","特征点匹配","关键点匹配","false","false","false","false","true","false","false","false","true","false","true","true","true","false","false","false","false","false","false","false"
"3XEDXEGFYK23YW8345YL9YRI6RLK02","30NHI4EO3BHNAT9JQMEIFM3OOCFBT8","Ranking the Quality of AI Terminology Translation from English to Chinese","In this task, you will compare the quality of translations for scientific terms generated by two different methods. The input will include an English term, a context paragraph where the term is used, and its translations in Chinese.","Translation, AI Terminology, Multilingual, Ranking","$0.01","Fri Dec 06 03:33:12 PST 2024","5","BatchId:5277379;OriginalHitTemplateId:928390912;","3600","3600","Fri Dec 13 03:33:12 PST 2024","","","3LEP4MGT3YEZQX3X16EOEMO5TSOBDR","A14ICQPNQ6RZXB","Approved","Fri Dec 06 03:33:58 PST 2024","Fri Dec 06 03:41:59 PST 2024","Fri Dec 06 04:41:59 PST 2024","Fri Dec 06 04:42:35 PST 2024","","","481","100% (9/9)","100% (9/9)","100% (9/9)","language representation","语言表征","语言表示","latent representation","潜在表征","潜在表示","least square minimization","最小二乘法最小化","最小二乘最小化","linear function approximation","线性函数逼近","线性函数近似","linear probe","线性探针","线性探测器","false","false","false","false","true","true","false","true","false","false","false","true","false","false","false","false","false","false","true","false"
"3XEDXEGFYK23YW8345YL9YRI6RLK02","30NHI4EO3BHNAT9JQMEIFM3OOCFBT8","Ranking the Quality of AI Terminology Translation from English to Chinese","In this task, you will compare the quality of translations for scientific terms generated by two different methods. The input will include an English term, a context paragraph where the term is used, and its translations in Chinese.","Translation, AI Terminology, Multilingual, Ranking","$0.01","Fri Dec 06 03:33:12 PST 2024","5","BatchId:5277379;OriginalHitTemplateId:928390912;","3600","3600","Fri Dec 13 03:33:12 PST 2024","","","3ATPCQ38JQOX5YTWRO16WWE0TY8YAQ","A1XD6THGBT1T9T","Approved","Fri Dec 06 03:33:59 PST 2024","Fri Dec 06 03:44:47 PST 2024","Fri Dec 06 04:44:47 PST 2024","Fri Dec 06 04:45:35 PST 2024","","","648","100% (43/43)","100% (43/43)","100% (42/42)","language representation","语言表征","语言表示","latent representation","潜在表征","潜在表示","least square minimization","最小二乘法最小化","最小二乘最小化","linear function approximation","线性函数逼近","线性函数近似","linear probe","线性探针","线性探测器","true","true","false","true","false","false","false","true","false","true","false","false","false","false","false","false","false","false","false","false"
"3XEDXEGFYK23YW8345YL9YRI6RLK02","30NHI4EO3BHNAT9JQMEIFM3OOCFBT8","Ranking the Quality of AI Terminology Translation from English to Chinese","In this task, you will compare the quality of translations for scientific terms generated by two different methods. The input will include an English term, a context paragraph where the term is used, and its translations in Chinese.","Translation, AI Terminology, Multilingual, Ranking","$0.01","Fri Dec 06 03:33:12 PST 2024","5","BatchId:5277379;OriginalHitTemplateId:928390912;","3600","3600","Fri Dec 13 03:33:12 PST 2024","","","30BUDKLTXV92TN0OWRYVHI6YJ83E5M","A3MDTRJTDIDNX","Approved","Fri Dec 06 03:34:01 PST 2024","Fri Dec 06 03:49:43 PST 2024","Fri Dec 06 04:49:43 PST 2024","Fri Dec 06 04:50:35 PST 2024","","","942","100% (53/53)","100% (53/53)","100% (53/53)","language representation","语言表征","语言表示","latent representation","潜在表征","潜在表示","least square minimization","最小二乘法最小化","最小二乘最小化","linear function approximation","线性函数逼近","线性函数近似","linear probe","线性探针","线性探测器","true","true","false","true","true","false","false","true","false","false","false","false","false","false","false","false","false","false","false","false"
"3XEDXEGFYK23YW8345YL9YRI6RLK02","30NHI4EO3BHNAT9JQMEIFM3OOCFBT8","Ranking the Quality of AI Terminology Translation from English to Chinese","In this task, you will compare the quality of translations for scientific terms generated by two different methods. The input will include an English term, a context paragraph where the term is used, and its translations in Chinese.","Translation, AI Terminology, Multilingual, Ranking","$0.01","Fri Dec 06 03:33:12 PST 2024","5","BatchId:5277379;OriginalHitTemplateId:928390912;","3600","3600","Fri Dec 13 03:33:12 PST 2024","","","3H0W84IWB2GRYAYMTYBYKJBUBQRREC","AWPXR7XE6B8KD","Approved","Fri Dec 06 03:33:50 PST 2024","Fri Dec 06 04:07:13 PST 2024","Fri Dec 06 05:07:13 PST 2024","Fri Dec 06 05:07:35 PST 2024","","","2003","100% (17/17)","100% (17/17)","100% (17/17)","language representation","语言表征","语言表示","latent representation","潜在表征","潜在表示","least square minimization","最小二乘法最小化","最小二乘最小化","linear function approximation","线性函数逼近","线性函数近似","linear probe","线性探针","线性探测器","true","true","false","true","false","false","false","true","false","true","false","false","false","false","false","false","false","false","false","false"
"3XEDXEGFYK23YW8345YL9YRI6RLK02","30NHI4EO3BHNAT9JQMEIFM3OOCFBT8","Ranking the Quality of AI Terminology Translation from English to Chinese","In this task, you will compare the quality of translations for scientific terms generated by two different methods. The input will include an English term, a context paragraph where the term is used, and its translations in Chinese.","Translation, AI Terminology, Multilingual, Ranking","$0.01","Fri Dec 06 03:33:12 PST 2024","5","BatchId:5277379;OriginalHitTemplateId:928390912;","3600","3600","Fri Dec 13 03:33:12 PST 2024","","","3OWEPKL08RQLAXRKDJGB5PE3O6EN7E","AR0QMXHEA9P0M","Approved","Fri Dec 06 03:54:42 PST 2024","Fri Dec 06 04:07:21 PST 2024","Fri Dec 06 05:07:21 PST 2024","Fri Dec 06 05:07:35 PST 2024","","","759","100% (4/4)","100% (4/4)","100% (4/4)","language representation","语言表征","语言表示","latent representation","潜在表征","潜在表示","least square minimization","最小二乘法最小化","最小二乘最小化","linear function approximation","线性函数逼近","线性函数近似","linear probe","线性探针","线性探测器","false","false","false","false","false","false","true","false","true","false","true","false","true","false","true","false","false","false","false","false"
"3EPG8DX9M1434URKE395MA98H92P5T","30NHI4EO3BHNAT9JQMEIFM3OOCFBT8","Ranking the Quality of AI Terminology Translation from English to Chinese","In this task, you will compare the quality of translations for scientific terms generated by two different methods. The input will include an English term, a context paragraph where the term is used, and its translations in Chinese.","Translation, AI Terminology, Multilingual, Ranking","$0.01","Fri Dec 06 03:33:12 PST 2024","5","BatchId:5277379;OriginalHitTemplateId:928390912;","3600","3600","Fri Dec 13 03:33:12 PST 2024","","","3TDXMTX3CT8ASW2OXTYRU3IQ7WL6I3","A2FK6782M09EBO","Approved","Fri Dec 06 03:34:02 PST 2024","Fri Dec 06 03:36:43 PST 2024","Fri Dec 06 04:36:43 PST 2024","Fri Dec 06 04:37:35 PST 2024","","","161","100% (3/3)","100% (3/3)","100% (3/3)","local optima","局部最优","局部最优解","log-odd score","对数几率得分","对数优势分数","macro-action","宏动作","宏观动作","matrix-vector multiplication","矩阵向量乘法","矩阵-向量乘法","model inference","模型推断","模型推理","false","false","false","true","false","false","true","true","false","true","true","false","false","false","false","false","false","false","false","false"
"3EPG8DX9M1434URKE395MA98H92P5T","30NHI4EO3BHNAT9JQMEIFM3OOCFBT8","Ranking the Quality of AI Terminology Translation from English to Chinese","In this task, you will compare the quality of translations for scientific terms generated by two different methods. The input will include an English term, a context paragraph where the term is used, and its translations in Chinese.","Translation, AI Terminology, Multilingual, Ranking","$0.01","Fri Dec 06 03:33:12 PST 2024","5","BatchId:5277379;OriginalHitTemplateId:928390912;","3600","3600","Fri Dec 13 03:33:12 PST 2024","","","3ND9UOO812GACCP09E88KD9VC27WL7","A2QX81MMC8KN80","Approved","Fri Dec 06 03:34:01 PST 2024","Fri Dec 06 03:41:01 PST 2024","Fri Dec 06 04:41:01 PST 2024","Fri Dec 06 04:41:35 PST 2024","","","420","100% (22/22)","100% (22/22)","100% (22/22)","local optima","局部最优","局部最优解","log-odd score","对数几率得分","对数优势分数","macro-action","宏动作","宏观动作","matrix-vector multiplication","矩阵向量乘法","矩阵-向量乘法","model inference","模型推断","模型推理","false","false","false","false","false","false","false","false","true","false","true","false","true","false","true","false","true","false","false","false"
"3EPG8DX9M1434URKE395MA98H92P5T","30NHI4EO3BHNAT9JQMEIFM3OOCFBT8","Ranking the Quality of AI Terminology Translation from English to Chinese","In this task, you will compare the quality of translations for scientific terms generated by two different methods. The input will include an English term, a context paragraph where the term is used, and its translations in Chinese.","Translation, AI Terminology, Multilingual, Ranking","$0.01","Fri Dec 06 03:33:12 PST 2024","5","BatchId:5277379;OriginalHitTemplateId:928390912;","3600","3600","Fri Dec 13 03:33:12 PST 2024","","","317HQ483IP6IZH8GWAK8WE4C2M9NIT","A2D6SB3TU1NYQ7","Approved","Fri Dec 06 04:34:22 PST 2024","Fri Dec 06 05:00:00 PST 2024","Fri Dec 06 06:00:00 PST 2024","Fri Dec 06 06:00:35 PST 2024","","","1538","100% (45/45)","100% (45/45)","100% (45/45)","local optima","局部最优","局部最优解","log-odd score","对数几率得分","对数优势分数","macro-action","宏动作","宏观动作","matrix-vector multiplication","矩阵向量乘法","矩阵-向量乘法","model inference","模型推断","模型推理","true","false","false","true","true","false","true","true","false","false","false","false","false","false","false","false","false","false","false","false"
"3EPG8DX9M1434URKE395MA98H92P5T","30NHI4EO3BHNAT9JQMEIFM3OOCFBT8","Ranking the Quality of AI Terminology Translation from English to Chinese","In this task, you will compare the quality of translations for scientific terms generated by two different methods. The input will include an English term, a context paragraph where the term is used, and its translations in Chinese.","Translation, AI Terminology, Multilingual, Ranking","$0.01","Fri Dec 06 03:33:12 PST 2024","5","BatchId:5277379;OriginalHitTemplateId:928390912;","3600","3600","Fri Dec 13 03:33:12 PST 2024","","","3E1QT0TDF7NXWALCQ8VPEHEHDRAI80","AR0QMXHEA9P0M","Approved","Fri Dec 06 04:33:48 PST 2024","Fri Dec 06 05:26:38 PST 2024","Fri Dec 06 06:26:38 PST 2024","Fri Dec 06 06:27:35 PST 2024","","","3170","100% (4/4)","100% (4/4)","100% (4/4)","local optima","局部最优","局部最优解","log-odd score","对数几率得分","对数优势分数","macro-action","宏动作","宏观动作","matrix-vector multiplication","矩阵向量乘法","矩阵-向量乘法","model inference","模型推断","模型推理","false","false","false","false","false","true","false","true","false","true","false","true","false","true","false","false","false","false","false","false"
"3EPG8DX9M1434URKE395MA98H92P5T","30NHI4EO3BHNAT9JQMEIFM3OOCFBT8","Ranking the Quality of AI Terminology Translation from English to Chinese","In this task, you will compare the quality of translations for scientific terms generated by two different methods. The input will include an English term, a context paragraph where the term is used, and its translations in Chinese.","Translation, AI Terminology, Multilingual, Ranking","$0.01","Fri Dec 06 03:33:12 PST 2024","5","BatchId:5277379;OriginalHitTemplateId:928390912;","3600","3600","Fri Dec 13 03:33:12 PST 2024","","","3HFNH7HEMZSP6NFDMECMFWM1SK5GQI","AWGV35294HOYB","Approved","Fri Dec 06 05:34:43 PST 2024","Fri Dec 06 05:46:01 PST 2024","Fri Dec 06 06:46:01 PST 2024","Fri Dec 06 06:46:35 PST 2024","","","678","100% (43/43)","100% (43/43)","100% (43/43)","local optima","局部最优","局部最优解","log-odd score","对数几率得分","对数优势分数","macro-action","宏动作","宏观动作","matrix-vector multiplication","矩阵向量乘法","矩阵-向量乘法","model inference","模型推断","模型推理","true","true","true","true","true","false","false","false","false","false","false","false","false","false","false","false","false","false","false","false"
"3EGKVCRQGD6Z2O0U60W12N2CVARBYA","30NHI4EO3BHNAT9JQMEIFM3OOCFBT8","Ranking the Quality of AI Terminology Translation from English to Chinese","In this task, you will compare the quality of translations for scientific terms generated by two different methods. The input will include an English term, a context paragraph where the term is used, and its translations in Chinese.","Translation, AI Terminology, Multilingual, Ranking","$0.01","Fri Dec 06 03:33:13 PST 2024","5","BatchId:5277379;OriginalHitTemplateId:928390912;","3600","3600","Fri Dec 13 03:33:13 PST 2024","","","3P59JYT763YCJ9ZY43LSIX3N28YT2P","A3MDTRJTDIDNX","Approved","Fri Dec 06 03:33:46 PST 2024","Fri Dec 06 03:48:05 PST 2024","Fri Dec 06 04:48:05 PST 2024","Fri Dec 06 04:48:35 PST 2024","","","859","100% (53/53)","100% (53/53)","100% (53/53)","monotonic","单调性","单调的","multi-armed bandit","多臂老虎机问题","多臂赌博机","multi-class","多类","多类别","multi-class logistic regression","多类逻辑回归","多类别逻辑回归","multiclass classifier","多类别分类器","多类分类器","false","true","false","true","true","true","false","true","false","false","false","false","false","false","false","false","false","false","false","false"
"3EGKVCRQGD6Z2O0U60W12N2CVARBYA","30NHI4EO3BHNAT9JQMEIFM3OOCFBT8","Ranking the Quality of AI Terminology Translation from English to Chinese","In this task, you will compare the quality of translations for scientific terms generated by two different methods. The input will include an English term, a context paragraph where the term is used, and its translations in Chinese.","Translation, AI Terminology, Multilingual, Ranking","$0.01","Fri Dec 06 03:33:13 PST 2024","5","BatchId:5277379;OriginalHitTemplateId:928390912;","3600","3600","Fri Dec 13 03:33:13 PST 2024","","","36V4Q8R5Z2EPYXBZXHAHS16YO6GQMZ","A3IG9HHR3NL9R0","Approved","Fri Dec 06 03:33:41 PST 2024","Fri Dec 06 03:53:26 PST 2024","Fri Dec 06 04:53:26 PST 2024","Fri Dec 06 04:53:35 PST 2024","","","1185","100% (50/50)","100% (50/50)","100% (50/50)","monotonic","单调性","单调的","multi-armed bandit","多臂老虎机问题","多臂赌博机","multi-class","多类","多类别","multi-class logistic regression","多类逻辑回归","多类别逻辑回归","multiclass classifier","多类别分类器","多类分类器","false","true","true","true","true","true","false","false","false","false","false","false","false","false","false","false","false","false","false","false"
"3EGKVCRQGD6Z2O0U60W12N2CVARBYA","30NHI4EO3BHNAT9JQMEIFM3OOCFBT8","Ranking the Quality of AI Terminology Translation from English to Chinese","In this task, you will compare the quality of translations for scientific terms generated by two different methods. The input will include an English term, a context paragraph where the term is used, and its translations in Chinese.","Translation, AI Terminology, Multilingual, Ranking","$0.01","Fri Dec 06 03:33:13 PST 2024","5","BatchId:5277379;OriginalHitTemplateId:928390912;","3600","3600","Fri Dec 13 03:33:13 PST 2024","","","32UTUBMZ7YALKE3JSREIK8UCTZRVB9","A2FXDEKCCUT9OJ","Approved","Fri Dec 06 03:33:46 PST 2024","Fri Dec 06 03:58:27 PST 2024","Fri Dec 06 04:58:27 PST 2024","Fri Dec 06 04:58:35 PST 2024","","","1481","100% (36/36)","100% (36/36)","100% (36/36)","monotonic","单调性","单调的","multi-armed bandit","多臂老虎机问题","多臂赌博机","multi-class","多类","多类别","multi-class logistic regression","多类逻辑回归","多类别逻辑回归","multiclass classifier","多类别分类器","多类分类器","false","true","false","true","true","true","false","true","false","false","false","false","false","false","false","false","false","false","false","false"
"3EGKVCRQGD6Z2O0U60W12N2CVARBYA","30NHI4EO3BHNAT9JQMEIFM3OOCFBT8","Ranking the Quality of AI Terminology Translation from English to Chinese","In this task, you will compare the quality of translations for scientific terms generated by two different methods. The input will include an English term, a context paragraph where the term is used, and its translations in Chinese.","Translation, AI Terminology, Multilingual, Ranking","$0.01","Fri Dec 06 03:33:13 PST 2024","5","BatchId:5277379;OriginalHitTemplateId:928390912;","3600","3600","Fri Dec 13 03:33:13 PST 2024","","","3QY7M81QHP0K2R6HG6OVDXXZUBT7KD","A1VTM2VA8HN848","Approved","Fri Dec 06 04:35:54 PST 2024","Fri Dec 06 05:07:37 PST 2024","Fri Dec 06 06:07:37 PST 2024","Fri Dec 06 06:08:35 PST 2024","","","1903","100% (2/2)","100% (2/2)","100% (2/2)","monotonic","单调性","单调的","multi-armed bandit","多臂老虎机问题","多臂赌博机","multi-class","多类","多类别","multi-class logistic regression","多类逻辑回归","多类别逻辑回归","multiclass classifier","多类别分类器","多类分类器","false","false","true","true","true","true","true","false","false","false","false","false","false","false","false","false","false","false","false","false"
"3EGKVCRQGD6Z2O0U60W12N2CVARBYA","30NHI4EO3BHNAT9JQMEIFM3OOCFBT8","Ranking the Quality of AI Terminology Translation from English to Chinese","In this task, you will compare the quality of translations for scientific terms generated by two different methods. The input will include an English term, a context paragraph where the term is used, and its translations in Chinese.","Translation, AI Terminology, Multilingual, Ranking","$0.01","Fri Dec 06 03:33:13 PST 2024","5","BatchId:5277379;OriginalHitTemplateId:928390912;","3600","3600","Fri Dec 13 03:33:13 PST 2024","","","3OF2M9AATY23M1CNZ1GE4HQY45DKZR","A3OAFR48DADAOM","Approved","Fri Dec 06 04:34:25 PST 2024","Fri Dec 06 05:31:26 PST 2024","Fri Dec 06 06:31:26 PST 2024","Fri Dec 06 06:31:35 PST 2024","","","3421","100% (41/41)","100% (41/41)","100% (41/41)","monotonic","单调性","单调的","multi-armed bandit","多臂老虎机问题","多臂赌博机","multi-class","多类","多类别","multi-class logistic regression","多类逻辑回归","多类别逻辑回归","multiclass classifier","多类别分类器","多类分类器","false","true","true","true","true","true","false","false","false","false","false","false","false","false","false","false","false","false","false","false"
"368IUKXGBMMZNYRYJMJAEGN8D4DP69","30NHI4EO3BHNAT9JQMEIFM3OOCFBT8","Ranking the Quality of AI Terminology Translation from English to Chinese","In this task, you will compare the quality of translations for scientific terms generated by two different methods. The input will include an English term, a context paragraph where the term is used, and its translations in Chinese.","Translation, AI Terminology, Multilingual, Ranking","$0.01","Fri Dec 06 03:33:13 PST 2024","5","BatchId:5277379;OriginalHitTemplateId:928390912;","3600","3600","Fri Dec 13 03:33:13 PST 2024","","","3C5W7UE9CX497UCBJV59M92RL93XM3","A38SYZRVLTMOFG","Approved","Fri Dec 06 03:34:36 PST 2024","Fri Dec 06 03:56:07 PST 2024","Fri Dec 06 04:56:07 PST 2024","Fri Dec 06 04:56:35 PST 2024","","","1291","100% (49/49)","100% (49/49)","100% (49/49)","mutex","互斥量","互斥锁","normalized cut","归一化割","归一化切割","one-hot representation","独热编码表示","独热表示","ontology-mediated query","本体介导查询","本体中介查询","open set","开放集","开集","false","true","false","true","true","true","false","true","false","false","false","false","false","false","false","false","false","false","false","false"
"368IUKXGBMMZNYRYJMJAEGN8D4DP69","30NHI4EO3BHNAT9JQMEIFM3OOCFBT8","Ranking the Quality of AI Terminology Translation from English to Chinese","In this task, you will compare the quality of translations for scientific terms generated by two different methods. The input will include an English term, a context paragraph where the term is used, and its translations in Chinese.","Translation, AI Terminology, Multilingual, Ranking","$0.01","Fri Dec 06 03:33:13 PST 2024","5","BatchId:5277379;OriginalHitTemplateId:928390912;","3600","3600","Fri Dec 13 03:33:13 PST 2024","","","39K0FND3AZTXBH4I8LDV21RTKP1MAX","A3MDTRJTDIDNX","Approved","Fri Dec 06 04:34:03 PST 2024","Fri Dec 06 05:17:19 PST 2024","Fri Dec 06 06:17:19 PST 2024","Fri Dec 06 06:17:35 PST 2024","","","2596","100% (53/53)","100% (53/53)","100% (53/53)","mutex","互斥量","互斥锁","normalized cut","归一化割","归一化切割","one-hot representation","独热编码表示","独热表示","ontology-mediated query","本体介导查询","本体中介查询","open set","开放集","开集","false","true","false","false","true","false","false","true","true","false","true","false","false","false","false","false","false","false","false","false"
"368IUKXGBMMZNYRYJMJAEGN8D4DP69","30NHI4EO3BHNAT9JQMEIFM3OOCFBT8","Ranking the Quality of AI Terminology Translation from English to Chinese","In this task, you will compare the quality of translations for scientific terms generated by two different methods. The input will include an English term, a context paragraph where the term is used, and its translations in Chinese.","Translation, AI Terminology, Multilingual, Ranking","$0.01","Fri Dec 06 03:33:13 PST 2024","5","BatchId:5277379;OriginalHitTemplateId:928390912;","3600","3600","Fri Dec 13 03:33:13 PST 2024","","","3Q8GYXHFE7GNWPGA00S0RU6VYWP5CJ","A3OAFR48DADAOM","Approved","Fri Dec 06 04:33:51 PST 2024","Fri Dec 06 05:26:01 PST 2024","Fri Dec 06 06:26:01 PST 2024","Fri Dec 06 06:26:35 PST 2024","","","3130","100% (41/41)","100% (41/41)","100% (41/41)","mutex","互斥量","互斥锁","normalized cut","归一化割","归一化切割","one-hot representation","独热编码表示","独热表示","ontology-mediated query","本体介导查询","本体中介查询","open set","开放集","开集","false","true","false","false","true","false","false","true","true","false","true","false","false","false","false","false","false","false","false","false"
"368IUKXGBMMZNYRYJMJAEGN8D4DP69","30NHI4EO3BHNAT9JQMEIFM3OOCFBT8","Ranking the Quality of AI Terminology Translation from English to Chinese","In this task, you will compare the quality of translations for scientific terms generated by two different methods. The input will include an English term, a context paragraph where the term is used, and its translations in Chinese.","Translation, AI Terminology, Multilingual, Ranking","$0.01","Fri Dec 06 03:33:13 PST 2024","5","BatchId:5277379;OriginalHitTemplateId:928390912;","3600","3600","Fri Dec 13 03:33:13 PST 2024","","","32SCWG5HIZI29IPSAOOB30J2TCVP6H","AVW3ODRZWQ6WT","Approved","Fri Dec 06 05:35:25 PST 2024","Fri Dec 06 05:35:47 PST 2024","Fri Dec 06 06:35:47 PST 2024","Fri Dec 06 06:36:35 PST 2024","","","22","100% (5/5)","100% (5/5)","100% (5/5)","mutex","互斥量","互斥锁","normalized cut","归一化割","归一化切割","one-hot representation","独热编码表示","独热表示","ontology-mediated query","本体介导查询","本体中介查询","open set","开放集","开集","false","false","false","false","false","true","false","false","true","false","false","true","false","false","true","false","false","true","false","false"
"368IUKXGBMMZNYRYJMJAEGN8D4DP69","30NHI4EO3BHNAT9JQMEIFM3OOCFBT8","Ranking the Quality of AI Terminology Translation from English to Chinese","In this task, you will compare the quality of translations for scientific terms generated by two different methods. The input will include an English term, a context paragraph where the term is used, and its translations in Chinese.","Translation, AI Terminology, Multilingual, Ranking","$0.01","Fri Dec 06 03:33:13 PST 2024","5","BatchId:5277379;OriginalHitTemplateId:928390912;","3600","3600","Fri Dec 13 03:33:13 PST 2024","","","340UGXU9DGF0GDCPSIVDPYM0IMEUV9","A186ORPGIU3WNL","Approved","Fri Dec 06 05:35:47 PST 2024","Fri Dec 06 05:44:55 PST 2024","Fri Dec 06 06:44:55 PST 2024","Fri Dec 06 06:45:35 PST 2024","","","548","100% (53/53)","100% (52/52)","100% (52/52)","mutex","互斥量","互斥锁","normalized cut","归一化割","归一化切割","one-hot representation","独热编码表示","独热表示","ontology-mediated query","本体介导查询","本体中介查询","open set","开放集","开集","false","false","true","false","true","false","true","false","true","false","true","false","false","false","false","false","false","false","false","false"
"3NKW03WTM3LIHP7JAHB3CFCV62SQW2","30NHI4EO3BHNAT9JQMEIFM3OOCFBT8","Ranking the Quality of AI Terminology Translation from English to Chinese","In this task, you will compare the quality of translations for scientific terms generated by two different methods. The input will include an English term, a context paragraph where the term is used, and its translations in Chinese.","Translation, AI Terminology, Multilingual, Ranking","$0.01","Fri Dec 06 03:33:13 PST 2024","5","BatchId:5277379;OriginalHitTemplateId:928390912;","3600","3600","Fri Dec 13 03:33:13 PST 2024","","","324G5B4FBLMIP1ZDCDEDUDIQGDO071","A2BQ0VBP0USWO","Approved","Fri Dec 06 03:33:48 PST 2024","Fri Dec 06 03:40:24 PST 2024","Fri Dec 06 04:40:24 PST 2024","Fri Dec 06 04:40:35 PST 2024","","","396","100% (1/1)","100% (1/1)","100% (1/1)","paraphrase","同义改写","释义","pattern profile","模式特征","模式概况","pattern summarization","模式总结","模式摘要","payoff function","payoff函数","收益函数","perceptual feature","知觉特征","感知特征","false","false","true","false","true","true","true","false","false","false","false","false","false","true","false","false","false","false","false","false"
"3NKW03WTM3LIHP7JAHB3CFCV62SQW2","30NHI4EO3BHNAT9JQMEIFM3OOCFBT8","Ranking the Quality of AI Terminology Translation from English to Chinese","In this task, you will compare the quality of translations for scientific terms generated by two different methods. The input will include an English term, a context paragraph where the term is used, and its translations in Chinese.","Translation, AI Terminology, Multilingual, Ranking","$0.01","Fri Dec 06 03:33:13 PST 2024","5","BatchId:5277379;OriginalHitTemplateId:928390912;","3600","3600","Fri Dec 13 03:33:13 PST 2024","","","3QBD8R3Z2JX69V9DC0IHH2UYNEDO4U","A3IG9HHR3NL9R0","Approved","Fri Dec 06 03:33:40 PST 2024","Fri Dec 06 03:53:08 PST 2024","Fri Dec 06 04:53:08 PST 2024","Fri Dec 06 04:53:35 PST 2024","","","1168","100% (50/50)","100% (50/50)","100% (50/50)","paraphrase","同义改写","释义","pattern profile","模式特征","模式概况","pattern summarization","模式总结","模式摘要","payoff function","payoff函数","收益函数","perceptual feature","知觉特征","感知特征","false","true","true","false","true","true","false","false","false","false","false","false","false","true","false","false","false","false","false","false"
"3NKW03WTM3LIHP7JAHB3CFCV62SQW2","30NHI4EO3BHNAT9JQMEIFM3OOCFBT8","Ranking the Quality of AI Terminology Translation from English to Chinese","In this task, you will compare the quality of translations for scientific terms generated by two different methods. The input will include an English term, a context paragraph where the term is used, and its translations in Chinese.","Translation, AI Terminology, Multilingual, Ranking","$0.01","Fri Dec 06 03:33:13 PST 2024","5","BatchId:5277379;OriginalHitTemplateId:928390912;","3600","3600","Fri Dec 13 03:33:13 PST 2024","","","3F6KKYWMNTF1R6SU4WJX5HOZAH1NDR","A2E2FFMXS9F9KR","Approved","Fri Dec 06 04:33:49 PST 2024","Fri Dec 06 04:36:21 PST 2024","Fri Dec 06 05:36:21 PST 2024","Fri Dec 06 05:36:35 PST 2024","","","152","100% (51/51)","100% (51/51)","100% (51/51)","paraphrase","同义改写","释义","pattern profile","模式特征","模式概况","pattern summarization","模式总结","模式摘要","payoff function","payoff函数","收益函数","perceptual feature","知觉特征","感知特征","false","true","true","false","true","true","false","false","false","false","false","false","false","true","false","false","false","false","false","false"
"3NKW03WTM3LIHP7JAHB3CFCV62SQW2","30NHI4EO3BHNAT9JQMEIFM3OOCFBT8","Ranking the Quality of AI Terminology Translation from English to Chinese","In this task, you will compare the quality of translations for scientific terms generated by two different methods. The input will include an English term, a context paragraph where the term is used, and its translations in Chinese.","Translation, AI Terminology, Multilingual, Ranking","$0.01","Fri Dec 06 03:33:13 PST 2024","5","BatchId:5277379;OriginalHitTemplateId:928390912;","3600","3600","Fri Dec 13 03:33:13 PST 2024","","","3TS1AR6UQ8S9M5E3FVXYXK5UMFC7FB","A251BWQW2F81FT","Approved","Fri Dec 06 04:34:07 PST 2024","Fri Dec 06 04:57:42 PST 2024","Fri Dec 06 05:57:42 PST 2024","Fri Dec 06 05:58:35 PST 2024","","","1415","100% (31/31)","100% (31/31)","100% (31/31)","paraphrase","同义改写","释义","pattern profile","模式特征","模式概况","pattern summarization","模式总结","模式摘要","payoff function","payoff函数","收益函数","perceptual feature","知觉特征","感知特征","false","true","true","false","true","true","false","false","false","false","false","false","false","true","false","false","false","false","false","false"
"3NKW03WTM3LIHP7JAHB3CFCV62SQW2","30NHI4EO3BHNAT9JQMEIFM3OOCFBT8","Ranking the Quality of AI Terminology Translation from English to Chinese","In this task, you will compare the quality of translations for scientific terms generated by two different methods. The input will include an English term, a context paragraph where the term is used, and its translations in Chinese.","Translation, AI Terminology, Multilingual, Ranking","$0.01","Fri Dec 06 03:33:13 PST 2024","5","BatchId:5277379;OriginalHitTemplateId:928390912;","3600","3600","Fri Dec 13 03:33:13 PST 2024","","","3KWTYT087IHGZTAGDDLZUDWIS53L5F","A3MDTRJTDIDNX","Approved","Fri Dec 06 04:33:50 PST 2024","Fri Dec 06 05:17:00 PST 2024","Fri Dec 06 06:17:00 PST 2024","Fri Dec 06 06:17:35 PST 2024","","","2590","100% (53/53)","100% (53/53)","100% (53/53)","paraphrase","同义改写","释义","pattern profile","模式特征","模式概况","pattern summarization","模式总结","模式摘要","payoff function","payoff函数","收益函数","perceptual feature","知觉特征","感知特征","false","true","true","false","true","true","false","false","false","false","false","false","false","true","false","false","false","false","false","false"
"3R6RZGK0YWQEB2Y0BHN13ZWJY27VY0","30NHI4EO3BHNAT9JQMEIFM3OOCFBT8","Ranking the Quality of AI Terminology Translation from English to Chinese","In this task, you will compare the quality of translations for scientific terms generated by two different methods. The input will include an English term, a context paragraph where the term is used, and its translations in Chinese.","Translation, AI Terminology, Multilingual, Ranking","$0.01","Fri Dec 06 03:33:13 PST 2024","5","BatchId:5277379;OriginalHitTemplateId:928390912;","3600","3600","Fri Dec 13 03:33:13 PST 2024","","","3Q5C1WP234F39M6CK33GAYN4UZZ15Q","A35H5DUMZH86PC","Approved","Fri Dec 06 03:34:01 PST 2024","Fri Dec 06 04:27:20 PST 2024","Fri Dec 06 05:27:20 PST 2024","Fri Dec 06 05:27:35 PST 2024","","","3199","100% (40/40)","100% (40/40)","100% (40/40)","presence penalty","出现惩罚","存在惩罚","projective dependency parsing","投影依存句法分析","投影依赖解析","projective parsing","投射解析","投影解析","quantal response equilibrium","量子响应均衡","量子反应均衡","randomized algorithm","随机算法","随机化算法","false","true","true","true","true","false","false","false","false","false","true","false","false","false","false","false","false","false","false","false"
"3R6RZGK0YWQEB2Y0BHN13ZWJY27VY0","30NHI4EO3BHNAT9JQMEIFM3OOCFBT8","Ranking the Quality of AI Terminology Translation from English to Chinese","In this task, you will compare the quality of translations for scientific terms generated by two different methods. The input will include an English term, a context paragraph where the term is used, and its translations in Chinese.","Translation, AI Terminology, Multilingual, Ranking","$0.01","Fri Dec 06 03:33:13 PST 2024","5","BatchId:5277379;OriginalHitTemplateId:928390912;","3600","3600","Fri Dec 13 03:33:13 PST 2024","","","34BBWHLWHSP8MBHUOBBVSXH3VYTWI9","A2GJB7TBZM91Z4","Approved","Fri Dec 06 03:54:41 PST 2024","Fri Dec 06 04:43:14 PST 2024","Fri Dec 06 05:43:14 PST 2024","Fri Dec 06 05:43:35 PST 2024","","","2913","100% (23/23)","100% (23/23)","100% (23/23)","presence penalty","出现惩罚","存在惩罚","projective dependency parsing","投影依存句法分析","投影依赖解析","projective parsing","投射解析","投影解析","quantal response equilibrium","量子响应均衡","量子反应均衡","randomized algorithm","随机算法","随机化算法","false","true","false","true","true","false","false","false","false","false","true","false","true","false","false","false","false","false","false","false"
"3R6RZGK0YWQEB2Y0BHN13ZWJY27VY0","30NHI4EO3BHNAT9JQMEIFM3OOCFBT8","Ranking the Quality of AI Terminology Translation from English to Chinese","In this task, you will compare the quality of translations for scientific terms generated by two different methods. The input will include an English term, a context paragraph where the term is used, and its translations in Chinese.","Translation, AI Terminology, Multilingual, Ranking","$0.01","Fri Dec 06 03:33:13 PST 2024","5","BatchId:5277379;OriginalHitTemplateId:928390912;","3600","3600","Fri Dec 13 03:33:13 PST 2024","","","3DIP6YHAPU6LG5JQUP5YT2GPLY4E8O","A39PWDRYNY2WM0","Approved","Fri Dec 06 04:34:26 PST 2024","Fri Dec 06 05:02:29 PST 2024","Fri Dec 06 06:02:29 PST 2024","Fri Dec 06 06:02:35 PST 2024","","","1683","100% (55/55)","100% (55/55)","100% (55/55)","presence penalty","出现惩罚","存在惩罚","projective dependency parsing","投影依存句法分析","投影依赖解析","projective parsing","投射解析","投影解析","quantal response equilibrium","量子响应均衡","量子反应均衡","randomized algorithm","随机算法","随机化算法","false","true","false","true","true","false","false","false","false","false","true","false","true","false","false","false","false","false","false","false"
"3R6RZGK0YWQEB2Y0BHN13ZWJY27VY0","30NHI4EO3BHNAT9JQMEIFM3OOCFBT8","Ranking the Quality of AI Terminology Translation from English to Chinese","In this task, you will compare the quality of translations for scientific terms generated by two different methods. The input will include an English term, a context paragraph where the term is used, and its translations in Chinese.","Translation, AI Terminology, Multilingual, Ranking","$0.01","Fri Dec 06 03:33:13 PST 2024","5","BatchId:5277379;OriginalHitTemplateId:928390912;","3600","3600","Fri Dec 13 03:33:13 PST 2024","","","3W2LOLRXLTTUKAQWPKM1IEOZVNNKRP","A2QX81MMC8KN80","Approved","Fri Dec 06 04:33:49 PST 2024","Fri Dec 06 05:31:28 PST 2024","Fri Dec 06 06:31:28 PST 2024","Fri Dec 06 06:31:35 PST 2024","","","3459","100% (22/22)","100% (22/22)","100% (22/22)","presence penalty","出现惩罚","存在惩罚","projective dependency parsing","投影依存句法分析","投影依赖解析","projective parsing","投射解析","投影解析","quantal response equilibrium","量子响应均衡","量子反应均衡","randomized algorithm","随机算法","随机化算法","false","false","false","false","false","false","false","false","false","false","true","true","true","true","true","false","false","false","false","false"
"3R6RZGK0YWQEB2Y0BHN13ZWJY27VY0","30NHI4EO3BHNAT9JQMEIFM3OOCFBT8","Ranking the Quality of AI Terminology Translation from English to Chinese","In this task, you will compare the quality of translations for scientific terms generated by two different methods. The input will include an English term, a context paragraph where the term is used, and its translations in Chinese.","Translation, AI Terminology, Multilingual, Ranking","$0.01","Fri Dec 06 03:33:13 PST 2024","5","BatchId:5277379;OriginalHitTemplateId:928390912;","3600","3600","Fri Dec 13 03:33:13 PST 2024","","","3OLQQLKKNA3A0MF9LT2PISP31B9EJN","A3OAFR48DADAOM","Approved","Fri Dec 06 05:29:37 PST 2024","Fri Dec 06 06:03:19 PST 2024","Fri Dec 06 07:03:19 PST 2024","Fri Dec 06 07:03:35 PST 2024","","","2022","100% (41/41)","100% (41/41)","100% (41/41)","presence penalty","出现惩罚","存在惩罚","projective dependency parsing","投影依存句法分析","投影依赖解析","projective parsing","投射解析","投影解析","quantal response equilibrium","量子响应均衡","量子反应均衡","randomized algorithm","随机算法","随机化算法","false","true","false","true","true","false","false","false","false","false","true","false","true","false","false","false","false","false","false","false"
"39RRBHZ0BBFEGS8573PKH65L4WBVZR","30NHI4EO3BHNAT9JQMEIFM3OOCFBT8","Ranking the Quality of AI Terminology Translation from English to Chinese","In this task, you will compare the quality of translations for scientific terms generated by two different methods. The input will include an English term, a context paragraph where the term is used, and its translations in Chinese.","Translation, AI Terminology, Multilingual, Ranking","$0.01","Fri Dec 06 03:33:13 PST 2024","5","BatchId:5277379;OriginalHitTemplateId:928390912;","3600","3600","Fri Dec 13 03:33:13 PST 2024","","","3WJEQKOXAQG0FSITFZUXI93QMD01AW","A1G4DX33KADZA3","Approved","Fri Dec 06 03:34:01 PST 2024","Fri Dec 06 03:38:03 PST 2024","Fri Dec 06 04:38:03 PST 2024","Fri Dec 06 04:38:35 PST 2024","","","242","100% (21/21)","100% (21/21)","100% (21/21)","reparameterization trick","重参数化技巧","重新参数化技巧","reprojection error","重投影误差","重新投影误差","rule body","规则体","规则主体","semidefinite program","半正定规划","半正定程序","sentiment transfer","情感迁移","情感转移","false","false","false","false","false","false","false","false","false","false","true","false","true","true","true","false","true","false","false","false"
"39RRBHZ0BBFEGS8573PKH65L4WBVZR","30NHI4EO3BHNAT9JQMEIFM3OOCFBT8","Ranking the Quality of AI Terminology Translation from English to Chinese","In this task, you will compare the quality of translations for scientific terms generated by two different methods. The input will include an English term, a context paragraph where the term is used, and its translations in Chinese.","Translation, AI Terminology, Multilingual, Ranking","$0.01","Fri Dec 06 03:33:13 PST 2024","5","BatchId:5277379;OriginalHitTemplateId:928390912;","3600","3600","Fri Dec 13 03:33:13 PST 2024","","","3VE8AYVF84BDMJJMP0P4BK1PXZJ8F0","A2P8U65V6NL7B5","Approved","Fri Dec 06 03:33:52 PST 2024","Fri Dec 06 03:47:52 PST 2024","Fri Dec 06 04:47:52 PST 2024","Fri Dec 06 04:48:35 PST 2024","","","840","100% (49/49)","100% (49/49)","100% (49/49)","reparameterization trick","重参数化技巧","重新参数化技巧","reprojection error","重投影误差","重新投影误差","rule body","规则体","规则主体","semidefinite program","半正定规划","半正定程序","sentiment transfer","情感迁移","情感转移","true","true","false","true","true","false","false","true","false","false","false","false","false","false","false","false","false","false","false","false"
"39RRBHZ0BBFEGS8573PKH65L4WBVZR","30NHI4EO3BHNAT9JQMEIFM3OOCFBT8","Ranking the Quality of AI Terminology Translation from English to Chinese","In this task, you will compare the quality of translations for scientific terms generated by two different methods. The input will include an English term, a context paragraph where the term is used, and its translations in Chinese.","Translation, AI Terminology, Multilingual, Ranking","$0.01","Fri Dec 06 03:33:13 PST 2024","5","BatchId:5277379;OriginalHitTemplateId:928390912;","3600","3600","Fri Dec 13 03:33:13 PST 2024","","","31Q0U3WYD7TIWQKV8WID8I10L5U175","A3EKM55NFX1H6B","Approved","Fri Dec 06 03:34:01 PST 2024","Fri Dec 06 03:56:39 PST 2024","Fri Dec 06 04:56:39 PST 2024","Fri Dec 06 04:57:35 PST 2024","","","1358","100% (29/29)","100% (29/29)","100% (29/29)","reparameterization trick","重参数化技巧","重新参数化技巧","reprojection error","重投影误差","重新投影误差","rule body","规则体","规则主体","semidefinite program","半正定规划","半正定程序","sentiment transfer","情感迁移","情感转移","true","true","false","true","true","false","false","true","false","false","false","false","false","false","false","false","false","false","false","false"
"39RRBHZ0BBFEGS8573PKH65L4WBVZR","30NHI4EO3BHNAT9JQMEIFM3OOCFBT8","Ranking the Quality of AI Terminology Translation from English to Chinese","In this task, you will compare the quality of translations for scientific terms generated by two different methods. The input will include an English term, a context paragraph where the term is used, and its translations in Chinese.","Translation, AI Terminology, Multilingual, Ranking","$0.01","Fri Dec 06 03:33:13 PST 2024","5","BatchId:5277379;OriginalHitTemplateId:928390912;","3600","3600","Fri Dec 13 03:33:13 PST 2024","","","3SITXWYCNDNDO38ES6F08TRX9AZXBE","ASML73P0NOOVV","Approved","Fri Dec 06 03:34:15 PST 2024","Fri Dec 06 04:09:05 PST 2024","Fri Dec 06 05:09:05 PST 2024","Fri Dec 06 05:09:35 PST 2024","","","2090","100% (24/24)","100% (24/24)","100% (24/24)","reparameterization trick","重参数化技巧","重新参数化技巧","reprojection error","重投影误差","重新投影误差","rule body","规则体","规则主体","semidefinite program","半正定规划","半正定程序","sentiment transfer","情感迁移","情感转移","true","true","false","true","true","false","false","true","false","false","false","false","false","false","false","false","false","false","false","false"
"39RRBHZ0BBFEGS8573PKH65L4WBVZR","30NHI4EO3BHNAT9JQMEIFM3OOCFBT8","Ranking the Quality of AI Terminology Translation from English to Chinese","In this task, you will compare the quality of translations for scientific terms generated by two different methods. The input will include an English term, a context paragraph where the term is used, and its translations in Chinese.","Translation, AI Terminology, Multilingual, Ranking","$0.01","Fri Dec 06 03:33:13 PST 2024","5","BatchId:5277379;OriginalHitTemplateId:928390912;","3600","3600","Fri Dec 13 03:33:13 PST 2024","","","30MVJZJNH4RT5QOSDIM3QEOSACHJ92","A186ORPGIU3WNL","Approved","Fri Dec 06 03:33:46 PST 2024","Fri Dec 06 04:29:38 PST 2024","Fri Dec 06 05:29:38 PST 2024","Fri Dec 06 05:30:35 PST 2024","","","3352","100% (53/53)","100% (52/52)","100% (52/52)","reparameterization trick","重参数化技巧","重新参数化技巧","reprojection error","重投影误差","重新投影误差","rule body","规则体","规则主体","semidefinite program","半正定规划","半正定程序","sentiment transfer","情感迁移","情感转移","true","true","false","true","true","false","false","true","false","false","false","false","false","false","false","false","false","false","false","false"
"3W0XM68Y06935LTL0O2LN3ASBJRK15","30NHI4EO3BHNAT9JQMEIFM3OOCFBT8","Ranking the Quality of AI Terminology Translation from English to Chinese","In this task, you will compare the quality of translations for scientific terms generated by two different methods. The input will include an English term, a context paragraph where the term is used, and its translations in Chinese.","Translation, AI Terminology, Multilingual, Ranking","$0.01","Fri Dec 06 03:33:13 PST 2024","5","BatchId:5277379;OriginalHitTemplateId:928390912;","3600","3600","Fri Dec 13 03:33:13 PST 2024","","","3SNVL38CIM6QE81D7NW6TJPDVMMKCL","AWULBUF1OMXQ5","Approved","Fri Dec 06 03:35:58 PST 2024","Fri Dec 06 03:36:56 PST 2024","Fri Dec 06 04:36:56 PST 2024","Fri Dec 06 04:37:35 PST 2024","","","58","100% (4/4)","100% (4/4)","100% (4/4)","similarity measure","相似性度量","相似度度量","skip-gram model","跳词模型","跳字模型","softmax function","softmax 函数","softmax函数","softmax loss","softmax 损失","softmax损失","spectral embedding","光谱嵌入","谱嵌入","false","false","false","false","false","true","false","true","false","true","false","true","false","true","false","false","false","false","false","false"
"3W0XM68Y06935LTL0O2LN3ASBJRK15","30NHI4EO3BHNAT9JQMEIFM3OOCFBT8","Ranking the Quality of AI Terminology Translation from English to Chinese","In this task, you will compare the quality of translations for scientific terms generated by two different methods. The input will include an English term, a context paragraph where the term is used, and its translations in Chinese.","Translation, AI Terminology, Multilingual, Ranking","$0.01","Fri Dec 06 03:33:13 PST 2024","5","BatchId:5277379;OriginalHitTemplateId:928390912;","3600","3600","Fri Dec 13 03:33:13 PST 2024","","","32SVAV9L3XNWPVW8238G62INKXE3AQ","A9M8N3BOH6013","Approved","Fri Dec 06 03:36:53 PST 2024","Fri Dec 06 03:47:22 PST 2024","Fri Dec 06 04:47:22 PST 2024","Fri Dec 06 04:47:35 PST 2024","","","629","100% (44/44)","100% (44/44)","100% (44/44)","similarity measure","相似性度量","相似度度量","skip-gram model","跳词模型","跳字模型","softmax function","softmax 函数","softmax函数","softmax loss","softmax 损失","softmax损失","spectral embedding","光谱嵌入","谱嵌入","true","false","true","true","true","false","true","false","false","false","false","false","false","false","false","false","false","false","false","false"
"3W0XM68Y06935LTL0O2LN3ASBJRK15","30NHI4EO3BHNAT9JQMEIFM3OOCFBT8","Ranking the Quality of AI Terminology Translation from English to Chinese","In this task, you will compare the quality of translations for scientific terms generated by two different methods. The input will include an English term, a context paragraph where the term is used, and its translations in Chinese.","Translation, AI Terminology, Multilingual, Ranking","$0.01","Fri Dec 06 03:33:13 PST 2024","5","BatchId:5277379;OriginalHitTemplateId:928390912;","3600","3600","Fri Dec 13 03:33:13 PST 2024","","","33FBRBDW66D6J7ZCYYZ33EGM0MQC8S","A3HSZ9YLOBCCPR","Approved","Fri Dec 06 04:03:31 PST 2024","Fri Dec 06 04:25:37 PST 2024","Fri Dec 06 05:25:37 PST 2024","Fri Dec 06 05:26:35 PST 2024","","","1326","100% (39/39)","100% (39/39)","100% (39/39)","similarity measure","相似性度量","相似度度量","skip-gram model","跳词模型","跳字模型","softmax function","softmax 函数","softmax函数","softmax loss","softmax 损失","softmax损失","spectral embedding","光谱嵌入","谱嵌入","true","false","false","false","true","false","true","false","false","false","false","false","true","true","false","false","false","false","false","false"
"3W0XM68Y06935LTL0O2LN3ASBJRK15","30NHI4EO3BHNAT9JQMEIFM3OOCFBT8","Ranking the Quality of AI Terminology Translation from English to Chinese","In this task, you will compare the quality of translations for scientific terms generated by two different methods. The input will include an English term, a context paragraph where the term is used, and its translations in Chinese.","Translation, AI Terminology, Multilingual, Ranking","$0.01","Fri Dec 06 03:33:13 PST 2024","5","BatchId:5277379;OriginalHitTemplateId:928390912;","3600","3600","Fri Dec 13 03:33:13 PST 2024","","","3GNCZX450013WK1V015NJ5LOPT5AP8","A3Q32FL0WWF4KZ","Approved","Fri Dec 06 04:33:52 PST 2024","Fri Dec 06 05:11:51 PST 2024","Fri Dec 06 06:11:51 PST 2024","Fri Dec 06 06:12:35 PST 2024","","","2279","100% (40/40)","100% (40/40)","100% (40/40)","similarity measure","相似性度量","相似度度量","skip-gram model","跳词模型","跳字模型","softmax function","softmax 函数","softmax函数","softmax loss","softmax 损失","softmax损失","spectral embedding","光谱嵌入","谱嵌入","false","false","true","true","true","true","true","false","false","false","false","false","false","false","false","false","false","false","false","false"
"3W0XM68Y06935LTL0O2LN3ASBJRK15","30NHI4EO3BHNAT9JQMEIFM3OOCFBT8","Ranking the Quality of AI Terminology Translation from English to Chinese","In this task, you will compare the quality of translations for scientific terms generated by two different methods. The input will include an English term, a context paragraph where the term is used, and its translations in Chinese.","Translation, AI Terminology, Multilingual, Ranking","$0.01","Fri Dec 06 03:33:13 PST 2024","5","BatchId:5277379;OriginalHitTemplateId:928390912;","3600","3600","Fri Dec 13 03:33:13 PST 2024","","","3QAVNHZ3E4ID5ZMX89CG2OC4KLKALU","A39PWDRYNY2WM0","Approved","Fri Dec 06 05:34:31 PST 2024","Fri Dec 06 06:06:45 PST 2024","Fri Dec 06 07:06:45 PST 2024","Fri Dec 06 07:07:35 PST 2024","","","1934","100% (55/55)","100% (55/55)","100% (55/55)","similarity measure","相似性度量","相似度度量","skip-gram model","跳词模型","跳字模型","softmax function","softmax 函数","softmax函数","softmax loss","softmax 损失","softmax损失","spectral embedding","光谱嵌入","谱嵌入","true","false","true","true","true","false","true","false","false","false","false","false","false","false","false","false","false","false","false","false"
"37G6BXQPM7ZO0PLSPHHXQ95VZYNEQA","30NHI4EO3BHNAT9JQMEIFM3OOCFBT8","Ranking the Quality of AI Terminology Translation from English to Chinese","In this task, you will compare the quality of translations for scientific terms generated by two different methods. The input will include an English term, a context paragraph where the term is used, and its translations in Chinese.","Translation, AI Terminology, Multilingual, Ranking","$0.01","Fri Dec 06 03:33:13 PST 2024","5","BatchId:5277379;OriginalHitTemplateId:928390912;","3600","3600","Fri Dec 13 03:33:13 PST 2024","","","3PW9OPU9P8YBAPNP2K1ICRKSAP812P","A3AHE81HVRXFCD","Approved","Fri Dec 06 03:33:59 PST 2024","Fri Dec 06 03:49:37 PST 2024","Fri Dec 06 04:49:37 PST 2024","Fri Dec 06 04:50:35 PST 2024","","","938","100% (22/22)","100% (22/22)","100% (22/22)","spectral learning","光谱学习","谱学习","state of the art algorithm","最先进的算法","最先进算法","state transition","状态转换","状态转移","stereo pair","立体像对","立体对","stochastic gradient method","随机梯度法","随机梯度方法","false","true","true","false","true","true","false","false","true","false","false","false","false","false","false","false","false","false","false","false"
"37G6BXQPM7ZO0PLSPHHXQ95VZYNEQA","30NHI4EO3BHNAT9JQMEIFM3OOCFBT8","Ranking the Quality of AI Terminology Translation from English to Chinese","In this task, you will compare the quality of translations for scientific terms generated by two different methods. The input will include an English term, a context paragraph where the term is used, and its translations in Chinese.","Translation, AI Terminology, Multilingual, Ranking","$0.01","Fri Dec 06 03:33:13 PST 2024","5","BatchId:5277379;OriginalHitTemplateId:928390912;","3600","3600","Fri Dec 13 03:33:13 PST 2024","","","39O5D9O87B6KIAT6MH47CX8BK0YC30","A2WPXOAESFQ5TS","Approved","Fri Dec 06 03:33:30 PST 2024","Fri Dec 06 03:57:22 PST 2024","Fri Dec 06 04:57:22 PST 2024","Fri Dec 06 04:57:35 PST 2024","","","1432","100% (4/4)","100% (4/4)","100% (4/4)","spectral learning","光谱学习","谱学习","state of the art algorithm","最先进的算法","最先进算法","state transition","状态转换","状态转移","stereo pair","立体像对","立体对","stochastic gradient method","随机梯度法","随机梯度方法","false","false","true","false","false","true","true","false","true","true","false","false","false","false","false","false","false","false","false","false"
"37G6BXQPM7ZO0PLSPHHXQ95VZYNEQA","30NHI4EO3BHNAT9JQMEIFM3OOCFBT8","Ranking the Quality of AI Terminology Translation from English to Chinese","In this task, you will compare the quality of translations for scientific terms generated by two different methods. The input will include an English term, a context paragraph where the term is used, and its translations in Chinese.","Translation, AI Terminology, Multilingual, Ranking","$0.01","Fri Dec 06 03:33:13 PST 2024","5","BatchId:5277379;OriginalHitTemplateId:928390912;","3600","3600","Fri Dec 13 03:33:13 PST 2024","","","39GXDJN2OBS2IG5CPFU8T64BLT78VO","A35H5DUMZH86PC","Approved","Fri Dec 06 03:34:00 PST 2024","Fri Dec 06 04:25:50 PST 2024","Fri Dec 06 05:25:50 PST 2024","Fri Dec 06 05:26:35 PST 2024","","","3110","100% (40/40)","100% (40/40)","100% (40/40)","spectral learning","光谱学习","谱学习","state of the art algorithm","最先进的算法","最先进算法","state transition","状态转换","状态转移","stereo pair","立体像对","立体对","stochastic gradient method","随机梯度法","随机梯度方法","true","true","true","true","true","false","false","false","false","false","false","false","false","false","false","false","false","false","false","false"
"37G6BXQPM7ZO0PLSPHHXQ95VZYNEQA","30NHI4EO3BHNAT9JQMEIFM3OOCFBT8","Ranking the Quality of AI Terminology Translation from English to Chinese","In this task, you will compare the quality of translations for scientific terms generated by two different methods. The input will include an English term, a context paragraph where the term is used, and its translations in Chinese.","Translation, AI Terminology, Multilingual, Ranking","$0.01","Fri Dec 06 03:33:13 PST 2024","5","BatchId:5277379;OriginalHitTemplateId:928390912;","3600","3600","Fri Dec 13 03:33:13 PST 2024","","","3P1L2B7ADJ3273GYISHY3JW9908OLN","A2GJB7TBZM91Z4","Approved","Fri Dec 06 03:33:46 PST 2024","Fri Dec 06 04:33:11 PST 2024","Fri Dec 06 05:33:11 PST 2024","Fri Dec 06 05:33:35 PST 2024","","","3565","100% (23/23)","100% (23/23)","100% (23/23)","spectral learning","光谱学习","谱学习","state of the art algorithm","最先进的算法","最先进算法","state transition","状态转换","状态转移","stereo pair","立体像对","立体对","stochastic gradient method","随机梯度法","随机梯度方法","true","false","true","false","true","false","true","false","true","false","false","false","false","false","false","false","false","false","false","false"
"37G6BXQPM7ZO0PLSPHHXQ95VZYNEQA","30NHI4EO3BHNAT9JQMEIFM3OOCFBT8","Ranking the Quality of AI Terminology Translation from English to Chinese","In this task, you will compare the quality of translations for scientific terms generated by two different methods. The input will include an English term, a context paragraph where the term is used, and its translations in Chinese.","Translation, AI Terminology, Multilingual, Ranking","$0.01","Fri Dec 06 03:33:13 PST 2024","5","BatchId:5277379;OriginalHitTemplateId:928390912;","3600","3600","Fri Dec 13 03:33:13 PST 2024","","","3H8DHMCCWRP0J07R7JRHDP7VGOCKD3","AWGV35294HOYB","Approved","Fri Dec 06 06:35:47 PST 2024","Fri Dec 06 06:43:10 PST 2024","Fri Dec 06 07:43:10 PST 2024","Fri Dec 06 07:43:35 PST 2024","","","443","100% (43/43)","100% (43/43)","100% (43/43)","spectral learning","光谱学习","谱学习","state of the art algorithm","最先进的算法","最先进算法","state transition","状态转换","状态转移","stereo pair","立体像对","立体对","stochastic gradient method","随机梯度法","随机梯度方法","false","false","true","false","false","true","true","false","true","true","false","false","false","false","false","false","false","false","false","false"
"3W1K7D6QTSVZ7EAZ2MYKGUBE14VBZ1","30NHI4EO3BHNAT9JQMEIFM3OOCFBT8","Ranking the Quality of AI Terminology Translation from English to Chinese","In this task, you will compare the quality of translations for scientific terms generated by two different methods. The input will include an English term, a context paragraph where the term is used, and its translations in Chinese.","Translation, AI Terminology, Multilingual, Ranking","$0.01","Fri Dec 06 03:33:13 PST 2024","5","BatchId:5277379;OriginalHitTemplateId:928390912;","3600","3600","Fri Dec 13 03:33:13 PST 2024","","","3ZGVPD4G6BV2PK2ATAU658DUNHXTZX","AJWAJUWSKH1FO","Approved","Fri Dec 06 03:33:55 PST 2024","Fri Dec 06 03:49:11 PST 2024","Fri Dec 06 04:49:11 PST 2024","Fri Dec 06 04:49:35 PST 2024","","","916","100% (1/1)","100% (1/1)","100% (1/1)","structured perceptron","结构化感知机","结构化感知器","surrogate function","代理函数","替代函数","syntactic category","句法范畴","句法类别","tagger","词性标注器","标注器","target token","目标词元","目标标记","true","true","true","false","true","false","false","false","true","false","false","false","false","false","false","false","false","false","false","false"
"3W1K7D6QTSVZ7EAZ2MYKGUBE14VBZ1","30NHI4EO3BHNAT9JQMEIFM3OOCFBT8","Ranking the Quality of AI Terminology Translation from English to Chinese","In this task, you will compare the quality of translations for scientific terms generated by two different methods. The input will include an English term, a context paragraph where the term is used, and its translations in Chinese.","Translation, AI Terminology, Multilingual, Ranking","$0.01","Fri Dec 06 03:33:13 PST 2024","5","BatchId:5277379;OriginalHitTemplateId:928390912;","3600","3600","Fri Dec 13 03:33:13 PST 2024","","","34V1S5K3GAFHHV9LTZSEHAJNO6Y69K","AWPXR7XE6B8KD","Approved","Fri Dec 06 03:33:59 PST 2024","Fri Dec 06 04:08:16 PST 2024","Fri Dec 06 05:08:16 PST 2024","Fri Dec 06 05:08:35 PST 2024","","","2057","100% (17/17)","100% (17/17)","100% (17/17)","structured perceptron","结构化感知机","结构化感知器","surrogate function","代理函数","替代函数","syntactic category","句法范畴","句法类别","tagger","词性标注器","标注器","target token","目标词元","目标标记","true","true","true","false","false","false","false","false","true","true","false","false","false","false","false","false","false","false","false","false"
"3W1K7D6QTSVZ7EAZ2MYKGUBE14VBZ1","30NHI4EO3BHNAT9JQMEIFM3OOCFBT8","Ranking the Quality of AI Terminology Translation from English to Chinese","In this task, you will compare the quality of translations for scientific terms generated by two different methods. The input will include an English term, a context paragraph where the term is used, and its translations in Chinese.","Translation, AI Terminology, Multilingual, Ranking","$0.01","Fri Dec 06 03:33:13 PST 2024","5","BatchId:5277379;OriginalHitTemplateId:928390912;","3600","3600","Fri Dec 13 03:33:13 PST 2024","","","3EFE17QCRUJFJZP1YOJ9VWD3P82SHH","A2E2FFMXS9F9KR","Approved","Fri Dec 06 03:36:53 PST 2024","Fri Dec 06 04:27:29 PST 2024","Fri Dec 06 05:27:29 PST 2024","Fri Dec 06 05:27:35 PST 2024","","","3036","100% (51/51)","100% (51/51)","100% (51/51)","structured perceptron","结构化感知机","结构化感知器","surrogate function","代理函数","替代函数","syntactic category","句法范畴","句法类别","tagger","词性标注器","标注器","target token","目标词元","目标标记","false","true","true","false","false","true","false","false","true","true","false","false","false","false","false","false","false","false","false","false"
"3W1K7D6QTSVZ7EAZ2MYKGUBE14VBZ1","30NHI4EO3BHNAT9JQMEIFM3OOCFBT8","Ranking the Quality of AI Terminology Translation from English to Chinese","In this task, you will compare the quality of translations for scientific terms generated by two different methods. The input will include an English term, a context paragraph where the term is used, and its translations in Chinese.","Translation, AI Terminology, Multilingual, Ranking","$0.01","Fri Dec 06 03:33:13 PST 2024","5","BatchId:5277379;OriginalHitTemplateId:928390912;","3600","3600","Fri Dec 13 03:33:13 PST 2024","","","3GD6L00D3AB1HTRIC2K2R0YQGVW1MP","A38SYZRVLTMOFG","Approved","Fri Dec 06 04:34:50 PST 2024","Fri Dec 06 05:10:30 PST 2024","Fri Dec 06 06:10:30 PST 2024","Fri Dec 06 06:10:35 PST 2024","","","2140","100% (49/49)","100% (49/49)","100% (49/49)","structured perceptron","结构化感知机","结构化感知器","surrogate function","代理函数","替代函数","syntactic category","句法范畴","句法类别","tagger","词性标注器","标注器","target token","目标词元","目标标记","true","true","true","false","true","false","false","false","true","false","false","false","false","false","false","false","false","false","false","false"
"3W1K7D6QTSVZ7EAZ2MYKGUBE14VBZ1","30NHI4EO3BHNAT9JQMEIFM3OOCFBT8","Ranking the Quality of AI Terminology Translation from English to Chinese","In this task, you will compare the quality of translations for scientific terms generated by two different methods. The input will include an English term, a context paragraph where the term is used, and its translations in Chinese.","Translation, AI Terminology, Multilingual, Ranking","$0.01","Fri Dec 06 03:33:13 PST 2024","5","BatchId:5277379;OriginalHitTemplateId:928390912;","3600","3600","Fri Dec 13 03:33:13 PST 2024","","","34PGFRQON6P4HM106TWV4YW38E9JW1","A2P8U65V6NL7B5","Approved","Fri Dec 06 04:34:02 PST 2024","Fri Dec 06 05:29:09 PST 2024","Fri Dec 06 06:29:09 PST 2024","Fri Dec 06 06:29:35 PST 2024","","","3307","100% (49/49)","100% (49/49)","100% (49/49)","structured perceptron","结构化感知机","结构化感知器","surrogate function","代理函数","替代函数","syntactic category","句法范畴","句法类别","tagger","词性标注器","标注器","target token","目标词元","目标标记","false","true","true","false","true","true","false","false","true","false","false","false","false","false","false","false","false","false","false","false"
"36JW4WBR1NY3TAML12E9ZDYUKC6HFZ","30NHI4EO3BHNAT9JQMEIFM3OOCFBT8","Ranking the Quality of AI Terminology Translation from English to Chinese","In this task, you will compare the quality of translations for scientific terms generated by two different methods. The input will include an English term, a context paragraph where the term is used, and its translations in Chinese.","Translation, AI Terminology, Multilingual, Ranking","$0.01","Fri Dec 06 03:33:13 PST 2024","5","BatchId:5277379;OriginalHitTemplateId:928390912;","3600","3600","Fri Dec 13 03:33:13 PST 2024","","","3TYCR1GOTUXE67U5K1SFJH3DT4BLZM","A14ICQPNQ6RZXB","Approved","Fri Dec 06 03:34:04 PST 2024","Fri Dec 06 03:42:34 PST 2024","Fri Dec 06 04:42:34 PST 2024","Fri Dec 06 04:42:35 PST 2024","","","510","100% (9/9)","100% (9/9)","100% (9/9)","transformation function","变换函数","转换函数","value network","价值网络","值网络","zero-one loss","0-1损失","零一损失","A2C","优势-价值","A2C","Bernoulli","伯努利分布","伯努利","false","false","true","false","true","false","true","false","true","false","true","false","false","false","false","false","false","false","false","false"
"36JW4WBR1NY3TAML12E9ZDYUKC6HFZ","30NHI4EO3BHNAT9JQMEIFM3OOCFBT8","Ranking the Quality of AI Terminology Translation from English to Chinese","In this task, you will compare the quality of translations for scientific terms generated by two different methods. The input will include an English term, a context paragraph where the term is used, and its translations in Chinese.","Translation, AI Terminology, Multilingual, Ranking","$0.01","Fri Dec 06 03:33:13 PST 2024","5","BatchId:5277379;OriginalHitTemplateId:928390912;","3600","3600","Fri Dec 13 03:33:13 PST 2024","","","3NVC2EB658DXLDUBI9MW9O0UNOGY3U","A2P8U65V6NL7B5","Approved","Fri Dec 06 03:33:57 PST 2024","Fri Dec 06 03:48:11 PST 2024","Fri Dec 06 04:48:11 PST 2024","Fri Dec 06 04:48:35 PST 2024","","","854","100% (49/49)","100% (49/49)","100% (49/49)","transformation function","变换函数","转换函数","value network","价值网络","值网络","zero-one loss","0-1损失","零一损失","A2C","优势-价值","A2C","Bernoulli","伯努利分布","伯努利","true","false","true","false","true","false","true","false","false","false","false","false","false","true","false","false","false","false","false","false"
"36JW4WBR1NY3TAML12E9ZDYUKC6HFZ","30NHI4EO3BHNAT9JQMEIFM3OOCFBT8","Ranking the Quality of AI Terminology Translation from English to Chinese","In this task, you will compare the quality of translations for scientific terms generated by two different methods. The input will include an English term, a context paragraph where the term is used, and its translations in Chinese.","Translation, AI Terminology, Multilingual, Ranking","$0.01","Fri Dec 06 03:33:13 PST 2024","5","BatchId:5277379;OriginalHitTemplateId:928390912;","3600","3600","Fri Dec 13 03:33:13 PST 2024","","","30X31N5D6L409CHNSI9HEAQZCEKASY","A30IGMGSC7G2HM","Approved","Fri Dec 06 04:34:39 PST 2024","Fri Dec 06 04:47:26 PST 2024","Fri Dec 06 05:47:26 PST 2024","Fri Dec 06 05:47:35 PST 2024","","","767","100% (24/24)","100% (24/24)","100% (24/24)","transformation function","变换函数","转换函数","value network","价值网络","值网络","zero-one loss","0-1损失","零一损失","A2C","优势-价值","A2C","Bernoulli","伯努利分布","伯努利","false","true","true","false","true","true","false","false","false","false","false","false","false","true","false","false","false","false","false","false"
"36JW4WBR1NY3TAML12E9ZDYUKC6HFZ","30NHI4EO3BHNAT9JQMEIFM3OOCFBT8","Ranking the Quality of AI Terminology Translation from English to Chinese","In this task, you will compare the quality of translations for scientific terms generated by two different methods. The input will include an English term, a context paragraph where the term is used, and its translations in Chinese.","Translation, AI Terminology, Multilingual, Ranking","$0.01","Fri Dec 06 03:33:13 PST 2024","5","BatchId:5277379;OriginalHitTemplateId:928390912;","3600","3600","Fri Dec 13 03:33:13 PST 2024","","","3IKZ72A5BMUYPQ6QV2ENTHRKMUHNF2","AWGV35294HOYB","Approved","Fri Dec 06 04:33:49 PST 2024","Fri Dec 06 05:26:20 PST 2024","Fri Dec 06 06:26:20 PST 2024","Fri Dec 06 06:26:35 PST 2024","","","3151","100% (43/43)","100% (43/43)","100% (43/43)","transformation function","变换函数","转换函数","value network","价值网络","值网络","zero-one loss","0-1损失","零一损失","A2C","优势-价值","A2C","Bernoulli","伯努利分布","伯努利","false","true","true","false","true","true","false","false","true","false","false","false","false","false","false","false","false","false","false","false"
"36JW4WBR1NY3TAML12E9ZDYUKC6HFZ","30NHI4EO3BHNAT9JQMEIFM3OOCFBT8","Ranking the Quality of AI Terminology Translation from English to Chinese","In this task, you will compare the quality of translations for scientific terms generated by two different methods. The input will include an English term, a context paragraph where the term is used, and its translations in Chinese.","Translation, AI Terminology, Multilingual, Ranking","$0.01","Fri Dec 06 03:33:13 PST 2024","5","BatchId:5277379;OriginalHitTemplateId:928390912;","3600","3600","Fri Dec 13 03:33:13 PST 2024","","","3XXU1SWE849083XBJGQX44KGHM10A1","A2YVLMI4PRDECY","Approved","Fri Dec 06 04:34:24 PST 2024","Fri Dec 06 05:32:19 PST 2024","Fri Dec 06 06:32:19 PST 2024","Fri Dec 06 06:32:35 PST 2024","","","3475","100% (32/32)","100% (32/32)","100% (32/32)","transformation function","变换函数","转换函数","value network","价值网络","值网络","zero-one loss","0-1损失","零一损失","A2C","优势-价值","A2C","Bernoulli","伯努利分布","伯努利","true","false","true","false","true","false","true","false","false","false","false","false","false","true","false","false","false","false","false","false"
"3LG268AV4PKOCQ0S2W6XVZF0VKPERB","30NHI4EO3BHNAT9JQMEIFM3OOCFBT8","Ranking the Quality of AI Terminology Translation from English to Chinese","In this task, you will compare the quality of translations for scientific terms generated by two different methods. The input will include an English term, a context paragraph where the term is used, and its translations in Chinese.","Translation, AI Terminology, Multilingual, Ranking","$0.01","Fri Dec 06 03:33:13 PST 2024","5","BatchId:5277379;OriginalHitTemplateId:928390912;","3600","3600","Fri Dec 13 03:33:13 PST 2024","","","3OHYZ19UGUJLBKPUL1S8U5GYFO9AOR","AG9MLSV2QCVD4","Approved","Fri Dec 06 03:41:22 PST 2024","Fri Dec 06 04:22:15 PST 2024","Fri Dec 06 05:22:15 PST 2024","Fri Dec 06 05:22:35 PST 2024","","","2453","100% (24/24)","100% (24/24)","100% (24/24)","Euclidean distance","欧氏距离","欧几里得距离","Hedge algorithm","Hedge算法","对冲算法","Hessian-vector product","海森矩阵-向量积","海森向量积","Machine Comprehension","机器阅读理解","机器理解","Routing Transformer","路由变压器","路由变换器","true","false","false","false","false","false","false","true","true","true","false","true","false","false","false","false","false","false","false","false"
"3LG268AV4PKOCQ0S2W6XVZF0VKPERB","30NHI4EO3BHNAT9JQMEIFM3OOCFBT8","Ranking the Quality of AI Terminology Translation from English to Chinese","In this task, you will compare the quality of translations for scientific terms generated by two different methods. The input will include an English term, a context paragraph where the term is used, and its translations in Chinese.","Translation, AI Terminology, Multilingual, Ranking","$0.01","Fri Dec 06 03:33:13 PST 2024","5","BatchId:5277379;OriginalHitTemplateId:928390912;","3600","3600","Fri Dec 13 03:33:13 PST 2024","","","3KB8R4ZV1WL22HDO3WFWK7R26K3GB5","A2GJB7TBZM91Z4","Approved","Fri Dec 06 04:34:06 PST 2024","Fri Dec 06 04:56:28 PST 2024","Fri Dec 06 05:56:28 PST 2024","Fri Dec 06 05:56:35 PST 2024","","","1342","100% (23/23)","100% (23/23)","100% (23/23)","Euclidean distance","欧氏距离","欧几里得距离","Hedge algorithm","Hedge算法","对冲算法","Hessian-vector product","海森矩阵-向量积","海森向量积","Machine Comprehension","机器阅读理解","机器理解","Routing Transformer","路由变压器","路由变换器","true","false","false","true","true","false","true","true","false","false","false","false","false","false","false","false","false","false","false","false"
"3LG268AV4PKOCQ0S2W6XVZF0VKPERB","30NHI4EO3BHNAT9JQMEIFM3OOCFBT8","Ranking the Quality of AI Terminology Translation from English to Chinese","In this task, you will compare the quality of translations for scientific terms generated by two different methods. The input will include an English term, a context paragraph where the term is used, and its translations in Chinese.","Translation, AI Terminology, Multilingual, Ranking","$0.01","Fri Dec 06 03:33:13 PST 2024","5","BatchId:5277379;OriginalHitTemplateId:928390912;","3600","3600","Fri Dec 13 03:33:13 PST 2024","","","3AUQQEL7UN7K0R09UBHT0RYT2W20V2","A2D6SB3TU1NYQ7","Approved","Fri Dec 06 04:34:37 PST 2024","Fri Dec 06 05:00:16 PST 2024","Fri Dec 06 06:00:16 PST 2024","Fri Dec 06 06:00:35 PST 2024","","","1539","100% (45/45)","100% (45/45)","100% (45/45)","Euclidean distance","欧氏距离","欧几里得距离","Hedge algorithm","Hedge算法","对冲算法","Hessian-vector product","海森矩阵-向量积","海森向量积","Machine Comprehension","机器阅读理解","机器理解","Routing Transformer","路由变压器","路由变换器","true","false","false","false","false","false","true","true","true","true","false","false","false","false","false","false","false","false","false","false"
"3LG268AV4PKOCQ0S2W6XVZF0VKPERB","30NHI4EO3BHNAT9JQMEIFM3OOCFBT8","Ranking the Quality of AI Terminology Translation from English to Chinese","In this task, you will compare the quality of translations for scientific terms generated by two different methods. The input will include an English term, a context paragraph where the term is used, and its translations in Chinese.","Translation, AI Terminology, Multilingual, Ranking","$0.01","Fri Dec 06 03:33:13 PST 2024","5","BatchId:5277379;OriginalHitTemplateId:928390912;","3600","3600","Fri Dec 13 03:33:13 PST 2024","","","3RANCT1ZVXVL7ZEJN14DOMSTFSIBU0","A2YVLMI4PRDECY","Approved","Fri Dec 06 04:33:51 PST 2024","Fri Dec 06 05:25:31 PST 2024","Fri Dec 06 06:25:31 PST 2024","Fri Dec 06 06:25:35 PST 2024","","","3100","100% (32/32)","100% (32/32)","100% (32/32)","Euclidean distance","欧氏距离","欧几里得距离","Hedge algorithm","Hedge算法","对冲算法","Hessian-vector product","海森矩阵-向量积","海森向量积","Machine Comprehension","机器阅读理解","机器理解","Routing Transformer","路由变压器","路由变换器","true","true","false","false","true","false","false","true","true","false","false","false","false","false","false","false","false","false","false","false"
"3LG268AV4PKOCQ0S2W6XVZF0VKPERB","30NHI4EO3BHNAT9JQMEIFM3OOCFBT8","Ranking the Quality of AI Terminology Translation from English to Chinese","In this task, you will compare the quality of translations for scientific terms generated by two different methods. The input will include an English term, a context paragraph where the term is used, and its translations in Chinese.","Translation, AI Terminology, Multilingual, Ranking","$0.01","Fri Dec 06 03:33:13 PST 2024","5","BatchId:5277379;OriginalHitTemplateId:928390912;","3600","3600","Fri Dec 13 03:33:13 PST 2024","","","3IGI0VL64PYSV3JJU5XDGB0YEWFNOX","A3OAFR48DADAOM","Approved","Fri Dec 06 04:34:37 PST 2024","Fri Dec 06 05:32:01 PST 2024","Fri Dec 06 06:32:01 PST 2024","Fri Dec 06 06:32:35 PST 2024","","","3444","100% (41/41)","100% (41/41)","100% (41/41)","Euclidean distance","欧氏距离","欧几里得距离","Hedge algorithm","Hedge算法","对冲算法","Hessian-vector product","海森矩阵-向量积","海森向量积","Machine Comprehension","机器阅读理解","机器理解","Routing Transformer","路由变压器","路由变换器","true","false","false","false","false","false","true","true","true","true","false","false","false","false","false","false","false","false","false","false"
"3YGE63DIOPBUTW2KTJHOX9LDTYUW0A","30NHI4EO3BHNAT9JQMEIFM3OOCFBT8","Ranking the Quality of AI Terminology Translation from English to Chinese","In this task, you will compare the quality of translations for scientific terms generated by two different methods. The input will include an English term, a context paragraph where the term is used, and its translations in Chinese.","Translation, AI Terminology, Multilingual, Ranking","$0.01","Fri Dec 06 03:33:13 PST 2024","5","BatchId:5277379;OriginalHitTemplateId:928390912;","3600","3600","Fri Dec 13 03:33:13 PST 2024","","","3OCHAWUVG6YEH6C8YJST7WANW48XKY","A3MDTRJTDIDNX","Approved","Fri Dec 06 03:33:49 PST 2024","Fri Dec 06 03:48:42 PST 2024","Fri Dec 06 04:48:42 PST 2024","Fri Dec 06 04:49:35 PST 2024","","","893","100% (53/53)","100% (53/53)","100% (53/53)","Spearman rank correlation","斯皮尔曼秩相关","斯皮尔曼等级相关","Token","词元","令牌","Transformer","Transformer","变换器","annotated corpus","标注语料库","注释语料库","answer span","答案跨度","答案范围","true","false","false","true","false","false","true","true","false","true","false","false","false","false","false","false","false","false","false","false"
"3YGE63DIOPBUTW2KTJHOX9LDTYUW0A","30NHI4EO3BHNAT9JQMEIFM3OOCFBT8","Ranking the Quality of AI Terminology Translation from English to Chinese","In this task, you will compare the quality of translations for scientific terms generated by two different methods. The input will include an English term, a context paragraph where the term is used, and its translations in Chinese.","Translation, AI Terminology, Multilingual, Ranking","$0.01","Fri Dec 06 03:33:13 PST 2024","5","BatchId:5277379;OriginalHitTemplateId:928390912;","3600","3600","Fri Dec 13 03:33:13 PST 2024","","","3FTOP5WARX2B9W0FDM3AX3NZ78O0J8","A2GJB7TBZM91Z4","Approved","Fri Dec 06 03:35:38 PST 2024","Fri Dec 06 04:33:40 PST 2024","Fri Dec 06 05:33:40 PST 2024","Fri Dec 06 05:34:35 PST 2024","","","3482","100% (23/23)","100% (23/23)","100% (23/23)","Spearman rank correlation","斯皮尔曼秩相关","斯皮尔曼等级相关","Token","词元","令牌","Transformer","Transformer","变换器","annotated corpus","标注语料库","注释语料库","answer span","答案跨度","答案范围","true","false","false","false","false","false","true","true","true","true","false","false","false","false","false","false","false","false","false","false"
"3YGE63DIOPBUTW2KTJHOX9LDTYUW0A","30NHI4EO3BHNAT9JQMEIFM3OOCFBT8","Ranking the Quality of AI Terminology Translation from English to Chinese","In this task, you will compare the quality of translations for scientific terms generated by two different methods. The input will include an English term, a context paragraph where the term is used, and its translations in Chinese.","Translation, AI Terminology, Multilingual, Ranking","$0.01","Fri Dec 06 03:33:13 PST 2024","5","BatchId:5277379;OriginalHitTemplateId:928390912;","3600","3600","Fri Dec 13 03:33:13 PST 2024","","","3A0EX8ZRNQ22O8YOX212R7Y6BGTBYY","A9M8N3BOH6013","Approved","Fri Dec 06 04:33:51 PST 2024","Fri Dec 06 04:48:24 PST 2024","Fri Dec 06 05:48:24 PST 2024","Fri Dec 06 05:48:35 PST 2024","","","873","100% (44/44)","100% (44/44)","100% (44/44)","Spearman rank correlation","斯皮尔曼秩相关","斯皮尔曼等级相关","Token","词元","令牌","Transformer","Transformer","变换器","annotated corpus","标注语料库","注释语料库","answer span","答案跨度","答案范围","true","false","false","true","false","false","true","true","false","false","false","false","false","false","true","false","false","false","false","false"
"3YGE63DIOPBUTW2KTJHOX9LDTYUW0A","30NHI4EO3BHNAT9JQMEIFM3OOCFBT8","Ranking the Quality of AI Terminology Translation from English to Chinese","In this task, you will compare the quality of translations for scientific terms generated by two different methods. The input will include an English term, a context paragraph where the term is used, and its translations in Chinese.","Translation, AI Terminology, Multilingual, Ranking","$0.01","Fri Dec 06 03:33:13 PST 2024","5","BatchId:5277379;OriginalHitTemplateId:928390912;","3600","3600","Fri Dec 13 03:33:13 PST 2024","","","3I3WADAZ98IO5EDDQ51RMU0CNA95OH","A2QX81MMC8KN80","Approved","Fri Dec 06 04:34:03 PST 2024","Fri Dec 06 05:31:47 PST 2024","Fri Dec 06 06:31:47 PST 2024","Fri Dec 06 06:32:35 PST 2024","","","3464","100% (22/22)","100% (22/22)","100% (22/22)","Spearman rank correlation","斯皮尔曼秩相关","斯皮尔曼等级相关","Token","词元","令牌","Transformer","Transformer","变换器","annotated corpus","标注语料库","注释语料库","answer span","答案跨度","答案范围","false","false","false","false","false","true","false","false","false","false","false","true","true","true","true","false","false","false","false","false"
"3YGE63DIOPBUTW2KTJHOX9LDTYUW0A","30NHI4EO3BHNAT9JQMEIFM3OOCFBT8","Ranking the Quality of AI Terminology Translation from English to Chinese","In this task, you will compare the quality of translations for scientific terms generated by two different methods. The input will include an English term, a context paragraph where the term is used, and its translations in Chinese.","Translation, AI Terminology, Multilingual, Ranking","$0.01","Fri Dec 06 03:33:13 PST 2024","5","BatchId:5277379;OriginalHitTemplateId:928390912;","3600","3600","Fri Dec 13 03:33:13 PST 2024","","","3MB8LZR5BX7JHCVJK0P5W2F0PVDKLE","A2MZEUP2ECO1AI","Approved","Fri Dec 06 04:54:16 PST 2024","Fri Dec 06 05:32:57 PST 2024","Fri Dec 06 06:32:57 PST 2024","Fri Dec 06 06:33:35 PST 2024","","","2321","100% (34/34)","100% (34/34)","100% (34/34)","Spearman rank correlation","斯皮尔曼秩相关","斯皮尔曼等级相关","Token","词元","令牌","Transformer","Transformer","变换器","annotated corpus","标注语料库","注释语料库","answer span","答案跨度","答案范围","true","true","false","true","false","false","false","true","false","true","false","false","false","false","false","false","false","false","false","false"
"3PA41K45W4IIRY532WO2KUN48FXP78","30NHI4EO3BHNAT9JQMEIFM3OOCFBT8","Ranking the Quality of AI Terminology Translation from English to Chinese","In this task, you will compare the quality of translations for scientific terms generated by two different methods. The input will include an English term, a context paragraph where the term is used, and its translations in Chinese.","Translation, AI Terminology, Multilingual, Ranking","$0.01","Fri Dec 06 03:33:13 PST 2024","5","BatchId:5277379;OriginalHitTemplateId:928390912;","3600","3600","Fri Dec 13 03:33:13 PST 2024","","","33CKWXB731Y4L45TJG1478ANIJU118","A3MDTRJTDIDNX","Approved","Fri Dec 06 03:33:59 PST 2024","Fri Dec 06 03:49:19 PST 2024","Fri Dec 06 04:49:19 PST 2024","Fri Dec 06 04:49:35 PST 2024","","","920","100% (53/53)","100% (53/53)","100% (53/53)","averaged perceptron algorithm","平均感知机算法","平均感知器算法","back-off strategy","退避策略","回退策略","beam search algorithm","波束搜索算法","束搜索算法","big-O notation","大O表示法","大O符号","block matrix","分块矩阵","块矩阵","true","true","false","true","true","false","false","true","false","false","false","false","false","false","false","false","false","false","false","false"
"3PA41K45W4IIRY532WO2KUN48FXP78","30NHI4EO3BHNAT9JQMEIFM3OOCFBT8","Ranking the Quality of AI Terminology Translation from English to Chinese","In this task, you will compare the quality of translations for scientific terms generated by two different methods. The input will include an English term, a context paragraph where the term is used, and its translations in Chinese.","Translation, AI Terminology, Multilingual, Ranking","$0.01","Fri Dec 06 03:33:13 PST 2024","5","BatchId:5277379;OriginalHitTemplateId:928390912;","3600","3600","Fri Dec 13 03:33:13 PST 2024","","","3SLE99ER05R2TY8TTO3L5E78HAXBZP","ASML73P0NOOVV","Approved","Fri Dec 06 04:34:08 PST 2024","Fri Dec 06 04:52:03 PST 2024","Fri Dec 06 05:52:03 PST 2024","Fri Dec 06 05:52:35 PST 2024","","","1075","100% (24/24)","100% (24/24)","100% (24/24)","averaged perceptron algorithm","平均感知机算法","平均感知器算法","back-off strategy","退避策略","回退策略","beam search algorithm","波束搜索算法","束搜索算法","big-O notation","大O表示法","大O符号","block matrix","分块矩阵","块矩阵","true","true","true","true","true","false","false","false","false","false","false","false","false","false","false","false","false","false","false","false"
"3PA41K45W4IIRY532WO2KUN48FXP78","30NHI4EO3BHNAT9JQMEIFM3OOCFBT8","Ranking the Quality of AI Terminology Translation from English to Chinese","In this task, you will compare the quality of translations for scientific terms generated by two different methods. The input will include an English term, a context paragraph where the term is used, and its translations in Chinese.","Translation, AI Terminology, Multilingual, Ranking","$0.01","Fri Dec 06 03:33:13 PST 2024","5","BatchId:5277379;OriginalHitTemplateId:928390912;","3600","3600","Fri Dec 13 03:33:13 PST 2024","","","358010RM5W7SXH6KXN6095L4C2FXVK","A2ZLQZJD9I7NAL","Approved","Fri Dec 06 04:51:27 PST 2024","Fri Dec 06 05:14:08 PST 2024","Fri Dec 06 06:14:08 PST 2024","Fri Dec 06 06:14:35 PST 2024","","","1361","100% (10/10)","100% (10/10)","100% (10/10)","averaged perceptron algorithm","平均感知机算法","平均感知器算法","back-off strategy","退避策略","回退策略","beam search algorithm","波束搜索算法","束搜索算法","big-O notation","大O表示法","大O符号","block matrix","分块矩阵","块矩阵","true","false","false","true","false","false","false","true","false","true","false","true","false","false","false","false","false","false","false","false"
"3PA41K45W4IIRY532WO2KUN48FXP78","30NHI4EO3BHNAT9JQMEIFM3OOCFBT8","Ranking the Quality of AI Terminology Translation from English to Chinese","In this task, you will compare the quality of translations for scientific terms generated by two different methods. The input will include an English term, a context paragraph where the term is used, and its translations in Chinese.","Translation, AI Terminology, Multilingual, Ranking","$0.01","Fri Dec 06 03:33:13 PST 2024","5","BatchId:5277379;OriginalHitTemplateId:928390912;","3600","3600","Fri Dec 13 03:33:13 PST 2024","","","3FDJT1UU7MM5FNSYSD9YFDJ33665K6","A3HSZ9YLOBCCPR","Approved","Fri Dec 06 04:34:37 PST 2024","Fri Dec 06 05:20:58 PST 2024","Fri Dec 06 06:20:58 PST 2024","Fri Dec 06 06:21:35 PST 2024","","","2781","100% (39/39)","100% (39/39)","100% (39/39)","averaged perceptron algorithm","平均感知机算法","平均感知器算法","back-off strategy","退避策略","回退策略","beam search algorithm","波束搜索算法","束搜索算法","big-O notation","大O表示法","大O符号","block matrix","分块矩阵","块矩阵","true","true","true","true","true","false","false","false","false","false","false","false","false","false","false","false","false","false","false","false"
"3PA41K45W4IIRY532WO2KUN48FXP78","30NHI4EO3BHNAT9JQMEIFM3OOCFBT8","Ranking the Quality of AI Terminology Translation from English to Chinese","In this task, you will compare the quality of translations for scientific terms generated by two different methods. The input will include an English term, a context paragraph where the term is used, and its translations in Chinese.","Translation, AI Terminology, Multilingual, Ranking","$0.01","Fri Dec 06 03:33:13 PST 2024","5","BatchId:5277379;OriginalHitTemplateId:928390912;","3600","3600","Fri Dec 13 03:33:13 PST 2024","","","31Z0PCVWU2TJ5AW4AF2NEOKVDOKT75","A3OAFR48DADAOM","Approved","Fri Dec 06 04:34:08 PST 2024","Fri Dec 06 05:28:55 PST 2024","Fri Dec 06 06:28:55 PST 2024","Fri Dec 06 06:29:35 PST 2024","","","3287","100% (41/41)","100% (41/41)","100% (41/41)","averaged perceptron algorithm","平均感知机算法","平均感知器算法","back-off strategy","退避策略","回退策略","beam search algorithm","波束搜索算法","束搜索算法","big-O notation","大O表示法","大O符号","block matrix","分块矩阵","块矩阵","true","true","false","true","true","false","false","true","false","false","false","false","false","false","false","false","false","false","false","false"
"3T2EL38U13YX6PC9KM7PEYQ2F4YQXV","30NHI4EO3BHNAT9JQMEIFM3OOCFBT8","Ranking the Quality of AI Terminology Translation from English to Chinese","In this task, you will compare the quality of translations for scientific terms generated by two different methods. The input will include an English term, a context paragraph where the term is used, and its translations in Chinese.","Translation, AI Terminology, Multilingual, Ranking","$0.01","Fri Dec 06 03:33:13 PST 2024","5","BatchId:5277379;OriginalHitTemplateId:928390912;","3600","3600","Fri Dec 13 03:33:13 PST 2024","","","3HUTX6F6VC1W6HUQ8MZTONX030I2OD","A251BWQW2F81FT","Approved","Fri Dec 06 03:34:36 PST 2024","Fri Dec 06 04:13:19 PST 2024","Fri Dec 06 05:13:19 PST 2024","Fri Dec 06 05:13:35 PST 2024","","","2323","100% (31/31)","100% (31/31)","100% (31/31)","brute force search","穷举搜索","暴力搜索","contextualized embedding","情境化嵌入","上下文化嵌入","credit assignment","奖励分配","信用分配","datum dependency","数据依赖","数据依赖性","dual program","对偶规划","对偶程序","true","false","false","true","true","false","false","true","false","false","false","true","false","false","false","false","false","false","false","false"
"3T2EL38U13YX6PC9KM7PEYQ2F4YQXV","30NHI4EO3BHNAT9JQMEIFM3OOCFBT8","Ranking the Quality of AI Terminology Translation from English to Chinese","In this task, you will compare the quality of translations for scientific terms generated by two different methods. The input will include an English term, a context paragraph where the term is used, and its translations in Chinese.","Translation, AI Terminology, Multilingual, Ranking","$0.01","Fri Dec 06 03:33:13 PST 2024","5","BatchId:5277379;OriginalHitTemplateId:928390912;","3600","3600","Fri Dec 13 03:33:13 PST 2024","","","3P4MQ7TPPFQ6B05DNANIJW05Q7CBBK","A11B7MUC7UTFKN","Approved","Fri Dec 06 03:33:57 PST 2024","Fri Dec 06 04:16:58 PST 2024","Fri Dec 06 05:16:58 PST 2024","Fri Dec 06 05:17:35 PST 2024","","","2581","100% (36/36)","100% (36/36)","100% (36/36)","brute force search","穷举搜索","暴力搜索","contextualized embedding","情境化嵌入","上下文化嵌入","credit assignment","奖励分配","信用分配","datum dependency","数据依赖","数据依赖性","dual program","对偶规划","对偶程序","true","false","false","true","true","false","false","true","false","false","false","true","false","false","false","false","false","false","false","false"
"3T2EL38U13YX6PC9KM7PEYQ2F4YQXV","30NHI4EO3BHNAT9JQMEIFM3OOCFBT8","Ranking the Quality of AI Terminology Translation from English to Chinese","In this task, you will compare the quality of translations for scientific terms generated by two different methods. The input will include an English term, a context paragraph where the term is used, and its translations in Chinese.","Translation, AI Terminology, Multilingual, Ranking","$0.01","Fri Dec 06 03:33:13 PST 2024","5","BatchId:5277379;OriginalHitTemplateId:928390912;","3600","3600","Fri Dec 13 03:33:13 PST 2024","","","3BWI6RSP7YNHGRE7KKDSF2KUAEYE71","AG9MLSV2QCVD4","Approved","Fri Dec 06 03:34:02 PST 2024","Fri Dec 06 04:17:39 PST 2024","Fri Dec 06 05:17:39 PST 2024","Fri Dec 06 05:18:35 PST 2024","","","2617","100% (24/24)","100% (24/24)","100% (24/24)","brute force search","穷举搜索","暴力搜索","contextualized embedding","情境化嵌入","上下文化嵌入","credit assignment","奖励分配","信用分配","datum dependency","数据依赖","数据依赖性","dual program","对偶规划","对偶程序","true","false","false","true","false","false","false","true","false","true","false","true","false","false","false","false","false","false","false","false"
"3T2EL38U13YX6PC9KM7PEYQ2F4YQXV","30NHI4EO3BHNAT9JQMEIFM3OOCFBT8","Ranking the Quality of AI Terminology Translation from English to Chinese","In this task, you will compare the quality of translations for scientific terms generated by two different methods. The input will include an English term, a context paragraph where the term is used, and its translations in Chinese.","Translation, AI Terminology, Multilingual, Ranking","$0.01","Fri Dec 06 03:33:13 PST 2024","5","BatchId:5277379;OriginalHitTemplateId:928390912;","3600","3600","Fri Dec 13 03:33:13 PST 2024","","","3LO69W1SULREFQZ0U94QYAN7IEHLGX","A186ORPGIU3WNL","Approved","Fri Dec 06 03:33:38 PST 2024","Fri Dec 06 04:28:47 PST 2024","Fri Dec 06 05:28:47 PST 2024","Fri Dec 06 05:29:35 PST 2024","","","3309","100% (53/53)","100% (52/52)","100% (52/52)","brute force search","穷举搜索","暴力搜索","contextualized embedding","情境化嵌入","上下文化嵌入","credit assignment","奖励分配","信用分配","datum dependency","数据依赖","数据依赖性","dual program","对偶规划","对偶程序","true","false","false","true","false","false","false","true","false","true","false","true","false","false","false","false","false","false","false","false"
"3T2EL38U13YX6PC9KM7PEYQ2F4YQXV","30NHI4EO3BHNAT9JQMEIFM3OOCFBT8","Ranking the Quality of AI Terminology Translation from English to Chinese","In this task, you will compare the quality of translations for scientific terms generated by two different methods. The input will include an English term, a context paragraph where the term is used, and its translations in Chinese.","Translation, AI Terminology, Multilingual, Ranking","$0.01","Fri Dec 06 03:33:13 PST 2024","5","BatchId:5277379;OriginalHitTemplateId:928390912;","3600","3600","Fri Dec 13 03:33:13 PST 2024","","","3ZPPDN2SLDALUA20ZHBCTYB054ME9D","A9M8N3BOH6013","Approved","Fri Dec 06 04:34:26 PST 2024","Fri Dec 06 04:51:12 PST 2024","Fri Dec 06 05:51:12 PST 2024","Fri Dec 06 05:51:35 PST 2024","","","1006","100% (44/44)","100% (44/44)","100% (44/44)","brute force search","穷举搜索","暴力搜索","contextualized embedding","情境化嵌入","上下文化嵌入","credit assignment","奖励分配","信用分配","datum dependency","数据依赖","数据依赖性","dual program","对偶规划","对偶程序","true","false","true","true","false","false","false","false","false","true","false","true","false","false","false","false","false","false","false","false"
"3BKZLF991GDM6U2JPITRXCXBHASQY1","30NHI4EO3BHNAT9JQMEIFM3OOCFBT8","Ranking the Quality of AI Terminology Translation from English to Chinese","In this task, you will compare the quality of translations for scientific terms generated by two different methods. The input will include an English term, a context paragraph where the term is used, and its translations in Chinese.","Translation, AI Terminology, Multilingual, Ranking","$0.01","Fri Dec 06 03:33:13 PST 2024","5","BatchId:5277379;OriginalHitTemplateId:928390912;","3600","3600","Fri Dec 13 03:33:13 PST 2024","","","3K9FOBBF2ZXKPIGMHDHLOUW4JQ3LN5","A2FXDEKCCUT9OJ","Approved","Fri Dec 06 03:33:45 PST 2024","Fri Dec 06 03:58:04 PST 2024","Fri Dec 06 04:58:04 PST 2024","Fri Dec 06 04:58:35 PST 2024","","","1459","100% (36/36)","100% (36/36)","100% (36/36)","facial recognition","人脸识别","面部识别","few-shot classification","小样本分类","少样本分类","generative parser","生成式解析器","生成解析器","hidden size","隐藏层大小","隐藏大小","inference process","推断过程","推理过程","true","true","true","false","false","false","false","false","true","true","false","false","false","false","false","false","false","false","false","false"
"3BKZLF991GDM6U2JPITRXCXBHASQY1","30NHI4EO3BHNAT9JQMEIFM3OOCFBT8","Ranking the Quality of AI Terminology Translation from English to Chinese","In this task, you will compare the quality of translations for scientific terms generated by two different methods. The input will include an English term, a context paragraph where the term is used, and its translations in Chinese.","Translation, AI Terminology, Multilingual, Ranking","$0.01","Fri Dec 06 03:33:13 PST 2024","5","BatchId:5277379;OriginalHitTemplateId:928390912;","3600","3600","Fri Dec 13 03:33:13 PST 2024","","","3QFUFYSY9GTC3IWKDXZRU8LKVD04F2","AS0K8SAHI5SQD","Approved","Fri Dec 06 04:51:27 PST 2024","Fri Dec 06 05:04:19 PST 2024","Fri Dec 06 06:04:19 PST 2024","Fri Dec 06 06:04:35 PST 2024","","","772","100% (13/13)","100% (13/13)","100% (13/13)","facial recognition","人脸识别","面部识别","few-shot classification","小样本分类","少样本分类","generative parser","生成式解析器","生成解析器","hidden size","隐藏层大小","隐藏大小","inference process","推断过程","推理过程","true","true","false","false","true","false","false","true","true","false","false","false","false","false","false","false","false","false","false","false"
"3BKZLF991GDM6U2JPITRXCXBHASQY1","30NHI4EO3BHNAT9JQMEIFM3OOCFBT8","Ranking the Quality of AI Terminology Translation from English to Chinese","In this task, you will compare the quality of translations for scientific terms generated by two different methods. The input will include an English term, a context paragraph where the term is used, and its translations in Chinese.","Translation, AI Terminology, Multilingual, Ranking","$0.01","Fri Dec 06 03:33:13 PST 2024","5","BatchId:5277379;OriginalHitTemplateId:928390912;","3600","3600","Fri Dec 13 03:33:13 PST 2024","","","3N4BPTXIOQ6M02IDTEH6NPBJ2MRKUT","A3QIWEQXAGMGD","Approved","Fri Dec 06 04:33:50 PST 2024","Fri Dec 06 05:11:01 PST 2024","Fri Dec 06 06:11:01 PST 2024","Fri Dec 06 06:11:35 PST 2024","","","2231","100% (26/26)","100% (26/26)","100% (26/26)","facial recognition","人脸识别","面部识别","few-shot classification","小样本分类","少样本分类","generative parser","生成式解析器","生成解析器","hidden size","隐藏层大小","隐藏大小","inference process","推断过程","推理过程","true","true","false","false","true","false","false","true","true","false","false","false","false","false","false","false","false","false","false","false"
"3BKZLF991GDM6U2JPITRXCXBHASQY1","30NHI4EO3BHNAT9JQMEIFM3OOCFBT8","Ranking the Quality of AI Terminology Translation from English to Chinese","In this task, you will compare the quality of translations for scientific terms generated by two different methods. The input will include an English term, a context paragraph where the term is used, and its translations in Chinese.","Translation, AI Terminology, Multilingual, Ranking","$0.01","Fri Dec 06 03:33:13 PST 2024","5","BatchId:5277379;OriginalHitTemplateId:928390912;","3600","3600","Fri Dec 13 03:33:13 PST 2024","","","3M23Y66POKLZMA5K25S5Y5ODGVTS6P","AWGV35294HOYB","Approved","Fri Dec 06 04:34:03 PST 2024","Fri Dec 06 05:26:48 PST 2024","Fri Dec 06 06:26:48 PST 2024","Fri Dec 06 06:27:35 PST 2024","","","3165","100% (43/43)","100% (43/43)","100% (43/43)","facial recognition","人脸识别","面部识别","few-shot classification","小样本分类","少样本分类","generative parser","生成式解析器","生成解析器","hidden size","隐藏层大小","隐藏大小","inference process","推断过程","推理过程","true","true","false","false","true","false","false","true","true","false","false","false","false","false","false","false","false","false","false","false"
"3BKZLF991GDM6U2JPITRXCXBHASQY1","30NHI4EO3BHNAT9JQMEIFM3OOCFBT8","Ranking the Quality of AI Terminology Translation from English to Chinese","In this task, you will compare the quality of translations for scientific terms generated by two different methods. The input will include an English term, a context paragraph where the term is used, and its translations in Chinese.","Translation, AI Terminology, Multilingual, Ranking","$0.01","Fri Dec 06 03:33:13 PST 2024","5","BatchId:5277379;OriginalHitTemplateId:928390912;","3600","3600","Fri Dec 13 03:33:13 PST 2024","","","3J88R45B2YCFSX9OBBX13DWMQI4PXP","A3OAFR48DADAOM","Approved","Fri Dec 06 06:35:36 PST 2024","Fri Dec 06 06:41:22 PST 2024","Fri Dec 06 07:41:22 PST 2024","Fri Dec 06 07:41:35 PST 2024","","","346","100% (41/41)","100% (41/41)","100% (41/41)","facial recognition","人脸识别","面部识别","few-shot classification","小样本分类","少样本分类","generative parser","生成式解析器","生成解析器","hidden size","隐藏层大小","隐藏大小","inference process","推断过程","推理过程","true","false","false","false","false","false","true","true","true","true","false","false","false","false","false","false","false","false","false","false"
"3X2YVV51QBIU0LN2P2LOBE4NYQ0W1D","30NHI4EO3BHNAT9JQMEIFM3OOCFBT8","Ranking the Quality of AI Terminology Translation from English to Chinese","In this task, you will compare the quality of translations for scientific terms generated by two different methods. The input will include an English term, a context paragraph where the term is used, and its translations in Chinese.","Translation, AI Terminology, Multilingual, Ranking","$0.01","Fri Dec 06 03:33:13 PST 2024","5","BatchId:5277379;OriginalHitTemplateId:928390912;","3600","3600","Fri Dec 13 03:33:13 PST 2024","","","3M1CVSFP6IJOWW2A0EKCJABYUPRAQZ","A3IG9HHR3NL9R0","Approved","Fri Dec 06 03:33:42 PST 2024","Fri Dec 06 03:53:43 PST 2024","Fri Dec 06 04:53:43 PST 2024","Fri Dec 06 04:54:35 PST 2024","","","1201","100% (50/50)","100% (50/50)","100% (50/50)","leaf node","叶子节点","叶节点","max-product semiring","最大乘积半环","最大积半环","multi-classification","多类别分类","多分类","mutual entropy","互信息","互信息熵","nominal mention","名词性提及","名义提及","true","false","true","true","false","false","true","false","false","true","false","false","false","false","false","false","false","false","false","false"
"3X2YVV51QBIU0LN2P2LOBE4NYQ0W1D","30NHI4EO3BHNAT9JQMEIFM3OOCFBT8","Ranking the Quality of AI Terminology Translation from English to Chinese","In this task, you will compare the quality of translations for scientific terms generated by two different methods. The input will include an English term, a context paragraph where the term is used, and its translations in Chinese.","Translation, AI Terminology, Multilingual, Ranking","$0.01","Fri Dec 06 03:33:13 PST 2024","5","BatchId:5277379;OriginalHitTemplateId:928390912;","3600","3600","Fri Dec 13 03:33:13 PST 2024","","","37QW5D2ZRY0MQOO8VKP3IJK4MPD8SJ","A1KYZPQ0T7WECC","Approved","Fri Dec 06 03:33:59 PST 2024","Fri Dec 06 04:03:15 PST 2024","Fri Dec 06 05:03:15 PST 2024","Fri Dec 06 05:03:35 PST 2024","","","1756","100% (15/15)","100% (15/15)","100% (14/14)","leaf node","叶子节点","叶节点","max-product semiring","最大乘积半环","最大积半环","multi-classification","多类别分类","多分类","mutual entropy","互信息","互信息熵","nominal mention","名词性提及","名义提及","true","false","true","false","false","false","true","false","true","true","false","false","false","false","false","false","false","false","false","false"
"3X2YVV51QBIU0LN2P2LOBE4NYQ0W1D","30NHI4EO3BHNAT9JQMEIFM3OOCFBT8","Ranking the Quality of AI Terminology Translation from English to Chinese","In this task, you will compare the quality of translations for scientific terms generated by two different methods. The input will include an English term, a context paragraph where the term is used, and its translations in Chinese.","Translation, AI Terminology, Multilingual, Ranking","$0.01","Fri Dec 06 03:33:13 PST 2024","5","BatchId:5277379;OriginalHitTemplateId:928390912;","3600","3600","Fri Dec 13 03:33:13 PST 2024","","","36PW28KO4HAZZTC5RNPCPTMKBM4EAS","AG9MLSV2QCVD4","Approved","Fri Dec 06 03:34:02 PST 2024","Fri Dec 06 04:17:19 PST 2024","Fri Dec 06 05:17:19 PST 2024","Fri Dec 06 05:17:35 PST 2024","","","2597","100% (24/24)","100% (24/24)","100% (24/24)","leaf node","叶子节点","叶节点","max-product semiring","最大乘积半环","最大积半环","multi-classification","多类别分类","多分类","mutual entropy","互信息","互信息熵","nominal mention","名词性提及","名义提及","false","true","true","true","false","true","false","false","false","true","false","false","false","false","false","false","false","false","false","false"
"3X2YVV51QBIU0LN2P2LOBE4NYQ0W1D","30NHI4EO3BHNAT9JQMEIFM3OOCFBT8","Ranking the Quality of AI Terminology Translation from English to Chinese","In this task, you will compare the quality of translations for scientific terms generated by two different methods. The input will include an English term, a context paragraph where the term is used, and its translations in Chinese.","Translation, AI Terminology, Multilingual, Ranking","$0.01","Fri Dec 06 03:33:13 PST 2024","5","BatchId:5277379;OriginalHitTemplateId:928390912;","3600","3600","Fri Dec 13 03:33:13 PST 2024","","","3ERET4BTV4NOGAUAV3MFRTO5P3T9K7","A1L8C30Q9880MH","Approved","Fri Dec 06 05:29:06 PST 2024","Fri Dec 06 05:33:32 PST 2024","Fri Dec 06 06:33:32 PST 2024","Fri Dec 06 06:33:35 PST 2024","","","266","100% (1/1)","100% (1/1)","100% (1/1)","leaf node","叶子节点","叶节点","max-product semiring","最大乘积半环","最大积半环","multi-classification","多类别分类","多分类","mutual entropy","互信息","互信息熵","nominal mention","名词性提及","名义提及","false","false","false","false","false","false","false","false","false","false","true","true","true","true","true","false","false","false","false","false"
"3X2YVV51QBIU0LN2P2LOBE4NYQ0W1D","30NHI4EO3BHNAT9JQMEIFM3OOCFBT8","Ranking the Quality of AI Terminology Translation from English to Chinese","In this task, you will compare the quality of translations for scientific terms generated by two different methods. The input will include an English term, a context paragraph where the term is used, and its translations in Chinese.","Translation, AI Terminology, Multilingual, Ranking","$0.01","Fri Dec 06 03:33:13 PST 2024","5","BatchId:5277379;OriginalHitTemplateId:928390912;","3600","3600","Fri Dec 13 03:33:13 PST 2024","","","34T446B1CISO1IU93UMOAZA4HOF0CU","AVW3ODRZWQ6WT","Approved","Fri Dec 06 05:58:07 PST 2024","Fri Dec 06 05:58:39 PST 2024","Fri Dec 06 06:58:39 PST 2024","Fri Dec 06 06:59:35 PST 2024","","","32","100% (5/5)","100% (5/5)","100% (5/5)","leaf node","叶子节点","叶节点","max-product semiring","最大乘积半环","最大积半环","multi-classification","多类别分类","多分类","mutual entropy","互信息","互信息熵","nominal mention","名词性提及","名义提及","false","false","false","false","false","false","true","false","false","true","true","false","true","false","false","false","false","false","true","false"
"3IKMEYR0MD9AU6BHJS2ZSMKX3P5K2M","30NHI4EO3BHNAT9JQMEIFM3OOCFBT8","Ranking the Quality of AI Terminology Translation from English to Chinese","In this task, you will compare the quality of translations for scientific terms generated by two different methods. The input will include an English term, a context paragraph where the term is used, and its translations in Chinese.","Translation, AI Terminology, Multilingual, Ranking","$0.01","Fri Dec 06 03:33:13 PST 2024","5","BatchId:5277379;OriginalHitTemplateId:928390912;","3600","3600","Fri Dec 13 03:33:13 PST 2024","","","3JJVG1YBETB4MKO4M0W5GA0DGBQB5J","A1G4DX33KADZA3","Approved","Fri Dec 06 03:33:56 PST 2024","Fri Dec 06 03:35:11 PST 2024","Fri Dec 06 04:35:11 PST 2024","Fri Dec 06 04:35:35 PST 2024","","","75","100% (21/21)","100% (21/21)","100% (21/21)","object proposal","物体候选区域","物体提议","object tracking","目标跟踪","物体跟踪","part of speech tag","词性标签","词性标记","partial evaluation","部分求值","部分评估","primal-dual algorithm","原始对偶算法","原始-对偶算法","false","false","false","false","false","false","false","false","false","false","true","true","false","false","true","false","false","true","false","false"
"3IKMEYR0MD9AU6BHJS2ZSMKX3P5K2M","30NHI4EO3BHNAT9JQMEIFM3OOCFBT8","Ranking the Quality of AI Terminology Translation from English to Chinese","In this task, you will compare the quality of translations for scientific terms generated by two different methods. The input will include an English term, a context paragraph where the term is used, and its translations in Chinese.","Translation, AI Terminology, Multilingual, Ranking","$0.01","Fri Dec 06 03:33:13 PST 2024","5","BatchId:5277379;OriginalHitTemplateId:928390912;","3600","3600","Fri Dec 13 03:33:13 PST 2024","","","3A1COHJ8N19X0FASKQD4E5D2DEW8HY","A3MDTRJTDIDNX","Approved","Fri Dec 06 03:33:54 PST 2024","Fri Dec 06 03:49:02 PST 2024","Fri Dec 06 04:49:02 PST 2024","Fri Dec 06 04:49:35 PST 2024","","","908","100% (53/53)","100% (53/53)","100% (53/53)","object proposal","物体候选区域","物体提议","object tracking","目标跟踪","物体跟踪","part of speech tag","词性标签","词性标记","partial evaluation","部分求值","部分评估","primal-dual algorithm","原始对偶算法","原始-对偶算法","false","true","true","false","true","true","false","false","true","false","false","false","false","false","false","false","false","false","false","false"
"3IKMEYR0MD9AU6BHJS2ZSMKX3P5K2M","30NHI4EO3BHNAT9JQMEIFM3OOCFBT8","Ranking the Quality of AI Terminology Translation from English to Chinese","In this task, you will compare the quality of translations for scientific terms generated by two different methods. The input will include an English term, a context paragraph where the term is used, and its translations in Chinese.","Translation, AI Terminology, Multilingual, Ranking","$0.01","Fri Dec 06 03:33:13 PST 2024","5","BatchId:5277379;OriginalHitTemplateId:928390912;","3600","3600","Fri Dec 13 03:33:13 PST 2024","","","3RU7GD8VP677WGNPH1RE45FUBZCPSJ","A3QIWEQXAGMGD","Approved","Fri Dec 06 04:34:05 PST 2024","Fri Dec 06 05:11:19 PST 2024","Fri Dec 06 06:11:19 PST 2024","Fri Dec 06 06:11:35 PST 2024","","","2234","100% (26/26)","100% (26/26)","100% (26/26)","object proposal","物体候选区域","物体提议","object tracking","目标跟踪","物体跟踪","part of speech tag","词性标签","词性标记","partial evaluation","部分求值","部分评估","primal-dual algorithm","原始对偶算法","原始-对偶算法","false","true","true","false","true","true","false","false","true","false","false","false","false","false","false","false","false","false","false","false"
"3IKMEYR0MD9AU6BHJS2ZSMKX3P5K2M","30NHI4EO3BHNAT9JQMEIFM3OOCFBT8","Ranking the Quality of AI Terminology Translation from English to Chinese","In this task, you will compare the quality of translations for scientific terms generated by two different methods. The input will include an English term, a context paragraph where the term is used, and its translations in Chinese.","Translation, AI Terminology, Multilingual, Ranking","$0.01","Fri Dec 06 03:33:13 PST 2024","5","BatchId:5277379;OriginalHitTemplateId:928390912;","3600","3600","Fri Dec 13 03:33:13 PST 2024","","","3VHHR074HLVVMXOZ160WSXAEJBY7LG","A2QX81MMC8KN80","Approved","Fri Dec 06 04:33:37 PST 2024","Fri Dec 06 05:31:18 PST 2024","Fri Dec 06 06:31:18 PST 2024","Fri Dec 06 06:31:35 PST 2024","","","3461","100% (22/22)","100% (22/22)","100% (22/22)","object proposal","物体候选区域","物体提议","object tracking","目标跟踪","物体跟踪","part of speech tag","词性标签","词性标记","partial evaluation","部分求值","部分评估","primal-dual algorithm","原始对偶算法","原始-对偶算法","false","false","false","false","false","false","false","true","false","false","true","false","false","false","true","false","true","false","true","false"
"3IKMEYR0MD9AU6BHJS2ZSMKX3P5K2M","30NHI4EO3BHNAT9JQMEIFM3OOCFBT8","Ranking the Quality of AI Terminology Translation from English to Chinese","In this task, you will compare the quality of translations for scientific terms generated by two different methods. The input will include an English term, a context paragraph where the term is used, and its translations in Chinese.","Translation, AI Terminology, Multilingual, Ranking","$0.01","Fri Dec 06 03:33:13 PST 2024","5","BatchId:5277379;OriginalHitTemplateId:928390912;","3600","3600","Fri Dec 13 03:33:13 PST 2024","","","3O7L7BFSHW3E5BV33BHP6RA3OVGEI5","A2YVLMI4PRDECY","Approved","Fri Dec 06 05:35:26 PST 2024","Fri Dec 06 05:42:56 PST 2024","Fri Dec 06 06:42:56 PST 2024","Fri Dec 06 06:43:35 PST 2024","","","450","100% (32/32)","100% (32/32)","100% (32/32)","object proposal","物体候选区域","物体提议","object tracking","目标跟踪","物体跟踪","part of speech tag","词性标签","词性标记","partial evaluation","部分求值","部分评估","primal-dual algorithm","原始对偶算法","原始-对偶算法","true","true","false","true","false","false","false","true","false","false","false","false","false","false","true","false","false","false","false","false"
"329E6HTMTDGZFO70NSG4BWPP935K3X","30NHI4EO3BHNAT9JQMEIFM3OOCFBT8","Ranking the Quality of AI Terminology Translation from English to Chinese","In this task, you will compare the quality of translations for scientific terms generated by two different methods. The input will include an English term, a context paragraph where the term is used, and its translations in Chinese.","Translation, AI Terminology, Multilingual, Ranking","$0.01","Fri Dec 06 03:33:13 PST 2024","5","BatchId:5277379;OriginalHitTemplateId:928390912;","3600","3600","Fri Dec 13 03:33:13 PST 2024","","","3J4Q2Z4UTGHL395D1JG41Z8PM8UWQW","A2QX81MMC8KN80","Approved","Fri Dec 06 03:34:04 PST 2024","Fri Dec 06 03:41:12 PST 2024","Fri Dec 06 04:41:12 PST 2024","Fri Dec 06 04:41:35 PST 2024","","","428","100% (22/22)","100% (22/22)","100% (22/22)","recurrent dynamic","循环动力学","循环动态","regret bound","遗憾界限","遗憾界","regret minimization","后悔最小化","遗憾最小化","roll-out policy","回滚策略","展开策略","seq2seq model","seq2seq模型","序列到序列模型","false","true","false","false","false","true","false","false","true","false","false","false","true","false","true","false","false","false","false","false"
"329E6HTMTDGZFO70NSG4BWPP935K3X","30NHI4EO3BHNAT9JQMEIFM3OOCFBT8","Ranking the Quality of AI Terminology Translation from English to Chinese","In this task, you will compare the quality of translations for scientific terms generated by two different methods. The input will include an English term, a context paragraph where the term is used, and its translations in Chinese.","Translation, AI Terminology, Multilingual, Ranking","$0.01","Fri Dec 06 03:33:13 PST 2024","5","BatchId:5277379;OriginalHitTemplateId:928390912;","3600","3600","Fri Dec 13 03:33:13 PST 2024","","","37C0GNLMHXHTKLM25FXG362DFRDD68","A14ICQPNQ6RZXB","Approved","Fri Dec 06 03:34:36 PST 2024","Fri Dec 06 03:42:50 PST 2024","Fri Dec 06 04:42:50 PST 2024","Fri Dec 06 04:43:35 PST 2024","","","494","100% (9/9)","100% (9/9)","100% (9/9)","recurrent dynamic","循环动力学","循环动态","regret bound","遗憾界限","遗憾界","regret minimization","后悔最小化","遗憾最小化","roll-out policy","回滚策略","展开策略","seq2seq model","seq2seq模型","序列到序列模型","false","true","false","false","false","true","false","false","false","true","false","false","true","false","false","false","false","false","true","false"
"329E6HTMTDGZFO70NSG4BWPP935K3X","30NHI4EO3BHNAT9JQMEIFM3OOCFBT8","Ranking the Quality of AI Terminology Translation from English to Chinese","In this task, you will compare the quality of translations for scientific terms generated by two different methods. The input will include an English term, a context paragraph where the term is used, and its translations in Chinese.","Translation, AI Terminology, Multilingual, Ranking","$0.01","Fri Dec 06 03:33:13 PST 2024","5","BatchId:5277379;OriginalHitTemplateId:928390912;","3600","3600","Fri Dec 13 03:33:13 PST 2024","","","3ZR9AIQJUTNL6EHUAFG6R1YGPBY40L","A198MZX1B7ZOPY","Approved","Fri Dec 06 03:39:49 PST 2024","Fri Dec 06 03:45:32 PST 2024","Fri Dec 06 04:45:32 PST 2024","Fri Dec 06 04:45:35 PST 2024","","","343","100% (17/17)","100% (17/17)","100% (17/17)","recurrent dynamic","循环动力学","循环动态","regret bound","遗憾界限","遗憾界","regret minimization","后悔最小化","遗憾最小化","roll-out policy","回滚策略","展开策略","seq2seq model","seq2seq模型","序列到序列模型","true","false","true","false","true","false","true","false","true","false","false","false","false","false","false","false","false","false","false","false"
"329E6HTMTDGZFO70NSG4BWPP935K3X","30NHI4EO3BHNAT9JQMEIFM3OOCFBT8","Ranking the Quality of AI Terminology Translation from English to Chinese","In this task, you will compare the quality of translations for scientific terms generated by two different methods. The input will include an English term, a context paragraph where the term is used, and its translations in Chinese.","Translation, AI Terminology, Multilingual, Ranking","$0.01","Fri Dec 06 03:33:13 PST 2024","5","BatchId:5277379;OriginalHitTemplateId:928390912;","3600","3600","Fri Dec 13 03:33:13 PST 2024","","","3FPRZHYEPGLGHJZ6DYZC2PW057F3VR","A3AHE81HVRXFCD","Approved","Fri Dec 06 03:34:01 PST 2024","Fri Dec 06 03:50:15 PST 2024","Fri Dec 06 04:50:15 PST 2024","Fri Dec 06 04:50:35 PST 2024","","","974","100% (22/22)","100% (22/22)","100% (22/22)","recurrent dynamic","循环动力学","循环动态","regret bound","遗憾界限","遗憾界","regret minimization","后悔最小化","遗憾最小化","roll-out policy","回滚策略","展开策略","seq2seq model","seq2seq模型","序列到序列模型","false","false","true","false","true","true","true","false","false","false","false","false","false","true","false","false","false","false","false","false"
"329E6HTMTDGZFO70NSG4BWPP935K3X","30NHI4EO3BHNAT9JQMEIFM3OOCFBT8","Ranking the Quality of AI Terminology Translation from English to Chinese","In this task, you will compare the quality of translations for scientific terms generated by two different methods. The input will include an English term, a context paragraph where the term is used, and its translations in Chinese.","Translation, AI Terminology, Multilingual, Ranking","$0.01","Fri Dec 06 03:33:13 PST 2024","5","BatchId:5277379;OriginalHitTemplateId:928390912;","3600","3600","Fri Dec 13 03:33:13 PST 2024","","","33C7UALJV3CMW4PEI1AJMIXVWPZ81Y","A186ORPGIU3WNL","Approved","Fri Dec 06 03:33:40 PST 2024","Fri Dec 06 04:29:04 PST 2024","Fri Dec 06 05:29:04 PST 2024","Fri Dec 06 05:29:35 PST 2024","","","3324","100% (53/53)","100% (52/52)","100% (52/52)","recurrent dynamic","循环动力学","循环动态","regret bound","遗憾界限","遗憾界","regret minimization","后悔最小化","遗憾最小化","roll-out policy","回滚策略","展开策略","seq2seq model","seq2seq模型","序列到序列模型","false","true","true","false","true","true","false","false","false","false","false","false","false","true","false","false","false","false","false","false"
"38EHZ67RJ36VZOJR3J0493622D5MGC","30NHI4EO3BHNAT9JQMEIFM3OOCFBT8","Ranking the Quality of AI Terminology Translation from English to Chinese","In this task, you will compare the quality of translations for scientific terms generated by two different methods. The input will include an English term, a context paragraph where the term is used, and its translations in Chinese.","Translation, AI Terminology, Multilingual, Ranking","$0.01","Fri Dec 06 03:33:13 PST 2024","5","BatchId:5277379;OriginalHitTemplateId:928390912;","3600","3600","Fri Dec 13 03:33:13 PST 2024","","","39OWYR0EP25S1PA424NYAXPRQELYF3","A2FK6782M09EBO","Approved","Fri Dec 06 03:34:01 PST 2024","Fri Dec 06 03:36:13 PST 2024","Fri Dec 06 04:36:13 PST 2024","Fri Dec 06 04:36:35 PST 2024","","","132","100% (3/3)","100% (3/3)","100% (3/3)","sequential decision making","序贯决策","序列决策","similarity function","相似度函数","相似性函数","span","生成子空间","张成","syntactic dependency parsing","句法依存解析","句法依赖解析","tangent space","切线空间","切空间","true","true","false","true","false","false","false","false","false","false","false","false","true","false","true","false","false","false","false","false"
"38EHZ67RJ36VZOJR3J0493622D5MGC","30NHI4EO3BHNAT9JQMEIFM3OOCFBT8","Ranking the Quality of AI Terminology Translation from English to Chinese","In this task, you will compare the quality of translations for scientific terms generated by two different methods. The input will include an English term, a context paragraph where the term is used, and its translations in Chinese.","Translation, AI Terminology, Multilingual, Ranking","$0.01","Fri Dec 06 03:33:13 PST 2024","5","BatchId:5277379;OriginalHitTemplateId:928390912;","3600","3600","Fri Dec 13 03:33:13 PST 2024","","","3JPSL1DZ5AD3TZPIKMSVFGGTPE4ANC","A3AHE81HVRXFCD","Approved","Fri Dec 06 03:33:42 PST 2024","Fri Dec 06 03:44:55 PST 2024","Fri Dec 06 04:44:55 PST 2024","Fri Dec 06 04:45:35 PST 2024","","","673","100% (22/22)","100% (22/22)","100% (22/22)","sequential decision making","序贯决策","序列决策","similarity function","相似度函数","相似性函数","span","生成子空间","张成","syntactic dependency parsing","句法依存解析","句法依赖解析","tangent space","切线空间","切空间","false","true","false","true","false","true","false","false","false","true","false","false","false","false","false","false","false","true","false","false"
"38EHZ67RJ36VZOJR3J0493622D5MGC","30NHI4EO3BHNAT9JQMEIFM3OOCFBT8","Ranking the Quality of AI Terminology Translation from English to Chinese","In this task, you will compare the quality of translations for scientific terms generated by two different methods. The input will include an English term, a context paragraph where the term is used, and its translations in Chinese.","Translation, AI Terminology, Multilingual, Ranking","$0.01","Fri Dec 06 03:33:13 PST 2024","5","BatchId:5277379;OriginalHitTemplateId:928390912;","3600","3600","Fri Dec 13 03:33:13 PST 2024","","","35GCEFQ6IN2XQ34GEVOFNV9WTIL3ZR","A1TXP43LIUV140","Approved","Fri Dec 06 03:34:03 PST 2024","Fri Dec 06 03:46:09 PST 2024","Fri Dec 06 04:46:09 PST 2024","Fri Dec 06 04:46:35 PST 2024","","","726","100% (1/1)","100% (1/1)","100% (1/1)","sequential decision making","序贯决策","序列决策","similarity function","相似度函数","相似性函数","span","生成子空间","张成","syntactic dependency parsing","句法依存解析","句法依赖解析","tangent space","切线空间","切空间","true","true","false","true","true","false","false","true","false","false","false","false","false","false","false","false","false","false","false","false"
"38EHZ67RJ36VZOJR3J0493622D5MGC","30NHI4EO3BHNAT9JQMEIFM3OOCFBT8","Ranking the Quality of AI Terminology Translation from English to Chinese","In this task, you will compare the quality of translations for scientific terms generated by two different methods. The input will include an English term, a context paragraph where the term is used, and its translations in Chinese.","Translation, AI Terminology, Multilingual, Ranking","$0.01","Fri Dec 06 03:33:13 PST 2024","5","BatchId:5277379;OriginalHitTemplateId:928390912;","3600","3600","Fri Dec 13 03:33:13 PST 2024","","","3MHW492WWIRH357GJG4RYO565YVVMY","A3EKM55NFX1H6B","Approved","Fri Dec 06 03:33:50 PST 2024","Fri Dec 06 03:56:20 PST 2024","Fri Dec 06 04:56:20 PST 2024","Fri Dec 06 04:56:35 PST 2024","","","1350","100% (29/29)","100% (29/29)","100% (29/29)","sequential decision making","序贯决策","序列决策","similarity function","相似度函数","相似性函数","span","生成子空间","张成","syntactic dependency parsing","句法依存解析","句法依赖解析","tangent space","切线空间","切空间","false","true","false","true","true","true","false","false","false","false","false","false","false","false","false","false","false","true","false","false"
"38EHZ67RJ36VZOJR3J0493622D5MGC","30NHI4EO3BHNAT9JQMEIFM3OOCFBT8","Ranking the Quality of AI Terminology Translation from English to Chinese","In this task, you will compare the quality of translations for scientific terms generated by two different methods. The input will include an English term, a context paragraph where the term is used, and its translations in Chinese.","Translation, AI Terminology, Multilingual, Ranking","$0.01","Fri Dec 06 03:33:13 PST 2024","5","BatchId:5277379;OriginalHitTemplateId:928390912;","3600","3600","Fri Dec 13 03:33:13 PST 2024","","","3KRVW3HTZ5Z1BDQCPLZMN1LZ6UESM3","AR0QMXHEA9P0M","Approved","Fri Dec 06 03:51:02 PST 2024","Fri Dec 06 04:07:04 PST 2024","Fri Dec 06 05:07:04 PST 2024","Fri Dec 06 05:07:35 PST 2024","","","962","100% (4/4)","100% (4/4)","100% (4/4)","sequential decision making","序贯决策","序列决策","similarity function","相似度函数","相似性函数","span","生成子空间","张成","syntactic dependency parsing","句法依存解析","句法依赖解析","tangent space","切线空间","切空间","false","false","false","false","false","true","false","false","true","false","false","true","true","false","true","false","false","false","false","false"
"3RWB1RTQE01MRCAMC1G8YUJZJZ3P8V","30NHI4EO3BHNAT9JQMEIFM3OOCFBT8","Ranking the Quality of AI Terminology Translation from English to Chinese","In this task, you will compare the quality of translations for scientific terms generated by two different methods. The input will include an English term, a context paragraph where the term is used, and its translations in Chinese.","Translation, AI Terminology, Multilingual, Ranking","$0.01","Fri Dec 06 03:33:13 PST 2024","5","BatchId:5277379;OriginalHitTemplateId:928390912;","3600","3600","Fri Dec 13 03:33:13 PST 2024","","","3AUQQEL7UN7K0R09UBHT0RYT2VV0VT","A2QX81MMC8KN80","Approved","Fri Dec 06 03:33:58 PST 2024","Fri Dec 06 03:40:31 PST 2024","Fri Dec 06 04:40:31 PST 2024","Fri Dec 06 04:40:35 PST 2024","","","393","100% (22/22)","100% (22/22)","100% (22/22)","word alignment","词对齐","单词对齐","-","-","-","-","-","-","-","-","-","-","-","-","false","false","false","false","false","true","false","false","true","false","false","true","false","false","true","false","false","true","false","false"
"3RWB1RTQE01MRCAMC1G8YUJZJZ3P8V","30NHI4EO3BHNAT9JQMEIFM3OOCFBT8","Ranking the Quality of AI Terminology Translation from English to Chinese","In this task, you will compare the quality of translations for scientific terms generated by two different methods. The input will include an English term, a context paragraph where the term is used, and its translations in Chinese.","Translation, AI Terminology, Multilingual, Ranking","$0.01","Fri Dec 06 03:33:13 PST 2024","5","BatchId:5277379;OriginalHitTemplateId:928390912;","3600","3600","Fri Dec 13 03:33:13 PST 2024","","","3HPZF4IVN47LYDQUB2XX2R4OT20CYF","A2E2FFMXS9F9KR","Approved","Fri Dec 06 04:34:03 PST 2024","Fri Dec 06 04:36:40 PST 2024","Fri Dec 06 05:36:40 PST 2024","Fri Dec 06 05:37:35 PST 2024","","","157","100% (51/51)","100% (51/51)","100% (51/51)","word alignment","词对齐","单词对齐","-","-","-","-","-","-","-","-","-","-","-","-","true","false","false","false","false","false","false","false","false","false","false","false","false","false","false","false","true","true","true","true"
"3RWB1RTQE01MRCAMC1G8YUJZJZ3P8V","30NHI4EO3BHNAT9JQMEIFM3OOCFBT8","Ranking the Quality of AI Terminology Translation from English to Chinese","In this task, you will compare the quality of translations for scientific terms generated by two different methods. The input will include an English term, a context paragraph where the term is used, and its translations in Chinese.","Translation, AI Terminology, Multilingual, Ranking","$0.01","Fri Dec 06 03:33:13 PST 2024","5","BatchId:5277379;OriginalHitTemplateId:928390912;","3600","3600","Fri Dec 13 03:33:13 PST 2024","","","3UXUOQ9OKWBEQEXV4FB6JJU3PZZA71","A2FXDEKCCUT9OJ","Approved","Fri Dec 06 04:33:48 PST 2024","Fri Dec 06 04:49:41 PST 2024","Fri Dec 06 05:49:41 PST 2024","Fri Dec 06 05:50:35 PST 2024","","","953","100% (36/36)","100% (36/36)","100% (36/36)","word alignment","词对齐","单词对齐","-","-","-","-","-","-","-","-","-","-","-","-","false","true","true","true","true","false","false","false","false","false","true","false","false","false","false","false","false","false","false","false"
"3RWB1RTQE01MRCAMC1G8YUJZJZ3P8V","30NHI4EO3BHNAT9JQMEIFM3OOCFBT8","Ranking the Quality of AI Terminology Translation from English to Chinese","In this task, you will compare the quality of translations for scientific terms generated by two different methods. The input will include an English term, a context paragraph where the term is used, and its translations in Chinese.","Translation, AI Terminology, Multilingual, Ranking","$0.01","Fri Dec 06 03:33:13 PST 2024","5","BatchId:5277379;OriginalHitTemplateId:928390912;","3600","3600","Fri Dec 13 03:33:13 PST 2024","","","3KXIR214IMUS2OK8P2KKAPRVMAP24C","A3QIWEQXAGMGD","Approved","Fri Dec 06 04:34:21 PST 2024","Fri Dec 06 05:12:00 PST 2024","Fri Dec 06 06:12:00 PST 2024","Fri Dec 06 06:12:35 PST 2024","","","2259","100% (26/26)","100% (26/26)","100% (26/26)","word alignment","词对齐","单词对齐","-","-","-","-","-","-","-","-","-","-","-","-","true","false","false","false","false","false","false","false","false","false","false","false","false","false","false","false","true","true","true","true"
"3RWB1RTQE01MRCAMC1G8YUJZJZ3P8V","30NHI4EO3BHNAT9JQMEIFM3OOCFBT8","Ranking the Quality of AI Terminology Translation from English to Chinese","In this task, you will compare the quality of translations for scientific terms generated by two different methods. The input will include an English term, a context paragraph where the term is used, and its translations in Chinese.","Translation, AI Terminology, Multilingual, Ranking","$0.01","Fri Dec 06 03:33:13 PST 2024","5","BatchId:5277379;OriginalHitTemplateId:928390912;","3600","3600","Fri Dec 13 03:33:13 PST 2024","","","3VNXK88KKUW2WLOMU70MT2ZM5ZO9VD","AWGV35294HOYB","Approved","Fri Dec 06 04:34:07 PST 2024","Fri Dec 06 05:27:10 PST 2024","Fri Dec 06 06:27:10 PST 2024","Fri Dec 06 06:27:35 PST 2024","","","3183","100% (43/43)","100% (43/43)","100% (43/43)","word alignment","词对齐","单词对齐","-","-","-","-","-","-","-","-","-","-","-","-","false","false","false","false","false","true","false","false","false","false","false","false","false","false","false","false","true","true","true","true"