"HITId","HITTypeId","Title","Description","Keywords","Reward","CreationTime","MaxAssignments","RequesterAnnotation","AssignmentDurationInSeconds","AutoApprovalDelayInSeconds","Expiration","NumberOfSimilarHITs","LifetimeInSeconds","AssignmentId","WorkerId","AssignmentStatus","AcceptTime","SubmitTime","AutoApprovalTime","ApprovalTime","RejectionTime","RequesterFeedback","WorkTimeInSeconds","LifetimeApprovalRate","Last30DaysApprovalRate","Last7DaysApprovalRate","Input.en_word1","Input.anno1_word1","Input.anno2_word1","Input.en_word2","Input.anno1_word2","Input.anno2_word2","Input.en_word3","Input.anno1_word3","Input.anno2_word3","Input.en_word4","Input.anno1_word4","Input.anno2_word4","Input.en_word5","Input.anno1_word5","Input.anno2_word5","Answer.A.1","Answer.A.2","Answer.A.3","Answer.A.4","Answer.A.5","Answer.B.1","Answer.B.2","Answer.B.3","Answer.B.4","Answer.B.5","Answer.C.1","Answer.C.2","Answer.C.3","Answer.C.4","Answer.C.5","Answer.D.1","Answer.D.2","Answer.D.3","Answer.D.4","Answer.D.5","Approve","Reject"
"31GN6YMHM66UU5MW2L087FRWOQDWSX","38O8SQPJL62HJKMEV8VSLUJXAI2UVO","Ranking the Quality of AI Terminology Translation from English to Japanese","In this task, you will compare the quality of translations for scientific terms generated by two different methods. The input will include an English term, a context paragraph where the term is used, and its translations in Japanese.","Translation, AI Terminology, Multilingual, Ranking","$0.01","Fri Dec 06 03:40:43 PST 2024","5","BatchId:5277383;OriginalHitTemplateId:928390912;","3600","3600","Fri Dec 13 03:40:43 PST 2024","","","3WZ36BJEVLU67MZUNWE3JQ6RWEIBTG","A2FXDEKCCUT9OJ","Approved","Fri Dec 06 03:41:32 PST 2024","Fri Dec 06 04:02:56 PST 2024","Fri Dec 06 05:02:56 PST 2024","Fri Dec 06 05:03:35 PST 2024","","","1284","100% (36/36)","100% (36/36)","100% (36/36)","classifying","分類","分類し","FeSTE","パーティー","FeSTE","OOV","語彙外","OOV","PaLM","パルム","PaLM","morphological","形態論的","形態的","true","false","true","true","false","false","false","false","false","true","false","true","false","false","false","false","false","false","false","false"
"31GN6YMHM66UU5MW2L087FRWOQDWSX","38O8SQPJL62HJKMEV8VSLUJXAI2UVO","Ranking the Quality of AI Terminology Translation from English to Japanese","In this task, you will compare the quality of translations for scientific terms generated by two different methods. The input will include an English term, a context paragraph where the term is used, and its translations in Japanese.","Translation, AI Terminology, Multilingual, Ranking","$0.01","Fri Dec 06 03:40:43 PST 2024","5","BatchId:5277383;OriginalHitTemplateId:928390912;","3600","3600","Fri Dec 13 03:40:43 PST 2024","","","3R2UR8A0ISUX7XXNWBKMEDRWG9OOXF","A186ORPGIU3WNL","Approved","Fri Dec 06 03:41:25 PST 2024","Fri Dec 06 04:37:45 PST 2024","Fri Dec 06 05:37:45 PST 2024","Fri Dec 06 05:38:35 PST 2024","","","3380","100% (53/53)","100% (52/52)","100% (52/52)","classifying","分類","分類し","FeSTE","パーティー","FeSTE","OOV","語彙外","OOV","PaLM","パルム","PaLM","morphological","形態論的","形態的","false","true","false","false","false","true","false","true","true","true","false","false","false","false","false","false","false","false","false","false"
"31GN6YMHM66UU5MW2L087FRWOQDWSX","38O8SQPJL62HJKMEV8VSLUJXAI2UVO","Ranking the Quality of AI Terminology Translation from English to Japanese","In this task, you will compare the quality of translations for scientific terms generated by two different methods. The input will include an English term, a context paragraph where the term is used, and its translations in Japanese.","Translation, AI Terminology, Multilingual, Ranking","$0.01","Fri Dec 06 03:40:43 PST 2024","5","BatchId:5277383;OriginalHitTemplateId:928390912;","3600","3600","Fri Dec 13 03:40:43 PST 2024","","","3VZLGYJEY3O961BUYKV3UBY00DRXZQ","A2P8U65V6NL7B5","Approved","Fri Dec 06 04:41:46 PST 2024","Fri Dec 06 05:33:12 PST 2024","Fri Dec 06 06:33:12 PST 2024","Fri Dec 06 06:33:35 PST 2024","","","3086","100% (49/49)","100% (49/49)","100% (49/49)","classifying","分類","分類し","FeSTE","パーティー","FeSTE","OOV","語彙外","OOV","PaLM","パルム","PaLM","morphological","形態論的","形態的","true","false","true","true","false","false","false","false","false","true","false","false","false","false","false","false","true","false","false","false"
"31GN6YMHM66UU5MW2L087FRWOQDWSX","38O8SQPJL62HJKMEV8VSLUJXAI2UVO","Ranking the Quality of AI Terminology Translation from English to Japanese","In this task, you will compare the quality of translations for scientific terms generated by two different methods. The input will include an English term, a context paragraph where the term is used, and its translations in Japanese.","Translation, AI Terminology, Multilingual, Ranking","$0.01","Fri Dec 06 03:40:43 PST 2024","5","BatchId:5277383;OriginalHitTemplateId:928390912;","3600","3600","Fri Dec 13 03:40:43 PST 2024","","","36NEMU28XXRUIU7L9Q9NKQOKC8AMWE","A13QHI6P2C910K","Approved","Fri Dec 06 04:42:02 PST 2024","Fri Dec 06 05:35:53 PST 2024","Fri Dec 06 06:35:53 PST 2024","Fri Dec 06 06:36:35 PST 2024","","","3231","100% (39/39)","100% (39/39)","100% (39/39)","classifying","分類","分類し","FeSTE","パーティー","FeSTE","OOV","語彙外","OOV","PaLM","パルム","PaLM","morphological","形態論的","形態的","false","false","false","true","false","true","false","true","false","true","false","true","false","false","false","false","false","false","false","false"
"31GN6YMHM66UU5MW2L087FRWOQDWSX","38O8SQPJL62HJKMEV8VSLUJXAI2UVO","Ranking the Quality of AI Terminology Translation from English to Japanese","In this task, you will compare the quality of translations for scientific terms generated by two different methods. The input will include an English term, a context paragraph where the term is used, and its translations in Japanese.","Translation, AI Terminology, Multilingual, Ranking","$0.01","Fri Dec 06 03:40:43 PST 2024","5","BatchId:5277383;OriginalHitTemplateId:928390912;","3600","3600","Fri Dec 13 03:40:43 PST 2024","","","3RKNTXVS34CH7RFC2HDZG7ATYYMA4W","A2O4PW85X1GQA1","Approved","Fri Dec 06 04:42:01 PST 2024","Fri Dec 06 05:39:51 PST 2024","Fri Dec 06 06:39:51 PST 2024","Fri Dec 06 06:40:35 PST 2024","","","3470","100% (15/15)","100% (15/15)","100% (15/15)","classifying","分類","分類し","FeSTE","パーティー","FeSTE","OOV","語彙外","OOV","PaLM","パルム","PaLM","morphological","形態論的","形態的","true","false","true","true","true","false","false","false","false","false","false","false","false","false","false","false","true","false","false","false"
"3VDVA3ILJUTY3ZX2AXH6PBIZ42B1GK","38O8SQPJL62HJKMEV8VSLUJXAI2UVO","Ranking the Quality of AI Terminology Translation from English to Japanese","In this task, you will compare the quality of translations for scientific terms generated by two different methods. The input will include an English term, a context paragraph where the term is used, and its translations in Japanese.","Translation, AI Terminology, Multilingual, Ranking","$0.01","Fri Dec 06 03:40:43 PST 2024","5","BatchId:5277383;OriginalHitTemplateId:928390912;","3600","3600","Fri Dec 13 03:40:43 PST 2024","","","3MYYFCXHJLLIHISFOH59CTLWWSUG47","A3T0HNF8ITA98Y","Approved","Fri Dec 06 03:42:40 PST 2024","Fri Dec 06 03:43:44 PST 2024","Fri Dec 06 04:43:44 PST 2024","Fri Dec 06 04:44:35 PST 2024","","","64","100% (1/1)","100% (1/1)","100% (1/1)","GLUE","のり","GLUE","syntactic","構文的","構文","features","特徴","機能","KinyaBERT","キンヤバート","KinyaBERT","QED","は","QED","false","false","false","false","false","false","true","false","true","false","true","false","false","false","false","false","false","true","false","true"
"3VDVA3ILJUTY3ZX2AXH6PBIZ42B1GK","38O8SQPJL62HJKMEV8VSLUJXAI2UVO","Ranking the Quality of AI Terminology Translation from English to Japanese","In this task, you will compare the quality of translations for scientific terms generated by two different methods. The input will include an English term, a context paragraph where the term is used, and its translations in Japanese.","Translation, AI Terminology, Multilingual, Ranking","$0.01","Fri Dec 06 03:40:43 PST 2024","5","BatchId:5277383;OriginalHitTemplateId:928390912;","3600","3600","Fri Dec 13 03:40:43 PST 2024","","","3AQF3RZ55QWQI50YWLS6R65YR406FJ","A1KYZPQ0T7WECC","Approved","Fri Dec 06 03:42:14 PST 2024","Fri Dec 06 04:04:45 PST 2024","Fri Dec 06 05:04:45 PST 2024","Fri Dec 06 05:05:35 PST 2024","","","1351","100% (15/15)","100% (15/15)","100% (14/14)","GLUE","のり","GLUE","syntactic","構文的","構文","features","特徴","機能","KinyaBERT","キンヤバート","KinyaBERT","QED","は","QED","false","false","true","true","false","false","true","false","false","false","true","false","false","false","true","false","false","false","false","false"
"3VDVA3ILJUTY3ZX2AXH6PBIZ42B1GK","38O8SQPJL62HJKMEV8VSLUJXAI2UVO","Ranking the Quality of AI Terminology Translation from English to Japanese","In this task, you will compare the quality of translations for scientific terms generated by two different methods. The input will include an English term, a context paragraph where the term is used, and its translations in Japanese.","Translation, AI Terminology, Multilingual, Ranking","$0.01","Fri Dec 06 03:40:43 PST 2024","5","BatchId:5277383;OriginalHitTemplateId:928390912;","3600","3600","Fri Dec 13 03:40:43 PST 2024","","","3ERMJ6L4DG6FSF6K1I1BSAP3JGUM73","A3Q32FL0WWF4KZ","Approved","Fri Dec 06 03:41:16 PST 2024","Fri Dec 06 04:20:02 PST 2024","Fri Dec 06 05:20:02 PST 2024","Fri Dec 06 05:20:35 PST 2024","","","2326","100% (40/40)","100% (40/40)","100% (40/40)","GLUE","のり","GLUE","syntactic","構文的","構文","features","特徴","機能","KinyaBERT","キンヤバート","KinyaBERT","QED","は","QED","false","true","true","true","false","true","false","false","false","false","false","false","false","false","false","false","false","false","false","true"
"3VDVA3ILJUTY3ZX2AXH6PBIZ42B1GK","38O8SQPJL62HJKMEV8VSLUJXAI2UVO","Ranking the Quality of AI Terminology Translation from English to Japanese","In this task, you will compare the quality of translations for scientific terms generated by two different methods. The input will include an English term, a context paragraph where the term is used, and its translations in Japanese.","Translation, AI Terminology, Multilingual, Ranking","$0.01","Fri Dec 06 03:40:43 PST 2024","5","BatchId:5277383;OriginalHitTemplateId:928390912;","3600","3600","Fri Dec 13 03:40:43 PST 2024","","","3IQ1VMJRYBYI4XLOJC9QXFL9KPV9AK","A3OAFR48DADAOM","Approved","Fri Dec 06 03:42:16 PST 2024","Fri Dec 06 04:23:41 PST 2024","Fri Dec 06 05:23:41 PST 2024","Fri Dec 06 05:24:35 PST 2024","","","2485","100% (41/41)","100% (41/41)","100% (41/41)","GLUE","のり","GLUE","syntactic","構文的","構文","features","特徴","機能","KinyaBERT","キンヤバート","KinyaBERT","QED","は","QED","false","false","true","true","false","false","true","false","false","false","true","false","false","false","true","false","false","false","false","false"
"3VDVA3ILJUTY3ZX2AXH6PBIZ42B1GK","38O8SQPJL62HJKMEV8VSLUJXAI2UVO","Ranking the Quality of AI Terminology Translation from English to Japanese","In this task, you will compare the quality of translations for scientific terms generated by two different methods. The input will include an English term, a context paragraph where the term is used, and its translations in Japanese.","Translation, AI Terminology, Multilingual, Ranking","$0.01","Fri Dec 06 03:40:43 PST 2024","5","BatchId:5277383;OriginalHitTemplateId:928390912;","3600","3600","Fri Dec 13 03:40:43 PST 2024","","","3LOTDFNYAPDOCKF4N35AP04BF6RWF8","A1U6UPXOFCXR24","Approved","Fri Dec 06 03:41:30 PST 2024","Fri Dec 06 04:28:24 PST 2024","Fri Dec 06 05:28:24 PST 2024","Fri Dec 06 05:28:35 PST 2024","","","2814","100% (17/17)","100% (17/17)","100% (17/17)","GLUE","のり","GLUE","syntactic","構文的","構文","features","特徴","機能","KinyaBERT","キンヤバート","KinyaBERT","QED","は","QED","false","false","true","true","false","true","true","false","false","false","false","false","false","false","true","false","false","false","false","false"
"3PZDSVZ3KMVL5QB7KJD3DTYZHY6N4Q","38O8SQPJL62HJKMEV8VSLUJXAI2UVO","Ranking the Quality of AI Terminology Translation from English to Japanese","In this task, you will compare the quality of translations for scientific terms generated by two different methods. The input will include an English term, a context paragraph where the term is used, and its translations in Japanese.","Translation, AI Terminology, Multilingual, Ranking","$0.01","Fri Dec 06 03:40:43 PST 2024","5","BatchId:5277383;OriginalHitTemplateId:928390912;","3600","3600","Fri Dec 13 03:40:43 PST 2024","","","3CTOC39K3P4PR70ZYLOJCIXMFMZJ7W","A3IG9HHR3NL9R0","Approved","Fri Dec 06 04:41:44 PST 2024","Fri Dec 06 04:56:13 PST 2024","Fri Dec 06 05:56:13 PST 2024","Fri Dec 06 05:56:35 PST 2024","","","869","100% (50/50)","100% (50/50)","100% (50/50)","grounding","グラウンディング","教育付け","algorithms","アルゴリズム","アリゴリズム","training","学習","訓練","pretrained","事前学習済み","事前訓練された","ViLBERT","ビルバート","ViLBERT","false","false","true","true","true","true","true","false","false","false","false","false","false","false","false","false","false","false","false","false"
"3PZDSVZ3KMVL5QB7KJD3DTYZHY6N4Q","38O8SQPJL62HJKMEV8VSLUJXAI2UVO","Ranking the Quality of AI Terminology Translation from English to Japanese","In this task, you will compare the quality of translations for scientific terms generated by two different methods. The input will include an English term, a context paragraph where the term is used, and its translations in Japanese.","Translation, AI Terminology, Multilingual, Ranking","$0.01","Fri Dec 06 03:40:43 PST 2024","5","BatchId:5277383;OriginalHitTemplateId:928390912;","3600","3600","Fri Dec 13 03:40:43 PST 2024","","","3HSYG7LRB1C8X6D1Z0D4H22L0W6KKB","A2ML30H0T2HO1J","Approved","Fri Dec 06 04:42:02 PST 2024","Fri Dec 06 05:17:23 PST 2024","Fri Dec 06 06:17:23 PST 2024","Fri Dec 06 06:17:35 PST 2024","","","2121","100% (20/20)","100% (20/20)","100% (20/20)","grounding","グラウンディング","教育付け","algorithms","アルゴリズム","アリゴリズム","training","学習","訓練","pretrained","事前学習済み","事前訓練された","ViLBERT","ビルバート","ViLBERT","false","false","false","true","false","false","false","true","false","true","true","false","false","false","false","false","true","false","false","false"
"3PZDSVZ3KMVL5QB7KJD3DTYZHY6N4Q","38O8SQPJL62HJKMEV8VSLUJXAI2UVO","Ranking the Quality of AI Terminology Translation from English to Japanese","In this task, you will compare the quality of translations for scientific terms generated by two different methods. The input will include an English term, a context paragraph where the term is used, and its translations in Japanese.","Translation, AI Terminology, Multilingual, Ranking","$0.01","Fri Dec 06 03:40:43 PST 2024","5","BatchId:5277383;OriginalHitTemplateId:928390912;","3600","3600","Fri Dec 13 03:40:43 PST 2024","","","3Z9WI9EOZH2HVGCTTFA74AMT8GBHKF","A2O4PW85X1GQA1","Approved","Fri Dec 06 05:43:06 PST 2024","Fri Dec 06 05:45:09 PST 2024","Fri Dec 06 06:45:09 PST 2024","Fri Dec 06 06:45:35 PST 2024","","","123","100% (15/15)","100% (15/15)","100% (15/15)","grounding","グラウンディング","教育付け","algorithms","アルゴリズム","アリゴリズム","training","学習","訓練","pretrained","事前学習済み","事前訓練された","ViLBERT","ビルバート","ViLBERT","false","false","true","true","true","true","true","false","false","false","false","false","false","false","false","false","false","false","false","false"
"3PZDSVZ3KMVL5QB7KJD3DTYZHY6N4Q","38O8SQPJL62HJKMEV8VSLUJXAI2UVO","Ranking the Quality of AI Terminology Translation from English to Japanese","In this task, you will compare the quality of translations for scientific terms generated by two different methods. The input will include an English term, a context paragraph where the term is used, and its translations in Japanese.","Translation, AI Terminology, Multilingual, Ranking","$0.01","Fri Dec 06 03:40:43 PST 2024","5","BatchId:5277383;OriginalHitTemplateId:928390912;","3600","3600","Fri Dec 13 03:40:43 PST 2024","","","3IQ1VMJRYBYI4XLOJC9QXFL9KQ0A9S","A42LJXMJ3CFRU","Approved","Fri Dec 06 05:42:23 PST 2024","Fri Dec 06 05:46:50 PST 2024","Fri Dec 06 06:46:50 PST 2024","Fri Dec 06 06:47:35 PST 2024","","","267","100% (4/4)","100% (4/4)","100% (4/4)","grounding","グラウンディング","教育付け","algorithms","アルゴリズム","アリゴリズム","training","学習","訓練","pretrained","事前学習済み","事前訓練された","ViLBERT","ビルバート","ViLBERT","false","false","false","false","false","true","true","false","true","false","false","false","true","false","false","false","false","false","false","true"
"3PZDSVZ3KMVL5QB7KJD3DTYZHY6N4Q","38O8SQPJL62HJKMEV8VSLUJXAI2UVO","Ranking the Quality of AI Terminology Translation from English to Japanese","In this task, you will compare the quality of translations for scientific terms generated by two different methods. The input will include an English term, a context paragraph where the term is used, and its translations in Japanese.","Translation, AI Terminology, Multilingual, Ranking","$0.01","Fri Dec 06 03:40:43 PST 2024","5","BatchId:5277383;OriginalHitTemplateId:928390912;","3600","3600","Fri Dec 13 03:40:43 PST 2024","","","3U8YCDAGX7USVJ4S8CNJU4ZLL4SQ03","ASML73P0NOOVV","Approved","Fri Dec 06 05:42:56 PST 2024","Fri Dec 06 05:49:00 PST 2024","Fri Dec 06 06:49:00 PST 2024","Fri Dec 06 06:49:35 PST 2024","","","364","100% (24/24)","100% (24/24)","100% (24/24)","grounding","グラウンディング","教育付け","algorithms","アルゴリズム","アリゴリズム","training","学習","訓練","pretrained","事前学習済み","事前訓練された","ViLBERT","ビルバート","ViLBERT","false","false","true","true","true","false","true","false","false","false","false","false","false","false","false","false","false","false","false","false"
"3EHVO81VOMZC3VSDU3ZOABU0J2O1HJ","38O8SQPJL62HJKMEV8VSLUJXAI2UVO","Ranking the Quality of AI Terminology Translation from English to Japanese","In this task, you will compare the quality of translations for scientific terms generated by two different methods. The input will include an English term, a context paragraph where the term is used, and its translations in Japanese.","Translation, AI Terminology, Multilingual, Ranking","$0.01","Fri Dec 06 03:40:43 PST 2024","5","BatchId:5277383;OriginalHitTemplateId:928390912;","3600","3600","Fri Dec 13 03:40:43 PST 2024","","","3EG49X351CQ7IRRJWFYSXD55V9UX6Z","ASML73P0NOOVV","Approved","Fri Dec 06 03:41:29 PST 2024","Fri Dec 06 04:10:58 PST 2024","Fri Dec 06 05:10:58 PST 2024","Fri Dec 06 05:11:35 PST 2024","","","1769","100% (24/24)","100% (24/24)","100% (24/24)","subword","サブワード","サブ単語","CodeBERT","コードBERT","CodeBERT","computational","計算的","計算","motivated","動機づけられた","動機づけられる","BART","バート","BART","false","true","false","false","true","true","false","true","true","false","false","false","false","false","false","false","false","false","false","false"
"3EHVO81VOMZC3VSDU3ZOABU0J2O1HJ","38O8SQPJL62HJKMEV8VSLUJXAI2UVO","Ranking the Quality of AI Terminology Translation from English to Japanese","In this task, you will compare the quality of translations for scientific terms generated by two different methods. The input will include an English term, a context paragraph where the term is used, and its translations in Japanese.","Translation, AI Terminology, Multilingual, Ranking","$0.01","Fri Dec 06 03:40:43 PST 2024","5","BatchId:5277383;OriginalHitTemplateId:928390912;","3600","3600","Fri Dec 13 03:40:43 PST 2024","","","3UJ1CZ6IZZ333656XMI06ZADKZI5SK","AWPXR7XE6B8KD","Approved","Fri Dec 06 03:41:39 PST 2024","Fri Dec 06 04:11:50 PST 2024","Fri Dec 06 05:11:50 PST 2024","Fri Dec 06 05:12:35 PST 2024","","","1811","100% (17/17)","100% (17/17)","100% (17/17)","subword","サブワード","サブ単語","CodeBERT","コードBERT","CodeBERT","computational","計算的","計算","motivated","動機づけられた","動機づけられる","BART","バート","BART","true","true","false","false","true","false","false","true","true","false","false","false","false","false","false","false","false","false","false","false"
"3EHVO81VOMZC3VSDU3ZOABU0J2O1HJ","38O8SQPJL62HJKMEV8VSLUJXAI2UVO","Ranking the Quality of AI Terminology Translation from English to Japanese","In this task, you will compare the quality of translations for scientific terms generated by two different methods. The input will include an English term, a context paragraph where the term is used, and its translations in Japanese.","Translation, AI Terminology, Multilingual, Ranking","$0.01","Fri Dec 06 03:40:43 PST 2024","5","BatchId:5277383;OriginalHitTemplateId:928390912;","3600","3600","Fri Dec 13 03:40:43 PST 2024","","","3TPWUS5F8RFH98VUW1F9HUJ8ITZWCX","A186ORPGIU3WNL","Approved","Fri Dec 06 03:41:18 PST 2024","Fri Dec 06 04:36:53 PST 2024","Fri Dec 06 05:36:53 PST 2024","Fri Dec 06 05:37:35 PST 2024","","","3335","100% (53/53)","100% (52/52)","100% (52/52)","subword","サブワード","サブ単語","CodeBERT","コードBERT","CodeBERT","computational","計算的","計算","motivated","動機づけられた","動機づけられる","BART","バート","BART","true","true","false","false","true","false","false","true","true","false","false","false","false","false","false","false","false","false","false","false"
"3EHVO81VOMZC3VSDU3ZOABU0J2O1HJ","38O8SQPJL62HJKMEV8VSLUJXAI2UVO","Ranking the Quality of AI Terminology Translation from English to Japanese","In this task, you will compare the quality of translations for scientific terms generated by two different methods. The input will include an English term, a context paragraph where the term is used, and its translations in Japanese.","Translation, AI Terminology, Multilingual, Ranking","$0.01","Fri Dec 06 03:40:43 PST 2024","5","BatchId:5277383;OriginalHitTemplateId:928390912;","3600","3600","Fri Dec 13 03:40:43 PST 2024","","","3NC5L260M60G7B62WHE086RPC4SOFO","A9M8N3BOH6013","Approved","Fri Dec 06 04:41:46 PST 2024","Fri Dec 06 05:00:16 PST 2024","Fri Dec 06 06:00:16 PST 2024","Fri Dec 06 06:00:35 PST 2024","","","1110","100% (44/44)","100% (44/44)","100% (44/44)","subword","サブワード","サブ単語","CodeBERT","コードBERT","CodeBERT","computational","計算的","計算","motivated","動機づけられた","動機づけられる","BART","バート","BART","true","true","false","false","true","false","false","true","true","false","false","false","false","false","false","false","false","false","false","false"
"3EHVO81VOMZC3VSDU3ZOABU0J2O1HJ","38O8SQPJL62HJKMEV8VSLUJXAI2UVO","Ranking the Quality of AI Terminology Translation from English to Japanese","In this task, you will compare the quality of translations for scientific terms generated by two different methods. The input will include an English term, a context paragraph where the term is used, and its translations in Japanese.","Translation, AI Terminology, Multilingual, Ranking","$0.01","Fri Dec 06 03:40:43 PST 2024","5","BatchId:5277383;OriginalHitTemplateId:928390912;","3600","3600","Fri Dec 13 03:40:43 PST 2024","","","3YJ6NA41JTUEXD4ZU7I0C4O7FHCPJI","A11JXYZDAUX0UP","Approved","Fri Dec 06 04:41:58 PST 2024","Fri Dec 06 05:40:05 PST 2024","Fri Dec 06 06:40:05 PST 2024","Fri Dec 06 06:40:35 PST 2024","","","3487","100% (1186/1186)","100% (1186/1186)","100% (1184/1184)","subword","サブワード","サブ単語","CodeBERT","コードBERT","CodeBERT","computational","計算的","計算","motivated","動機づけられた","動機づけられる","BART","バート","BART","true","true","false","false","true","false","false","true","true","false","false","false","false","false","false","false","false","false","false","false"
"30QQTY5GN1YVJ3DZJINWU0A3GWPU79","38O8SQPJL62HJKMEV8VSLUJXAI2UVO","Ranking the Quality of AI Terminology Translation from English to Japanese","In this task, you will compare the quality of translations for scientific terms generated by two different methods. The input will include an English term, a context paragraph where the term is used, and its translations in Japanese.","Translation, AI Terminology, Multilingual, Ranking","$0.01","Fri Dec 06 03:40:43 PST 2024","5","BatchId:5277383;OriginalHitTemplateId:928390912;","3600","3600","Fri Dec 13 03:40:43 PST 2024","","","3TU5ZICBRVFAD89V3G0YNJ5341YQ8I","A3I1OLOTCWCIET","Approved","Fri Dec 06 03:41:48 PST 2024","Fri Dec 06 03:44:52 PST 2024","Fri Dec 06 04:44:52 PST 2024","Fri Dec 06 04:45:35 PST 2024","","","184","100% (10/10)","100% (10/10)","100% (10/10)","dependencies","依存関係","依存性","classifiers","分類器","類別詞","extractive","抽出的","抽出","documents","文書","文章","Semantic","セマンティック","意味論","false","true","false","true","false","true","false","true","false","false","false","false","false","false","true","false","false","false","false","false"
"30QQTY5GN1YVJ3DZJINWU0A3GWPU79","38O8SQPJL62HJKMEV8VSLUJXAI2UVO","Ranking the Quality of AI Terminology Translation from English to Japanese","In this task, you will compare the quality of translations for scientific terms generated by two different methods. The input will include an English term, a context paragraph where the term is used, and its translations in Japanese.","Translation, AI Terminology, Multilingual, Ranking","$0.01","Fri Dec 06 03:40:43 PST 2024","5","BatchId:5277383;OriginalHitTemplateId:928390912;","3600","3600","Fri Dec 13 03:40:43 PST 2024","","","3I7DHKZYG5EUZ10KR2I1Z0RYV9OF5B","A2FXDEKCCUT9OJ","Approved","Fri Dec 06 03:41:39 PST 2024","Fri Dec 06 04:04:09 PST 2024","Fri Dec 06 05:04:09 PST 2024","Fri Dec 06 05:04:35 PST 2024","","","1350","100% (36/36)","100% (36/36)","100% (36/36)","dependencies","依存関係","依存性","classifiers","分類器","類別詞","extractive","抽出的","抽出","documents","文書","文章","Semantic","セマンティック","意味論","true","false","false","false","true","false","true","false","true","false","false","false","true","false","false","false","false","false","false","false"
"30QQTY5GN1YVJ3DZJINWU0A3GWPU79","38O8SQPJL62HJKMEV8VSLUJXAI2UVO","Ranking the Quality of AI Terminology Translation from English to Japanese","In this task, you will compare the quality of translations for scientific terms generated by two different methods. The input will include an English term, a context paragraph where the term is used, and its translations in Japanese.","Translation, AI Terminology, Multilingual, Ranking","$0.01","Fri Dec 06 03:40:43 PST 2024","5","BatchId:5277383;OriginalHitTemplateId:928390912;","3600","3600","Fri Dec 13 03:40:43 PST 2024","","","3E13VNJ1N59FLA1RRNMAZ7R9ZLB1I6","A39PWDRYNY2WM0","Approved","Fri Dec 06 03:41:17 PST 2024","Fri Dec 06 04:12:00 PST 2024","Fri Dec 06 05:12:00 PST 2024","Fri Dec 06 05:12:35 PST 2024","","","1843","100% (55/55)","100% (55/55)","100% (55/55)","dependencies","依存関係","依存性","classifiers","分類器","類別詞","extractive","抽出的","抽出","documents","文書","文章","Semantic","セマンティック","意味論","true","false","false","true","true","false","true","false","false","false","false","false","true","false","false","false","false","false","false","false"
"30QQTY5GN1YVJ3DZJINWU0A3GWPU79","38O8SQPJL62HJKMEV8VSLUJXAI2UVO","Ranking the Quality of AI Terminology Translation from English to Japanese","In this task, you will compare the quality of translations for scientific terms generated by two different methods. The input will include an English term, a context paragraph where the term is used, and its translations in Japanese.","Translation, AI Terminology, Multilingual, Ranking","$0.01","Fri Dec 06 03:40:43 PST 2024","5","BatchId:5277383;OriginalHitTemplateId:928390912;","3600","3600","Fri Dec 13 03:40:43 PST 2024","","","3OS4RQUCRRTWOHHTSC9E2MRQ55AFBC","A186ORPGIU3WNL","Approved","Fri Dec 06 03:41:41 PST 2024","Fri Dec 06 04:38:56 PST 2024","Fri Dec 06 05:38:56 PST 2024","Fri Dec 06 05:39:35 PST 2024","","","3435","100% (53/53)","100% (52/52)","100% (52/52)","dependencies","依存関係","依存性","classifiers","分類器","類別詞","extractive","抽出的","抽出","documents","文書","文章","Semantic","セマンティック","意味論","true","false","false","false","true","false","true","false","true","false","false","false","true","false","false","false","false","false","false","false"
"30QQTY5GN1YVJ3DZJINWU0A3GWPU79","38O8SQPJL62HJKMEV8VSLUJXAI2UVO","Ranking the Quality of AI Terminology Translation from English to Japanese","In this task, you will compare the quality of translations for scientific terms generated by two different methods. The input will include an English term, a context paragraph where the term is used, and its translations in Japanese.","Translation, AI Terminology, Multilingual, Ranking","$0.01","Fri Dec 06 03:40:43 PST 2024","5","BatchId:5277383;OriginalHitTemplateId:928390912;","3600","3600","Fri Dec 13 03:40:43 PST 2024","","","37W3JXSD6OMUCBWZSTXYELBRLIOYWG","A3MDTRJTDIDNX","Approved","Fri Dec 06 04:42:55 PST 2024","Fri Dec 06 05:23:56 PST 2024","Fri Dec 06 06:23:56 PST 2024","Fri Dec 06 06:24:35 PST 2024","","","2461","100% (53/53)","100% (53/53)","100% (53/53)","dependencies","依存関係","依存性","classifiers","分類器","類別詞","extractive","抽出的","抽出","documents","文書","文章","Semantic","セマンティック","意味論","true","false","false","true","true","false","true","false","false","false","false","false","true","false","false","false","false","false","false","false"
"32CXT5U15XHZJHIITNF2806YRGVU8W","38O8SQPJL62HJKMEV8VSLUJXAI2UVO","Ranking the Quality of AI Terminology Translation from English to Japanese","In this task, you will compare the quality of translations for scientific terms generated by two different methods. The input will include an English term, a context paragraph where the term is used, and its translations in Japanese.","Translation, AI Terminology, Multilingual, Ranking","$0.01","Fri Dec 06 03:40:43 PST 2024","5","BatchId:5277383;OriginalHitTemplateId:928390912;","3600","3600","Fri Dec 13 03:40:43 PST 2024","","","3MAOD8E578OFPCXBVWK9ZORRQZKNX0","A2MZEUP2ECO1AI","Approved","Fri Dec 06 03:41:50 PST 2024","Fri Dec 06 04:06:26 PST 2024","Fri Dec 06 05:06:26 PST 2024","Fri Dec 06 05:06:35 PST 2024","","","1476","100% (34/34)","100% (34/34)","100% (34/34)","human","人間","人間の","unseen","未見の","見えない","QUOREF","クオレフ","QUOREF","queries","クエリ","質問","structured","構造化された","構築された","true","false","true","false","false","false","true","false","true","true","false","false","false","false","false","false","false","false","false","false"
"32CXT5U15XHZJHIITNF2806YRGVU8W","38O8SQPJL62HJKMEV8VSLUJXAI2UVO","Ranking the Quality of AI Terminology Translation from English to Japanese","In this task, you will compare the quality of translations for scientific terms generated by two different methods. The input will include an English term, a context paragraph where the term is used, and its translations in Japanese.","Translation, AI Terminology, Multilingual, Ranking","$0.01","Fri Dec 06 03:40:43 PST 2024","5","BatchId:5277383;OriginalHitTemplateId:928390912;","3600","3600","Fri Dec 13 03:40:43 PST 2024","","","34FNN24DC4N0ZSHFWSAPOLYE1KE5YY","A251BWQW2F81FT","Approved","Fri Dec 06 03:41:40 PST 2024","Fri Dec 06 04:17:34 PST 2024","Fri Dec 06 05:17:34 PST 2024","Fri Dec 06 05:17:35 PST 2024","","","2154","100% (31/31)","100% (31/31)","100% (31/31)","human","人間","人間の","unseen","未見の","見えない","QUOREF","クオレフ","QUOREF","queries","クエリ","質問","structured","構造化された","構築された","true","false","true","false","true","false","true","false","true","false","false","false","false","false","false","false","false","false","false","false"
"32CXT5U15XHZJHIITNF2806YRGVU8W","38O8SQPJL62HJKMEV8VSLUJXAI2UVO","Ranking the Quality of AI Terminology Translation from English to Japanese","In this task, you will compare the quality of translations for scientific terms generated by two different methods. The input will include an English term, a context paragraph where the term is used, and its translations in Japanese.","Translation, AI Terminology, Multilingual, Ranking","$0.01","Fri Dec 06 03:40:43 PST 2024","5","BatchId:5277383;OriginalHitTemplateId:928390912;","3600","3600","Fri Dec 13 03:40:43 PST 2024","","","3E7TUJ2EGU0G24O03M0SNGTF5TXD9X","A3IG9HHR3NL9R0","Approved","Fri Dec 06 04:41:59 PST 2024","Fri Dec 06 04:56:46 PST 2024","Fri Dec 06 05:56:46 PST 2024","Fri Dec 06 05:57:35 PST 2024","","","887","100% (50/50)","100% (50/50)","100% (50/50)","human","人間","人間の","unseen","未見の","見えない","QUOREF","クオレフ","QUOREF","queries","クエリ","質問","structured","構造化された","構築された","false","false","true","false","false","true","true","false","true","true","false","false","false","false","false","false","false","false","false","false"
"32CXT5U15XHZJHIITNF2806YRGVU8W","38O8SQPJL62HJKMEV8VSLUJXAI2UVO","Ranking the Quality of AI Terminology Translation from English to Japanese","In this task, you will compare the quality of translations for scientific terms generated by two different methods. The input will include an English term, a context paragraph where the term is used, and its translations in Japanese.","Translation, AI Terminology, Multilingual, Ranking","$0.01","Fri Dec 06 03:40:43 PST 2024","5","BatchId:5277383;OriginalHitTemplateId:928390912;","3600","3600","Fri Dec 13 03:40:43 PST 2024","","","37ZHEEHM6E0E6TYAV0WWWBGXJQK73H","A2ML30H0T2HO1J","Approved","Fri Dec 06 04:41:45 PST 2024","Fri Dec 06 05:15:33 PST 2024","Fri Dec 06 06:15:33 PST 2024","Fri Dec 06 06:15:35 PST 2024","","","2028","100% (20/20)","100% (20/20)","100% (20/20)","human","人間","人間の","unseen","未見の","見えない","QUOREF","クオレフ","QUOREF","queries","クエリ","質問","structured","構造化された","構築された","false","false","false","false","true","false","false","true","false","false","false","true","false","false","false","true","false","false","true","false"
"32CXT5U15XHZJHIITNF2806YRGVU8W","38O8SQPJL62HJKMEV8VSLUJXAI2UVO","Ranking the Quality of AI Terminology Translation from English to Japanese","In this task, you will compare the quality of translations for scientific terms generated by two different methods. The input will include an English term, a context paragraph where the term is used, and its translations in Japanese.","Translation, AI Terminology, Multilingual, Ranking","$0.01","Fri Dec 06 03:40:43 PST 2024","5","BatchId:5277383;OriginalHitTemplateId:928390912;","3600","3600","Fri Dec 13 03:40:43 PST 2024","","","3Z9WI9EOZH2HVGCTTFA74AMT8F3HK5","A19I2ZK220NTAE","Approved","Fri Dec 06 04:43:29 PST 2024","Fri Dec 06 05:29:52 PST 2024","Fri Dec 06 06:29:52 PST 2024","Fri Dec 06 06:30:35 PST 2024","","","2783","100% (32/32)","100% (32/32)","100% (32/32)","human","人間","人間の","unseen","未見の","見えない","QUOREF","クオレフ","QUOREF","queries","クエリ","質問","structured","構造化された","構築された","true","false","true","false","true","false","true","false","true","false","false","false","false","false","false","false","false","false","false","false"
"32W3UF2E05Z2EMEGVT4PXI4NIUT4CQ","38O8SQPJL62HJKMEV8VSLUJXAI2UVO","Ranking the Quality of AI Terminology Translation from English to Japanese","In this task, you will compare the quality of translations for scientific terms generated by two different methods. The input will include an English term, a context paragraph where the term is used, and its translations in Japanese.","Translation, AI Terminology, Multilingual, Ranking","$0.01","Fri Dec 06 03:40:43 PST 2024","5","BatchId:5277383;OriginalHitTemplateId:928390912;","3600","3600","Fri Dec 13 03:40:43 PST 2024","","","3U5JL4WY52NT34N5DR5D0FLRZIP4XM","AC4I7XU10MQXK","Approved","Fri Dec 06 03:41:32 PST 2024","Fri Dec 06 04:11:51 PST 2024","Fri Dec 06 05:11:51 PST 2024","Fri Dec 06 05:12:35 PST 2024","","","1819","100% (58/58)","100% (58/58)","100% (58/58)","compared","比較された","比較して","Moreover","さらに","また","contextualized","文脈化された","文脈で理解できる","sense","意味","感覚","algorithm","アルゴリズム","アリゴリズム","false","true","false","true","false","true","false","true","false","true","false","false","false","false","false","false","false","false","false","false"
"32W3UF2E05Z2EMEGVT4PXI4NIUT4CQ","38O8SQPJL62HJKMEV8VSLUJXAI2UVO","Ranking the Quality of AI Terminology Translation from English to Japanese","In this task, you will compare the quality of translations for scientific terms generated by two different methods. The input will include an English term, a context paragraph where the term is used, and its translations in Japanese.","Translation, AI Terminology, Multilingual, Ranking","$0.01","Fri Dec 06 03:40:43 PST 2024","5","BatchId:5277383;OriginalHitTemplateId:928390912;","3600","3600","Fri Dec 13 03:40:43 PST 2024","","","37XITHEISENC1CE8X753UVBRQEKRCP","A186ORPGIU3WNL","Approved","Fri Dec 06 03:41:20 PST 2024","Fri Dec 06 04:37:12 PST 2024","Fri Dec 06 05:37:12 PST 2024","Fri Dec 06 05:37:35 PST 2024","","","3352","100% (53/53)","100% (52/52)","100% (52/52)","compared","比較された","比較して","Moreover","さらに","また","contextualized","文脈化された","文脈で理解できる","sense","意味","感覚","algorithm","アルゴリズム","アリゴリズム","false","true","false","false","false","true","false","true","true","true","false","false","false","false","false","false","false","false","false","false"
"32W3UF2E05Z2EMEGVT4PXI4NIUT4CQ","38O8SQPJL62HJKMEV8VSLUJXAI2UVO","Ranking the Quality of AI Terminology Translation from English to Japanese","In this task, you will compare the quality of translations for scientific terms generated by two different methods. The input will include an English term, a context paragraph where the term is used, and its translations in Japanese.","Translation, AI Terminology, Multilingual, Ranking","$0.01","Fri Dec 06 03:40:43 PST 2024","5","BatchId:5277383;OriginalHitTemplateId:928390912;","3600","3600","Fri Dec 13 03:40:43 PST 2024","","","3UJ1CZ6IZZ333656XMI06ZADKZHS56","A3SC8IBRLEFRUP","Approved","Fri Dec 06 03:41:32 PST 2024","Fri Dec 06 04:37:28 PST 2024","Fri Dec 06 05:37:28 PST 2024","Fri Dec 06 05:37:35 PST 2024","","","3356","100% (9/9)","100% (9/9)","100% (9/9)","compared","比較された","比較して","Moreover","さらに","また","contextualized","文脈化された","文脈で理解できる","sense","意味","感覚","algorithm","アルゴリズム","アリゴリズム","false","true","false","false","true","true","false","true","false","false","false","false","false","true","false","false","false","false","false","false"
"32W3UF2E05Z2EMEGVT4PXI4NIUT4CQ","38O8SQPJL62HJKMEV8VSLUJXAI2UVO","Ranking the Quality of AI Terminology Translation from English to Japanese","In this task, you will compare the quality of translations for scientific terms generated by two different methods. The input will include an English term, a context paragraph where the term is used, and its translations in Japanese.","Translation, AI Terminology, Multilingual, Ranking","$0.01","Fri Dec 06 03:40:43 PST 2024","5","BatchId:5277383;OriginalHitTemplateId:928390912;","3600","3600","Fri Dec 13 03:40:43 PST 2024","","","32Z9ZLUT13Y0L7X8R720BR32SKCHOO","A3IG9HHR3NL9R0","Approved","Fri Dec 06 04:42:01 PST 2024","Fri Dec 06 04:57:03 PST 2024","Fri Dec 06 05:57:03 PST 2024","Fri Dec 06 05:57:35 PST 2024","","","902","100% (50/50)","100% (50/50)","100% (50/50)","compared","比較された","比較して","Moreover","さらに","また","contextualized","文脈化された","文脈で理解できる","sense","意味","感覚","algorithm","アルゴリズム","アリゴリズム","false","true","false","false","true","true","false","true","true","false","false","false","false","false","false","false","false","false","false","false"
"32W3UF2E05Z2EMEGVT4PXI4NIUT4CQ","38O8SQPJL62HJKMEV8VSLUJXAI2UVO","Ranking the Quality of AI Terminology Translation from English to Japanese","In this task, you will compare the quality of translations for scientific terms generated by two different methods. The input will include an English term, a context paragraph where the term is used, and its translations in Japanese.","Translation, AI Terminology, Multilingual, Ranking","$0.01","Fri Dec 06 03:40:43 PST 2024","5","BatchId:5277383;OriginalHitTemplateId:928390912;","3600","3600","Fri Dec 13 03:40:43 PST 2024","","","3WR9XG3T6LPZOPHEVE1F6G83XQG742","A19I2ZK220NTAE","Approved","Fri Dec 06 04:41:46 PST 2024","Fri Dec 06 05:04:18 PST 2024","Fri Dec 06 06:04:18 PST 2024","Fri Dec 06 06:04:35 PST 2024","","","1352","100% (32/32)","100% (32/32)","100% (32/32)","compared","比較された","比較して","Moreover","さらに","また","contextualized","文脈化された","文脈で理解できる","sense","意味","感覚","algorithm","アルゴリズム","アリゴリズム","false","true","false","true","false","true","false","true","false","true","false","false","false","false","false","false","false","false","false","false"
"3XBYQ44Z76IV95ZBRL5YHKNIQ9RWTM","38O8SQPJL62HJKMEV8VSLUJXAI2UVO","Ranking the Quality of AI Terminology Translation from English to Japanese","In this task, you will compare the quality of translations for scientific terms generated by two different methods. The input will include an English term, a context paragraph where the term is used, and its translations in Japanese.","Translation, AI Terminology, Multilingual, Ranking","$0.01","Fri Dec 06 03:40:43 PST 2024","5","BatchId:5277383;OriginalHitTemplateId:928390912;","3600","3600","Fri Dec 13 03:40:43 PST 2024","","","3WMINLGALTHK2VSRVWJHZ5MHQAYCA4","A2P8U65V6NL7B5","Approved","Fri Dec 06 03:42:19 PST 2024","Fri Dec 06 03:55:13 PST 2024","Fri Dec 06 04:55:13 PST 2024","Fri Dec 06 04:55:35 PST 2024","","","774","100% (49/49)","100% (49/49)","100% (49/49)","embeddings","埋め込み","埋込み","gradient","勾配","傾度","named","名前付き","挙げられた","number","数","数字","pretraining","事前学習","事前訓練","true","false","false","false","true","false","true","true","true","false","false","false","false","false","false","false","false","false","false","false"
"3XBYQ44Z76IV95ZBRL5YHKNIQ9RWTM","38O8SQPJL62HJKMEV8VSLUJXAI2UVO","Ranking the Quality of AI Terminology Translation from English to Japanese","In this task, you will compare the quality of translations for scientific terms generated by two different methods. The input will include an English term, a context paragraph where the term is used, and its translations in Japanese.","Translation, AI Terminology, Multilingual, Ranking","$0.01","Fri Dec 06 03:40:43 PST 2024","5","BatchId:5277383;OriginalHitTemplateId:928390912;","3600","3600","Fri Dec 13 03:40:43 PST 2024","","","3T111IHZ5W4A3E75LNVCS5AJKTI9RR","A35H5DUMZH86PC","Approved","Fri Dec 06 03:41:40 PST 2024","Fri Dec 06 04:31:37 PST 2024","Fri Dec 06 05:31:37 PST 2024","Fri Dec 06 05:32:35 PST 2024","","","2997","100% (40/40)","100% (40/40)","100% (40/40)","embeddings","埋め込み","埋込み","gradient","勾配","傾度","named","名前付き","挙げられた","number","数","数字","pretraining","事前学習","事前訓練","true","false","false","true","true","false","true","true","false","false","false","false","false","false","false","false","false","false","false","false"
"3XBYQ44Z76IV95ZBRL5YHKNIQ9RWTM","38O8SQPJL62HJKMEV8VSLUJXAI2UVO","Ranking the Quality of AI Terminology Translation from English to Japanese","In this task, you will compare the quality of translations for scientific terms generated by two different methods. The input will include an English term, a context paragraph where the term is used, and its translations in Japanese.","Translation, AI Terminology, Multilingual, Ranking","$0.01","Fri Dec 06 03:40:43 PST 2024","5","BatchId:5277383;OriginalHitTemplateId:928390912;","3600","3600","Fri Dec 13 03:40:43 PST 2024","","","3HQUKB7LNXSQTQBLNU7ARI61GYZHH1","ASML73P0NOOVV","Approved","Fri Dec 06 04:43:29 PST 2024","Fri Dec 06 04:56:41 PST 2024","Fri Dec 06 05:56:41 PST 2024","Fri Dec 06 05:57:35 PST 2024","","","792","100% (24/24)","100% (24/24)","100% (24/24)","embeddings","埋め込み","埋込み","gradient","勾配","傾度","named","名前付き","挙げられた","number","数","数字","pretraining","事前学習","事前訓練","true","false","false","true","true","false","true","true","false","false","false","false","false","false","false","false","false","false","false","false"
"3XBYQ44Z76IV95ZBRL5YHKNIQ9RWTM","38O8SQPJL62HJKMEV8VSLUJXAI2UVO","Ranking the Quality of AI Terminology Translation from English to Japanese","In this task, you will compare the quality of translations for scientific terms generated by two different methods. The input will include an English term, a context paragraph where the term is used, and its translations in Japanese.","Translation, AI Terminology, Multilingual, Ranking","$0.01","Fri Dec 06 03:40:43 PST 2024","5","BatchId:5277383;OriginalHitTemplateId:928390912;","3600","3600","Fri Dec 13 03:40:43 PST 2024","","","3PEIJLRY6B75C66PNXBWV74IJCUWX8","A3IG9HHR3NL9R0","Approved","Fri Dec 06 04:42:44 PST 2024","Fri Dec 06 04:58:38 PST 2024","Fri Dec 06 05:58:38 PST 2024","Fri Dec 06 05:59:35 PST 2024","","","954","100% (50/50)","100% (50/50)","100% (50/50)","embeddings","埋め込み","埋込み","gradient","勾配","傾度","named","名前付き","挙げられた","number","数","数字","pretraining","事前学習","事前訓練","true","true","false","true","true","false","false","true","false","false","false","false","false","false","false","false","false","false","false","false"
"3XBYQ44Z76IV95ZBRL5YHKNIQ9RWTM","38O8SQPJL62HJKMEV8VSLUJXAI2UVO","Ranking the Quality of AI Terminology Translation from English to Japanese","In this task, you will compare the quality of translations for scientific terms generated by two different methods. The input will include an English term, a context paragraph where the term is used, and its translations in Japanese.","Translation, AI Terminology, Multilingual, Ranking","$0.01","Fri Dec 06 03:40:43 PST 2024","5","BatchId:5277383;OriginalHitTemplateId:928390912;","3600","3600","Fri Dec 13 03:40:43 PST 2024","","","3K9FOBBF2ZXKPIGMHDHLOUW4JQ9LNB","A39PWDRYNY2WM0","Approved","Fri Dec 06 04:41:23 PST 2024","Fri Dec 06 05:07:11 PST 2024","Fri Dec 06 06:07:11 PST 2024","Fri Dec 06 06:07:35 PST 2024","","","1548","100% (55/55)","100% (55/55)","100% (55/55)","embeddings","埋め込み","埋込み","gradient","勾配","傾度","named","名前付き","挙げられた","number","数","数字","pretraining","事前学習","事前訓練","true","false","false","true","true","false","true","true","false","false","false","false","false","false","false","false","false","false","false","false"
"3HRWUH63RBG319F7YOWDIL4DHU1N5V","38O8SQPJL62HJKMEV8VSLUJXAI2UVO","Ranking the Quality of AI Terminology Translation from English to Japanese","In this task, you will compare the quality of translations for scientific terms generated by two different methods. The input will include an English term, a context paragraph where the term is used, and its translations in Japanese.","Translation, AI Terminology, Multilingual, Ranking","$0.01","Fri Dec 06 03:40:43 PST 2024","5","BatchId:5277383;OriginalHitTemplateId:928390912;","3600","3600","Fri Dec 13 03:40:43 PST 2024","","","3S96KQ6I94IZMJXE1S59EGURZZTTD4","A35H5DUMZH86PC","Approved","Fri Dec 06 03:41:11 PST 2024","Fri Dec 06 04:29:40 PST 2024","Fri Dec 06 05:29:40 PST 2024","Fri Dec 06 05:30:35 PST 2024","","","2909","100% (40/40)","100% (40/40)","100% (40/40)","tagging","タギング","タグ付け","identifying","特定する","識別","conversational","会話型","会話的","downstream","ダウンストリーム","下流","relation","関係","リレーション","true","true","true","true","true","false","false","false","false","false","false","false","false","false","false","false","false","false","false","false"
"3HRWUH63RBG319F7YOWDIL4DHU1N5V","38O8SQPJL62HJKMEV8VSLUJXAI2UVO","Ranking the Quality of AI Terminology Translation from English to Japanese","In this task, you will compare the quality of translations for scientific terms generated by two different methods. The input will include an English term, a context paragraph where the term is used, and its translations in Japanese.","Translation, AI Terminology, Multilingual, Ranking","$0.01","Fri Dec 06 03:40:43 PST 2024","5","BatchId:5277383;OriginalHitTemplateId:928390912;","3600","3600","Fri Dec 13 03:40:43 PST 2024","","","3K2755HG5AHP3EFD680KXCFQ8RSDFP","ASML73P0NOOVV","Approved","Fri Dec 06 04:42:00 PST 2024","Fri Dec 06 04:55:47 PST 2024","Fri Dec 06 05:55:47 PST 2024","Fri Dec 06 05:56:35 PST 2024","","","827","100% (24/24)","100% (24/24)","100% (24/24)","tagging","タギング","タグ付け","identifying","特定する","識別","conversational","会話型","会話的","downstream","ダウンストリーム","下流","relation","関係","リレーション","false","true","false","true","true","false","false","true","false","false","true","false","false","false","false","false","false","false","false","false"
"3HRWUH63RBG319F7YOWDIL4DHU1N5V","38O8SQPJL62HJKMEV8VSLUJXAI2UVO","Ranking the Quality of AI Terminology Translation from English to Japanese","In this task, you will compare the quality of translations for scientific terms generated by two different methods. The input will include an English term, a context paragraph where the term is used, and its translations in Japanese.","Translation, AI Terminology, Multilingual, Ranking","$0.01","Fri Dec 06 03:40:43 PST 2024","5","BatchId:5277383;OriginalHitTemplateId:928390912;","3600","3600","Fri Dec 13 03:40:43 PST 2024","","","3QY5DC2MX9YBKGQZS3Q97CJEURNUFG","A13QHI6P2C910K","Approved","Fri Dec 06 04:42:05 PST 2024","Fri Dec 06 05:36:28 PST 2024","Fri Dec 06 06:36:28 PST 2024","Fri Dec 06 06:36:35 PST 2024","","","3263","100% (39/39)","100% (39/39)","100% (39/39)","tagging","タギング","タグ付け","identifying","特定する","識別","conversational","会話型","会話的","downstream","ダウンストリーム","下流","relation","関係","リレーション","false","true","true","true","true","false","false","false","false","false","true","false","false","false","false","false","false","false","false","false"
"3HRWUH63RBG319F7YOWDIL4DHU1N5V","38O8SQPJL62HJKMEV8VSLUJXAI2UVO","Ranking the Quality of AI Terminology Translation from English to Japanese","In this task, you will compare the quality of translations for scientific terms generated by two different methods. The input will include an English term, a context paragraph where the term is used, and its translations in Japanese.","Translation, AI Terminology, Multilingual, Ranking","$0.01","Fri Dec 06 03:40:43 PST 2024","5","BatchId:5277383;OriginalHitTemplateId:928390912;","3600","3600","Fri Dec 13 03:40:43 PST 2024","","","3WT783CTPTVPL5XJ1AJDUG6N8TOCB6","A2O4PW85X1GQA1","Approved","Fri Dec 06 04:42:06 PST 2024","Fri Dec 06 05:40:08 PST 2024","Fri Dec 06 06:40:08 PST 2024","Fri Dec 06 06:40:35 PST 2024","","","3482","100% (15/15)","100% (15/15)","100% (15/15)","tagging","タギング","タグ付け","identifying","特定する","識別","conversational","会話型","会話的","downstream","ダウンストリーム","下流","relation","関係","リレーション","true","false","true","true","true","false","true","false","false","false","false","false","false","false","false","false","false","false","false","false"
"3HRWUH63RBG319F7YOWDIL4DHU1N5V","38O8SQPJL62HJKMEV8VSLUJXAI2UVO","Ranking the Quality of AI Terminology Translation from English to Japanese","In this task, you will compare the quality of translations for scientific terms generated by two different methods. The input will include an English term, a context paragraph where the term is used, and its translations in Japanese.","Translation, AI Terminology, Multilingual, Ranking","$0.01","Fri Dec 06 03:40:43 PST 2024","5","BatchId:5277383;OriginalHitTemplateId:928390912;","3600","3600","Fri Dec 13 03:40:43 PST 2024","","","3HMVI3QIC161BAGWV58DLVLXP48Y18","A2D6SB3TU1NYQ7","Approved","Fri Dec 06 05:41:52 PST 2024","Fri Dec 06 05:42:45 PST 2024","Fri Dec 06 06:42:45 PST 2024","Fri Dec 06 06:43:35 PST 2024","","","53","100% (45/45)","100% (45/45)","100% (45/45)","tagging","タギング","タグ付け","identifying","特定する","識別","conversational","会話型","会話的","downstream","ダウンストリーム","下流","relation","関係","リレーション","false","true","true","false","true","false","false","false","true","false","true","false","false","false","false","false","false","false","false","false"
"3OJX0UFJ1GLZXM1SYFLG8W19BMDU9L","38O8SQPJL62HJKMEV8VSLUJXAI2UVO","Ranking the Quality of AI Terminology Translation from English to Japanese","In this task, you will compare the quality of translations for scientific terms generated by two different methods. The input will include an English term, a context paragraph where the term is used, and its translations in Japanese.","Translation, AI Terminology, Multilingual, Ranking","$0.01","Fri Dec 06 03:40:43 PST 2024","5","BatchId:5277383;OriginalHitTemplateId:928390912;","3600","3600","Fri Dec 13 03:40:43 PST 2024","","","3TS1AR6UQ8S9M5E3FVXYXK5UMFJ7FI","A1HSI7UUYP5PM3","Approved","Fri Dec 06 03:41:32 PST 2024","Fri Dec 06 03:47:39 PST 2024","Fri Dec 06 04:47:39 PST 2024","Fri Dec 06 04:48:35 PST 2024","","","367","100% (4/4)","100% (4/4)","100% (4/4)","counterfactual","反実仮想","非現実節","metrics","メトリクス","メトリックス","augmented","拡張された","強化された","relations","関係","relations","re","再","RE","false","true","false","false","false","true","false","false","true","true","false","false","false","false","false","false","false","true","false","false"
"3OJX0UFJ1GLZXM1SYFLG8W19BMDU9L","38O8SQPJL62HJKMEV8VSLUJXAI2UVO","Ranking the Quality of AI Terminology Translation from English to Japanese","In this task, you will compare the quality of translations for scientific terms generated by two different methods. The input will include an English term, a context paragraph where the term is used, and its translations in Japanese.","Translation, AI Terminology, Multilingual, Ranking","$0.01","Fri Dec 06 03:40:43 PST 2024","5","BatchId:5277383;OriginalHitTemplateId:928390912;","3600","3600","Fri Dec 13 03:40:43 PST 2024","","","3IO1LGZLKRBH3QQBO7M0HEOC40M863","AG9MLSV2QCVD4","Approved","Fri Dec 06 03:41:39 PST 2024","Fri Dec 06 04:25:55 PST 2024","Fri Dec 06 05:25:55 PST 2024","Fri Dec 06 05:26:35 PST 2024","","","2656","100% (24/24)","100% (24/24)","100% (24/24)","counterfactual","反実仮想","非現実節","metrics","メトリクス","メトリックス","augmented","拡張された","強化された","relations","関係","relations","re","再","RE","false","true","false","false","false","true","false","true","true","true","false","false","false","false","false","false","false","false","false","false"
"3OJX0UFJ1GLZXM1SYFLG8W19BMDU9L","38O8SQPJL62HJKMEV8VSLUJXAI2UVO","Ranking the Quality of AI Terminology Translation from English to Japanese","In this task, you will compare the quality of translations for scientific terms generated by two different methods. The input will include an English term, a context paragraph where the term is used, and its translations in Japanese.","Translation, AI Terminology, Multilingual, Ranking","$0.01","Fri Dec 06 03:40:43 PST 2024","5","BatchId:5277383;OriginalHitTemplateId:928390912;","3600","3600","Fri Dec 13 03:40:43 PST 2024","","","3RANCT1ZVXVL7ZEJN14DOMSTFSPBU7","A3SC8IBRLEFRUP","Approved","Fri Dec 06 03:41:33 PST 2024","Fri Dec 06 04:38:39 PST 2024","Fri Dec 06 05:38:39 PST 2024","Fri Dec 06 05:39:35 PST 2024","","","3426","100% (9/9)","100% (9/9)","100% (9/9)","counterfactual","反実仮想","非現実節","metrics","メトリクス","メトリックス","augmented","拡張された","強化された","relations","関係","relations","re","再","RE","false","true","false","false","false","true","false","false","false","false","false","false","true","true","true","false","false","false","false","false"
"3OJX0UFJ1GLZXM1SYFLG8W19BMDU9L","38O8SQPJL62HJKMEV8VSLUJXAI2UVO","Ranking the Quality of AI Terminology Translation from English to Japanese","In this task, you will compare the quality of translations for scientific terms generated by two different methods. The input will include an English term, a context paragraph where the term is used, and its translations in Japanese.","Translation, AI Terminology, Multilingual, Ranking","$0.01","Fri Dec 06 03:40:43 PST 2024","5","BatchId:5277383;OriginalHitTemplateId:928390912;","3600","3600","Fri Dec 13 03:40:43 PST 2024","","","3R3YRB5GRXHGOP9RHN4HTB8NXBAUA3","A35H5DUMZH86PC","Approved","Fri Dec 06 04:42:43 PST 2024","Fri Dec 06 05:23:02 PST 2024","Fri Dec 06 06:23:02 PST 2024","Fri Dec 06 06:23:35 PST 2024","","","2419","100% (40/40)","100% (40/40)","100% (40/40)","counterfactual","反実仮想","非現実節","metrics","メトリクス","メトリックス","augmented","拡張された","強化された","relations","関係","relations","re","再","RE","false","true","true","false","false","true","false","false","true","true","false","false","false","false","false","false","false","false","false","false"
"3OJX0UFJ1GLZXM1SYFLG8W19BMDU9L","38O8SQPJL62HJKMEV8VSLUJXAI2UVO","Ranking the Quality of AI Terminology Translation from English to Japanese","In this task, you will compare the quality of translations for scientific terms generated by two different methods. The input will include an English term, a context paragraph where the term is used, and its translations in Japanese.","Translation, AI Terminology, Multilingual, Ranking","$0.01","Fri Dec 06 03:40:43 PST 2024","5","BatchId:5277383;OriginalHitTemplateId:928390912;","3600","3600","Fri Dec 13 03:40:43 PST 2024","","","3NKQQ8O39GJEMWC31XVJJCGTIE7UD5","AC4I7XU10MQXK","Approved","Fri Dec 06 04:42:05 PST 2024","Fri Dec 06 05:26:03 PST 2024","Fri Dec 06 06:26:03 PST 2024","Fri Dec 06 06:26:35 PST 2024","","","2638","100% (58/58)","100% (58/58)","100% (58/58)","counterfactual","反実仮想","非現実節","metrics","メトリクス","メトリックス","augmented","拡張された","強化された","relations","関係","relations","re","再","RE","false","true","false","false","false","true","false","true","true","true","false","false","false","false","false","false","false","false","false","false"
"39AYGO6AGWYZKDFL376IARIDDPCN6B","38O8SQPJL62HJKMEV8VSLUJXAI2UVO","Ranking the Quality of AI Terminology Translation from English to Japanese","In this task, you will compare the quality of translations for scientific terms generated by two different methods. The input will include an English term, a context paragraph where the term is used, and its translations in Japanese.","Translation, AI Terminology, Multilingual, Ranking","$0.01","Fri Dec 06 03:40:43 PST 2024","5","BatchId:5277383;OriginalHitTemplateId:928390912;","3600","3600","Fri Dec 13 03:40:43 PST 2024","","","3PEIJLRY6B75C66PNXBWV74IJBNWXZ","A3IG9HHR3NL9R0","Approved","Fri Dec 06 03:41:27 PST 2024","Fri Dec 06 03:59:36 PST 2024","Fri Dec 06 04:59:36 PST 2024","Fri Dec 06 05:00:35 PST 2024","","","1089","100% (50/50)","100% (50/50)","100% (50/50)","CLIP","クリップ","CLIP","answer","答え","応答","For","例えば","の為","TreeDST","ツリーDST","TreeDST","spoken","話されている","音声","false","true","false","true","false","false","false","false","false","true","true","false","false","false","false","false","false","true","false","false"
"39AYGO6AGWYZKDFL376IARIDDPCN6B","38O8SQPJL62HJKMEV8VSLUJXAI2UVO","Ranking the Quality of AI Terminology Translation from English to Japanese","In this task, you will compare the quality of translations for scientific terms generated by two different methods. The input will include an English term, a context paragraph where the term is used, and its translations in Japanese.","Translation, AI Terminology, Multilingual, Ranking","$0.01","Fri Dec 06 03:40:43 PST 2024","5","BatchId:5277383;OriginalHitTemplateId:928390912;","3600","3600","Fri Dec 13 03:40:43 PST 2024","","","39ASUFLU6FLBV6KY2XHQ91XIC7IXEK","AG9MLSV2QCVD4","Approved","Fri Dec 06 03:41:30 PST 2024","Fri Dec 06 04:25:08 PST 2024","Fri Dec 06 05:25:08 PST 2024","Fri Dec 06 05:25:35 PST 2024","","","2618","100% (24/24)","100% (24/24)","100% (24/24)","CLIP","クリップ","CLIP","answer","答え","応答","For","例えば","の為","TreeDST","ツリーDST","TreeDST","spoken","話されている","音声","true","true","true","false","false","false","false","false","true","true","false","false","false","false","false","false","false","false","false","false"
"39AYGO6AGWYZKDFL376IARIDDPCN6B","38O8SQPJL62HJKMEV8VSLUJXAI2UVO","Ranking the Quality of AI Terminology Translation from English to Japanese","In this task, you will compare the quality of translations for scientific terms generated by two different methods. The input will include an English term, a context paragraph where the term is used, and its translations in Japanese.","Translation, AI Terminology, Multilingual, Ranking","$0.01","Fri Dec 06 03:40:43 PST 2024","5","BatchId:5277383;OriginalHitTemplateId:928390912;","3600","3600","Fri Dec 13 03:40:43 PST 2024","","","3VJ40NV2Q01QQGO3R1JPPA6Q3D0TO1","A2E2FFMXS9F9KR","Approved","Fri Dec 06 03:41:16 PST 2024","Fri Dec 06 04:30:03 PST 2024","Fri Dec 06 05:30:03 PST 2024","Fri Dec 06 05:30:35 PST 2024","","","2927","100% (51/51)","100% (51/51)","100% (51/51)","CLIP","クリップ","CLIP","answer","答え","応答","For","例えば","の為","TreeDST","ツリーDST","TreeDST","spoken","話されている","音声","true","true","false","true","false","false","false","false","false","true","false","false","false","false","false","false","false","true","false","false"
"39AYGO6AGWYZKDFL376IARIDDPCN6B","38O8SQPJL62HJKMEV8VSLUJXAI2UVO","Ranking the Quality of AI Terminology Translation from English to Japanese","In this task, you will compare the quality of translations for scientific terms generated by two different methods. The input will include an English term, a context paragraph where the term is used, and its translations in Japanese.","Translation, AI Terminology, Multilingual, Ranking","$0.01","Fri Dec 06 03:40:43 PST 2024","5","BatchId:5277383;OriginalHitTemplateId:928390912;","3600","3600","Fri Dec 13 03:40:43 PST 2024","","","351SEKWQSIVV9O7USV4XS2ZZ5S5DMX","ASML73P0NOOVV","Approved","Fri Dec 06 04:44:10 PST 2024","Fri Dec 06 04:56:59 PST 2024","Fri Dec 06 05:56:59 PST 2024","Fri Dec 06 05:57:35 PST 2024","","","769","100% (24/24)","100% (24/24)","100% (24/24)","CLIP","クリップ","CLIP","answer","答え","応答","For","例えば","の為","TreeDST","ツリーDST","TreeDST","spoken","話されている","音声","false","true","false","true","false","false","false","false","false","true","true","false","false","false","false","false","false","true","false","false"
"39AYGO6AGWYZKDFL376IARIDDPCN6B","38O8SQPJL62HJKMEV8VSLUJXAI2UVO","Ranking the Quality of AI Terminology Translation from English to Japanese","In this task, you will compare the quality of translations for scientific terms generated by two different methods. The input will include an English term, a context paragraph where the term is used, and its translations in Japanese.","Translation, AI Terminology, Multilingual, Ranking","$0.01","Fri Dec 06 03:40:43 PST 2024","5","BatchId:5277383;OriginalHitTemplateId:928390912;","3600","3600","Fri Dec 13 03:40:43 PST 2024","","","3PWWM24LHACTLP7A15AXR170OWQ28O","A2ML30H0T2HO1J","Approved","Fri Dec 06 04:41:44 PST 2024","Fri Dec 06 05:15:21 PST 2024","Fri Dec 06 06:15:21 PST 2024","Fri Dec 06 06:15:35 PST 2024","","","2017","100% (20/20)","100% (20/20)","100% (20/20)","CLIP","クリップ","CLIP","answer","答え","応答","For","例えば","の為","TreeDST","ツリーDST","TreeDST","spoken","話されている","音声","true","false","false","false","false","false","false","false","true","false","false","true","false","false","true","false","false","true","false","false"
"3IWA71V4UZU4W7TP5DTR8T9BF3N6XF","38O8SQPJL62HJKMEV8VSLUJXAI2UVO","Ranking the Quality of AI Terminology Translation from English to Japanese","In this task, you will compare the quality of translations for scientific terms generated by two different methods. The input will include an English term, a context paragraph where the term is used, and its translations in Japanese.","Translation, AI Terminology, Multilingual, Ranking","$0.01","Fri Dec 06 03:40:43 PST 2024","5","BatchId:5277383;OriginalHitTemplateId:928390912;","3600","3600","Fri Dec 13 03:40:43 PST 2024","","","3KIBXJ1WDN8RNXYGXS5XOJJUK09OKQ","A251BWQW2F81FT","Approved","Fri Dec 06 03:41:21 PST 2024","Fri Dec 06 04:15:10 PST 2024","Fri Dec 06 05:15:10 PST 2024","Fri Dec 06 05:15:35 PST 2024","","","2029","100% (31/31)","100% (31/31)","100% (31/31)","embedding","埋め込み","埋込み","image","画像","イメージ","seq2seq","シーケンスツーシーケンス","seq2seq","structure","構造","構成","visual","視覚","視覚的","true","true","false","false","true","false","false","true","true","false","false","false","false","false","false","false","false","false","false","false"
"3IWA71V4UZU4W7TP5DTR8T9BF3N6XF","38O8SQPJL62HJKMEV8VSLUJXAI2UVO","Ranking the Quality of AI Terminology Translation from English to Japanese","In this task, you will compare the quality of translations for scientific terms generated by two different methods. The input will include an English term, a context paragraph where the term is used, and its translations in Japanese.","Translation, AI Terminology, Multilingual, Ranking","$0.01","Fri Dec 06 03:40:43 PST 2024","5","BatchId:5277383;OriginalHitTemplateId:928390912;","3600","3600","Fri Dec 13 03:40:43 PST 2024","","","382M9COHEZTJE2Q3XS63PUYEIQ9EUJ","ASML73P0NOOVV","Approved","Fri Dec 06 04:43:07 PST 2024","Fri Dec 06 04:56:25 PST 2024","Fri Dec 06 05:56:25 PST 2024","Fri Dec 06 05:56:35 PST 2024","","","798","100% (24/24)","100% (24/24)","100% (24/24)","embedding","埋め込み","埋込み","image","画像","イメージ","seq2seq","シーケンスツーシーケンス","seq2seq","structure","構造","構成","visual","視覚","視覚的","true","true","false","true","true","false","false","true","false","false","false","false","false","false","false","false","false","false","false","false"
"3IWA71V4UZU4W7TP5DTR8T9BF3N6XF","38O8SQPJL62HJKMEV8VSLUJXAI2UVO","Ranking the Quality of AI Terminology Translation from English to Japanese","In this task, you will compare the quality of translations for scientific terms generated by two different methods. The input will include an English term, a context paragraph where the term is used, and its translations in Japanese.","Translation, AI Terminology, Multilingual, Ranking","$0.01","Fri Dec 06 03:40:43 PST 2024","5","BatchId:5277383;OriginalHitTemplateId:928390912;","3600","3600","Fri Dec 13 03:40:43 PST 2024","","","3WR9XG3T6LPZOPHEVE1F6G83XQH470","A3IG9HHR3NL9R0","Approved","Fri Dec 06 04:42:42 PST 2024","Fri Dec 06 04:58:23 PST 2024","Fri Dec 06 05:58:23 PST 2024","Fri Dec 06 05:58:35 PST 2024","","","941","100% (50/50)","100% (50/50)","100% (50/50)","embedding","埋め込み","埋込み","image","画像","イメージ","seq2seq","シーケンスツーシーケンス","seq2seq","structure","構造","構成","visual","視覚","視覚的","true","true","false","true","true","false","false","true","false","false","false","false","false","false","false","false","false","false","false","false"
"3IWA71V4UZU4W7TP5DTR8T9BF3N6XF","38O8SQPJL62HJKMEV8VSLUJXAI2UVO","Ranking the Quality of AI Terminology Translation from English to Japanese","In this task, you will compare the quality of translations for scientific terms generated by two different methods. The input will include an English term, a context paragraph where the term is used, and its translations in Japanese.","Translation, AI Terminology, Multilingual, Ranking","$0.01","Fri Dec 06 03:40:43 PST 2024","5","BatchId:5277383;OriginalHitTemplateId:928390912;","3600","3600","Fri Dec 13 03:40:43 PST 2024","","","3L4D84MILH6MKW6BBUAV3VMGTQ3HJ6","A2ML30H0T2HO1J","Approved","Fri Dec 06 04:43:07 PST 2024","Fri Dec 06 05:22:07 PST 2024","Fri Dec 06 06:22:07 PST 2024","Fri Dec 06 06:22:35 PST 2024","","","2340","100% (20/20)","100% (20/20)","100% (20/20)","embedding","埋め込み","埋込み","image","画像","イメージ","seq2seq","シーケンスツーシーケンス","seq2seq","structure","構造","構成","visual","視覚","視覚的","false","false","true","false","false","false","true","false","false","false","true","false","false","true","false","false","false","false","false","true"
"3IWA71V4UZU4W7TP5DTR8T9BF3N6XF","38O8SQPJL62HJKMEV8VSLUJXAI2UVO","Ranking the Quality of AI Terminology Translation from English to Japanese","In this task, you will compare the quality of translations for scientific terms generated by two different methods. The input will include an English term, a context paragraph where the term is used, and its translations in Japanese.","Translation, AI Terminology, Multilingual, Ranking","$0.01","Fri Dec 06 03:40:43 PST 2024","5","BatchId:5277383;OriginalHitTemplateId:928390912;","3600","3600","Fri Dec 13 03:40:43 PST 2024","","","39N5ACM9HW1PR1RQ8VRNNAA4JD99PI","A1L8EGJ85A7DZR","Approved","Fri Dec 06 05:42:34 PST 2024","Fri Dec 06 05:44:11 PST 2024","Fri Dec 06 06:44:11 PST 2024","Fri Dec 06 06:44:35 PST 2024","","","97","100% (27/27)","100% (27/27)","100% (27/27)","embedding","埋め込み","埋込み","image","画像","イメージ","seq2seq","シーケンスツーシーケンス","seq2seq","structure","構造","構成","visual","視覚","視覚的","true","true","false","true","true","false","false","true","false","false","false","false","false","false","false","false","false","false","false","false"
"3MD8CKRQ0G1WN6MKGXHOSFSS0SLRJ9","38O8SQPJL62HJKMEV8VSLUJXAI2UVO","Ranking the Quality of AI Terminology Translation from English to Japanese","In this task, you will compare the quality of translations for scientific terms generated by two different methods. The input will include an English term, a context paragraph where the term is used, and its translations in Japanese.","Translation, AI Terminology, Multilingual, Ranking","$0.01","Fri Dec 06 03:40:43 PST 2024","5","BatchId:5277383;OriginalHitTemplateId:928390912;","3600","3600","Fri Dec 13 03:40:43 PST 2024","","","3HYA4D4529X204HX9JG31TOMBZXF2A","A2P8U65V6NL7B5","Approved","Fri Dec 06 03:41:37 PST 2024","Fri Dec 06 03:52:03 PST 2024","Fri Dec 06 04:52:03 PST 2024","Fri Dec 06 04:52:35 PST 2024","","","626","100% (49/49)","100% (49/49)","100% (49/49)","compositionality","構成性","構成の可能性","softmax","ソフトマックス","softmax","VALSE","","VALSE","speech","音声","スピーチ","classifier","分類器","類別詞","false","true","true","true","false","true","false","false","false","true","false","false","false","false","false","false","false","false","false","false"
"3MD8CKRQ0G1WN6MKGXHOSFSS0SLRJ9","38O8SQPJL62HJKMEV8VSLUJXAI2UVO","Ranking the Quality of AI Terminology Translation from English to Japanese","In this task, you will compare the quality of translations for scientific terms generated by two different methods. The input will include an English term, a context paragraph where the term is used, and its translations in Japanese.","Translation, AI Terminology, Multilingual, Ranking","$0.01","Fri Dec 06 03:40:43 PST 2024","5","BatchId:5277383;OriginalHitTemplateId:928390912;","3600","3600","Fri Dec 13 03:40:43 PST 2024","","","3N2BF7Y2V88CL4CWERNNJNEXXKXMHE","A39PWDRYNY2WM0","Approved","Fri Dec 06 04:41:57 PST 2024","Fri Dec 06 05:08:19 PST 2024","Fri Dec 06 06:08:19 PST 2024","Fri Dec 06 06:08:35 PST 2024","","","1582","100% (55/55)","100% (55/55)","100% (55/55)","compositionality","構成性","構成の可能性","softmax","ソフトマックス","softmax","VALSE","","VALSE","speech","音声","スピーチ","classifier","分類器","類別詞","false","true","true","true","false","true","false","false","false","true","false","false","false","false","false","false","false","false","false","false"
"3MD8CKRQ0G1WN6MKGXHOSFSS0SLRJ9","38O8SQPJL62HJKMEV8VSLUJXAI2UVO","Ranking the Quality of AI Terminology Translation from English to Japanese","In this task, you will compare the quality of translations for scientific terms generated by two different methods. The input will include an English term, a context paragraph where the term is used, and its translations in Japanese.","Translation, AI Terminology, Multilingual, Ranking","$0.01","Fri Dec 06 03:40:43 PST 2024","5","BatchId:5277383;OriginalHitTemplateId:928390912;","3600","3600","Fri Dec 13 03:40:43 PST 2024","","","3FIJLY1B6CIYSBI3BHRFX6WFMAVPFF","A1L8EGJ85A7DZR","Approved","Fri Dec 06 04:41:57 PST 2024","Fri Dec 06 05:08:28 PST 2024","Fri Dec 06 06:08:28 PST 2024","Fri Dec 06 06:08:35 PST 2024","","","1591","100% (27/27)","100% (27/27)","100% (27/27)","compositionality","構成性","構成の可能性","softmax","ソフトマックス","softmax","VALSE","","VALSE","speech","音声","スピーチ","classifier","分類器","類別詞","false","true","false","false","false","true","false","false","true","true","false","false","false","false","false","false","false","true","false","false"
"3MD8CKRQ0G1WN6MKGXHOSFSS0SLRJ9","38O8SQPJL62HJKMEV8VSLUJXAI2UVO","Ranking the Quality of AI Terminology Translation from English to Japanese","In this task, you will compare the quality of translations for scientific terms generated by two different methods. The input will include an English term, a context paragraph where the term is used, and its translations in Japanese.","Translation, AI Terminology, Multilingual, Ranking","$0.01","Fri Dec 06 03:40:43 PST 2024","5","BatchId:5277383;OriginalHitTemplateId:928390912;","3600","3600","Fri Dec 13 03:40:43 PST 2024","","","3QY7M81QHP0K2R6HG6OVDXXZUC7K76","A2ML30H0T2HO1J","Approved","Fri Dec 06 04:43:06 PST 2024","Fri Dec 06 05:21:56 PST 2024","Fri Dec 06 06:21:56 PST 2024","Fri Dec 06 06:22:35 PST 2024","","","2330","100% (20/20)","100% (20/20)","100% (20/20)","compositionality","構成性","構成の可能性","softmax","ソフトマックス","softmax","VALSE","","VALSE","speech","音声","スピーチ","classifier","分類器","類別詞","false","false","false","false","true","true","false","false","true","false","false","false","true","false","false","false","true","false","false","false"
"3MD8CKRQ0G1WN6MKGXHOSFSS0SLRJ9","38O8SQPJL62HJKMEV8VSLUJXAI2UVO","Ranking the Quality of AI Terminology Translation from English to Japanese","In this task, you will compare the quality of translations for scientific terms generated by two different methods. The input will include an English term, a context paragraph where the term is used, and its translations in Japanese.","Translation, AI Terminology, Multilingual, Ranking","$0.01","Fri Dec 06 03:40:43 PST 2024","5","BatchId:5277383;OriginalHitTemplateId:928390912;","3600","3600","Fri Dec 13 03:40:43 PST 2024","","","3JV9LGBJWBSMLB2X71KIQRR1DL8OG7","AC4I7XU10MQXK","Approved","Fri Dec 06 06:43:16 PST 2024","Fri Dec 06 06:47:28 PST 2024","Fri Dec 06 07:47:28 PST 2024","Fri Dec 06 07:47:35 PST 2024","","","252","100% (58/58)","100% (58/58)","100% (58/58)","compositionality","構成性","構成の可能性","softmax","ソフトマックス","softmax","VALSE","","VALSE","speech","音声","スピーチ","classifier","分類器","類別詞","false","true","false","true","false","true","false","false","false","true","false","false","false","false","false","false","false","true","false","false"
"3RHLQY6EEAICJEKUVPZ0HOM53U54DQ","38O8SQPJL62HJKMEV8VSLUJXAI2UVO","Ranking the Quality of AI Terminology Translation from English to Japanese","In this task, you will compare the quality of translations for scientific terms generated by two different methods. The input will include an English term, a context paragraph where the term is used, and its translations in Japanese.","Translation, AI Terminology, Multilingual, Ranking","$0.01","Fri Dec 06 03:40:43 PST 2024","5","BatchId:5277383;OriginalHitTemplateId:928390912;","3600","3600","Fri Dec 13 03:40:43 PST 2024","","","3BC8WZX3VLAG7E3RF4VYJQADQFNRRV","A1HSI7UUYP5PM3","Approved","Fri Dec 06 03:41:26 PST 2024","Fri Dec 06 03:43:57 PST 2024","Fri Dec 06 04:43:57 PST 2024","Fri Dec 06 04:44:35 PST 2024","","","151","100% (4/4)","100% (4/4)","100% (4/4)","ARENA","アリーナ","ARENA","BERT","バート","BERT","perplexity","パープレキシティ","困惑","LXMert","LXマート","LXMert","qualitative","定性的","質的","false","false","false","false","true","true","true","true","true","false","false","false","false","false","false","false","false","false","false","false"
"3RHLQY6EEAICJEKUVPZ0HOM53U54DQ","38O8SQPJL62HJKMEV8VSLUJXAI2UVO","Ranking the Quality of AI Terminology Translation from English to Japanese","In this task, you will compare the quality of translations for scientific terms generated by two different methods. The input will include an English term, a context paragraph where the term is used, and its translations in Japanese.","Translation, AI Terminology, Multilingual, Ranking","$0.01","Fri Dec 06 03:40:43 PST 2024","5","BatchId:5277383;OriginalHitTemplateId:928390912;","3600","3600","Fri Dec 13 03:40:43 PST 2024","","","30JNVC0ORRY36JAO6KU40WY27KOQHX","AC4I7XU10MQXK","Approved","Fri Dec 06 03:41:51 PST 2024","Fri Dec 06 04:15:46 PST 2024","Fri Dec 06 05:15:46 PST 2024","Fri Dec 06 05:16:35 PST 2024","","","2035","100% (58/58)","100% (58/58)","100% (58/58)","ARENA","アリーナ","ARENA","BERT","バート","BERT","perplexity","パープレキシティ","困惑","LXMert","LXマート","LXMert","qualitative","定性的","質的","true","true","false","true","true","false","false","true","false","false","false","false","false","false","false","false","false","false","false","false"
"3RHLQY6EEAICJEKUVPZ0HOM53U54DQ","38O8SQPJL62HJKMEV8VSLUJXAI2UVO","Ranking the Quality of AI Terminology Translation from English to Japanese","In this task, you will compare the quality of translations for scientific terms generated by two different methods. The input will include an English term, a context paragraph where the term is used, and its translations in Japanese.","Translation, AI Terminology, Multilingual, Ranking","$0.01","Fri Dec 06 03:40:43 PST 2024","5","BatchId:5277383;OriginalHitTemplateId:928390912;","3600","3600","Fri Dec 13 03:40:43 PST 2024","","","3RANCT1ZVXVL7ZEJN14DOMSTFSPUBQ","A2FXDEKCCUT9OJ","Approved","Fri Dec 06 04:42:20 PST 2024","Fri Dec 06 05:00:07 PST 2024","Fri Dec 06 06:00:07 PST 2024","Fri Dec 06 06:00:35 PST 2024","","","1067","100% (36/36)","100% (36/36)","100% (36/36)","ARENA","アリーナ","ARENA","BERT","バート","BERT","perplexity","パープレキシティ","困惑","LXMert","LXマート","LXMert","qualitative","定性的","質的","true","true","false","true","true","false","false","true","false","false","false","false","false","false","false","false","false","false","false","false"
"3RHLQY6EEAICJEKUVPZ0HOM53U54DQ","38O8SQPJL62HJKMEV8VSLUJXAI2UVO","Ranking the Quality of AI Terminology Translation from English to Japanese","In this task, you will compare the quality of translations for scientific terms generated by two different methods. The input will include an English term, a context paragraph where the term is used, and its translations in Japanese.","Translation, AI Terminology, Multilingual, Ranking","$0.01","Fri Dec 06 03:40:43 PST 2024","5","BatchId:5277383;OriginalHitTemplateId:928390912;","3600","3600","Fri Dec 13 03:40:43 PST 2024","","","3DBQWDE4YOC6NTD1PQ1E7507X0AN5Q","A3Q32FL0WWF4KZ","Approved","Fri Dec 06 04:42:20 PST 2024","Fri Dec 06 05:17:25 PST 2024","Fri Dec 06 06:17:25 PST 2024","Fri Dec 06 06:17:35 PST 2024","","","2105","100% (40/40)","100% (40/40)","100% (40/40)","ARENA","アリーナ","ARENA","BERT","バート","BERT","perplexity","パープレキシティ","困惑","LXMert","LXマート","LXMert","qualitative","定性的","質的","true","true","false","true","true","false","false","true","false","false","false","false","false","false","false","false","false","false","false","false"
"3RHLQY6EEAICJEKUVPZ0HOM53U54DQ","38O8SQPJL62HJKMEV8VSLUJXAI2UVO","Ranking the Quality of AI Terminology Translation from English to Japanese","In this task, you will compare the quality of translations for scientific terms generated by two different methods. The input will include an English term, a context paragraph where the term is used, and its translations in Japanese.","Translation, AI Terminology, Multilingual, Ranking","$0.01","Fri Dec 06 03:40:43 PST 2024","5","BatchId:5277383;OriginalHitTemplateId:928390912;","3600","3600","Fri Dec 13 03:40:43 PST 2024","","","3M1CVSFP6IJOWW2A0EKCJABYUQ4QAU","A38SYZRVLTMOFG","Approved","Fri Dec 06 04:42:06 PST 2024","Fri Dec 06 05:21:08 PST 2024","Fri Dec 06 06:21:08 PST 2024","Fri Dec 06 06:21:35 PST 2024","","","2342","100% (49/49)","100% (49/49)","100% (49/49)","ARENA","アリーナ","ARENA","BERT","バート","BERT","perplexity","パープレキシティ","困惑","LXMert","LXマート","LXMert","qualitative","定性的","質的","false","true","false","true","true","true","false","true","false","false","false","false","false","false","false","false","false","false","false","false"
"3LB1BGHFMJAZYAUB6MNM2H8Y1HRYTN","38O8SQPJL62HJKMEV8VSLUJXAI2UVO","Ranking the Quality of AI Terminology Translation from English to Japanese","In this task, you will compare the quality of translations for scientific terms generated by two different methods. The input will include an English term, a context paragraph where the term is used, and its translations in Japanese.","Translation, AI Terminology, Multilingual, Ranking","$0.01","Fri Dec 06 03:40:43 PST 2024","5","BatchId:5277383;OriginalHitTemplateId:928390912;","3600","3600","Fri Dec 13 03:40:43 PST 2024","","","34S9DKFK7L34PHNL0S6BI2Y0S5DYNG","ASML73P0NOOVV","Approved","Fri Dec 06 03:41:18 PST 2024","Fri Dec 06 04:10:08 PST 2024","Fri Dec 06 05:10:08 PST 2024","Fri Dec 06 05:10:35 PST 2024","","","1730","100% (24/24)","100% (24/24)","100% (24/24)","retrieved","取得した","回収された","annotators","アノテーター","注釈者","contexts","コンテキスト","文脈","sentences","文","文章","Hence","したがって","よって","true","true","true","true","true","false","false","false","false","false","false","false","false","false","false","false","false","false","false","false"
"3LB1BGHFMJAZYAUB6MNM2H8Y1HRYTN","38O8SQPJL62HJKMEV8VSLUJXAI2UVO","Ranking the Quality of AI Terminology Translation from English to Japanese","In this task, you will compare the quality of translations for scientific terms generated by two different methods. The input will include an English term, a context paragraph where the term is used, and its translations in Japanese.","Translation, AI Terminology, Multilingual, Ranking","$0.01","Fri Dec 06 03:40:43 PST 2024","5","BatchId:5277383;OriginalHitTemplateId:928390912;","3600","3600","Fri Dec 13 03:40:43 PST 2024","","","3HUTX6F6VC1W6HUQ8MZTONX030NO24","A39PWDRYNY2WM0","Approved","Fri Dec 06 03:41:11 PST 2024","Fri Dec 06 04:11:28 PST 2024","Fri Dec 06 05:11:28 PST 2024","Fri Dec 06 05:11:35 PST 2024","","","1817","100% (55/55)","100% (55/55)","100% (55/55)","retrieved","取得した","回収された","annotators","アノテーター","注釈者","contexts","コンテキスト","文脈","sentences","文","文章","Hence","したがって","よって","false","true","false","true","true","true","false","false","false","false","false","false","true","false","false","false","false","false","false","false"
"3LB1BGHFMJAZYAUB6MNM2H8Y1HRYTN","38O8SQPJL62HJKMEV8VSLUJXAI2UVO","Ranking the Quality of AI Terminology Translation from English to Japanese","In this task, you will compare the quality of translations for scientific terms generated by two different methods. The input will include an English term, a context paragraph where the term is used, and its translations in Japanese.","Translation, AI Terminology, Multilingual, Ranking","$0.01","Fri Dec 06 03:40:43 PST 2024","5","BatchId:5277383;OriginalHitTemplateId:928390912;","3600","3600","Fri Dec 13 03:40:43 PST 2024","","","3SUWZRL0MGRYCR021A809OKYF4R6E9","A2E2FFMXS9F9KR","Approved","Fri Dec 06 04:42:42 PST 2024","Fri Dec 06 04:50:45 PST 2024","Fri Dec 06 05:50:45 PST 2024","Fri Dec 06 05:51:35 PST 2024","","","483","100% (51/51)","100% (51/51)","100% (51/51)","retrieved","取得した","回収された","annotators","アノテーター","注釈者","contexts","コンテキスト","文脈","sentences","文","文章","Hence","したがって","よって","false","true","false","false","true","true","false","false","true","false","false","false","true","false","false","false","false","false","false","false"
"3LB1BGHFMJAZYAUB6MNM2H8Y1HRYTN","38O8SQPJL62HJKMEV8VSLUJXAI2UVO","Ranking the Quality of AI Terminology Translation from English to Japanese","In this task, you will compare the quality of translations for scientific terms generated by two different methods. The input will include an English term, a context paragraph where the term is used, and its translations in Japanese.","Translation, AI Terminology, Multilingual, Ranking","$0.01","Fri Dec 06 03:40:43 PST 2024","5","BatchId:5277383;OriginalHitTemplateId:928390912;","3600","3600","Fri Dec 13 03:40:43 PST 2024","","","36V4Q8R5Z2EPYXBZXHAHS16YO6MQM5","A2MZEUP2ECO1AI","Approved","Fri Dec 06 04:41:23 PST 2024","Fri Dec 06 05:29:53 PST 2024","Fri Dec 06 06:29:53 PST 2024","Fri Dec 06 06:30:35 PST 2024","","","2910","100% (34/34)","100% (34/34)","100% (34/34)","retrieved","取得した","回収された","annotators","アノテーター","注釈者","contexts","コンテキスト","文脈","sentences","文","文章","Hence","したがって","よって","true","true","true","false","true","false","false","false","true","false","false","false","false","false","false","false","false","false","false","false"
"3LB1BGHFMJAZYAUB6MNM2H8Y1HRYTN","38O8SQPJL62HJKMEV8VSLUJXAI2UVO","Ranking the Quality of AI Terminology Translation from English to Japanese","In this task, you will compare the quality of translations for scientific terms generated by two different methods. The input will include an English term, a context paragraph where the term is used, and its translations in Japanese.","Translation, AI Terminology, Multilingual, Ranking","$0.01","Fri Dec 06 03:40:43 PST 2024","5","BatchId:5277383;OriginalHitTemplateId:928390912;","3600","3600","Fri Dec 13 03:40:43 PST 2024","","","3Z2R0DQ0JZSAUQH1E8WXJB3MZZO2EN","A3EKM55NFX1H6B","Approved","Fri Dec 06 05:42:13 PST 2024","Fri Dec 06 05:49:17 PST 2024","Fri Dec 06 06:49:17 PST 2024","Fri Dec 06 06:49:35 PST 2024","","","424","100% (29/29)","100% (29/29)","100% (29/29)","retrieved","取得した","回収された","annotators","アノテーター","注釈者","contexts","コンテキスト","文脈","sentences","文","文章","Hence","したがって","よって","true","true","false","true","true","false","false","false","false","false","false","false","true","false","false","false","false","false","false","false"
"3IH9TRB0GSDCZQ3X0LH9ANVFJF31IC","38O8SQPJL62HJKMEV8VSLUJXAI2UVO","Ranking the Quality of AI Terminology Translation from English to Japanese","In this task, you will compare the quality of translations for scientific terms generated by two different methods. The input will include an English term, a context paragraph where the term is used, and its translations in Japanese.","Translation, AI Terminology, Multilingual, Ranking","$0.01","Fri Dec 06 03:40:43 PST 2024","5","BatchId:5277383;OriginalHitTemplateId:928390912;","3600","3600","Fri Dec 13 03:40:43 PST 2024","","","3DEL4X4ELOZ91B1P2YTKG4PYUJNYX0","A251BWQW2F81FT","Approved","Fri Dec 06 03:41:22 PST 2024","Fri Dec 06 04:15:23 PST 2024","Fri Dec 06 05:15:23 PST 2024","Fri Dec 06 05:15:35 PST 2024","","","2041","100% (31/31)","100% (31/31)","100% (31/31)","Wikipedia","ウィキペディア","wikipedia","spatial","空間的","空間的な","source","出典","ソース","XLNet","XLネット","XLNet","semantics","セマンティクス","意味論","true","true","true","true","true","false","false","false","false","false","false","false","false","false","false","false","false","false","false","false"
"3IH9TRB0GSDCZQ3X0LH9ANVFJF31IC","38O8SQPJL62HJKMEV8VSLUJXAI2UVO","Ranking the Quality of AI Terminology Translation from English to Japanese","In this task, you will compare the quality of translations for scientific terms generated by two different methods. The input will include an English term, a context paragraph where the term is used, and its translations in Japanese.","Translation, AI Terminology, Multilingual, Ranking","$0.01","Fri Dec 06 03:40:43 PST 2024","5","BatchId:5277383;OriginalHitTemplateId:928390912;","3600","3600","Fri Dec 13 03:40:43 PST 2024","","","3WETL7AQWBMZJPKR77HZYR21SJO35V","A3OAFR48DADAOM","Approved","Fri Dec 06 03:48:25 PST 2024","Fri Dec 06 04:27:43 PST 2024","Fri Dec 06 05:27:43 PST 2024","Fri Dec 06 05:28:35 PST 2024","","","2358","100% (41/41)","100% (41/41)","100% (41/41)","Wikipedia","ウィキペディア","wikipedia","spatial","空間的","空間的な","source","出典","ソース","XLNet","XLネット","XLNet","semantics","セマンティクス","意味論","true","true","true","true","true","false","false","false","false","false","false","false","false","false","false","false","false","false","false","false"
"3IH9TRB0GSDCZQ3X0LH9ANVFJF31IC","38O8SQPJL62HJKMEV8VSLUJXAI2UVO","Ranking the Quality of AI Terminology Translation from English to Japanese","In this task, you will compare the quality of translations for scientific terms generated by two different methods. The input will include an English term, a context paragraph where the term is used, and its translations in Japanese.","Translation, AI Terminology, Multilingual, Ranking","$0.01","Fri Dec 06 03:40:43 PST 2024","5","BatchId:5277383;OriginalHitTemplateId:928390912;","3600","3600","Fri Dec 13 03:40:43 PST 2024","","","3KXIR214IMUS2OK8P2KKAPRVM9O42B","A2E2FFMXS9F9KR","Approved","Fri Dec 06 03:41:19 PST 2024","Fri Dec 06 04:30:56 PST 2024","Fri Dec 06 05:30:56 PST 2024","Fri Dec 06 05:31:35 PST 2024","","","2977","100% (51/51)","100% (51/51)","100% (51/51)","Wikipedia","ウィキペディア","wikipedia","spatial","空間的","空間的な","source","出典","ソース","XLNet","XLネット","XLNet","semantics","セマンティクス","意味論","true","true","true","true","true","false","false","false","false","false","false","false","false","false","false","false","false","false","false","false"
"3IH9TRB0GSDCZQ3X0LH9ANVFJF31IC","38O8SQPJL62HJKMEV8VSLUJXAI2UVO","Ranking the Quality of AI Terminology Translation from English to Japanese","In this task, you will compare the quality of translations for scientific terms generated by two different methods. The input will include an English term, a context paragraph where the term is used, and its translations in Japanese.","Translation, AI Terminology, Multilingual, Ranking","$0.01","Fri Dec 06 03:40:43 PST 2024","5","BatchId:5277383;OriginalHitTemplateId:928390912;","3600","3600","Fri Dec 13 03:40:43 PST 2024","","","3DR23U6WENS4EPBEXNGTKYCCZBWETK","A11B7MUC7UTFKN","Approved","Fri Dec 06 04:42:55 PST 2024","Fri Dec 06 05:11:57 PST 2024","Fri Dec 06 06:11:57 PST 2024","Fri Dec 06 06:12:35 PST 2024","","","1742","100% (36/36)","100% (36/36)","100% (36/36)","Wikipedia","ウィキペディア","wikipedia","spatial","空間的","空間的な","source","出典","ソース","XLNet","XLネット","XLNet","semantics","セマンティクス","意味論","true","true","true","true","true","false","false","false","false","false","false","false","false","false","false","false","false","false","false","false"
"3IH9TRB0GSDCZQ3X0LH9ANVFJF31IC","38O8SQPJL62HJKMEV8VSLUJXAI2UVO","Ranking the Quality of AI Terminology Translation from English to Japanese","In this task, you will compare the quality of translations for scientific terms generated by two different methods. The input will include an English term, a context paragraph where the term is used, and its translations in Japanese.","Translation, AI Terminology, Multilingual, Ranking","$0.01","Fri Dec 06 03:40:43 PST 2024","5","BatchId:5277383;OriginalHitTemplateId:928390912;","3600","3600","Fri Dec 13 03:40:43 PST 2024","","","3180JW2OTMQA43MGAS9MEYJQOG55J4","A11JXYZDAUX0UP","Approved","Fri Dec 06 04:42:09 PST 2024","Fri Dec 06 05:41:36 PST 2024","Fri Dec 06 06:41:36 PST 2024","Fri Dec 06 06:42:35 PST 2024","","","3567","100% (1186/1186)","100% (1186/1186)","100% (1184/1184)","Wikipedia","ウィキペディア","wikipedia","spatial","空間的","空間的な","source","出典","ソース","XLNet","XLネット","XLNet","semantics","セマンティクス","意味論","true","true","true","true","true","false","false","false","false","false","false","false","false","false","false","false","false","false","false","false"
"3IVEC1GSM6D8U1N3I329MOAFWUS1JO","38O8SQPJL62HJKMEV8VSLUJXAI2UVO","Ranking the Quality of AI Terminology Translation from English to Japanese","In this task, you will compare the quality of translations for scientific terms generated by two different methods. The input will include an English term, a context paragraph where the term is used, and its translations in Japanese.","Translation, AI Terminology, Multilingual, Ranking","$0.01","Fri Dec 06 03:40:43 PST 2024","5","BatchId:5277383;OriginalHitTemplateId:928390912;","3600","3600","Fri Dec 13 03:40:43 PST 2024","","","3EQHHY4HQA60D1WF2MOJHLRAWOO5G0","AG9MLSV2QCVD4","Approved","Fri Dec 06 03:41:35 PST 2024","Fri Dec 06 04:25:36 PST 2024","Fri Dec 06 05:25:36 PST 2024","Fri Dec 06 05:26:35 PST 2024","","","2641","100% (24/24)","100% (24/24)","100% (24/24)","REALM","レルム","REALM","sentence","文","文章","weights","重み","荷重","coreference","共参照","同一指示","monolingual","単言語","単一言語","false","true","false","false","true","true","false","true","true","false","false","false","false","false","false","false","false","false","false","false"
"3IVEC1GSM6D8U1N3I329MOAFWUS1JO","38O8SQPJL62HJKMEV8VSLUJXAI2UVO","Ranking the Quality of AI Terminology Translation from English to Japanese","In this task, you will compare the quality of translations for scientific terms generated by two different methods. The input will include an English term, a context paragraph where the term is used, and its translations in Japanese.","Translation, AI Terminology, Multilingual, Ranking","$0.01","Fri Dec 06 03:40:43 PST 2024","5","BatchId:5277383;OriginalHitTemplateId:928390912;","3600","3600","Fri Dec 13 03:40:43 PST 2024","","","3RU7GD8VP677WGNPH1RE45FUB0PPSY","A11B7MUC7UTFKN","Approved","Fri Dec 06 04:42:31 PST 2024","Fri Dec 06 05:11:04 PST 2024","Fri Dec 06 06:11:04 PST 2024","Fri Dec 06 06:11:35 PST 2024","","","1713","100% (36/36)","100% (36/36)","100% (36/36)","REALM","レルム","REALM","sentence","文","文章","weights","重み","荷重","coreference","共参照","同一指示","monolingual","単言語","単一言語","true","true","false","true","true","false","false","true","false","false","false","false","false","false","false","false","false","false","false","false"
"3IVEC1GSM6D8U1N3I329MOAFWUS1JO","38O8SQPJL62HJKMEV8VSLUJXAI2UVO","Ranking the Quality of AI Terminology Translation from English to Japanese","In this task, you will compare the quality of translations for scientific terms generated by two different methods. The input will include an English term, a context paragraph where the term is used, and its translations in Japanese.","Translation, AI Terminology, Multilingual, Ranking","$0.01","Fri Dec 06 03:40:43 PST 2024","5","BatchId:5277383;OriginalHitTemplateId:928390912;","3600","3600","Fri Dec 13 03:40:43 PST 2024","","","39LOEL67OAJI673T55O2ABCSU9K83X","A35H5DUMZH86PC","Approved","Fri Dec 06 04:42:01 PST 2024","Fri Dec 06 05:19:11 PST 2024","Fri Dec 06 06:19:11 PST 2024","Fri Dec 06 06:19:35 PST 2024","","","2230","100% (40/40)","100% (40/40)","100% (40/40)","REALM","レルム","REALM","sentence","文","文章","weights","重み","荷重","coreference","共参照","同一指示","monolingual","単言語","単一言語","true","true","true","false","true","false","false","false","true","false","false","false","false","false","false","false","false","false","false","false"
"3IVEC1GSM6D8U1N3I329MOAFWUS1JO","38O8SQPJL62HJKMEV8VSLUJXAI2UVO","Ranking the Quality of AI Terminology Translation from English to Japanese","In this task, you will compare the quality of translations for scientific terms generated by two different methods. The input will include an English term, a context paragraph where the term is used, and its translations in Japanese.","Translation, AI Terminology, Multilingual, Ranking","$0.01","Fri Dec 06 03:40:43 PST 2024","5","BatchId:5277383;OriginalHitTemplateId:928390912;","3600","3600","Fri Dec 13 03:40:43 PST 2024","","","36V4Q8R5Z2EPYXBZXHAHS16YO7TMQA","A38SYZRVLTMOFG","Approved","Fri Dec 06 04:42:01 PST 2024","Fri Dec 06 05:19:23 PST 2024","Fri Dec 06 06:19:23 PST 2024","Fri Dec 06 06:19:35 PST 2024","","","2242","100% (49/49)","100% (49/49)","100% (49/49)","REALM","レルム","REALM","sentence","文","文章","weights","重み","荷重","coreference","共参照","同一指示","monolingual","単言語","単一言語","true","true","false","false","true","false","false","true","true","false","false","false","false","false","false","false","false","false","false","false"
"3IVEC1GSM6D8U1N3I329MOAFWUS1JO","38O8SQPJL62HJKMEV8VSLUJXAI2UVO","Ranking the Quality of AI Terminology Translation from English to Japanese","In this task, you will compare the quality of translations for scientific terms generated by two different methods. The input will include an English term, a context paragraph where the term is used, and its translations in Japanese.","Translation, AI Terminology, Multilingual, Ranking","$0.01","Fri Dec 06 03:40:43 PST 2024","5","BatchId:5277383;OriginalHitTemplateId:928390912;","3600","3600","Fri Dec 13 03:40:43 PST 2024","","","3VHP9MDGR5YFYM9Z6C59D6X8NRHCFP","A19I2ZK220NTAE","Approved","Fri Dec 06 04:43:06 PST 2024","Fri Dec 06 05:29:16 PST 2024","Fri Dec 06 06:29:16 PST 2024","Fri Dec 06 06:29:35 PST 2024","","","2770","100% (32/32)","100% (32/32)","100% (32/32)","REALM","レルム","REALM","sentence","文","文章","weights","重み","荷重","coreference","共参照","同一指示","monolingual","単言語","単一言語","true","true","true","false","true","false","false","false","true","false","false","false","false","false","false","false","false","false","false","false"
"3CZH926SJTSHBKYURKAKN64Q3664EJ","38O8SQPJL62HJKMEV8VSLUJXAI2UVO","Ranking the Quality of AI Terminology Translation from English to Japanese","In this task, you will compare the quality of translations for scientific terms generated by two different methods. The input will include an English term, a context paragraph where the term is used, and its translations in Japanese.","Translation, AI Terminology, Multilingual, Ranking","$0.01","Fri Dec 06 03:40:43 PST 2024","5","BatchId:5277383;OriginalHitTemplateId:928390912;","3600","3600","Fri Dec 13 03:40:43 PST 2024","","","39U1BHVTD3514RVH83ZX178F8M63TI","ASML73P0NOOVV","Approved","Fri Dec 06 03:42:14 PST 2024","Fri Dec 06 04:11:45 PST 2024","Fri Dec 06 05:11:45 PST 2024","Fri Dec 06 05:12:35 PST 2024","","","1771","100% (24/24)","100% (24/24)","100% (24/24)","BIO","バイオ","BIO","interpretable","解釈可能な","解釈可能","previous","前の","以前の","Dialogue","対話","ダイアログ","finetuning","ファインチューニング","微調整","true","true","true","true","true","false","false","false","false","false","false","false","false","false","false","false","false","false","false","false"
"3CZH926SJTSHBKYURKAKN64Q3664EJ","38O8SQPJL62HJKMEV8VSLUJXAI2UVO","Ranking the Quality of AI Terminology Translation from English to Japanese","In this task, you will compare the quality of translations for scientific terms generated by two different methods. The input will include an English term, a context paragraph where the term is used, and its translations in Japanese.","Translation, AI Terminology, Multilingual, Ranking","$0.01","Fri Dec 06 03:40:43 PST 2024","5","BatchId:5277383;OriginalHitTemplateId:928390912;","3600","3600","Fri Dec 13 03:40:43 PST 2024","","","3DPNQGW4L3TGKP39C4WN02872EQ46S","A251BWQW2F81FT","Approved","Fri Dec 06 03:41:21 PST 2024","Fri Dec 06 04:14:54 PST 2024","Fri Dec 06 05:14:54 PST 2024","Fri Dec 06 05:15:35 PST 2024","","","2013","100% (31/31)","100% (31/31)","100% (31/31)","BIO","バイオ","BIO","interpretable","解釈可能な","解釈可能","previous","前の","以前の","Dialogue","対話","ダイアログ","finetuning","ファインチューニング","微調整","true","true","false","true","true","false","false","true","false","false","false","false","false","false","false","false","false","false","false","false"
"3CZH926SJTSHBKYURKAKN64Q3664EJ","38O8SQPJL62HJKMEV8VSLUJXAI2UVO","Ranking the Quality of AI Terminology Translation from English to Japanese","In this task, you will compare the quality of translations for scientific terms generated by two different methods. The input will include an English term, a context paragraph where the term is used, and its translations in Japanese.","Translation, AI Terminology, Multilingual, Ranking","$0.01","Fri Dec 06 03:40:43 PST 2024","5","BatchId:5277383;OriginalHitTemplateId:928390912;","3600","3600","Fri Dec 13 03:40:43 PST 2024","","","3IQ1VMJRYBYI4XLOJC9QXFL9KPUA9K","A186ORPGIU3WNL","Approved","Fri Dec 06 03:41:45 PST 2024","Fri Dec 06 04:39:20 PST 2024","Fri Dec 06 05:39:20 PST 2024","Fri Dec 06 05:39:35 PST 2024","","","3455","100% (53/53)","100% (52/52)","100% (52/52)","BIO","バイオ","BIO","interpretable","解釈可能な","解釈可能","previous","前の","以前の","Dialogue","対話","ダイアログ","finetuning","ファインチューニング","微調整","true","true","true","true","true","false","false","false","false","false","false","false","false","false","false","false","false","false","false","false"
"3CZH926SJTSHBKYURKAKN64Q3664EJ","38O8SQPJL62HJKMEV8VSLUJXAI2UVO","Ranking the Quality of AI Terminology Translation from English to Japanese","In this task, you will compare the quality of translations for scientific terms generated by two different methods. The input will include an English term, a context paragraph where the term is used, and its translations in Japanese.","Translation, AI Terminology, Multilingual, Ranking","$0.01","Fri Dec 06 03:40:43 PST 2024","5","BatchId:5277383;OriginalHitTemplateId:928390912;","3600","3600","Fri Dec 13 03:40:43 PST 2024","","","3CFVK00FW3ZCIXAUIWV4MJAIO1S6LW","A30IGMGSC7G2HM","Approved","Fri Dec 06 04:42:44 PST 2024","Fri Dec 06 04:55:26 PST 2024","Fri Dec 06 05:55:26 PST 2024","Fri Dec 06 05:55:35 PST 2024","","","762","100% (24/24)","100% (24/24)","100% (24/24)","BIO","バイオ","BIO","interpretable","解釈可能な","解釈可能","previous","前の","以前の","Dialogue","対話","ダイアログ","finetuning","ファインチューニング","微調整","true","true","true","true","true","false","false","false","false","false","false","false","false","false","false","false","false","false","false","false"
"3CZH926SJTSHBKYURKAKN64Q3664EJ","38O8SQPJL62HJKMEV8VSLUJXAI2UVO","Ranking the Quality of AI Terminology Translation from English to Japanese","In this task, you will compare the quality of translations for scientific terms generated by two different methods. The input will include an English term, a context paragraph where the term is used, and its translations in Japanese.","Translation, AI Terminology, Multilingual, Ranking","$0.01","Fri Dec 06 03:40:43 PST 2024","5","BatchId:5277383;OriginalHitTemplateId:928390912;","3600","3600","Fri Dec 13 03:40:43 PST 2024","","","34S6N1K2ZDXSFMUBEFM8JAZ8XGGHLI","ASVJ75M0TNT6Z","Approved","Fri Dec 06 05:43:07 PST 2024","Fri Dec 06 05:43:30 PST 2024","Fri Dec 06 06:43:30 PST 2024","Fri Dec 06 06:43:35 PST 2024","","","23","100% (25/25)","100% (25/25)","100% (25/25)","BIO","バイオ","BIO","interpretable","解釈可能な","解釈可能","previous","前の","以前の","Dialogue","対話","ダイアログ","finetuning","ファインチューニング","微調整","false","false","false","false","false","false","false","false","false","false","false","true","false","true","false","true","false","true","false","true"
"3SCKNODZ1EUIODTQMHBAG5I980WN7A","38O8SQPJL62HJKMEV8VSLUJXAI2UVO","Ranking the Quality of AI Terminology Translation from English to Japanese","In this task, you will compare the quality of translations for scientific terms generated by two different methods. The input will include an English term, a context paragraph where the term is used, and its translations in Japanese.","Translation, AI Terminology, Multilingual, Ranking","$0.01","Fri Dec 06 03:40:43 PST 2024","5","BatchId:5277383;OriginalHitTemplateId:928390912;","3600","3600","Fri Dec 13 03:40:43 PST 2024","","","37Q970SNZWM4FO4NWZGO39XW8JCS1O","A251BWQW2F81FT","Approved","Fri Dec 06 03:41:31 PST 2024","Fri Dec 06 04:15:40 PST 2024","Fri Dec 06 05:15:40 PST 2024","Fri Dec 06 05:16:35 PST 2024","","","2049","100% (31/31)","100% (31/31)","100% (31/31)","propose","提案する","提案","ROUGE","ルージュ","ROUGE","MathQA","数学QA","MathQA","context","コンテキスト","文脈","word2vec","word2vec","単語2vec","true","true","true","true","true","false","false","false","false","false","false","false","false","false","false","false","false","false","false","false"
"3SCKNODZ1EUIODTQMHBAG5I980WN7A","38O8SQPJL62HJKMEV8VSLUJXAI2UVO","Ranking the Quality of AI Terminology Translation from English to Japanese","In this task, you will compare the quality of translations for scientific terms generated by two different methods. The input will include an English term, a context paragraph where the term is used, and its translations in Japanese.","Translation, AI Terminology, Multilingual, Ranking","$0.01","Fri Dec 06 03:40:43 PST 2024","5","BatchId:5277383;OriginalHitTemplateId:928390912;","3600","3600","Fri Dec 13 03:40:43 PST 2024","","","3I0BTBYZAFZ14LVEZM4D7Q2NKC3Y06","A2E2FFMXS9F9KR","Approved","Fri Dec 06 03:42:18 PST 2024","Fri Dec 06 04:35:38 PST 2024","Fri Dec 06 05:35:38 PST 2024","Fri Dec 06 05:36:35 PST 2024","","","3200","100% (51/51)","100% (51/51)","100% (51/51)","propose","提案する","提案","ROUGE","ルージュ","ROUGE","MathQA","数学QA","MathQA","context","コンテキスト","文脈","word2vec","word2vec","単語2vec","false","true","true","true","false","true","false","false","false","true","false","false","false","false","false","false","false","false","false","false"
"3SCKNODZ1EUIODTQMHBAG5I980WN7A","38O8SQPJL62HJKMEV8VSLUJXAI2UVO","Ranking the Quality of AI Terminology Translation from English to Japanese","In this task, you will compare the quality of translations for scientific terms generated by two different methods. The input will include an English term, a context paragraph where the term is used, and its translations in Japanese.","Translation, AI Terminology, Multilingual, Ranking","$0.01","Fri Dec 06 03:40:43 PST 2024","5","BatchId:5277383;OriginalHitTemplateId:928390912;","3600","3600","Fri Dec 13 03:40:43 PST 2024","","","3TDXMTX3CT8ASW2OXTYRU3IQ7WRI6L","A1L8EGJ85A7DZR","Approved","Fri Dec 06 03:41:42 PST 2024","Fri Dec 06 04:40:27 PST 2024","Fri Dec 06 05:40:27 PST 2024","Fri Dec 06 05:40:35 PST 2024","","","3525","100% (27/27)","100% (27/27)","100% (27/27)","propose","提案する","提案","ROUGE","ルージュ","ROUGE","MathQA","数学QA","MathQA","context","コンテキスト","文脈","word2vec","word2vec","単語2vec","true","true","true","true","false","false","false","false","false","true","false","false","false","false","false","false","false","false","false","false"
"3SCKNODZ1EUIODTQMHBAG5I980WN7A","38O8SQPJL62HJKMEV8VSLUJXAI2UVO","Ranking the Quality of AI Terminology Translation from English to Japanese","In this task, you will compare the quality of translations for scientific terms generated by two different methods. The input will include an English term, a context paragraph where the term is used, and its translations in Japanese.","Translation, AI Terminology, Multilingual, Ranking","$0.01","Fri Dec 06 03:40:43 PST 2024","5","BatchId:5277383;OriginalHitTemplateId:928390912;","3600","3600","Fri Dec 13 03:40:43 PST 2024","","","3N1FSUEFLNEF5YIOMR4168IZJ1JD41","A9M8N3BOH6013","Approved","Fri Dec 06 04:41:57 PST 2024","Fri Dec 06 05:01:42 PST 2024","Fri Dec 06 06:01:42 PST 2024","Fri Dec 06 06:02:35 PST 2024","","","1185","100% (44/44)","100% (44/44)","100% (44/44)","propose","提案する","提案","ROUGE","ルージュ","ROUGE","MathQA","数学QA","MathQA","context","コンテキスト","文脈","word2vec","word2vec","単語2vec","false","true","true","true","false","true","false","false","false","true","false","false","false","false","false","false","false","false","false","false"
"3SCKNODZ1EUIODTQMHBAG5I980WN7A","38O8SQPJL62HJKMEV8VSLUJXAI2UVO","Ranking the Quality of AI Terminology Translation from English to Japanese","In this task, you will compare the quality of translations for scientific terms generated by two different methods. The input will include an English term, a context paragraph where the term is used, and its translations in Japanese.","Translation, AI Terminology, Multilingual, Ranking","$0.01","Fri Dec 06 03:40:43 PST 2024","5","BatchId:5277383;OriginalHitTemplateId:928390912;","3600","3600","Fri Dec 13 03:40:43 PST 2024","","","3RWE2M8QWZO7SMR0SKV2QA4GGT5N0D","A11B7MUC7UTFKN","Approved","Fri Dec 06 04:42:04 PST 2024","Fri Dec 06 05:10:08 PST 2024","Fri Dec 06 06:10:08 PST 2024","Fri Dec 06 06:10:35 PST 2024","","","1684","100% (36/36)","100% (36/36)","100% (36/36)","propose","提案する","提案","ROUGE","ルージュ","ROUGE","MathQA","数学QA","MathQA","context","コンテキスト","文脈","word2vec","word2vec","単語2vec","true","true","true","true","false","false","false","false","false","true","false","false","false","false","false","false","false","false","false","false"
"3UYRNV2KJADMORY9WM3GU5E4JK2N8X","38O8SQPJL62HJKMEV8VSLUJXAI2UVO","Ranking the Quality of AI Terminology Translation from English to Japanese","In this task, you will compare the quality of translations for scientific terms generated by two different methods. The input will include an English term, a context paragraph where the term is used, and its translations in Japanese.","Translation, AI Terminology, Multilingual, Ranking","$0.01","Fri Dec 06 03:40:43 PST 2024","5","BatchId:5277383;OriginalHitTemplateId:928390912;","3600","3600","Fri Dec 13 03:40:43 PST 2024","","","3TE22NPXPTQ252ZVTG3834OT6NK447","A39PWDRYNY2WM0","Approved","Fri Dec 06 03:41:21 PST 2024","Fri Dec 06 04:12:26 PST 2024","Fri Dec 06 05:12:26 PST 2024","Fri Dec 06 05:12:35 PST 2024","","","1865","100% (55/55)","100% (55/55)","100% (55/55)","multilingual","多言語","他言語","methods","手法","方法","labeled","ラベル付けされた","ラベル付き","unsupervised","教師なし","監視なし","Morphology","形態論","語形論","true","true","true","false","true","false","false","false","true","false","false","false","false","false","false","false","false","false","false","false"
"3UYRNV2KJADMORY9WM3GU5E4JK2N8X","38O8SQPJL62HJKMEV8VSLUJXAI2UVO","Ranking the Quality of AI Terminology Translation from English to Japanese","In this task, you will compare the quality of translations for scientific terms generated by two different methods. The input will include an English term, a context paragraph where the term is used, and its translations in Japanese.","Translation, AI Terminology, Multilingual, Ranking","$0.01","Fri Dec 06 03:40:43 PST 2024","5","BatchId:5277383;OriginalHitTemplateId:928390912;","3600","3600","Fri Dec 13 03:40:43 PST 2024","","","3TXD01ZLDMV1M0TA8MUQG8MN507U4J","AG9MLSV2QCVD4","Approved","Fri Dec 06 03:41:22 PST 2024","Fri Dec 06 04:22:46 PST 2024","Fri Dec 06 05:22:46 PST 2024","Fri Dec 06 05:23:35 PST 2024","","","2484","100% (24/24)","100% (24/24)","100% (24/24)","multilingual","多言語","他言語","methods","手法","方法","labeled","ラベル付けされた","ラベル付き","unsupervised","教師なし","監視なし","Morphology","形態論","語形論","true","true","true","false","false","false","false","false","true","true","false","false","false","false","false","false","false","false","false","false"
"3UYRNV2KJADMORY9WM3GU5E4JK2N8X","38O8SQPJL62HJKMEV8VSLUJXAI2UVO","Ranking the Quality of AI Terminology Translation from English to Japanese","In this task, you will compare the quality of translations for scientific terms generated by two different methods. The input will include an English term, a context paragraph where the term is used, and its translations in Japanese.","Translation, AI Terminology, Multilingual, Ranking","$0.01","Fri Dec 06 03:40:43 PST 2024","5","BatchId:5277383;OriginalHitTemplateId:928390912;","3600","3600","Fri Dec 13 03:40:43 PST 2024","","","3OVHNO1VEOFV8V6D7KUR04V8KVFZDQ","A1U6UPXOFCXR24","Approved","Fri Dec 06 03:41:30 PST 2024","Fri Dec 06 04:28:39 PST 2024","Fri Dec 06 05:28:39 PST 2024","Fri Dec 06 05:29:35 PST 2024","","","2829","100% (17/17)","100% (17/17)","100% (17/17)","multilingual","多言語","他言語","methods","手法","方法","labeled","ラベル付けされた","ラベル付き","unsupervised","教師なし","監視なし","Morphology","形態論","語形論","false","true","true","false","true","true","false","false","true","false","false","false","false","false","false","false","false","false","false","false"
"3UYRNV2KJADMORY9WM3GU5E4JK2N8X","38O8SQPJL62HJKMEV8VSLUJXAI2UVO","Ranking the Quality of AI Terminology Translation from English to Japanese","In this task, you will compare the quality of translations for scientific terms generated by two different methods. The input will include an English term, a context paragraph where the term is used, and its translations in Japanese.","Translation, AI Terminology, Multilingual, Ranking","$0.01","Fri Dec 06 03:40:43 PST 2024","5","BatchId:5277383;OriginalHitTemplateId:928390912;","3600","3600","Fri Dec 13 03:40:43 PST 2024","","","3X73LLYYQJSI3MXWQS2NW23X291HN1","A2E2FFMXS9F9KR","Approved","Fri Dec 06 03:41:37 PST 2024","Fri Dec 06 04:32:47 PST 2024","Fri Dec 06 05:32:47 PST 2024","Fri Dec 06 05:33:35 PST 2024","","","3070","100% (51/51)","100% (51/51)","100% (51/51)","multilingual","多言語","他言語","methods","手法","方法","labeled","ラベル付けされた","ラベル付き","unsupervised","教師なし","監視なし","Morphology","形態論","語形論","true","true","true","false","true","false","false","false","true","false","false","false","false","false","false","false","false","false","false","false"
"3UYRNV2KJADMORY9WM3GU5E4JK2N8X","38O8SQPJL62HJKMEV8VSLUJXAI2UVO","Ranking the Quality of AI Terminology Translation from English to Japanese","In this task, you will compare the quality of translations for scientific terms generated by two different methods. The input will include an English term, a context paragraph where the term is used, and its translations in Japanese.","Translation, AI Terminology, Multilingual, Ranking","$0.01","Fri Dec 06 03:40:43 PST 2024","5","BatchId:5277383;OriginalHitTemplateId:928390912;","3600","3600","Fri Dec 13 03:40:43 PST 2024","","","3Q5C1WP234F39M6CK33GAYN4U0B518","A2O4PW85X1GQA1","Approved","Fri Dec 06 04:42:31 PST 2024","Fri Dec 06 05:40:41 PST 2024","Fri Dec 06 06:40:41 PST 2024","Fri Dec 06 06:41:35 PST 2024","","","3490","100% (15/15)","100% (15/15)","100% (15/15)","multilingual","多言語","他言語","methods","手法","方法","labeled","ラベル付けされた","ラベル付き","unsupervised","教師なし","監視なし","Morphology","形態論","語形論","true","true","true","false","true","false","false","false","true","false","false","false","false","false","false","false","false","false","false","false"
"30EV7DWJUC9TWCJZA9FTR7GKH9H6YL","38O8SQPJL62HJKMEV8VSLUJXAI2UVO","Ranking the Quality of AI Terminology Translation from English to Japanese","In this task, you will compare the quality of translations for scientific terms generated by two different methods. The input will include an English term, a context paragraph where the term is used, and its translations in Japanese.","Translation, AI Terminology, Multilingual, Ranking","$0.01","Fri Dec 06 03:40:44 PST 2024","5","BatchId:5277383;OriginalHitTemplateId:928390912;","3600","3600","Fri Dec 13 03:40:44 PST 2024","","","3GS6S824S8B00CSLLRONX5DKHXENW7","A2H09EMKJHK5XT","Approved","Fri Dec 06 03:41:50 PST 2024","Fri Dec 06 03:43:49 PST 2024","Fri Dec 06 04:43:49 PST 2024","Fri Dec 06 04:44:35 PST 2024","","","119","100% (5/5)","100% (5/5)","100% (5/5)","semantically","意味的に","意味論的に","BLEU","ブルー","BLEU","BETO","ベト","BETO","2D-3D correspondence","2次元-3次元対応","2D-3D対応","Attention","注意機構","注意","false","true","false","false","false","true","false","true","true","false","false","false","false","false","true","false","false","false","false","false"
"30EV7DWJUC9TWCJZA9FTR7GKH9H6YL","38O8SQPJL62HJKMEV8VSLUJXAI2UVO","Ranking the Quality of AI Terminology Translation from English to Japanese","In this task, you will compare the quality of translations for scientific terms generated by two different methods. The input will include an English term, a context paragraph where the term is used, and its translations in Japanese.","Translation, AI Terminology, Multilingual, Ranking","$0.01","Fri Dec 06 03:40:44 PST 2024","5","BatchId:5277383;OriginalHitTemplateId:928390912;","3600","3600","Fri Dec 13 03:40:44 PST 2024","","","3LO69W1SULREFQZ0U94QYAN7IEOLG4","A2P8U65V6NL7B5","Approved","Fri Dec 06 03:41:50 PST 2024","Fri Dec 06 03:54:17 PST 2024","Fri Dec 06 04:54:17 PST 2024","Fri Dec 06 04:54:35 PST 2024","","","747","100% (49/49)","100% (49/49)","100% (49/49)","semantically","意味的に","意味論的に","BLEU","ブルー","BLEU","BETO","ベト","BETO","2D-3D correspondence","2次元-3次元対応","2D-3D対応","Attention","注意機構","注意","false","true","true","true","false","true","false","false","false","true","false","false","false","false","false","false","false","false","false","false"
"30EV7DWJUC9TWCJZA9FTR7GKH9H6YL","38O8SQPJL62HJKMEV8VSLUJXAI2UVO","Ranking the Quality of AI Terminology Translation from English to Japanese","In this task, you will compare the quality of translations for scientific terms generated by two different methods. The input will include an English term, a context paragraph where the term is used, and its translations in Japanese.","Translation, AI Terminology, Multilingual, Ranking","$0.01","Fri Dec 06 03:40:44 PST 2024","5","BatchId:5277383;OriginalHitTemplateId:928390912;","3600","3600","Fri Dec 13 03:40:44 PST 2024","","","3BV8HQ2ZZEFVMEJQL56ED5U7UOMA69","AG9MLSV2QCVD4","Approved","Fri Dec 06 03:41:44 PST 2024","Fri Dec 06 04:26:29 PST 2024","Fri Dec 06 05:26:29 PST 2024","Fri Dec 06 05:26:35 PST 2024","","","2685","100% (24/24)","100% (24/24)","100% (24/24)","semantically","意味的に","意味論的に","BLEU","ブルー","BLEU","BETO","ベト","BETO","2D-3D correspondence","2次元-3次元対応","2D-3D対応","Attention","注意機構","注意","true","true","true","false","false","false","false","false","true","true","false","false","false","false","false","false","false","false","false","false"
"30EV7DWJUC9TWCJZA9FTR7GKH9H6YL","38O8SQPJL62HJKMEV8VSLUJXAI2UVO","Ranking the Quality of AI Terminology Translation from English to Japanese","In this task, you will compare the quality of translations for scientific terms generated by two different methods. The input will include an English term, a context paragraph where the term is used, and its translations in Japanese.","Translation, AI Terminology, Multilingual, Ranking","$0.01","Fri Dec 06 03:40:44 PST 2024","5","BatchId:5277383;OriginalHitTemplateId:928390912;","3600","3600","Fri Dec 13 03:40:44 PST 2024","","","39OWYR0EP25S1PA424NYAXPRQERYF9","A35H5DUMZH86PC","Approved","Fri Dec 06 03:41:15 PST 2024","Fri Dec 06 04:30:09 PST 2024","Fri Dec 06 05:30:09 PST 2024","Fri Dec 06 05:30:35 PST 2024","","","2934","100% (40/40)","100% (40/40)","100% (40/40)","semantically","意味的に","意味論的に","BLEU","ブルー","BLEU","BETO","ベト","BETO","2D-3D correspondence","2次元-3次元対応","2D-3D対応","Attention","注意機構","注意","true","true","true","true","false","false","false","false","false","true","false","false","false","false","false","false","false","false","false","false"
"30EV7DWJUC9TWCJZA9FTR7GKH9H6YL","38O8SQPJL62HJKMEV8VSLUJXAI2UVO","Ranking the Quality of AI Terminology Translation from English to Japanese","In this task, you will compare the quality of translations for scientific terms generated by two different methods. The input will include an English term, a context paragraph where the term is used, and its translations in Japanese.","Translation, AI Terminology, Multilingual, Ranking","$0.01","Fri Dec 06 03:40:44 PST 2024","5","BatchId:5277383;OriginalHitTemplateId:928390912;","3600","3600","Fri Dec 13 03:40:44 PST 2024","","","3L4PIM1GQBUP4FFDTZNSRM3AT4IYRO","A2ML30H0T2HO1J","Approved","Fri Dec 06 05:43:58 PST 2024","Fri Dec 06 06:24:24 PST 2024","Fri Dec 06 07:24:24 PST 2024","Fri Dec 06 07:24:35 PST 2024","","","2426","100% (20/20)","100% (20/20)","100% (20/20)","semantically","意味的に","意味論的に","BLEU","ブルー","BLEU","BETO","ベト","BETO","2D-3D correspondence","2次元-3次元対応","2D-3D対応","Attention","注意機構","注意","false","false","true","false","false","false","true","false","true","true","true","false","false","false","false","false","false","false","false","false"
"3UV0D2KX23X9HYYQMVUQ5OPQF7L4F1","38O8SQPJL62HJKMEV8VSLUJXAI2UVO","Ranking the Quality of AI Terminology Translation from English to Japanese","In this task, you will compare the quality of translations for scientific terms generated by two different methods. The input will include an English term, a context paragraph where the term is used, and its translations in Japanese.","Translation, AI Terminology, Multilingual, Ranking","$0.01","Fri Dec 06 03:40:44 PST 2024","5","BatchId:5277383;OriginalHitTemplateId:928390912;","3600","3600","Fri Dec 13 03:40:44 PST 2024","","","3018Q3ZVO04O8XHADT9CO0L3QB0AR7","A35H5DUMZH86PC","Approved","Fri Dec 06 03:41:50 PST 2024","Fri Dec 06 04:35:22 PST 2024","Fri Dec 06 05:35:22 PST 2024","Fri Dec 06 05:35:35 PST 2024","","","3212","100% (40/40)","100% (40/40)","100% (40/40)","Bregman divergence","ブレグマン・ダイバージェンス","ブレグマン発散","Euclidean","ユークリッド距離","ユークリッド","Fourier feature","フーリエ特徴量","フーリエ特徴","GoogLeNet","GoogLeNet","グーグルネット","Hadamard matrix","アダマール行列","ハダマード行列","true","false","false","true","true","false","true","true","false","false","false","false","false","false","false","false","false","false","false","false"
"3UV0D2KX23X9HYYQMVUQ5OPQF7L4F1","38O8SQPJL62HJKMEV8VSLUJXAI2UVO","Ranking the Quality of AI Terminology Translation from English to Japanese","In this task, you will compare the quality of translations for scientific terms generated by two different methods. The input will include an English term, a context paragraph where the term is used, and its translations in Japanese.","Translation, AI Terminology, Multilingual, Ranking","$0.01","Fri Dec 06 03:40:44 PST 2024","5","BatchId:5277383;OriginalHitTemplateId:928390912;","3600","3600","Fri Dec 13 03:40:44 PST 2024","","","3JZQSN0I38OSFYP48Y1S3XINLI2FGT","A39PWDRYNY2WM0","Approved","Fri Dec 06 04:42:03 PST 2024","Fri Dec 06 05:08:59 PST 2024","Fri Dec 06 06:08:59 PST 2024","Fri Dec 06 06:09:35 PST 2024","","","1616","100% (55/55)","100% (55/55)","100% (55/55)","Bregman divergence","ブレグマン・ダイバージェンス","ブレグマン発散","Euclidean","ユークリッド距離","ユークリッド","Fourier feature","フーリエ特徴量","フーリエ特徴","GoogLeNet","GoogLeNet","グーグルネット","Hadamard matrix","アダマール行列","ハダマード行列","true","false","true","true","true","false","true","false","false","false","false","false","false","false","false","false","false","false","false","false"
"3UV0D2KX23X9HYYQMVUQ5OPQF7L4F1","38O8SQPJL62HJKMEV8VSLUJXAI2UVO","Ranking the Quality of AI Terminology Translation from English to Japanese","In this task, you will compare the quality of translations for scientific terms generated by two different methods. The input will include an English term, a context paragraph where the term is used, and its translations in Japanese.","Translation, AI Terminology, Multilingual, Ranking","$0.01","Fri Dec 06 03:40:44 PST 2024","5","BatchId:5277383;OriginalHitTemplateId:928390912;","3600","3600","Fri Dec 13 03:40:44 PST 2024","","","3NXNZ5RS1SB0LVNQC9X6NOJJJIV971","A2ML30H0T2HO1J","Approved","Fri Dec 06 04:42:44 PST 2024","Fri Dec 06 05:21:43 PST 2024","Fri Dec 06 06:21:43 PST 2024","Fri Dec 06 06:22:35 PST 2024","","","2339","100% (20/20)","100% (20/20)","100% (20/20)","Bregman divergence","ブレグマン・ダイバージェンス","ブレグマン発散","Euclidean","ユークリッド距離","ユークリッド","Fourier feature","フーリエ特徴量","フーリエ特徴","GoogLeNet","GoogLeNet","グーグルネット","Hadamard matrix","アダマール行列","ハダマード行列","false","false","false","false","true","true","false","false","true","false","false","false","true","false","false","false","true","false","false","false"
"3UV0D2KX23X9HYYQMVUQ5OPQF7L4F1","38O8SQPJL62HJKMEV8VSLUJXAI2UVO","Ranking the Quality of AI Terminology Translation from English to Japanese","In this task, you will compare the quality of translations for scientific terms generated by two different methods. The input will include an English term, a context paragraph where the term is used, and its translations in Japanese.","Translation, AI Terminology, Multilingual, Ranking","$0.01","Fri Dec 06 03:40:44 PST 2024","5","BatchId:5277383;OriginalHitTemplateId:928390912;","3600","3600","Fri Dec 13 03:40:44 PST 2024","","","3EFE17QCRUJFJZP1YOJ9VWD3P9FHSL","A2MZEUP2ECO1AI","Approved","Fri Dec 06 04:42:31 PST 2024","Fri Dec 06 05:31:33 PST 2024","Fri Dec 06 06:31:33 PST 2024","Fri Dec 06 06:31:35 PST 2024","","","2942","100% (34/34)","100% (34/34)","100% (34/34)","Bregman divergence","ブレグマン・ダイバージェンス","ブレグマン発散","Euclidean","ユークリッド距離","ユークリッド","Fourier feature","フーリエ特徴量","フーリエ特徴","GoogLeNet","GoogLeNet","グーグルネット","Hadamard matrix","アダマール行列","ハダマード行列","true","false","true","true","true","false","true","false","false","false","false","false","false","false","false","false","false","false","false","false"
"3UV0D2KX23X9HYYQMVUQ5OPQF7L4F1","38O8SQPJL62HJKMEV8VSLUJXAI2UVO","Ranking the Quality of AI Terminology Translation from English to Japanese","In this task, you will compare the quality of translations for scientific terms generated by two different methods. The input will include an English term, a context paragraph where the term is used, and its translations in Japanese.","Translation, AI Terminology, Multilingual, Ranking","$0.01","Fri Dec 06 03:40:44 PST 2024","5","BatchId:5277383;OriginalHitTemplateId:928390912;","3600","3600","Fri Dec 13 03:40:44 PST 2024","","","3TE22NPXPTQ252ZVTG3834OT6P044R","A3I1OLOTCWCIET","Approved","Fri Dec 06 05:43:38 PST 2024","Fri Dec 06 05:48:09 PST 2024","Fri Dec 06 06:48:09 PST 2024","Fri Dec 06 06:48:35 PST 2024","","","271","100% (10/10)","100% (10/10)","100% (10/10)","Bregman divergence","ブレグマン・ダイバージェンス","ブレグマン発散","Euclidean","ユークリッド距離","ユークリッド","Fourier feature","フーリエ特徴量","フーリエ特徴","GoogLeNet","GoogLeNet","グーグルネット","Hadamard matrix","アダマール行列","ハダマード行列","false","false","true","true","true","false","true","false","false","false","true","false","false","false","false","false","false","false","false","false"
"3IZVJEBJ7RYT12T46VHC5EPMN3L6ZC","38O8SQPJL62HJKMEV8VSLUJXAI2UVO","Ranking the Quality of AI Terminology Translation from English to Japanese","In this task, you will compare the quality of translations for scientific terms generated by two different methods. The input will include an English term, a context paragraph where the term is used, and its translations in Japanese.","Translation, AI Terminology, Multilingual, Ranking","$0.01","Fri Dec 06 03:40:44 PST 2024","5","BatchId:5277383;OriginalHitTemplateId:928390912;","3600","3600","Fri Dec 13 03:40:44 PST 2024","","","3BV8HQ2ZZEFVMEJQL56ED5U7UOM6A5","ADLZLGHKOAEE6","Approved","Fri Dec 06 03:41:23 PST 2024","Fri Dec 06 03:41:52 PST 2024","Fri Dec 06 04:41:52 PST 2024","Fri Dec 06 04:42:35 PST 2024","","","29","100% (1/1)","100% (1/1)","100% (1/1)","Hiero system","ハイエロシステム","ヒエロシステム","Homography","ホモグラフィー","ホモグラフィ","HowTo100M","ハウツー100M","HowTo100M","In-context Learning","インコンテキスト学習","コンテキスト内学習","Jensen-Shannon Divergence","ジェンセン・シャノン・ダイバージェンス","ヤンセン・シャノン発散","false","true","false","false","false","true","false","false","true","true","false","false","true","false","false","false","false","false","false","false"
"3IZVJEBJ7RYT12T46VHC5EPMN3L6ZC","38O8SQPJL62HJKMEV8VSLUJXAI2UVO","Ranking the Quality of AI Terminology Translation from English to Japanese","In this task, you will compare the quality of translations for scientific terms generated by two different methods. The input will include an English term, a context paragraph where the term is used, and its translations in Japanese.","Translation, AI Terminology, Multilingual, Ranking","$0.01","Fri Dec 06 03:40:44 PST 2024","5","BatchId:5277383;OriginalHitTemplateId:928390912;","3600","3600","Fri Dec 13 03:40:44 PST 2024","","","3TAYZSBPL3MB49MJF3G28S710PRS26","AWPXR7XE6B8KD","Approved","Fri Dec 06 03:42:17 PST 2024","Fri Dec 06 04:15:03 PST 2024","Fri Dec 06 05:15:03 PST 2024","Fri Dec 06 05:15:35 PST 2024","","","1966","100% (17/17)","100% (17/17)","100% (17/17)","Hiero system","ハイエロシステム","ヒエロシステム","Homography","ホモグラフィー","ホモグラフィ","HowTo100M","ハウツー100M","HowTo100M","In-context Learning","インコンテキスト学習","コンテキスト内学習","Jensen-Shannon Divergence","ジェンセン・シャノン・ダイバージェンス","ヤンセン・シャノン発散","true","false","true","false","false","false","true","false","false","true","false","false","false","true","false","false","false","false","false","false"
"3IZVJEBJ7RYT12T46VHC5EPMN3L6ZC","38O8SQPJL62HJKMEV8VSLUJXAI2UVO","Ranking the Quality of AI Terminology Translation from English to Japanese","In this task, you will compare the quality of translations for scientific terms generated by two different methods. The input will include an English term, a context paragraph where the term is used, and its translations in Japanese.","Translation, AI Terminology, Multilingual, Ranking","$0.01","Fri Dec 06 03:40:44 PST 2024","5","BatchId:5277383;OriginalHitTemplateId:928390912;","3600","3600","Fri Dec 13 03:40:44 PST 2024","","","3X4MXAO0BY2LFAKDEY546PIUIU3RWZ","A3HSZ9YLOBCCPR","Approved","Fri Dec 06 03:42:15 PST 2024","Fri Dec 06 04:24:58 PST 2024","Fri Dec 06 05:24:58 PST 2024","Fri Dec 06 05:25:35 PST 2024","","","2563","100% (39/39)","100% (39/39)","100% (39/39)","Hiero system","ハイエロシステム","ヒエロシステム","Homography","ホモグラフィー","ホモグラフィ","HowTo100M","ハウツー100M","HowTo100M","In-context Learning","インコンテキスト学習","コンテキスト内学習","Jensen-Shannon Divergence","ジェンセン・シャノン・ダイバージェンス","ヤンセン・シャノン発散","false","true","true","false","false","true","false","false","false","true","false","false","false","true","false","false","false","false","false","false"
"3IZVJEBJ7RYT12T46VHC5EPMN3L6ZC","38O8SQPJL62HJKMEV8VSLUJXAI2UVO","Ranking the Quality of AI Terminology Translation from English to Japanese","In this task, you will compare the quality of translations for scientific terms generated by two different methods. The input will include an English term, a context paragraph where the term is used, and its translations in Japanese.","Translation, AI Terminology, Multilingual, Ranking","$0.01","Fri Dec 06 03:40:44 PST 2024","5","BatchId:5277383;OriginalHitTemplateId:928390912;","3600","3600","Fri Dec 13 03:40:44 PST 2024","","","35GCEFQ6IN2XQ34GEVOFNV9WTIR3ZX","A186ORPGIU3WNL","Approved","Fri Dec 06 03:41:18 PST 2024","Fri Dec 06 04:36:11 PST 2024","Fri Dec 06 05:36:11 PST 2024","Fri Dec 06 05:36:35 PST 2024","","","3293","100% (53/53)","100% (52/52)","100% (52/52)","Hiero system","ハイエロシステム","ヒエロシステム","Homography","ホモグラフィー","ホモグラフィ","HowTo100M","ハウツー100M","HowTo100M","In-context Learning","インコンテキスト学習","コンテキスト内学習","Jensen-Shannon Divergence","ジェンセン・シャノン・ダイバージェンス","ヤンセン・シャノン発散","true","false","true","false","false","false","true","false","false","true","false","false","false","true","false","false","false","false","false","false"
"3IZVJEBJ7RYT12T46VHC5EPMN3L6ZC","38O8SQPJL62HJKMEV8VSLUJXAI2UVO","Ranking the Quality of AI Terminology Translation from English to Japanese","In this task, you will compare the quality of translations for scientific terms generated by two different methods. The input will include an English term, a context paragraph where the term is used, and its translations in Japanese.","Translation, AI Terminology, Multilingual, Ranking","$0.01","Fri Dec 06 03:40:44 PST 2024","5","BatchId:5277383;OriginalHitTemplateId:928390912;","3600","3600","Fri Dec 13 03:40:44 PST 2024","","","304SM51WALI5SMMFYW9D9LA5UXJSBR","A42LJXMJ3CFRU","Approved","Fri Dec 06 05:43:06 PST 2024","Fri Dec 06 05:47:06 PST 2024","Fri Dec 06 06:47:06 PST 2024","Fri Dec 06 06:47:35 PST 2024","","","240","100% (4/4)","100% (4/4)","100% (4/4)","Hiero system","ハイエロシステム","ヒエロシステム","Homography","ホモグラフィー","ホモグラフィ","HowTo100M","ハウツー100M","HowTo100M","In-context Learning","インコンテキスト学習","コンテキスト内学習","Jensen-Shannon Divergence","ジェンセン・シャノン・ダイバージェンス","ヤンセン・シャノン発散","false","false","false","false","false","true","true","false","false","false","false","false","true","true","true","false","false","false","false","false"
"3VJ4PFXFKKLD25BXQLZG4RCTH4VUA0","38O8SQPJL62HJKMEV8VSLUJXAI2UVO","Ranking the Quality of AI Terminology Translation from English to Japanese","In this task, you will compare the quality of translations for scientific terms generated by two different methods. The input will include an English term, a context paragraph where the term is used, and its translations in Japanese.","Translation, AI Terminology, Multilingual, Ranking","$0.01","Fri Dec 06 03:40:44 PST 2024","5","BatchId:5277383;OriginalHitTemplateId:928390912;","3600","3600","Fri Dec 13 03:40:44 PST 2024","","","386CSBG1OH0N9UQ7A130359CY68Q6W","A3I1OLOTCWCIET","Approved","Fri Dec 06 03:41:47 PST 2024","Fri Dec 06 03:43:59 PST 2024","Fri Dec 06 04:43:59 PST 2024","Fri Dec 06 04:44:35 PST 2024","","","132","100% (10/10)","100% (10/10)","100% (10/10)","K-Means clustering","K-Means クラスタリング","K-平均クラスタリング","Laplacian distribution","ラプラシアン分布","ラプラス分布","Machine Learning Repository","UCI機械学習リポジトリ","機械学習リポジトリ","Maximum Likelihood","最尤法","最大尤度","Metropolis algorithm","メトロポリス・アルゴリズム","メトロポリスアルゴリズム","false","false","false","true","true","true","true","true","false","false","false","false","false","false","false","false","false","false","false","false"
"3VJ4PFXFKKLD25BXQLZG4RCTH4VUA0","38O8SQPJL62HJKMEV8VSLUJXAI2UVO","Ranking the Quality of AI Terminology Translation from English to Japanese","In this task, you will compare the quality of translations for scientific terms generated by two different methods. The input will include an English term, a context paragraph where the term is used, and its translations in Japanese.","Translation, AI Terminology, Multilingual, Ranking","$0.01","Fri Dec 06 03:40:44 PST 2024","5","BatchId:5277383;OriginalHitTemplateId:928390912;","3600","3600","Fri Dec 13 03:40:44 PST 2024","","","3C44YUNSIJ31UR47KBWP96TUAW8PDV","A1HSI7UUYP5PM3","Approved","Fri Dec 06 03:41:30 PST 2024","Fri Dec 06 03:46:19 PST 2024","Fri Dec 06 04:46:19 PST 2024","Fri Dec 06 04:46:35 PST 2024","","","289","100% (4/4)","100% (4/4)","100% (4/4)","K-Means clustering","K-Means クラスタリング","K-平均クラスタリング","Laplacian distribution","ラプラシアン分布","ラプラス分布","Machine Learning Repository","UCI機械学習リポジトリ","機械学習リポジトリ","Maximum Likelihood","最尤法","最大尤度","Metropolis algorithm","メトロポリス・アルゴリズム","メトロポリスアルゴリズム","false","false","false","false","true","false","true","false","false","false","true","false","true","true","false","false","false","false","false","false"
"3VJ4PFXFKKLD25BXQLZG4RCTH4VUA0","38O8SQPJL62HJKMEV8VSLUJXAI2UVO","Ranking the Quality of AI Terminology Translation from English to Japanese","In this task, you will compare the quality of translations for scientific terms generated by two different methods. The input will include an English term, a context paragraph where the term is used, and its translations in Japanese.","Translation, AI Terminology, Multilingual, Ranking","$0.01","Fri Dec 06 03:40:44 PST 2024","5","BatchId:5277383;OriginalHitTemplateId:928390912;","3600","3600","Fri Dec 13 03:40:44 PST 2024","","","392CY0QWGJ5WD9YAE55CX5YCB5LI40","A31QG91W08LBPZ","Approved","Fri Dec 06 03:41:41 PST 2024","Fri Dec 06 03:48:50 PST 2024","Fri Dec 06 04:48:50 PST 2024","Fri Dec 06 04:49:35 PST 2024","","","429","100% (1/1)","100% (1/1)","100% (1/1)","K-Means clustering","K-Means クラスタリング","K-平均クラスタリング","Laplacian distribution","ラプラシアン分布","ラプラス分布","Machine Learning Repository","UCI機械学習リポジトリ","機械学習リポジトリ","Maximum Likelihood","最尤法","最大尤度","Metropolis algorithm","メトロポリス・アルゴリズム","メトロポリスアルゴリズム","true","false","false","false","false","false","true","true","true","true","false","false","false","false","false","false","false","false","false","false"
"3VJ4PFXFKKLD25BXQLZG4RCTH4VUA0","38O8SQPJL62HJKMEV8VSLUJXAI2UVO","Ranking the Quality of AI Terminology Translation from English to Japanese","In this task, you will compare the quality of translations for scientific terms generated by two different methods. The input will include an English term, a context paragraph where the term is used, and its translations in Japanese.","Translation, AI Terminology, Multilingual, Ranking","$0.01","Fri Dec 06 03:40:44 PST 2024","5","BatchId:5277383;OriginalHitTemplateId:928390912;","3600","3600","Fri Dec 13 03:40:44 PST 2024","","","3TPZPLC3MIQ3CZ2ARMQDWX7IJJJP3X","A1L8EGJ85A7DZR","Approved","Fri Dec 06 03:41:27 PST 2024","Fri Dec 06 04:39:01 PST 2024","Fri Dec 06 05:39:01 PST 2024","Fri Dec 06 05:39:35 PST 2024","","","3454","100% (27/27)","100% (27/27)","100% (27/27)","K-Means clustering","K-Means クラスタリング","K-平均クラスタリング","Laplacian distribution","ラプラシアン分布","ラプラス分布","Machine Learning Repository","UCI機械学習リポジトリ","機械学習リポジトリ","Maximum Likelihood","最尤法","最大尤度","Metropolis algorithm","メトロポリス・アルゴリズム","メトロポリスアルゴリズム","true","true","false","false","true","false","false","true","true","false","false","false","false","false","false","false","false","false","false","false"
"3VJ4PFXFKKLD25BXQLZG4RCTH4VUA0","38O8SQPJL62HJKMEV8VSLUJXAI2UVO","Ranking the Quality of AI Terminology Translation from English to Japanese","In this task, you will compare the quality of translations for scientific terms generated by two different methods. The input will include an English term, a context paragraph where the term is used, and its translations in Japanese.","Translation, AI Terminology, Multilingual, Ranking","$0.01","Fri Dec 06 03:40:44 PST 2024","5","BatchId:5277383;OriginalHitTemplateId:928390912;","3600","3600","Fri Dec 13 03:40:44 PST 2024","","","3R8YZBNQ9ZW6DU4CTB8S9J98TIYQ73","A3IG9HHR3NL9R0","Approved","Fri Dec 06 04:42:05 PST 2024","Fri Dec 06 04:57:53 PST 2024","Fri Dec 06 05:57:53 PST 2024","Fri Dec 06 05:58:35 PST 2024","","","948","100% (50/50)","100% (50/50)","100% (50/50)","K-Means clustering","K-Means クラスタリング","K-平均クラスタリング","Laplacian distribution","ラプラシアン分布","ラプラス分布","Machine Learning Repository","UCI機械学習リポジトリ","機械学習リポジトリ","Maximum Likelihood","最尤法","最大尤度","Metropolis algorithm","メトロポリス・アルゴリズム","メトロポリスアルゴリズム","true","true","false","false","true","false","false","true","true","false","false","false","false","false","false","false","false","false","false","false"
"30IRMPJWEGXRYQS2YIH0TUS5FHLRK8","38O8SQPJL62HJKMEV8VSLUJXAI2UVO","Ranking the Quality of AI Terminology Translation from English to Japanese","In this task, you will compare the quality of translations for scientific terms generated by two different methods. The input will include an English term, a context paragraph where the term is used, and its translations in Japanese.","Translation, AI Terminology, Multilingual, Ranking","$0.01","Fri Dec 06 03:40:44 PST 2024","5","BatchId:5277383;OriginalHitTemplateId:928390912;","3600","3600","Fri Dec 13 03:40:44 PST 2024","","","33JKGHPFYU84V0Y7HPI0O7BTJV0NMG","A2H09EMKJHK5XT","Approved","Fri Dec 06 03:41:47 PST 2024","Fri Dec 06 03:42:58 PST 2024","Fri Dec 06 04:42:58 PST 2024","Fri Dec 06 04:43:35 PST 2024","","","71","100% (5/5)","100% (5/5)","100% (5/5)","Metropolis-Hastings acceptance ratio","メトロポリス・ヘイスティングスのアクセプタンス比","メトロポリス・ヘイスティングス受容比","Monte Carlo algorithm","モンテカルロ・アルゴリズム","モンテカルロアルゴリズム","Monte Carlo estimator","モンテカルロ推定量","モンテカルロ推定器","Nyström approximation","ニーストローム近似","ニューストローム近似","Object Localization","オブジェクトのローカリゼーション","物体位置特定","false","false","false","false","true","false","false","false","true","false","true","true","false","false","false","false","false","false","false","false"
"30IRMPJWEGXRYQS2YIH0TUS5FHLRK8","38O8SQPJL62HJKMEV8VSLUJXAI2UVO","Ranking the Quality of AI Terminology Translation from English to Japanese","In this task, you will compare the quality of translations for scientific terms generated by two different methods. The input will include an English term, a context paragraph where the term is used, and its translations in Japanese.","Translation, AI Terminology, Multilingual, Ranking","$0.01","Fri Dec 06 03:40:44 PST 2024","5","BatchId:5277383;OriginalHitTemplateId:928390912;","3600","3600","Fri Dec 13 03:40:44 PST 2024","","","3X66WABAJEWXZM9BO30Q2OTQISXG3L","A35H5DUMZH86PC","Approved","Fri Dec 06 03:41:48 PST 2024","Fri Dec 06 04:32:05 PST 2024","Fri Dec 06 05:32:05 PST 2024","Fri Dec 06 05:32:35 PST 2024","","","3017","100% (40/40)","100% (40/40)","100% (40/40)","Metropolis-Hastings acceptance ratio","メトロポリス・ヘイスティングスのアクセプタンス比","メトロポリス・ヘイスティングス受容比","Monte Carlo algorithm","モンテカルロ・アルゴリズム","モンテカルロアルゴリズム","Monte Carlo estimator","モンテカルロ推定量","モンテカルロ推定器","Nyström approximation","ニーストローム近似","ニューストローム近似","Object Localization","オブジェクトのローカリゼーション","物体位置特定","false","true","false","false","false","false","false","true","true","false","true","false","false","false","true","false","false","false","false","false"
"30IRMPJWEGXRYQS2YIH0TUS5FHLRK8","38O8SQPJL62HJKMEV8VSLUJXAI2UVO","Ranking the Quality of AI Terminology Translation from English to Japanese","In this task, you will compare the quality of translations for scientific terms generated by two different methods. The input will include an English term, a context paragraph where the term is used, and its translations in Japanese.","Translation, AI Terminology, Multilingual, Ranking","$0.01","Fri Dec 06 03:40:44 PST 2024","5","BatchId:5277383;OriginalHitTemplateId:928390912;","3600","3600","Fri Dec 13 03:40:44 PST 2024","","","3HOSI13XHH2S5U1HF25U9CC5WD7DD7","A3IG9HHR3NL9R0","Approved","Fri Dec 06 04:42:55 PST 2024","Fri Dec 06 04:58:54 PST 2024","Fri Dec 06 05:58:54 PST 2024","Fri Dec 06 05:59:35 PST 2024","","","959","100% (50/50)","100% (50/50)","100% (50/50)","Metropolis-Hastings acceptance ratio","メトロポリス・ヘイスティングスのアクセプタンス比","メトロポリス・ヘイスティングス受容比","Monte Carlo algorithm","モンテカルロ・アルゴリズム","モンテカルロアルゴリズム","Monte Carlo estimator","モンテカルロ推定量","モンテカルロ推定器","Nyström approximation","ニーストローム近似","ニューストローム近似","Object Localization","オブジェクトのローカリゼーション","物体位置特定","false","true","true","false","false","true","false","false","true","false","false","false","false","false","true","false","false","false","false","false"
"30IRMPJWEGXRYQS2YIH0TUS5FHLRK8","38O8SQPJL62HJKMEV8VSLUJXAI2UVO","Ranking the Quality of AI Terminology Translation from English to Japanese","In this task, you will compare the quality of translations for scientific terms generated by two different methods. The input will include an English term, a context paragraph where the term is used, and its translations in Japanese.","Translation, AI Terminology, Multilingual, Ranking","$0.01","Fri Dec 06 03:40:44 PST 2024","5","BatchId:5277383;OriginalHitTemplateId:928390912;","3600","3600","Fri Dec 13 03:40:44 PST 2024","","","3LO69W1SULREFQZ0U94QYAN7IFVGL8","A2D6SB3TU1NYQ7","Approved","Fri Dec 06 04:42:44 PST 2024","Fri Dec 06 05:05:30 PST 2024","Fri Dec 06 06:05:30 PST 2024","Fri Dec 06 06:05:35 PST 2024","","","1366","100% (45/45)","100% (45/45)","100% (45/45)","Metropolis-Hastings acceptance ratio","メトロポリス・ヘイスティングスのアクセプタンス比","メトロポリス・ヘイスティングス受容比","Monte Carlo algorithm","モンテカルロ・アルゴリズム","モンテカルロアルゴリズム","Monte Carlo estimator","モンテカルロ推定量","モンテカルロ推定器","Nyström approximation","ニーストローム近似","ニューストローム近似","Object Localization","オブジェクトのローカリゼーション","物体位置特定","false","true","false","true","false","false","false","true","false","false","true","false","false","false","true","false","false","false","false","false"
"30IRMPJWEGXRYQS2YIH0TUS5FHLRK8","38O8SQPJL62HJKMEV8VSLUJXAI2UVO","Ranking the Quality of AI Terminology Translation from English to Japanese","In this task, you will compare the quality of translations for scientific terms generated by two different methods. The input will include an English term, a context paragraph where the term is used, and its translations in Japanese.","Translation, AI Terminology, Multilingual, Ranking","$0.01","Fri Dec 06 03:40:44 PST 2024","5","BatchId:5277383;OriginalHitTemplateId:928390912;","3600","3600","Fri Dec 13 03:40:44 PST 2024","","","3WQQ9FUS6S8N9276KY38SUA4I1YB8S","A2GJB7TBZM91Z4","Approved","Fri Dec 06 05:43:27 PST 2024","Fri Dec 06 05:56:10 PST 2024","Fri Dec 06 06:56:10 PST 2024","Fri Dec 06 06:56:35 PST 2024","","","763","100% (23/23)","100% (23/23)","100% (23/23)","Metropolis-Hastings acceptance ratio","メトロポリス・ヘイスティングスのアクセプタンス比","メトロポリス・ヘイスティングス受容比","Monte Carlo algorithm","モンテカルロ・アルゴリズム","モンテカルロアルゴリズム","Monte Carlo estimator","モンテカルロ推定量","モンテカルロ推定器","Nyström approximation","ニーストローム近似","ニューストローム近似","Object Localization","オブジェクトのローカリゼーション","物体位置特定","false","true","true","false","false","false","false","false","true","false","true","false","false","false","true","false","false","false","false","false"
"3VQTAXTYOKZILFGPWZZCZ2WZZMGUBV","38O8SQPJL62HJKMEV8VSLUJXAI2UVO","Ranking the Quality of AI Terminology Translation from English to Japanese","In this task, you will compare the quality of translations for scientific terms generated by two different methods. The input will include an English term, a context paragraph where the term is used, and its translations in Japanese.","Translation, AI Terminology, Multilingual, Ranking","$0.01","Fri Dec 06 03:40:44 PST 2024","5","BatchId:5277383;OriginalHitTemplateId:928390912;","3600","3600","Fri Dec 13 03:40:44 PST 2024","","","37Q970SNZWM4FO4NWZGO39XW8JDS1P","A2FXDEKCCUT9OJ","Approved","Fri Dec 06 03:42:17 PST 2024","Fri Dec 06 04:05:08 PST 2024","Fri Dec 06 05:05:08 PST 2024","Fri Dec 06 05:05:35 PST 2024","","","1371","100% (36/36)","100% (36/36)","100% (36/36)","Pitman-Yor Process","ピットマン-ヨール過程","ピットマン・ヨール過程","Rao-Blackwellization","ラオ＝ブラックウェル化","ラオ-ブラックウェル化","Sentiment Analysis","センチメント分析","感情分析","Stanford Sentiment Treebank","スタンフォード・センチメント・ツリーバンク","スタンフォード感情ツリーバンク","Transformer architecture","トランスフォーマー・アーキテクチャ","トランスフォーマーアーキテクチャ","false","true","true","false","true","false","false","false","true","false","true","false","false","false","false","false","false","false","false","false"
"3VQTAXTYOKZILFGPWZZCZ2WZZMGUBV","38O8SQPJL62HJKMEV8VSLUJXAI2UVO","Ranking the Quality of AI Terminology Translation from English to Japanese","In this task, you will compare the quality of translations for scientific terms generated by two different methods. The input will include an English term, a context paragraph where the term is used, and its translations in Japanese.","Translation, AI Terminology, Multilingual, Ranking","$0.01","Fri Dec 06 03:40:44 PST 2024","5","BatchId:5277383;OriginalHitTemplateId:928390912;","3600","3600","Fri Dec 13 03:40:44 PST 2024","","","3WJEQKOXAQG0FSITFZUXI93QMD6A1B","A39PWDRYNY2WM0","Approved","Fri Dec 06 03:41:43 PST 2024","Fri Dec 06 04:13:39 PST 2024","Fri Dec 06 05:13:39 PST 2024","Fri Dec 06 05:14:35 PST 2024","","","1916","100% (55/55)","100% (55/55)","100% (55/55)","Pitman-Yor Process","ピットマン-ヨール過程","ピットマン・ヨール過程","Rao-Blackwellization","ラオ＝ブラックウェル化","ラオ-ブラックウェル化","Sentiment Analysis","センチメント分析","感情分析","Stanford Sentiment Treebank","スタンフォード・センチメント・ツリーバンク","スタンフォード感情ツリーバンク","Transformer architecture","トランスフォーマー・アーキテクチャ","トランスフォーマーアーキテクチャ","false","true","true","false","true","false","false","false","true","false","true","false","false","false","false","false","false","false","false","false"
"3VQTAXTYOKZILFGPWZZCZ2WZZMGUBV","38O8SQPJL62HJKMEV8VSLUJXAI2UVO","Ranking the Quality of AI Terminology Translation from English to Japanese","In this task, you will compare the quality of translations for scientific terms generated by two different methods. The input will include an English term, a context paragraph where the term is used, and its translations in Japanese.","Translation, AI Terminology, Multilingual, Ranking","$0.01","Fri Dec 06 03:40:44 PST 2024","5","BatchId:5277383;OriginalHitTemplateId:928390912;","3600","3600","Fri Dec 13 03:40:44 PST 2024","","","37C0GNLMHXHTKLM25FXG362DFRK6D8","A2D6SB3TU1NYQ7","Approved","Fri Dec 06 03:42:14 PST 2024","Fri Dec 06 04:25:04 PST 2024","Fri Dec 06 05:25:04 PST 2024","Fri Dec 06 05:25:35 PST 2024","","","2570","100% (45/45)","100% (45/45)","100% (45/45)","Pitman-Yor Process","ピットマン-ヨール過程","ピットマン・ヨール過程","Rao-Blackwellization","ラオ＝ブラックウェル化","ラオ-ブラックウェル化","Sentiment Analysis","センチメント分析","感情分析","Stanford Sentiment Treebank","スタンフォード・センチメント・ツリーバンク","スタンフォード感情ツリーバンク","Transformer architecture","トランスフォーマー・アーキテクチャ","トランスフォーマーアーキテクチャ","false","true","true","false","true","false","false","false","true","false","true","false","false","false","false","false","false","false","false","false"
"3VQTAXTYOKZILFGPWZZCZ2WZZMGUBV","38O8SQPJL62HJKMEV8VSLUJXAI2UVO","Ranking the Quality of AI Terminology Translation from English to Japanese","In this task, you will compare the quality of translations for scientific terms generated by two different methods. The input will include an English term, a context paragraph where the term is used, and its translations in Japanese.","Translation, AI Terminology, Multilingual, Ranking","$0.01","Fri Dec 06 03:40:44 PST 2024","5","BatchId:5277383;OriginalHitTemplateId:928390912;","3600","3600","Fri Dec 13 03:40:44 PST 2024","","","3SKRO2GZ7J56R5RFRQ7MCN6MRP11KI","A1U6UPXOFCXR24","Approved","Fri Dec 06 03:42:19 PST 2024","Fri Dec 06 04:30:17 PST 2024","Fri Dec 06 05:30:17 PST 2024","Fri Dec 06 05:30:35 PST 2024","","","2878","100% (17/17)","100% (17/17)","100% (17/17)","Pitman-Yor Process","ピットマン-ヨール過程","ピットマン・ヨール過程","Rao-Blackwellization","ラオ＝ブラックウェル化","ラオ-ブラックウェル化","Sentiment Analysis","センチメント分析","感情分析","Stanford Sentiment Treebank","スタンフォード・センチメント・ツリーバンク","スタンフォード感情ツリーバンク","Transformer architecture","トランスフォーマー・アーキテクチャ","トランスフォーマーアーキテクチャ","false","true","true","true","true","false","false","false","false","false","true","false","false","false","false","false","false","false","false","false"
"3VQTAXTYOKZILFGPWZZCZ2WZZMGUBV","38O8SQPJL62HJKMEV8VSLUJXAI2UVO","Ranking the Quality of AI Terminology Translation from English to Japanese","In this task, you will compare the quality of translations for scientific terms generated by two different methods. The input will include an English term, a context paragraph where the term is used, and its translations in Japanese.","Translation, AI Terminology, Multilingual, Ranking","$0.01","Fri Dec 06 03:40:44 PST 2024","5","BatchId:5277383;OriginalHitTemplateId:928390912;","3600","3600","Fri Dec 13 03:40:44 PST 2024","","","3V26SBZTBVSYBWB9Z2JORWEB8DPZZP","A2E2FFMXS9F9KR","Approved","Fri Dec 06 04:42:09 PST 2024","Fri Dec 06 04:49:40 PST 2024","Fri Dec 06 05:49:40 PST 2024","Fri Dec 06 05:50:35 PST 2024","","","451","100% (51/51)","100% (51/51)","100% (51/51)","Pitman-Yor Process","ピットマン-ヨール過程","ピットマン・ヨール過程","Rao-Blackwellization","ラオ＝ブラックウェル化","ラオ-ブラックウェル化","Sentiment Analysis","センチメント分析","感情分析","Stanford Sentiment Treebank","スタンフォード・センチメント・ツリーバンク","スタンフォード感情ツリーバンク","Transformer architecture","トランスフォーマー・アーキテクチャ","トランスフォーマーアーキテクチャ","false","true","true","false","true","false","false","false","true","false","true","false","false","false","false","false","false","false","false","false"
"3G5RUKN2FTHM2WHJ1E9UU19F3QKN9M","38O8SQPJL62HJKMEV8VSLUJXAI2UVO","Ranking the Quality of AI Terminology Translation from English to Japanese","In this task, you will compare the quality of translations for scientific terms generated by two different methods. The input will include an English term, a context paragraph where the term is used, and its translations in Japanese.","Translation, AI Terminology, Multilingual, Ranking","$0.01","Fri Dec 06 03:40:44 PST 2024","5","BatchId:5277383;OriginalHitTemplateId:928390912;","3600","3600","Fri Dec 13 03:40:44 PST 2024","","","3QECW5O0KZF4I6ILMMNQG46ZMIW5T9","A2P8U65V6NL7B5","Approved","Fri Dec 06 03:41:39 PST 2024","Fri Dec 06 03:53:35 PST 2024","Fri Dec 06 04:53:35 PST 2024","Fri Dec 06 04:54:35 PST 2024","","","716","100% (49/49)","100% (49/49)","100% (49/49)","Viterbi","ビタービアルゴリズム","ビタビ","acceptance function","受け入れ関数","受容関数","acceptance probability","受け入れ確率","受容確率","anaphora resolution","照応解決","指示詞解決","annotation projection","アノテーション投影","注釈投影","false","true","true","false","true","false","false","false","true","false","true","false","false","false","false","false","false","false","false","false"
"3G5RUKN2FTHM2WHJ1E9UU19F3QKN9M","38O8SQPJL62HJKMEV8VSLUJXAI2UVO","Ranking the Quality of AI Terminology Translation from English to Japanese","In this task, you will compare the quality of translations for scientific terms generated by two different methods. The input will include an English term, a context paragraph where the term is used, and its translations in Japanese.","Translation, AI Terminology, Multilingual, Ranking","$0.01","Fri Dec 06 03:40:44 PST 2024","5","BatchId:5277383;OriginalHitTemplateId:928390912;","3600","3600","Fri Dec 13 03:40:44 PST 2024","","","352YTHGRODRWHENQ8NNRXTXXBS64HT","A2D6SB3TU1NYQ7","Approved","Fri Dec 06 03:41:26 PST 2024","Fri Dec 06 04:21:54 PST 2024","Fri Dec 06 05:21:54 PST 2024","Fri Dec 06 05:22:35 PST 2024","","","2428","100% (45/45)","100% (45/45)","100% (45/45)","Viterbi","ビタービアルゴリズム","ビタビ","acceptance function","受け入れ関数","受容関数","acceptance probability","受け入れ確率","受容確率","anaphora resolution","照応解決","指示詞解決","annotation projection","アノテーション投影","注釈投影","true","true","true","true","true","false","false","false","false","false","false","false","false","false","false","false","false","false","false","false"
"3G5RUKN2FTHM2WHJ1E9UU19F3QKN9M","38O8SQPJL62HJKMEV8VSLUJXAI2UVO","Ranking the Quality of AI Terminology Translation from English to Japanese","In this task, you will compare the quality of translations for scientific terms generated by two different methods. The input will include an English term, a context paragraph where the term is used, and its translations in Japanese.","Translation, AI Terminology, Multilingual, Ranking","$0.01","Fri Dec 06 03:40:44 PST 2024","5","BatchId:5277383;OriginalHitTemplateId:928390912;","3600","3600","Fri Dec 13 03:40:44 PST 2024","","","3SNVL38CIM6QE81D7NW6TJPDVNXKCY","A2GJB7TBZM91Z4","Approved","Fri Dec 06 04:42:01 PST 2024","Fri Dec 06 05:00:44 PST 2024","Fri Dec 06 06:00:44 PST 2024","Fri Dec 06 06:01:35 PST 2024","","","1123","100% (23/23)","100% (23/23)","100% (23/23)","Viterbi","ビタービアルゴリズム","ビタビ","acceptance function","受け入れ関数","受容関数","acceptance probability","受け入れ確率","受容確率","anaphora resolution","照応解決","指示詞解決","annotation projection","アノテーション投影","注釈投影","false","true","true","false","true","true","false","false","true","false","false","false","false","false","false","false","false","false","false","false"
"3G5RUKN2FTHM2WHJ1E9UU19F3QKN9M","38O8SQPJL62HJKMEV8VSLUJXAI2UVO","Ranking the Quality of AI Terminology Translation from English to Japanese","In this task, you will compare the quality of translations for scientific terms generated by two different methods. The input will include an English term, a context paragraph where the term is used, and its translations in Japanese.","Translation, AI Terminology, Multilingual, Ranking","$0.01","Fri Dec 06 03:40:44 PST 2024","5","BatchId:5277383;OriginalHitTemplateId:928390912;","3600","3600","Fri Dec 13 03:40:44 PST 2024","","","38BQUHLA9EEMDLYJI4ID3WBY96BMO2","A2ML30H0T2HO1J","Approved","Fri Dec 06 04:42:00 PST 2024","Fri Dec 06 05:17:12 PST 2024","Fri Dec 06 06:17:12 PST 2024","Fri Dec 06 06:17:35 PST 2024","","","2112","100% (20/20)","100% (20/20)","100% (20/20)","Viterbi","ビタービアルゴリズム","ビタビ","acceptance function","受け入れ関数","受容関数","acceptance probability","受け入れ確率","受容確率","anaphora resolution","照応解決","指示詞解決","annotation projection","アノテーション投影","注釈投影","true","false","false","false","false","false","false","false","false","true","false","true","false","true","false","false","false","true","false","false"
"3G5RUKN2FTHM2WHJ1E9UU19F3QKN9M","38O8SQPJL62HJKMEV8VSLUJXAI2UVO","Ranking the Quality of AI Terminology Translation from English to Japanese","In this task, you will compare the quality of translations for scientific terms generated by two different methods. The input will include an English term, a context paragraph where the term is used, and its translations in Japanese.","Translation, AI Terminology, Multilingual, Ranking","$0.01","Fri Dec 06 03:40:44 PST 2024","5","BatchId:5277383;OriginalHitTemplateId:928390912;","3600","3600","Fri Dec 13 03:40:44 PST 2024","","","3QFUFYSY9GTC3IWKDXZRU8LKVEZF4E","A3HSZ9YLOBCCPR","Approved","Fri Dec 06 04:42:04 PST 2024","Fri Dec 06 05:25:27 PST 2024","Fri Dec 06 06:25:27 PST 2024","Fri Dec 06 06:25:35 PST 2024","","","2603","100% (39/39)","100% (39/39)","100% (39/39)","Viterbi","ビタービアルゴリズム","ビタビ","acceptance function","受け入れ関数","受容関数","acceptance probability","受け入れ確率","受容確率","anaphora resolution","照応解決","指示詞解決","annotation projection","アノテーション投影","注釈投影","false","true","true","true","true","false","false","false","false","false","true","false","false","false","false","false","false","false","false","false"
"3QE4DGPGC8PFVYULXF08N9P2GML4G0","38O8SQPJL62HJKMEV8VSLUJXAI2UVO","Ranking the Quality of AI Terminology Translation from English to Japanese","In this task, you will compare the quality of translations for scientific terms generated by two different methods. The input will include an English term, a context paragraph where the term is used, and its translations in Japanese.","Translation, AI Terminology, Multilingual, Ranking","$0.01","Fri Dec 06 03:40:44 PST 2024","5","BatchId:5277383;OriginalHitTemplateId:928390912;","3600","3600","Fri Dec 13 03:40:44 PST 2024","","","3JRJSWSMQZZZF8DKI8A22L8E5CI3ER","A11B7MUC7UTFKN","Approved","Fri Dec 06 03:41:39 PST 2024","Fri Dec 06 04:19:09 PST 2024","Fri Dec 06 05:19:09 PST 2024","Fri Dec 06 05:19:35 PST 2024","","","2250","100% (36/36)","100% (36/36)","100% (36/36)","averaged perceptron algorithm","平均化パーセプトロンアルゴリズム","平均パーセプトロンアルゴリズム","background model","バックグラウンドモデル","背景モデル","backprop","バックプロパゲーション","バックプロップ","bigram language model","ビグラム言語モデル","バイグラム言語モデル","bilinear model","双線形モデル","バイリニアモデル","true","true","false","true","false","false","false","true","false","true","false","false","false","false","false","false","false","false","false","false"
"3QE4DGPGC8PFVYULXF08N9P2GML4G0","38O8SQPJL62HJKMEV8VSLUJXAI2UVO","Ranking the Quality of AI Terminology Translation from English to Japanese","In this task, you will compare the quality of translations for scientific terms generated by two different methods. The input will include an English term, a context paragraph where the term is used, and its translations in Japanese.","Translation, AI Terminology, Multilingual, Ranking","$0.01","Fri Dec 06 03:40:44 PST 2024","5","BatchId:5277383;OriginalHitTemplateId:928390912;","3600","3600","Fri Dec 13 03:40:44 PST 2024","","","3DQQ64TANYZ03X4Y161F1UIFHCFPW5","A2E2FFMXS9F9KR","Approved","Fri Dec 06 03:41:44 PST 2024","Fri Dec 06 04:33:19 PST 2024","Fri Dec 06 05:33:19 PST 2024","Fri Dec 06 05:33:35 PST 2024","","","3095","100% (51/51)","100% (51/51)","100% (51/51)","averaged perceptron algorithm","平均化パーセプトロンアルゴリズム","平均パーセプトロンアルゴリズム","background model","バックグラウンドモデル","背景モデル","backprop","バックプロパゲーション","バックプロップ","bigram language model","ビグラム言語モデル","バイグラム言語モデル","bilinear model","双線形モデル","バイリニアモデル","false","true","true","true","true","true","false","false","false","false","false","false","false","false","false","false","false","false","false","false"
"3QE4DGPGC8PFVYULXF08N9P2GML4G0","38O8SQPJL62HJKMEV8VSLUJXAI2UVO","Ranking the Quality of AI Terminology Translation from English to Japanese","In this task, you will compare the quality of translations for scientific terms generated by two different methods. The input will include an English term, a context paragraph where the term is used, and its translations in Japanese.","Translation, AI Terminology, Multilingual, Ranking","$0.01","Fri Dec 06 03:40:44 PST 2024","5","BatchId:5277383;OriginalHitTemplateId:928390912;","3600","3600","Fri Dec 13 03:40:44 PST 2024","","","3WJ1OXY92SUIQS2EEK3CXJQY0JCA8V","A3AHE81HVRXFCD","Approved","Fri Dec 06 04:42:06 PST 2024","Fri Dec 06 04:47:36 PST 2024","Fri Dec 06 05:47:36 PST 2024","Fri Dec 06 05:48:35 PST 2024","","","330","100% (22/22)","100% (22/22)","100% (22/22)","averaged perceptron algorithm","平均化パーセプトロンアルゴリズム","平均パーセプトロンアルゴリズム","background model","バックグラウンドモデル","背景モデル","backprop","バックプロパゲーション","バックプロップ","bigram language model","ビグラム言語モデル","バイグラム言語モデル","bilinear model","双線形モデル","バイリニアモデル","false","true","false","true","false","true","false","true","false","true","false","false","false","false","false","false","false","false","false","false"
"3QE4DGPGC8PFVYULXF08N9P2GML4G0","38O8SQPJL62HJKMEV8VSLUJXAI2UVO","Ranking the Quality of AI Terminology Translation from English to Japanese","In this task, you will compare the quality of translations for scientific terms generated by two different methods. The input will include an English term, a context paragraph where the term is used, and its translations in Japanese.","Translation, AI Terminology, Multilingual, Ranking","$0.01","Fri Dec 06 03:40:44 PST 2024","5","BatchId:5277383;OriginalHitTemplateId:928390912;","3600","3600","Fri Dec 13 03:40:44 PST 2024","","","3VW6495TL1EY1GRZ7UFMZIW7WQOYYF","A2ML30H0T2HO1J","Approved","Fri Dec 06 04:42:42 PST 2024","Fri Dec 06 05:17:55 PST 2024","Fri Dec 06 06:17:55 PST 2024","Fri Dec 06 06:18:35 PST 2024","","","2113","100% (20/20)","100% (20/20)","100% (20/20)","averaged perceptron algorithm","平均化パーセプトロンアルゴリズム","平均パーセプトロンアルゴリズム","background model","バックグラウンドモデル","背景モデル","backprop","バックプロパゲーション","バックプロップ","bigram language model","ビグラム言語モデル","バイグラム言語モデル","bilinear model","双線形モデル","バイリニアモデル","false","false","false","false","true","false","false","true","false","false","false","true","false","true","false","true","false","false","false","false"
"3QE4DGPGC8PFVYULXF08N9P2GML4G0","38O8SQPJL62HJKMEV8VSLUJXAI2UVO","Ranking the Quality of AI Terminology Translation from English to Japanese","In this task, you will compare the quality of translations for scientific terms generated by two different methods. The input will include an English term, a context paragraph where the term is used, and its translations in Japanese.","Translation, AI Terminology, Multilingual, Ranking","$0.01","Fri Dec 06 03:40:44 PST 2024","5","BatchId:5277383;OriginalHitTemplateId:928390912;","3600","3600","Fri Dec 13 03:40:44 PST 2024","","","3R9WASFE2HUS6FK9YQPHO4YTW92ZFA","A3HSZ9YLOBCCPR","Approved","Fri Dec 06 04:42:55 PST 2024","Fri Dec 06 05:26:23 PST 2024","Fri Dec 06 06:26:23 PST 2024","Fri Dec 06 06:26:35 PST 2024","","","2608","100% (39/39)","100% (39/39)","100% (39/39)","averaged perceptron algorithm","平均化パーセプトロンアルゴリズム","平均パーセプトロンアルゴリズム","background model","バックグラウンドモデル","背景モデル","backprop","バックプロパゲーション","バックプロップ","bigram language model","ビグラム言語モデル","バイグラム言語モデル","bilinear model","双線形モデル","バイリニアモデル","true","true","false","true","true","false","false","true","false","false","false","false","false","false","false","false","false","false","false","false"
"3N5YJ55YYXH07FROTKNUQWKZ982NA1","38O8SQPJL62HJKMEV8VSLUJXAI2UVO","Ranking the Quality of AI Terminology Translation from English to Japanese","In this task, you will compare the quality of translations for scientific terms generated by two different methods. The input will include an English term, a context paragraph where the term is used, and its translations in Japanese.","Translation, AI Terminology, Multilingual, Ranking","$0.01","Fri Dec 06 03:40:44 PST 2024","5","BatchId:5277383;OriginalHitTemplateId:928390912;","3600","3600","Fri Dec 13 03:40:44 PST 2024","","","31IBVUNM9ADBXVFZXT0E3YLX8XQFVI","A3I1OLOTCWCIET","Approved","Fri Dec 06 03:41:45 PST 2024","Fri Dec 06 03:42:24 PST 2024","Fri Dec 06 04:42:24 PST 2024","Fri Dec 06 04:42:35 PST 2024","","","39","100% (10/10)","100% (10/10)","100% (10/10)","binary classification","二値分類","バイナリ分類","binary classification head","二値分類ヘッド","バイナリ分類ヘッド","camera pose estimation","カメラ姿勢推定","カメラポーズ推定","canonical form","正準形","標準形","characteristic vector","特徴ベクトル","特性ベクトル","false","false","false","true","false","true","false","false","false","true","false","true","true","false","false","false","false","false","false","false"
"3N5YJ55YYXH07FROTKNUQWKZ982NA1","38O8SQPJL62HJKMEV8VSLUJXAI2UVO","Ranking the Quality of AI Terminology Translation from English to Japanese","In this task, you will compare the quality of translations for scientific terms generated by two different methods. The input will include an English term, a context paragraph where the term is used, and its translations in Japanese.","Translation, AI Terminology, Multilingual, Ranking","$0.01","Fri Dec 06 03:40:44 PST 2024","5","BatchId:5277383;OriginalHitTemplateId:928390912;","3600","3600","Fri Dec 13 03:40:44 PST 2024","","","3MX2NQ3YCR8BZNR5RWON57R5ZEJX5J","A2E2FFMXS9F9KR","Approved","Fri Dec 06 03:41:29 PST 2024","Fri Dec 06 04:31:32 PST 2024","Fri Dec 06 05:31:32 PST 2024","Fri Dec 06 05:31:35 PST 2024","","","3003","100% (51/51)","100% (51/51)","100% (51/51)","binary classification","二値分類","バイナリ分類","binary classification head","二値分類ヘッド","バイナリ分類ヘッド","camera pose estimation","カメラ姿勢推定","カメラポーズ推定","canonical form","正準形","標準形","characteristic vector","特徴ベクトル","特性ベクトル","true","true","true","true","false","false","false","false","false","true","false","false","false","false","false","false","false","false","false","false"
"3N5YJ55YYXH07FROTKNUQWKZ982NA1","38O8SQPJL62HJKMEV8VSLUJXAI2UVO","Ranking the Quality of AI Terminology Translation from English to Japanese","In this task, you will compare the quality of translations for scientific terms generated by two different methods. The input will include an English term, a context paragraph where the term is used, and its translations in Japanese.","Translation, AI Terminology, Multilingual, Ranking","$0.01","Fri Dec 06 03:40:44 PST 2024","5","BatchId:5277383;OriginalHitTemplateId:928390912;","3600","3600","Fri Dec 13 03:40:44 PST 2024","","","3XLBSAQ9ZMQFRM53G7R50CLCYKCZ7X","A1L8EGJ85A7DZR","Approved","Fri Dec 06 03:41:28 PST 2024","Fri Dec 06 04:39:19 PST 2024","Fri Dec 06 05:39:19 PST 2024","Fri Dec 06 05:39:35 PST 2024","","","3471","100% (27/27)","100% (27/27)","100% (27/27)","binary classification","二値分類","バイナリ分類","binary classification head","二値分類ヘッド","バイナリ分類ヘッド","camera pose estimation","カメラ姿勢推定","カメラポーズ推定","canonical form","正準形","標準形","characteristic vector","特徴ベクトル","特性ベクトル","true","true","false","false","true","false","false","true","true","false","false","false","false","false","false","false","false","false","false","false"
"3N5YJ55YYXH07FROTKNUQWKZ982NA1","38O8SQPJL62HJKMEV8VSLUJXAI2UVO","Ranking the Quality of AI Terminology Translation from English to Japanese","In this task, you will compare the quality of translations for scientific terms generated by two different methods. The input will include an English term, a context paragraph where the term is used, and its translations in Japanese.","Translation, AI Terminology, Multilingual, Ranking","$0.01","Fri Dec 06 03:40:44 PST 2024","5","BatchId:5277383;OriginalHitTemplateId:928390912;","3600","3600","Fri Dec 13 03:40:44 PST 2024","","","3YHH42UU5TTH4MOFG7FNDI0RBX0L02","A3Q32FL0WWF4KZ","Approved","Fri Dec 06 04:43:08 PST 2024","Fri Dec 06 05:18:20 PST 2024","Fri Dec 06 06:18:20 PST 2024","Fri Dec 06 06:18:35 PST 2024","","","2112","100% (40/40)","100% (40/40)","100% (40/40)","binary classification","二値分類","バイナリ分類","binary classification head","二値分類ヘッド","バイナリ分類ヘッド","camera pose estimation","カメラ姿勢推定","カメラポーズ推定","canonical form","正準形","標準形","characteristic vector","特徴ベクトル","特性ベクトル","true","true","true","true","true","false","false","false","false","false","false","false","false","false","false","false","false","false","false","false"
"3N5YJ55YYXH07FROTKNUQWKZ982NA1","38O8SQPJL62HJKMEV8VSLUJXAI2UVO","Ranking the Quality of AI Terminology Translation from English to Japanese","In this task, you will compare the quality of translations for scientific terms generated by two different methods. The input will include an English term, a context paragraph where the term is used, and its translations in Japanese.","Translation, AI Terminology, Multilingual, Ranking","$0.01","Fri Dec 06 03:40:44 PST 2024","5","BatchId:5277383;OriginalHitTemplateId:928390912;","3600","3600","Fri Dec 13 03:40:44 PST 2024","","","3VSOLARPKTNIKCM3AXUGA773EHI937","A42LJXMJ3CFRU","Approved","Fri Dec 06 05:43:59 PST 2024","Fri Dec 06 05:47:18 PST 2024","Fri Dec 06 06:47:18 PST 2024","Fri Dec 06 06:47:35 PST 2024","","","199","100% (4/4)","100% (4/4)","100% (4/4)","binary classification","二値分類","バイナリ分類","binary classification head","二値分類ヘッド","バイナリ分類ヘッド","camera pose estimation","カメラ姿勢推定","カメラポーズ推定","canonical form","正準形","標準形","characteristic vector","特徴ベクトル","特性ベクトル","false","false","false","false","false","false","false","false","false","false","true","false","true","false","true","false","true","false","true","false"
"3SMIWMMK7IJA9IE0RQV8MG9K9NYWUD","38O8SQPJL62HJKMEV8VSLUJXAI2UVO","Ranking the Quality of AI Terminology Translation from English to Japanese","In this task, you will compare the quality of translations for scientific terms generated by two different methods. The input will include an English term, a context paragraph where the term is used, and its translations in Japanese.","Translation, AI Terminology, Multilingual, Ranking","$0.01","Fri Dec 06 03:40:44 PST 2024","5","BatchId:5277383;OriginalHitTemplateId:928390912;","3600","3600","Fri Dec 13 03:40:44 PST 2024","","","3KXIR214IMUS2OK8P2KKAPRVM9P42C","A3R5K7A8US5PDE","Approved","Fri Dec 06 03:42:15 PST 2024","Fri Dec 06 03:47:58 PST 2024","Fri Dec 06 04:47:58 PST 2024","Fri Dec 06 04:48:35 PST 2024","","","343","100% (6/6)","100% (6/6)","100% (6/6)","closed-book model","クローズド・ブック・モデル","クローズドブックモデル","cluster center","クラスター中心","クラスタ中心","contextualized representation","文脈化された表現","コンテキスト化された表現","contextualized word vector","文脈化された単語ベクトル","コンテキスト化された単語ベクトル","contingency table","分割表","クロス集計表","false","true","false","false","false","false","false","false","false","false","true","false","true","false","true","false","false","false","true","false"
"3SMIWMMK7IJA9IE0RQV8MG9K9NYWUD","38O8SQPJL62HJKMEV8VSLUJXAI2UVO","Ranking the Quality of AI Terminology Translation from English to Japanese","In this task, you will compare the quality of translations for scientific terms generated by two different methods. The input will include an English term, a context paragraph where the term is used, and its translations in Japanese.","Translation, AI Terminology, Multilingual, Ranking","$0.01","Fri Dec 06 03:40:44 PST 2024","5","BatchId:5277383;OriginalHitTemplateId:928390912;","3600","3600","Fri Dec 13 03:40:44 PST 2024","","","32UTUBMZ7YALKE3JSREIK8UCTZYBVW","A39PWDRYNY2WM0","Approved","Fri Dec 06 03:41:33 PST 2024","Fri Dec 06 04:13:10 PST 2024","Fri Dec 06 05:13:10 PST 2024","Fri Dec 06 05:13:35 PST 2024","","","1897","100% (55/55)","100% (55/55)","100% (55/55)","closed-book model","クローズド・ブック・モデル","クローズドブックモデル","cluster center","クラスター中心","クラスタ中心","contextualized representation","文脈化された表現","コンテキスト化された表現","contextualized word vector","文脈化された単語ベクトル","コンテキスト化された単語ベクトル","contingency table","分割表","クロス集計表","true","false","true","true","true","false","true","false","false","false","false","false","false","false","false","false","false","false","false","false"
"3SMIWMMK7IJA9IE0RQV8MG9K9NYWUD","38O8SQPJL62HJKMEV8VSLUJXAI2UVO","Ranking the Quality of AI Terminology Translation from English to Japanese","In this task, you will compare the quality of translations for scientific terms generated by two different methods. The input will include an English term, a context paragraph where the term is used, and its translations in Japanese.","Translation, AI Terminology, Multilingual, Ranking","$0.01","Fri Dec 06 03:40:44 PST 2024","5","BatchId:5277383;OriginalHitTemplateId:928390912;","3600","3600","Fri Dec 13 03:40:44 PST 2024","","","3G0WWMR1UDYVGFWZ9IPH5GVYTWXNQ3","A1L8EGJ85A7DZR","Approved","Fri Dec 06 03:41:48 PST 2024","Fri Dec 06 04:41:15 PST 2024","Fri Dec 06 05:41:15 PST 2024","Fri Dec 06 05:41:35 PST 2024","","","3567","100% (27/27)","100% (27/27)","100% (27/27)","closed-book model","クローズド・ブック・モデル","クローズドブックモデル","cluster center","クラスター中心","クラスタ中心","contextualized representation","文脈化された表現","コンテキスト化された表現","contextualized word vector","文脈化された単語ベクトル","コンテキスト化された単語ベクトル","contingency table","分割表","クロス集計表","true","true","true","true","true","false","false","false","false","false","false","false","false","false","false","false","false","false","false","false"
"3SMIWMMK7IJA9IE0RQV8MG9K9NYWUD","38O8SQPJL62HJKMEV8VSLUJXAI2UVO","Ranking the Quality of AI Terminology Translation from English to Japanese","In this task, you will compare the quality of translations for scientific terms generated by two different methods. The input will include an English term, a context paragraph where the term is used, and its translations in Japanese.","Translation, AI Terminology, Multilingual, Ranking","$0.01","Fri Dec 06 03:40:44 PST 2024","5","BatchId:5277383;OriginalHitTemplateId:928390912;","3600","3600","Fri Dec 13 03:40:44 PST 2024","","","3K2755HG5AHP3EFD680KXCFQ8QMFDJ","A2FXDEKCCUT9OJ","Approved","Fri Dec 06 04:42:07 PST 2024","Fri Dec 06 04:59:41 PST 2024","Fri Dec 06 05:59:41 PST 2024","Fri Dec 06 06:00:35 PST 2024","","","1054","100% (36/36)","100% (36/36)","100% (36/36)","closed-book model","クローズド・ブック・モデル","クローズドブックモデル","cluster center","クラスター中心","クラスタ中心","contextualized representation","文脈化された表現","コンテキスト化された表現","contextualized word vector","文脈化された単語ベクトル","コンテキスト化された単語ベクトル","contingency table","分割表","クロス集計表","true","true","true","true","true","false","false","false","false","false","false","false","false","false","false","false","false","false","false","false"
"3SMIWMMK7IJA9IE0RQV8MG9K9NYWUD","38O8SQPJL62HJKMEV8VSLUJXAI2UVO","Ranking the Quality of AI Terminology Translation from English to Japanese","In this task, you will compare the quality of translations for scientific terms generated by two different methods. The input will include an English term, a context paragraph where the term is used, and its translations in Japanese.","Translation, AI Terminology, Multilingual, Ranking","$0.01","Fri Dec 06 03:40:44 PST 2024","5","BatchId:5277383;OriginalHitTemplateId:928390912;","3600","3600","Fri Dec 13 03:40:44 PST 2024","","","3IGI0VL64PYSV3JJU5XDGB0YEVFNOV","A35H5DUMZH86PC","Approved","Fri Dec 06 04:42:09 PST 2024","Fri Dec 06 05:19:42 PST 2024","Fri Dec 06 06:19:42 PST 2024","Fri Dec 06 06:20:35 PST 2024","","","2253","100% (40/40)","100% (40/40)","100% (40/40)","closed-book model","クローズド・ブック・モデル","クローズドブックモデル","cluster center","クラスター中心","クラスタ中心","contextualized representation","文脈化された表現","コンテキスト化された表現","contextualized word vector","文脈化された単語ベクトル","コンテキスト化された単語ベクトル","contingency table","分割表","クロス集計表","true","true","true","true","true","false","false","false","false","false","false","false","false","false","false","false","false","false","false","false"
"36KM3FWE48QF3H1JLB9C5TMW07M70K","38O8SQPJL62HJKMEV8VSLUJXAI2UVO","Ranking the Quality of AI Terminology Translation from English to Japanese","In this task, you will compare the quality of translations for scientific terms generated by two different methods. The input will include an English term, a context paragraph where the term is used, and its translations in Japanese.","Translation, AI Terminology, Multilingual, Ranking","$0.01","Fri Dec 06 03:40:44 PST 2024","5","BatchId:5277383;OriginalHitTemplateId:928390912;","3600","3600","Fri Dec 13 03:40:44 PST 2024","","","3FTYUGLFSCZX1HMO0WNBB0ODJW8D5Y","A2H09EMKJHK5XT","Approved","Fri Dec 06 03:41:48 PST 2024","Fri Dec 06 03:43:33 PST 2024","Fri Dec 06 04:43:33 PST 2024","Fri Dec 06 04:43:35 PST 2024","","","105","100% (5/5)","100% (5/5)","100% (5/5)","continual learning","継続学習","継続的学習","counterfactual datum","反事実データ","反実仮想データ","credit assignment","報酬割り当て","クレジット割り当て","decision space","意思決定空間","決定空間","discounted cumulative reward","割引された累積報酬","割引累積報酬","true","false","false","false","true","false","true","true","true","false","false","false","false","false","false","false","false","false","false","false"
"36KM3FWE48QF3H1JLB9C5TMW07M70K","38O8SQPJL62HJKMEV8VSLUJXAI2UVO","Ranking the Quality of AI Terminology Translation from English to Japanese","In this task, you will compare the quality of translations for scientific terms generated by two different methods. The input will include an English term, a context paragraph where the term is used, and its translations in Japanese.","Translation, AI Terminology, Multilingual, Ranking","$0.01","Fri Dec 06 03:40:44 PST 2024","5","BatchId:5277383;OriginalHitTemplateId:928390912;","3600","3600","Fri Dec 13 03:40:44 PST 2024","","","3VE8AYVF84BDMJJMP0P4BK1PXZP8F6","A3Q32FL0WWF4KZ","Approved","Fri Dec 06 03:41:41 PST 2024","Fri Dec 06 04:21:30 PST 2024","Fri Dec 06 05:21:30 PST 2024","Fri Dec 06 05:21:35 PST 2024","","","2389","100% (40/40)","100% (40/40)","100% (40/40)","continual learning","継続学習","継続的学習","counterfactual datum","反事実データ","反実仮想データ","credit assignment","報酬割り当て","クレジット割り当て","decision space","意思決定空間","決定空間","discounted cumulative reward","割引された累積報酬","割引累積報酬","true","false","false","true","true","false","true","true","false","false","false","false","false","false","false","false","false","false","false","false"
"36KM3FWE48QF3H1JLB9C5TMW07M70K","38O8SQPJL62HJKMEV8VSLUJXAI2UVO","Ranking the Quality of AI Terminology Translation from English to Japanese","In this task, you will compare the quality of translations for scientific terms generated by two different methods. The input will include an English term, a context paragraph where the term is used, and its translations in Japanese.","Translation, AI Terminology, Multilingual, Ranking","$0.01","Fri Dec 06 03:40:44 PST 2024","5","BatchId:5277383;OriginalHitTemplateId:928390912;","3600","3600","Fri Dec 13 03:40:44 PST 2024","","","3ZGVPD4G6BV2PK2ATAU658DUNH3TZ3","A186ORPGIU3WNL","Approved","Fri Dec 06 04:42:00 PST 2024","Fri Dec 06 05:15:35 PST 2024","Fri Dec 06 06:15:35 PST 2024","Fri Dec 06 06:16:35 PST 2024","","","2015","100% (53/53)","100% (52/52)","100% (52/52)","continual learning","継続学習","継続的学習","counterfactual datum","反事実データ","反実仮想データ","credit assignment","報酬割り当て","クレジット割り当て","decision space","意思決定空間","決定空間","discounted cumulative reward","割引された累積報酬","割引累積報酬","true","true","false","true","true","false","false","true","false","false","false","false","false","false","false","false","false","false","false","false"
"36KM3FWE48QF3H1JLB9C5TMW07M70K","38O8SQPJL62HJKMEV8VSLUJXAI2UVO","Ranking the Quality of AI Terminology Translation from English to Japanese","In this task, you will compare the quality of translations for scientific terms generated by two different methods. The input will include an English term, a context paragraph where the term is used, and its translations in Japanese.","Translation, AI Terminology, Multilingual, Ranking","$0.01","Fri Dec 06 03:40:44 PST 2024","5","BatchId:5277383;OriginalHitTemplateId:928390912;","3600","3600","Fri Dec 13 03:40:44 PST 2024","","","37WLF8U1W741YRSCXWJ37JX3Z1N6KT","A2MZEUP2ECO1AI","Approved","Fri Dec 06 04:42:44 PST 2024","Fri Dec 06 05:32:17 PST 2024","Fri Dec 06 06:32:17 PST 2024","Fri Dec 06 06:32:35 PST 2024","","","2973","100% (34/34)","100% (34/34)","100% (34/34)","continual learning","継続学習","継続的学習","counterfactual datum","反事実データ","反実仮想データ","credit assignment","報酬割り当て","クレジット割り当て","decision space","意思決定空間","決定空間","discounted cumulative reward","割引された累積報酬","割引累積報酬","true","false","false","true","false","false","true","true","false","true","false","false","false","false","false","false","false","false","false","false"
"36KM3FWE48QF3H1JLB9C5TMW07M70K","38O8SQPJL62HJKMEV8VSLUJXAI2UVO","Ranking the Quality of AI Terminology Translation from English to Japanese","In this task, you will compare the quality of translations for scientific terms generated by two different methods. The input will include an English term, a context paragraph where the term is used, and its translations in Japanese.","Translation, AI Terminology, Multilingual, Ranking","$0.01","Fri Dec 06 03:40:44 PST 2024","5","BatchId:5277383;OriginalHitTemplateId:928390912;","3600","3600","Fri Dec 13 03:40:44 PST 2024","","","3DY46V3X37W2X47VLQ5SDO0L6GG55Q","A2GJB7TBZM91Z4","Approved","Fri Dec 06 05:42:23 PST 2024","Fri Dec 06 05:55:46 PST 2024","Fri Dec 06 06:55:46 PST 2024","Fri Dec 06 06:56:35 PST 2024","","","803","100% (23/23)","100% (23/23)","100% (23/23)","continual learning","継続学習","継続的学習","counterfactual datum","反事実データ","反実仮想データ","credit assignment","報酬割り当て","クレジット割り当て","decision space","意思決定空間","決定空間","discounted cumulative reward","割引された累積報酬","割引累積報酬","true","false","true","true","true","false","true","false","false","false","false","false","false","false","false","false","false","false","false","false"
"39I4RL8QH0VTVUPWHLIQ8913VMY4HZ","38O8SQPJL62HJKMEV8VSLUJXAI2UVO","Ranking the Quality of AI Terminology Translation from English to Japanese","In this task, you will compare the quality of translations for scientific terms generated by two different methods. The input will include an English term, a context paragraph where the term is used, and its translations in Japanese.","Translation, AI Terminology, Multilingual, Ranking","$0.01","Fri Dec 06 03:40:44 PST 2024","5","BatchId:5277383;OriginalHitTemplateId:928390912;","3600","3600","Fri Dec 13 03:40:44 PST 2024","","","3R2PKQ87NEMCHZNGK958JZFCXW5MIY","ASML73P0NOOVV","Approved","Fri Dec 06 03:41:19 PST 2024","Fri Dec 06 04:10:24 PST 2024","Fri Dec 06 05:10:24 PST 2024","Fri Dec 06 05:10:35 PST 2024","","","1745","100% (24/24)","100% (24/24)","100% (24/24)","distance metric","距離メトリック","距離尺度","domain mismatch","ドメイン不一致","ドメインミスマッチ","domain transfer","ドメイン移管","ドメイン転送","dynamic programming algorithm","動的計画法アルゴリズム","動的プログラミングアルゴリズム","encoder network","エンコーダーネットワーク","エンコーダネットワーク","true","true","false","true","true","false","false","false","false","false","false","false","false","false","false","false","false","true","false","false"
"39I4RL8QH0VTVUPWHLIQ8913VMY4HZ","38O8SQPJL62HJKMEV8VSLUJXAI2UVO","Ranking the Quality of AI Terminology Translation from English to Japanese","In this task, you will compare the quality of translations for scientific terms generated by two different methods. The input will include an English term, a context paragraph where the term is used, and its translations in Japanese.","Translation, AI Terminology, Multilingual, Ranking","$0.01","Fri Dec 06 03:40:44 PST 2024","5","BatchId:5277383;OriginalHitTemplateId:928390912;","3600","3600","Fri Dec 13 03:40:44 PST 2024","","","32KTQ2V7RVTJ6YUDGFZV66G9E6J9M3","AC4I7XU10MQXK","Approved","Fri Dec 06 03:41:38 PST 2024","Fri Dec 06 04:12:15 PST 2024","Fri Dec 06 05:12:15 PST 2024","Fri Dec 06 05:12:35 PST 2024","","","1837","100% (58/58)","100% (58/58)","100% (58/58)","distance metric","距離メトリック","距離尺度","domain mismatch","ドメイン不一致","ドメインミスマッチ","domain transfer","ドメイン移管","ドメイン転送","dynamic programming algorithm","動的計画法アルゴリズム","動的プログラミングアルゴリズム","encoder network","エンコーダーネットワーク","エンコーダネットワーク","false","true","false","true","true","false","false","true","false","false","true","false","false","false","false","false","false","false","false","false"
"39I4RL8QH0VTVUPWHLIQ8913VMY4HZ","38O8SQPJL62HJKMEV8VSLUJXAI2UVO","Ranking the Quality of AI Terminology Translation from English to Japanese","In this task, you will compare the quality of translations for scientific terms generated by two different methods. The input will include an English term, a context paragraph where the term is used, and its translations in Japanese.","Translation, AI Terminology, Multilingual, Ranking","$0.01","Fri Dec 06 03:40:44 PST 2024","5","BatchId:5277383;OriginalHitTemplateId:928390912;","3600","3600","Fri Dec 13 03:40:44 PST 2024","","","32EYX73OYIN8N6V8JYQ3O1XXXERRUZ","A3SC8IBRLEFRUP","Approved","Fri Dec 06 03:41:29 PST 2024","Fri Dec 06 04:33:52 PST 2024","Fri Dec 06 05:33:52 PST 2024","Fri Dec 06 05:34:35 PST 2024","","","3143","100% (9/9)","100% (9/9)","100% (9/9)","distance metric","距離メトリック","距離尺度","domain mismatch","ドメイン不一致","ドメインミスマッチ","domain transfer","ドメイン移管","ドメイン転送","dynamic programming algorithm","動的計画法アルゴリズム","動的プログラミングアルゴリズム","encoder network","エンコーダーネットワーク","エンコーダネットワーク","false","false","false","true","true","true","false","true","false","false","false","true","false","false","false","false","false","false","false","false"
"39I4RL8QH0VTVUPWHLIQ8913VMY4HZ","38O8SQPJL62HJKMEV8VSLUJXAI2UVO","Ranking the Quality of AI Terminology Translation from English to Japanese","In this task, you will compare the quality of translations for scientific terms generated by two different methods. The input will include an English term, a context paragraph where the term is used, and its translations in Japanese.","Translation, AI Terminology, Multilingual, Ranking","$0.01","Fri Dec 06 03:40:44 PST 2024","5","BatchId:5277383;OriginalHitTemplateId:928390912;","3600","3600","Fri Dec 13 03:40:44 PST 2024","","","3FUI0JHJPFCW5AXNTOT6JU4HEO433E","AS0K8SAHI5SQD","Approved","Fri Dec 06 04:50:05 PST 2024","Fri Dec 06 05:03:55 PST 2024","Fri Dec 06 06:03:55 PST 2024","Fri Dec 06 06:04:35 PST 2024","","","830","100% (13/13)","100% (13/13)","100% (13/13)","distance metric","距離メトリック","距離尺度","domain mismatch","ドメイン不一致","ドメインミスマッチ","domain transfer","ドメイン移管","ドメイン転送","dynamic programming algorithm","動的計画法アルゴリズム","動的プログラミングアルゴリズム","encoder network","エンコーダーネットワーク","エンコーダネットワーク","true","true","false","true","true","false","false","true","false","false","false","false","false","false","false","false","false","false","false","false"
"39I4RL8QH0VTVUPWHLIQ8913VMY4HZ","38O8SQPJL62HJKMEV8VSLUJXAI2UVO","Ranking the Quality of AI Terminology Translation from English to Japanese","In this task, you will compare the quality of translations for scientific terms generated by two different methods. The input will include an English term, a context paragraph where the term is used, and its translations in Japanese.","Translation, AI Terminology, Multilingual, Ranking","$0.01","Fri Dec 06 03:40:44 PST 2024","5","BatchId:5277383;OriginalHitTemplateId:928390912;","3600","3600","Fri Dec 13 03:40:44 PST 2024","","","35H6S234SSEYG879Q9FX5UEL2BR566","A1L8EGJ85A7DZR","Approved","Fri Dec 06 04:42:00 PST 2024","Fri Dec 06 05:08:46 PST 2024","Fri Dec 06 06:08:46 PST 2024","Fri Dec 06 06:09:35 PST 2024","","","1606","100% (27/27)","100% (27/27)","100% (27/27)","distance metric","距離メトリック","距離尺度","domain mismatch","ドメイン不一致","ドメインミスマッチ","domain transfer","ドメイン移管","ドメイン転送","dynamic programming algorithm","動的計画法アルゴリズム","動的プログラミングアルゴリズム","encoder network","エンコーダーネットワーク","エンコーダネットワーク","false","true","false","true","false","false","false","false","false","true","true","false","false","false","false","false","false","true","false","false"
"3W0XM68Y06935LTL0O2LN3ASBJS1KN","38O8SQPJL62HJKMEV8VSLUJXAI2UVO","Ranking the Quality of AI Terminology Translation from English to Japanese","In this task, you will compare the quality of translations for scientific terms generated by two different methods. The input will include an English term, a context paragraph where the term is used, and its translations in Japanese.","Translation, AI Terminology, Multilingual, Ranking","$0.01","Fri Dec 06 03:40:44 PST 2024","5","BatchId:5277383;OriginalHitTemplateId:928390912;","3600","3600","Fri Dec 13 03:40:44 PST 2024","","","3U84XHCDIURI8ZNKE9TYX0127IMZ4D","A39PWDRYNY2WM0","Approved","Fri Dec 06 03:41:26 PST 2024","Fri Dec 06 04:12:56 PST 2024","Fri Dec 06 05:12:56 PST 2024","Fri Dec 06 05:13:35 PST 2024","","","1890","100% (55/55)","100% (55/55)","100% (55/55)","entity description","エンティティの説明","エンティティ記述","error tolerance","誤差許容度","誤差許容","feature engineering","特徴量エンジニアリング","特徴エンジニアリング","filter bank","フィルターバンク","フィルタバンク","first order method","一階法","一次法","true","true","false","true","true","false","false","true","false","false","false","false","false","false","false","false","false","false","false","false"
"3W0XM68Y06935LTL0O2LN3ASBJS1KN","38O8SQPJL62HJKMEV8VSLUJXAI2UVO","Ranking the Quality of AI Terminology Translation from English to Japanese","In this task, you will compare the quality of translations for scientific terms generated by two different methods. The input will include an English term, a context paragraph where the term is used, and its translations in Japanese.","Translation, AI Terminology, Multilingual, Ranking","$0.01","Fri Dec 06 03:40:44 PST 2024","5","BatchId:5277383;OriginalHitTemplateId:928390912;","3600","3600","Fri Dec 13 03:40:44 PST 2024","","","3QY7M81QHP0K2R6HG6OVDXXZUB07KK","A3HSZ9YLOBCCPR","Approved","Fri Dec 06 03:41:34 PST 2024","Fri Dec 06 04:20:51 PST 2024","Fri Dec 06 05:20:51 PST 2024","Fri Dec 06 05:21:35 PST 2024","","","2357","100% (39/39)","100% (39/39)","100% (39/39)","entity description","エンティティの説明","エンティティ記述","error tolerance","誤差許容度","誤差許容","feature engineering","特徴量エンジニアリング","特徴エンジニアリング","filter bank","フィルターバンク","フィルタバンク","first order method","一階法","一次法","false","true","true","true","true","true","false","false","false","false","false","false","false","false","false","false","false","false","false","false"
"3W0XM68Y06935LTL0O2LN3ASBJS1KN","38O8SQPJL62HJKMEV8VSLUJXAI2UVO","Ranking the Quality of AI Terminology Translation from English to Japanese","In this task, you will compare the quality of translations for scientific terms generated by two different methods. The input will include an English term, a context paragraph where the term is used, and its translations in Japanese.","Translation, AI Terminology, Multilingual, Ranking","$0.01","Fri Dec 06 03:40:44 PST 2024","5","BatchId:5277383;OriginalHitTemplateId:928390912;","3600","3600","Fri Dec 13 03:40:44 PST 2024","","","3AQF3RZ55QWQI50YWLS6R65YR55F6Z","A3IG9HHR3NL9R0","Approved","Fri Dec 06 04:42:07 PST 2024","Fri Dec 06 04:58:08 PST 2024","Fri Dec 06 05:58:08 PST 2024","Fri Dec 06 05:58:35 PST 2024","","","961","100% (50/50)","100% (50/50)","100% (50/50)","entity description","エンティティの説明","エンティティ記述","error tolerance","誤差許容度","誤差許容","feature engineering","特徴量エンジニアリング","特徴エンジニアリング","filter bank","フィルターバンク","フィルタバンク","first order method","一階法","一次法","true","true","true","true","false","false","false","false","false","true","false","false","false","false","false","false","false","false","false","false"
"3W0XM68Y06935LTL0O2LN3ASBJS1KN","38O8SQPJL62HJKMEV8VSLUJXAI2UVO","Ranking the Quality of AI Terminology Translation from English to Japanese","In this task, you will compare the quality of translations for scientific terms generated by two different methods. The input will include an English term, a context paragraph where the term is used, and its translations in Japanese.","Translation, AI Terminology, Multilingual, Ranking","$0.01","Fri Dec 06 03:40:44 PST 2024","5","BatchId:5277383;OriginalHitTemplateId:928390912;","3600","3600","Fri Dec 13 03:40:44 PST 2024","","","3L6L49WXWIBK1L3V7LMI8WU76JO54M","A19I2ZK220NTAE","Approved","Fri Dec 06 04:53:47 PST 2024","Fri Dec 06 05:30:09 PST 2024","Fri Dec 06 06:30:09 PST 2024","Fri Dec 06 06:30:35 PST 2024","","","2182","100% (32/32)","100% (32/32)","100% (32/32)","entity description","エンティティの説明","エンティティ記述","error tolerance","誤差許容度","誤差許容","feature engineering","特徴量エンジニアリング","特徴エンジニアリング","filter bank","フィルターバンク","フィルタバンク","first order method","一階法","一次法","true","true","true","true","false","false","false","false","false","true","false","false","false","false","false","false","false","false","false","false"
"3W0XM68Y06935LTL0O2LN3ASBJS1KN","38O8SQPJL62HJKMEV8VSLUJXAI2UVO","Ranking the Quality of AI Terminology Translation from English to Japanese","In this task, you will compare the quality of translations for scientific terms generated by two different methods. The input will include an English term, a context paragraph where the term is used, and its translations in Japanese.","Translation, AI Terminology, Multilingual, Ranking","$0.01","Fri Dec 06 03:40:44 PST 2024","5","BatchId:5277383;OriginalHitTemplateId:928390912;","3600","3600","Fri Dec 13 03:40:44 PST 2024","","","3X3OR7WPZHEZMBTIBBS26X69UVB8LB","A13QHI6P2C910K","Approved","Fri Dec 06 05:42:34 PST 2024","Fri Dec 06 05:45:58 PST 2024","Fri Dec 06 06:45:58 PST 2024","Fri Dec 06 06:46:35 PST 2024","","","204","100% (39/39)","100% (39/39)","100% (39/39)","entity description","エンティティの説明","エンティティ記述","error tolerance","誤差許容度","誤差許容","feature engineering","特徴量エンジニアリング","特徴エンジニアリング","filter bank","フィルターバンク","フィルタバンク","first order method","一階法","一次法","true","true","true","true","false","false","false","false","false","true","false","false","false","false","false","false","false","false","false","false"
"336OE47KJJYAMX30WG5DI2B3NU7WV2","38O8SQPJL62HJKMEV8VSLUJXAI2UVO","Ranking the Quality of AI Terminology Translation from English to Japanese","In this task, you will compare the quality of translations for scientific terms generated by two different methods. The input will include an English term, a context paragraph where the term is used, and its translations in Japanese.","Translation, AI Terminology, Multilingual, Ranking","$0.01","Fri Dec 06 03:40:44 PST 2024","5","BatchId:5277383;OriginalHitTemplateId:928390912;","3600","3600","Fri Dec 13 03:40:44 PST 2024","","","3U8YCDAGX7USVJ4S8CNJU4ZLL3MQ0V","A3I1OLOTCWCIET","Approved","Fri Dec 06 03:41:46 PST 2024","Fri Dec 06 03:43:34 PST 2024","Fri Dec 06 04:43:34 PST 2024","Fri Dec 06 04:43:35 PST 2024","","","108","100% (10/10)","100% (10/10)","100% (10/10)","float32","float32","フロート32","flow field","フローフィールド","流れ場","generalization ability","汎化能力","一般化能力","geometry processing","ジオメトリ処理","幾何処理","gist descriptor","ギスト記述子","ジスト記述子","false","false","true","false","true","true","true","false","false","false","false","false","false","true","false","false","false","false","false","false"
"336OE47KJJYAMX30WG5DI2B3NU7WV2","38O8SQPJL62HJKMEV8VSLUJXAI2UVO","Ranking the Quality of AI Terminology Translation from English to Japanese","In this task, you will compare the quality of translations for scientific terms generated by two different methods. The input will include an English term, a context paragraph where the term is used, and its translations in Japanese.","Translation, AI Terminology, Multilingual, Ranking","$0.01","Fri Dec 06 03:40:44 PST 2024","5","BatchId:5277383;OriginalHitTemplateId:928390912;","3600","3600","Fri Dec 13 03:40:44 PST 2024","","","3XLBSAQ9ZMQFRM53G7R50CLCYLJ7ZE","A3AHE81HVRXFCD","Approved","Fri Dec 06 04:42:02 PST 2024","Fri Dec 06 04:46:55 PST 2024","Fri Dec 06 05:46:55 PST 2024","Fri Dec 06 05:47:35 PST 2024","","","293","100% (22/22)","100% (22/22)","100% (22/22)","float32","float32","フロート32","flow field","フローフィールド","流れ場","generalization ability","汎化能力","一般化能力","geometry processing","ジオメトリ処理","幾何処理","gist descriptor","ギスト記述子","ジスト記述子","true","false","false","false","true","false","false","true","true","false","false","true","false","false","false","false","false","false","false","false"
"336OE47KJJYAMX30WG5DI2B3NU7WV2","38O8SQPJL62HJKMEV8VSLUJXAI2UVO","Ranking the Quality of AI Terminology Translation from English to Japanese","In this task, you will compare the quality of translations for scientific terms generated by two different methods. The input will include an English term, a context paragraph where the term is used, and its translations in Japanese.","Translation, AI Terminology, Multilingual, Ranking","$0.01","Fri Dec 06 03:40:44 PST 2024","5","BatchId:5277383;OriginalHitTemplateId:928390912;","3600","3600","Fri Dec 13 03:40:44 PST 2024","","","3LS2AMNW5X4DY0WBAXPUK5V3J78OQR","A1XD6THGBT1T9T","Approved","Fri Dec 06 04:42:43 PST 2024","Fri Dec 06 04:50:01 PST 2024","Fri Dec 06 05:50:01 PST 2024","Fri Dec 06 05:50:35 PST 2024","","","438","100% (43/43)","100% (43/43)","100% (42/42)","float32","float32","フロート32","flow field","フローフィールド","流れ場","generalization ability","汎化能力","一般化能力","geometry processing","ジオメトリ処理","幾何処理","gist descriptor","ギスト記述子","ジスト記述子","true","false","true","false","false","false","false","false","false","true","false","true","false","true","false","false","false","false","false","false"
"336OE47KJJYAMX30WG5DI2B3NU7WV2","38O8SQPJL62HJKMEV8VSLUJXAI2UVO","Ranking the Quality of AI Terminology Translation from English to Japanese","In this task, you will compare the quality of translations for scientific terms generated by two different methods. The input will include an English term, a context paragraph where the term is used, and its translations in Japanese.","Translation, AI Terminology, Multilingual, Ranking","$0.01","Fri Dec 06 03:40:44 PST 2024","5","BatchId:5277383;OriginalHitTemplateId:928390912;","3600","3600","Fri Dec 13 03:40:44 PST 2024","","","3KRVW3HTZ5Z1BDQCPLZMN1LZ6VEMSZ","A9M8N3BOH6013","Approved","Fri Dec 06 04:42:02 PST 2024","Fri Dec 06 05:05:32 PST 2024","Fri Dec 06 06:05:32 PST 2024","Fri Dec 06 06:05:35 PST 2024","","","1410","100% (44/44)","100% (44/44)","100% (44/44)","float32","float32","フロート32","flow field","フローフィールド","流れ場","generalization ability","汎化能力","一般化能力","geometry processing","ジオメトリ処理","幾何処理","gist descriptor","ギスト記述子","ジスト記述子","true","false","true","true","false","false","false","false","false","true","false","true","false","false","false","false","false","false","false","false"
"336OE47KJJYAMX30WG5DI2B3NU7WV2","38O8SQPJL62HJKMEV8VSLUJXAI2UVO","Ranking the Quality of AI Terminology Translation from English to Japanese","In this task, you will compare the quality of translations for scientific terms generated by two different methods. The input will include an English term, a context paragraph where the term is used, and its translations in Japanese.","Translation, AI Terminology, Multilingual, Ranking","$0.01","Fri Dec 06 03:40:44 PST 2024","5","BatchId:5277383;OriginalHitTemplateId:928390912;","3600","3600","Fri Dec 13 03:40:44 PST 2024","","","3AAPLD8UCUVGYZ2GNOOZ519PRSTHTA","A3MDTRJTDIDNX","Approved","Fri Dec 06 04:42:03 PST 2024","Fri Dec 06 05:21:51 PST 2024","Fri Dec 06 06:21:51 PST 2024","Fri Dec 06 06:22:35 PST 2024","","","2388","100% (53/53)","100% (53/53)","100% (53/53)","float32","float32","フロート32","flow field","フローフィールド","流れ場","generalization ability","汎化能力","一般化能力","geometry processing","ジオメトリ処理","幾何処理","gist descriptor","ギスト記述子","ジスト記述子","true","false","true","true","true","false","false","false","false","false","false","true","false","false","false","false","false","false","false","false"
"3511RHPAECS2IWAKJIT18U5K4HQRLB","38O8SQPJL62HJKMEV8VSLUJXAI2UVO","Ranking the Quality of AI Terminology Translation from English to Japanese","In this task, you will compare the quality of translations for scientific terms generated by two different methods. The input will include an English term, a context paragraph where the term is used, and its translations in Japanese.","Translation, AI Terminology, Multilingual, Ranking","$0.01","Fri Dec 06 03:40:44 PST 2024","5","BatchId:5277383;OriginalHitTemplateId:928390912;","3600","3600","Fri Dec 13 03:40:44 PST 2024","","","3NGMS9VZT3WM1YT9XEVALCIBK32FFU","ASML73P0NOOVV","Approved","Fri Dec 06 03:41:42 PST 2024","Fri Dec 06 04:11:30 PST 2024","Fri Dec 06 05:11:30 PST 2024","Fri Dec 06 05:11:35 PST 2024","","","1788","100% (24/24)","100% (24/24)","100% (24/24)","gold parse","正解構文","ゴールドパース","gradient-based learning","勾配に基づく学習","勾配ベースの学習","grid cell","グリッドセル","グリッド細胞","heuristic algorithm","発見的アルゴリズム","ヒューリスティックアルゴリズム","hierarchical method","階層的方法","階層的手法","false","true","false","true","true","true","false","false","false","false","false","false","true","false","false","false","false","false","false","false"
"3511RHPAECS2IWAKJIT18U5K4HQRLB","38O8SQPJL62HJKMEV8VSLUJXAI2UVO","Ranking the Quality of AI Terminology Translation from English to Japanese","In this task, you will compare the quality of translations for scientific terms generated by two different methods. The input will include an English term, a context paragraph where the term is used, and its translations in Japanese.","Translation, AI Terminology, Multilingual, Ranking","$0.01","Fri Dec 06 03:40:44 PST 2024","5","BatchId:5277383;OriginalHitTemplateId:928390912;","3600","3600","Fri Dec 13 03:40:44 PST 2024","","","3S3AMIZX3CJI02V3F6AJP6UNBDVCD6","A251BWQW2F81FT","Approved","Fri Dec 06 03:42:20 PST 2024","Fri Dec 06 04:18:40 PST 2024","Fri Dec 06 05:18:40 PST 2024","Fri Dec 06 05:19:35 PST 2024","","","2180","100% (31/31)","100% (31/31)","100% (31/31)","gold parse","正解構文","ゴールドパース","gradient-based learning","勾配に基づく学習","勾配ベースの学習","grid cell","グリッドセル","グリッド細胞","heuristic algorithm","発見的アルゴリズム","ヒューリスティックアルゴリズム","hierarchical method","階層的方法","階層的手法","true","true","false","true","true","false","false","false","false","false","false","false","true","false","false","false","false","false","false","false"
"3511RHPAECS2IWAKJIT18U5K4HQRLB","38O8SQPJL62HJKMEV8VSLUJXAI2UVO","Ranking the Quality of AI Terminology Translation from English to Japanese","In this task, you will compare the quality of translations for scientific terms generated by two different methods. The input will include an English term, a context paragraph where the term is used, and its translations in Japanese.","Translation, AI Terminology, Multilingual, Ranking","$0.01","Fri Dec 06 03:40:44 PST 2024","5","BatchId:5277383;OriginalHitTemplateId:928390912;","3600","3600","Fri Dec 13 03:40:44 PST 2024","","","3WS1NTTKEGQV4UEJUWCPI5V7E1D0FB","A19I2ZK220NTAE","Approved","Fri Dec 06 04:42:09 PST 2024","Fri Dec 06 05:28:27 PST 2024","Fri Dec 06 06:28:27 PST 2024","Fri Dec 06 06:28:35 PST 2024","","","2778","100% (32/32)","100% (32/32)","100% (32/32)","gold parse","正解構文","ゴールドパース","gradient-based learning","勾配に基づく学習","勾配ベースの学習","grid cell","グリッドセル","グリッド細胞","heuristic algorithm","発見的アルゴリズム","ヒューリスティックアルゴリズム","hierarchical method","階層的方法","階層的手法","false","true","false","true","true","true","false","false","false","false","false","false","true","false","false","false","false","false","false","false"
"3511RHPAECS2IWAKJIT18U5K4HQRLB","38O8SQPJL62HJKMEV8VSLUJXAI2UVO","Ranking the Quality of AI Terminology Translation from English to Japanese","In this task, you will compare the quality of translations for scientific terms generated by two different methods. The input will include an English term, a context paragraph where the term is used, and its translations in Japanese.","Translation, AI Terminology, Multilingual, Ranking","$0.01","Fri Dec 06 03:40:44 PST 2024","5","BatchId:5277383;OriginalHitTemplateId:928390912;","3600","3600","Fri Dec 13 03:40:44 PST 2024","","","3IO1LGZLKRBH3QQBO7M0HEOC41T86C","A13QHI6P2C910K","Approved","Fri Dec 06 04:43:08 PST 2024","Fri Dec 06 05:38:41 PST 2024","Fri Dec 06 06:38:41 PST 2024","Fri Dec 06 06:39:35 PST 2024","","","3333","100% (39/39)","100% (39/39)","100% (39/39)","gold parse","正解構文","ゴールドパース","gradient-based learning","勾配に基づく学習","勾配ベースの学習","grid cell","グリッドセル","グリッド細胞","heuristic algorithm","発見的アルゴリズム","ヒューリスティックアルゴリズム","hierarchical method","階層的方法","階層的手法","true","true","false","true","true","false","false","false","false","false","false","false","true","false","false","false","false","false","false","false"
"3511RHPAECS2IWAKJIT18U5K4HQRLB","38O8SQPJL62HJKMEV8VSLUJXAI2UVO","Ranking the Quality of AI Terminology Translation from English to Japanese","In this task, you will compare the quality of translations for scientific terms generated by two different methods. The input will include an English term, a context paragraph where the term is used, and its translations in Japanese.","Translation, AI Terminology, Multilingual, Ranking","$0.01","Fri Dec 06 03:40:44 PST 2024","5","BatchId:5277383;OriginalHitTemplateId:928390912;","3600","3600","Fri Dec 13 03:40:44 PST 2024","","","34YB12FSQG2YL8HLUL55YN2WIKKMGF","A2ML30H0T2HO1J","Approved","Fri Dec 06 05:42:23 PST 2024","Fri Dec 06 06:23:27 PST 2024","Fri Dec 06 07:23:27 PST 2024","Fri Dec 06 07:23:35 PST 2024","","","2464","100% (20/20)","100% (20/20)","100% (20/20)","gold parse","正解構文","ゴールドパース","gradient-based learning","勾配に基づく学習","勾配ベースの学習","grid cell","グリッドセル","グリッド細胞","heuristic algorithm","発見的アルゴリズム","ヒューリスティックアルゴリズム","hierarchical method","階層的方法","階層的手法","false","false","false","false","false","true","false","false","false","true","false","true","true","false","false","false","false","false","true","false"
"3GMLHYZ0MVBEYN906RDW7DU0KVYYUE","38O8SQPJL62HJKMEV8VSLUJXAI2UVO","Ranking the Quality of AI Terminology Translation from English to Japanese","In this task, you will compare the quality of translations for scientific terms generated by two different methods. The input will include an English term, a context paragraph where the term is used, and its translations in Japanese.","Translation, AI Terminology, Multilingual, Ranking","$0.01","Fri Dec 06 03:40:44 PST 2024","5","BatchId:5277383;OriginalHitTemplateId:928390912;","3600","3600","Fri Dec 13 03:40:44 PST 2024","","","339ANSOTRNGHRBNDZXSS4MN88RBKIS","AWPXR7XE6B8KD","Approved","Fri Dec 06 03:41:38 PST 2024","Fri Dec 06 04:11:03 PST 2024","Fri Dec 06 05:11:03 PST 2024","Fri Dec 06 05:11:35 PST 2024","","","1765","100% (17/17)","100% (17/17)","100% (17/17)","homographie","ホモグラフィー","ホモグラフィ","human pose","人体姿勢","人間のポーズ","identity transformation","恒等変換","同一変換","influence diagram","インフルエンスダイアグラム","影響図","input-output pair","入出力ペア","入力-出力ペア","true","true","false","false","true","false","false","true","false","false","false","false","false","true","false","false","false","false","false","false"
"3GMLHYZ0MVBEYN906RDW7DU0KVYYUE","38O8SQPJL62HJKMEV8VSLUJXAI2UVO","Ranking the Quality of AI Terminology Translation from English to Japanese","In this task, you will compare the quality of translations for scientific terms generated by two different methods. The input will include an English term, a context paragraph where the term is used, and its translations in Japanese.","Translation, AI Terminology, Multilingual, Ranking","$0.01","Fri Dec 06 03:40:44 PST 2024","5","BatchId:5277383;OriginalHitTemplateId:928390912;","3600","3600","Fri Dec 13 03:40:44 PST 2024","","","3QFUFYSY9GTC3IWKDXZRU8LKVDTF46","A251BWQW2F81FT","Approved","Fri Dec 06 03:41:39 PST 2024","Fri Dec 06 04:17:18 PST 2024","Fri Dec 06 05:17:18 PST 2024","Fri Dec 06 05:17:35 PST 2024","","","2139","100% (31/31)","100% (31/31)","100% (31/31)","homographie","ホモグラフィー","ホモグラフィ","human pose","人体姿勢","人間のポーズ","identity transformation","恒等変換","同一変換","influence diagram","インフルエンスダイアグラム","影響図","input-output pair","入出力ペア","入力-出力ペア","false","true","false","false","true","true","false","true","false","false","false","false","false","true","false","false","false","false","false","false"
"3GMLHYZ0MVBEYN906RDW7DU0KVYYUE","38O8SQPJL62HJKMEV8VSLUJXAI2UVO","Ranking the Quality of AI Terminology Translation from English to Japanese","In this task, you will compare the quality of translations for scientific terms generated by two different methods. The input will include an English term, a context paragraph where the term is used, and its translations in Japanese.","Translation, AI Terminology, Multilingual, Ranking","$0.01","Fri Dec 06 03:40:44 PST 2024","5","BatchId:5277383;OriginalHitTemplateId:928390912;","3600","3600","Fri Dec 13 03:40:44 PST 2024","","","3X1FV8S5JF5HBVBU8D6WLJL99CQVGX","A11B7MUC7UTFKN","Approved","Fri Dec 06 03:41:49 PST 2024","Fri Dec 06 04:21:10 PST 2024","Fri Dec 06 05:21:10 PST 2024","Fri Dec 06 05:21:35 PST 2024","","","2361","100% (36/36)","100% (36/36)","100% (36/36)","homographie","ホモグラフィー","ホモグラフィ","human pose","人体姿勢","人間のポーズ","identity transformation","恒等変換","同一変換","influence diagram","インフルエンスダイアグラム","影響図","input-output pair","入出力ペア","入力-出力ペア","true","false","true","false","true","false","true","false","false","false","false","false","false","true","false","false","false","false","false","false"
"3GMLHYZ0MVBEYN906RDW7DU0KVYYUE","38O8SQPJL62HJKMEV8VSLUJXAI2UVO","Ranking the Quality of AI Terminology Translation from English to Japanese","In this task, you will compare the quality of translations for scientific terms generated by two different methods. The input will include an English term, a context paragraph where the term is used, and its translations in Japanese.","Translation, AI Terminology, Multilingual, Ranking","$0.01","Fri Dec 06 03:40:44 PST 2024","5","BatchId:5277383;OriginalHitTemplateId:928390912;","3600","3600","Fri Dec 13 03:40:44 PST 2024","","","3SNLUL3WOM1XK80VEET72POYRM3ULD","A9M8N3BOH6013","Approved","Fri Dec 06 04:42:55 PST 2024","Fri Dec 06 05:07:53 PST 2024","Fri Dec 06 06:07:53 PST 2024","Fri Dec 06 06:08:35 PST 2024","","","1498","100% (44/44)","100% (44/44)","100% (44/44)","homographie","ホモグラフィー","ホモグラフィ","human pose","人体姿勢","人間のポーズ","identity transformation","恒等変換","同一変換","influence diagram","インフルエンスダイアグラム","影響図","input-output pair","入出力ペア","入力-出力ペア","false","true","false","true","true","true","false","true","false","false","false","false","false","false","false","false","false","false","false","false"
"3GMLHYZ0MVBEYN906RDW7DU0KVYYUE","38O8SQPJL62HJKMEV8VSLUJXAI2UVO","Ranking the Quality of AI Terminology Translation from English to Japanese","In this task, you will compare the quality of translations for scientific terms generated by two different methods. The input will include an English term, a context paragraph where the term is used, and its translations in Japanese.","Translation, AI Terminology, Multilingual, Ranking","$0.01","Fri Dec 06 03:40:44 PST 2024","5","BatchId:5277383;OriginalHitTemplateId:928390912;","3600","3600","Fri Dec 13 03:40:44 PST 2024","","","3MB8LZR5BX7JHCVJK0P5W2F0PWBKLE","A2ML30H0T2HO1J","Approved","Fri Dec 06 04:42:03 PST 2024","Fri Dec 06 05:17:34 PST 2024","Fri Dec 06 06:17:34 PST 2024","Fri Dec 06 06:17:35 PST 2024","","","2131","100% (20/20)","100% (20/20)","100% (20/20)","homographie","ホモグラフィー","ホモグラフィ","human pose","人体姿勢","人間のポーズ","identity transformation","恒等変換","同一変換","influence diagram","インフルエンスダイアグラム","影響図","input-output pair","入出力ペア","入力-出力ペア","false","false","true","false","false","false","false","false","false","false","false","true","false","true","false","true","false","false","false","true"
"3DIIW4IV969TRP0GN30B8L2IVZD4IS","38O8SQPJL62HJKMEV8VSLUJXAI2UVO","Ranking the Quality of AI Terminology Translation from English to Japanese","In this task, you will compare the quality of translations for scientific terms generated by two different methods. The input will include an English term, a context paragraph where the term is used, and its translations in Japanese.","Translation, AI Terminology, Multilingual, Ranking","$0.01","Fri Dec 06 03:40:44 PST 2024","5","BatchId:5277383;OriginalHitTemplateId:928390912;","3600","3600","Fri Dec 13 03:40:44 PST 2024","","","3BXQMRHWKHCHQQIGEQUM223NRRSUME","A1HSI7UUYP5PM3","Approved","Fri Dec 06 03:41:28 PST 2024","Fri Dec 06 03:44:30 PST 2024","Fri Dec 06 04:44:30 PST 2024","Fri Dec 06 04:44:35 PST 2024","","","182","100% (4/4)","100% (4/4)","100% (4/4)","intelligent agent","インテリジェントエージェント","知能エージェント","joint density","同時確率密度","同時密度","kernel bandwidth","カーネル帯域幅","カーネルバンド幅","lazy grounding","遅延グラウンディング","レイジーグラウンディング","learned model","学習済みモデル","学習モデル","false","true","false","true","true","true","false","true","false","false","false","false","false","false","false","false","false","false","false","false"
"3DIIW4IV969TRP0GN30B8L2IVZD4IS","38O8SQPJL62HJKMEV8VSLUJXAI2UVO","Ranking the Quality of AI Terminology Translation from English to Japanese","In this task, you will compare the quality of translations for scientific terms generated by two different methods. The input will include an English term, a context paragraph where the term is used, and its translations in Japanese.","Translation, AI Terminology, Multilingual, Ranking","$0.01","Fri Dec 06 03:40:44 PST 2024","5","BatchId:5277383;OriginalHitTemplateId:928390912;","3600","3600","Fri Dec 13 03:40:44 PST 2024","","","3EF8EXOTTJ9BGLLX957AB869C011JJ","A2MZEUP2ECO1AI","Approved","Fri Dec 06 03:42:19 PST 2024","Fri Dec 06 04:08:05 PST 2024","Fri Dec 06 05:08:05 PST 2024","Fri Dec 06 05:08:35 PST 2024","","","1546","100% (34/34)","100% (34/34)","100% (34/34)","intelligent agent","インテリジェントエージェント","知能エージェント","joint density","同時確率密度","同時密度","kernel bandwidth","カーネル帯域幅","カーネルバンド幅","lazy grounding","遅延グラウンディング","レイジーグラウンディング","learned model","学習済みモデル","学習モデル","false","true","false","true","true","true","false","true","false","false","false","false","false","false","false","false","false","false","false","false"
"3DIIW4IV969TRP0GN30B8L2IVZD4IS","38O8SQPJL62HJKMEV8VSLUJXAI2UVO","Ranking the Quality of AI Terminology Translation from English to Japanese","In this task, you will compare the quality of translations for scientific terms generated by two different methods. The input will include an English term, a context paragraph where the term is used, and its translations in Japanese.","Translation, AI Terminology, Multilingual, Ranking","$0.01","Fri Dec 06 03:40:44 PST 2024","5","BatchId:5277383;OriginalHitTemplateId:928390912;","3600","3600","Fri Dec 13 03:40:44 PST 2024","","","3CP1TO84PBFAY7O8373UFHX9M5J25E","AC4I7XU10MQXK","Approved","Fri Dec 06 03:41:28 PST 2024","Fri Dec 06 04:11:02 PST 2024","Fri Dec 06 05:11:02 PST 2024","Fri Dec 06 05:11:35 PST 2024","","","1774","100% (58/58)","100% (58/58)","100% (58/58)","intelligent agent","インテリジェントエージェント","知能エージェント","joint density","同時確率密度","同時密度","kernel bandwidth","カーネル帯域幅","カーネルバンド幅","lazy grounding","遅延グラウンディング","レイジーグラウンディング","learned model","学習済みモデル","学習モデル","true","false","false","true","false","false","true","true","false","true","false","false","false","false","false","false","false","false","false","false"
"3DIIW4IV969TRP0GN30B8L2IVZD4IS","38O8SQPJL62HJKMEV8VSLUJXAI2UVO","Ranking the Quality of AI Terminology Translation from English to Japanese","In this task, you will compare the quality of translations for scientific terms generated by two different methods. The input will include an English term, a context paragraph where the term is used, and its translations in Japanese.","Translation, AI Terminology, Multilingual, Ranking","$0.01","Fri Dec 06 03:40:44 PST 2024","5","BatchId:5277383;OriginalHitTemplateId:928390912;","3600","3600","Fri Dec 13 03:40:44 PST 2024","","","3QY7M81QHP0K2R6HG6OVDXXZUDF7K3","A38SYZRVLTMOFG","Approved","Fri Dec 06 05:42:34 PST 2024","Fri Dec 06 06:02:04 PST 2024","Fri Dec 06 07:02:04 PST 2024","Fri Dec 06 07:02:35 PST 2024","","","1170","100% (49/49)","100% (49/49)","100% (49/49)","intelligent agent","インテリジェントエージェント","知能エージェント","joint density","同時確率密度","同時密度","kernel bandwidth","カーネル帯域幅","カーネルバンド幅","lazy grounding","遅延グラウンディング","レイジーグラウンディング","learned model","学習済みモデル","学習モデル","true","true","false","true","true","false","false","true","false","false","false","false","false","false","false","false","false","false","false","false"
"3DIIW4IV969TRP0GN30B8L2IVZD4IS","38O8SQPJL62HJKMEV8VSLUJXAI2UVO","Ranking the Quality of AI Terminology Translation from English to Japanese","In this task, you will compare the quality of translations for scientific terms generated by two different methods. The input will include an English term, a context paragraph where the term is used, and its translations in Japanese.","Translation, AI Terminology, Multilingual, Ranking","$0.01","Fri Dec 06 03:40:44 PST 2024","5","BatchId:5277383;OriginalHitTemplateId:928390912;","3600","3600","Fri Dec 13 03:40:44 PST 2024","","","36H9ULYP6K8260F5G4MV0AA3DBPJF9","A3HSZ9YLOBCCPR","Approved","Fri Dec 06 05:42:13 PST 2024","Fri Dec 06 06:17:27 PST 2024","Fri Dec 06 07:17:27 PST 2024","Fri Dec 06 07:17:35 PST 2024","","","2114","100% (39/39)","100% (39/39)","100% (39/39)","intelligent agent","インテリジェントエージェント","知能エージェント","joint density","同時確率密度","同時密度","kernel bandwidth","カーネル帯域幅","カーネルバンド幅","lazy grounding","遅延グラウンディング","レイジーグラウンディング","learned model","学習済みモデル","学習モデル","true","false","false","true","false","false","true","true","false","true","false","false","false","false","false","false","false","false","false","false"
"31J7RYEC024EPRB3LOEM23N70JX1LQ","38O8SQPJL62HJKMEV8VSLUJXAI2UVO","Ranking the Quality of AI Terminology Translation from English to Japanese","In this task, you will compare the quality of translations for scientific terms generated by two different methods. The input will include an English term, a context paragraph where the term is used, and its translations in Japanese.","Translation, AI Terminology, Multilingual, Ranking","$0.01","Fri Dec 06 03:40:44 PST 2024","5","BatchId:5277383;OriginalHitTemplateId:928390912;","3600","3600","Fri Dec 13 03:40:44 PST 2024","","","32M8BPYGAB0CPPRU967D6UVF1AVIGO","A1XD6THGBT1T9T","Approved","Fri Dec 06 03:43:44 PST 2024","Fri Dec 06 03:51:49 PST 2024","Fri Dec 06 04:51:49 PST 2024","Fri Dec 06 04:52:35 PST 2024","","","485","100% (43/43)","100% (43/43)","100% (42/42)","lexicon induction","レキシコン導入","辞書誘導","local basis function","局所基底関数","ローカル基底関数","local feature","局所特徴","ローカル特徴","local search","局所探索","ローカルサーチ","log-log plot","対数対数プロット","対数-対数プロット","true","true","true","true","true","false","false","false","false","false","false","false","false","false","false","false","false","false","false","false"
"31J7RYEC024EPRB3LOEM23N70JX1LQ","38O8SQPJL62HJKMEV8VSLUJXAI2UVO","Ranking the Quality of AI Terminology Translation from English to Japanese","In this task, you will compare the quality of translations for scientific terms generated by two different methods. The input will include an English term, a context paragraph where the term is used, and its translations in Japanese.","Translation, AI Terminology, Multilingual, Ranking","$0.01","Fri Dec 06 03:40:44 PST 2024","5","BatchId:5277383;OriginalHitTemplateId:928390912;","3600","3600","Fri Dec 13 03:40:44 PST 2024","","","3MYYFCXHJLLIHISFOH59CTLWWST4GU","A3IG9HHR3NL9R0","Approved","Fri Dec 06 03:41:25 PST 2024","Fri Dec 06 03:59:16 PST 2024","Fri Dec 06 04:59:16 PST 2024","Fri Dec 06 04:59:35 PST 2024","","","1071","100% (50/50)","100% (50/50)","100% (50/50)","lexicon induction","レキシコン導入","辞書誘導","local basis function","局所基底関数","ローカル基底関数","local feature","局所特徴","ローカル特徴","local search","局所探索","ローカルサーチ","log-log plot","対数対数プロット","対数-対数プロット","false","true","true","true","true","true","false","false","false","false","false","false","false","false","false","false","false","false","false","false"
"31J7RYEC024EPRB3LOEM23N70JX1LQ","38O8SQPJL62HJKMEV8VSLUJXAI2UVO","Ranking the Quality of AI Terminology Translation from English to Japanese","In this task, you will compare the quality of translations for scientific terms generated by two different methods. The input will include an English term, a context paragraph where the term is used, and its translations in Japanese.","Translation, AI Terminology, Multilingual, Ranking","$0.01","Fri Dec 06 03:40:44 PST 2024","5","BatchId:5277383;OriginalHitTemplateId:928390912;","3600","3600","Fri Dec 13 03:40:44 PST 2024","","","33OOO72IVZZPHRR01WAYUAC9EZHTC4","A39PWDRYNY2WM0","Approved","Fri Dec 06 03:41:10 PST 2024","Fri Dec 06 04:11:14 PST 2024","Fri Dec 06 05:11:14 PST 2024","Fri Dec 06 05:11:35 PST 2024","","","1804","100% (55/55)","100% (55/55)","100% (55/55)","lexicon induction","レキシコン導入","辞書誘導","local basis function","局所基底関数","ローカル基底関数","local feature","局所特徴","ローカル特徴","local search","局所探索","ローカルサーチ","log-log plot","対数対数プロット","対数-対数プロット","false","true","true","true","true","false","false","false","false","false","true","false","false","false","false","false","false","false","false","false"
"31J7RYEC024EPRB3LOEM23N70JX1LQ","38O8SQPJL62HJKMEV8VSLUJXAI2UVO","Ranking the Quality of AI Terminology Translation from English to Japanese","In this task, you will compare the quality of translations for scientific terms generated by two different methods. The input will include an English term, a context paragraph where the term is used, and its translations in Japanese.","Translation, AI Terminology, Multilingual, Ranking","$0.01","Fri Dec 06 03:40:44 PST 2024","5","BatchId:5277383;OriginalHitTemplateId:928390912;","3600","3600","Fri Dec 13 03:40:44 PST 2024","","","3TDXMTX3CT8ASW2OXTYRU3IQ7WR6I9","A3HSZ9YLOBCCPR","Approved","Fri Dec 06 03:41:26 PST 2024","Fri Dec 06 04:19:16 PST 2024","Fri Dec 06 05:19:16 PST 2024","Fri Dec 06 05:19:35 PST 2024","","","2270","100% (39/39)","100% (39/39)","100% (39/39)","lexicon induction","レキシコン導入","辞書誘導","local basis function","局所基底関数","ローカル基底関数","local feature","局所特徴","ローカル特徴","local search","局所探索","ローカルサーチ","log-log plot","対数対数プロット","対数-対数プロット","true","true","true","false","true","false","false","false","true","false","false","false","false","false","false","false","false","false","false","false"
"31J7RYEC024EPRB3LOEM23N70JX1LQ","38O8SQPJL62HJKMEV8VSLUJXAI2UVO","Ranking the Quality of AI Terminology Translation from English to Japanese","In this task, you will compare the quality of translations for scientific terms generated by two different methods. The input will include an English term, a context paragraph where the term is used, and its translations in Japanese.","Translation, AI Terminology, Multilingual, Ranking","$0.01","Fri Dec 06 03:40:44 PST 2024","5","BatchId:5277383;OriginalHitTemplateId:928390912;","3600","3600","Fri Dec 13 03:40:44 PST 2024","","","345LHZDEDF6G44A688P763UHR1O3UM","A2MZEUP2ECO1AI","Approved","Fri Dec 06 04:49:13 PST 2024","Fri Dec 06 05:32:38 PST 2024","Fri Dec 06 06:32:38 PST 2024","Fri Dec 06 06:33:35 PST 2024","","","2605","100% (34/34)","100% (34/34)","100% (34/34)","lexicon induction","レキシコン導入","辞書誘導","local basis function","局所基底関数","ローカル基底関数","local feature","局所特徴","ローカル特徴","local search","局所探索","ローカルサーチ","log-log plot","対数対数プロット","対数-対数プロット","true","true","true","true","true","false","false","false","false","false","false","false","false","false","false","false","false","false","false","false"
"32FESTC2OY41VK8VAZV7AM2HH7GUC2","38O8SQPJL62HJKMEV8VSLUJXAI2UVO","Ranking the Quality of AI Terminology Translation from English to Japanese","In this task, you will compare the quality of translations for scientific terms generated by two different methods. The input will include an English term, a context paragraph where the term is used, and its translations in Japanese.","Translation, AI Terminology, Multilingual, Ranking","$0.01","Fri Dec 06 03:40:44 PST 2024","5","BatchId:5277383;OriginalHitTemplateId:928390912;","3600","3600","Fri Dec 13 03:40:44 PST 2024","","","354P56DE92HIQAJPLFXX4JO9B5D7S1","ASML73P0NOOVV","Approved","Fri Dec 06 03:41:35 PST 2024","Fri Dec 06 04:11:14 PST 2024","Fri Dec 06 05:11:14 PST 2024","Fri Dec 06 05:11:35 PST 2024","","","1779","100% (24/24)","100% (24/24)","100% (24/24)","logical connective","論理接続子","論理接続詞","low-rank factorization","低ランク分解","低ランク因子分解","machine vision","マシンビジョン","機械視覚","machine-generated text","機械生成されたテキスト","機械生成テキスト","marginal polytope","限界ポリトープ","周辺多面体","false","true","true","true","false","true","false","false","false","false","false","false","false","false","true","false","false","false","false","false"
"32FESTC2OY41VK8VAZV7AM2HH7GUC2","38O8SQPJL62HJKMEV8VSLUJXAI2UVO","Ranking the Quality of AI Terminology Translation from English to Japanese","In this task, you will compare the quality of translations for scientific terms generated by two different methods. The input will include an English term, a context paragraph where the term is used, and its translations in Japanese.","Translation, AI Terminology, Multilingual, Ranking","$0.01","Fri Dec 06 03:40:44 PST 2024","5","BatchId:5277383;OriginalHitTemplateId:928390912;","3600","3600","Fri Dec 13 03:40:44 PST 2024","","","3SITXWYCNDNDO38ES6F08TRX9A6BXZ","A2D6SB3TU1NYQ7","Approved","Fri Dec 06 03:41:34 PST 2024","Fri Dec 06 04:22:12 PST 2024","Fri Dec 06 05:22:12 PST 2024","Fri Dec 06 05:22:35 PST 2024","","","2438","100% (45/45)","100% (45/45)","100% (45/45)","logical connective","論理接続子","論理接続詞","low-rank factorization","低ランク分解","低ランク因子分解","machine vision","マシンビジョン","機械視覚","machine-generated text","機械生成されたテキスト","機械生成テキスト","marginal polytope","限界ポリトープ","周辺多面体","true","false","true","true","false","false","true","false","false","false","false","false","false","false","true","false","false","false","false","false"
"32FESTC2OY41VK8VAZV7AM2HH7GUC2","38O8SQPJL62HJKMEV8VSLUJXAI2UVO","Ranking the Quality of AI Terminology Translation from English to Japanese","In this task, you will compare the quality of translations for scientific terms generated by two different methods. The input will include an English term, a context paragraph where the term is used, and its translations in Japanese.","Translation, AI Terminology, Multilingual, Ranking","$0.01","Fri Dec 06 03:40:44 PST 2024","5","BatchId:5277383;OriginalHitTemplateId:928390912;","3600","3600","Fri Dec 13 03:40:44 PST 2024","","","34S9DKFK7L34PHNL0S6BI2Y0S5EYNH","A11B7MUC7UTFKN","Approved","Fri Dec 06 03:42:51 PST 2024","Fri Dec 06 04:23:31 PST 2024","Fri Dec 06 05:23:31 PST 2024","Fri Dec 06 05:23:35 PST 2024","","","2440","100% (36/36)","100% (36/36)","100% (36/36)","logical connective","論理接続子","論理接続詞","low-rank factorization","低ランク分解","低ランク因子分解","machine vision","マシンビジョン","機械視覚","machine-generated text","機械生成されたテキスト","機械生成テキスト","marginal polytope","限界ポリトープ","周辺多面体","true","false","true","true","false","false","false","false","false","false","false","true","false","false","true","false","false","false","false","false"
"32FESTC2OY41VK8VAZV7AM2HH7GUC2","38O8SQPJL62HJKMEV8VSLUJXAI2UVO","Ranking the Quality of AI Terminology Translation from English to Japanese","In this task, you will compare the quality of translations for scientific terms generated by two different methods. The input will include an English term, a context paragraph where the term is used, and its translations in Japanese.","Translation, AI Terminology, Multilingual, Ranking","$0.01","Fri Dec 06 03:40:44 PST 2024","5","BatchId:5277383;OriginalHitTemplateId:928390912;","3600","3600","Fri Dec 13 03:40:44 PST 2024","","","3X73LLYYQJSI3MXWQS2NW23X2A7HN9","A30IGMGSC7G2HM","Approved","Fri Dec 06 04:42:01 PST 2024","Fri Dec 06 04:51:46 PST 2024","Fri Dec 06 05:51:46 PST 2024","Fri Dec 06 05:52:35 PST 2024","","","585","100% (24/24)","100% (24/24)","100% (24/24)","logical connective","論理接続子","論理接続詞","low-rank factorization","低ランク分解","低ランク因子分解","machine vision","マシンビジョン","機械視覚","machine-generated text","機械生成されたテキスト","機械生成テキスト","marginal polytope","限界ポリトープ","周辺多面体","true","false","true","true","false","false","true","false","false","false","false","false","false","false","true","false","false","false","false","false"
"32FESTC2OY41VK8VAZV7AM2HH7GUC2","38O8SQPJL62HJKMEV8VSLUJXAI2UVO","Ranking the Quality of AI Terminology Translation from English to Japanese","In this task, you will compare the quality of translations for scientific terms generated by two different methods. The input will include an English term, a context paragraph where the term is used, and its translations in Japanese.","Translation, AI Terminology, Multilingual, Ranking","$0.01","Fri Dec 06 03:40:44 PST 2024","5","BatchId:5277383;OriginalHitTemplateId:928390912;","3600","3600","Fri Dec 13 03:40:44 PST 2024","","","3ZAK8W07IMSKNCB9PL7O45WAOQ70UT","A11JXYZDAUX0UP","Approved","Fri Dec 06 05:42:13 PST 2024","Fri Dec 06 05:45:20 PST 2024","Fri Dec 06 06:45:20 PST 2024","Fri Dec 06 06:45:35 PST 2024","","","187","100% (1186/1186)","100% (1186/1186)","100% (1184/1184)","logical connective","論理接続子","論理接続詞","low-rank factorization","低ランク分解","低ランク因子分解","machine vision","マシンビジョン","機械視覚","machine-generated text","機械生成されたテキスト","機械生成テキスト","marginal polytope","限界ポリトープ","周辺多面体","false","false","true","true","false","true","true","false","false","false","false","false","false","false","true","false","false","false","false","false"
"3NCN4N1H2XV5QPWGZYNQL745RQNNBW","38O8SQPJL62HJKMEV8VSLUJXAI2UVO","Ranking the Quality of AI Terminology Translation from English to Japanese","In this task, you will compare the quality of translations for scientific terms generated by two different methods. The input will include an English term, a context paragraph where the term is used, and its translations in Japanese.","Translation, AI Terminology, Multilingual, Ranking","$0.01","Fri Dec 06 03:40:44 PST 2024","5","BatchId:5277383;OriginalHitTemplateId:928390912;","3600","3600","Fri Dec 13 03:40:44 PST 2024","","","39LNWE0K4CAVU7SPTBWUA9W6AI9IUN","A2MZEUP2ECO1AI","Approved","Fri Dec 06 03:41:51 PST 2024","Fri Dec 06 04:06:42 PST 2024","Fri Dec 06 05:06:42 PST 2024","Fri Dec 06 05:07:35 PST 2024","","","1491","100% (34/34)","100% (34/34)","100% (34/34)","masked language model","マスクされた言語モデル","マスク言語モデル","maximum flow","最大フロー","最大流量","maximum likelihood estimate","最尤推定値","最尤推定","maximum likelihood estimation","最尤推定","最大尤度推定","measurement matrix","計測行列","測定行列","false","true","false","true","true","true","false","true","false","false","false","false","false","false","false","false","false","false","false","false"
"3NCN4N1H2XV5QPWGZYNQL745RQNNBW","38O8SQPJL62HJKMEV8VSLUJXAI2UVO","Ranking the Quality of AI Terminology Translation from English to Japanese","In this task, you will compare the quality of translations for scientific terms generated by two different methods. The input will include an English term, a context paragraph where the term is used, and its translations in Japanese.","Translation, AI Terminology, Multilingual, Ranking","$0.01","Fri Dec 06 03:40:44 PST 2024","5","BatchId:5277383;OriginalHitTemplateId:928390912;","3600","3600","Fri Dec 13 03:40:44 PST 2024","","","37M28K1J08R7A9YX5O03M9ZCGU6AJF","A39PWDRYNY2WM0","Approved","Fri Dec 06 03:41:48 PST 2024","Fri Dec 06 04:13:53 PST 2024","Fri Dec 06 05:13:53 PST 2024","Fri Dec 06 05:14:35 PST 2024","","","1925","100% (55/55)","100% (55/55)","100% (55/55)","masked language model","マスクされた言語モデル","マスク言語モデル","maximum flow","最大フロー","最大流量","maximum likelihood estimate","最尤推定値","最尤推定","maximum likelihood estimation","最尤推定","最大尤度推定","measurement matrix","計測行列","測定行列","true","false","true","true","true","false","true","false","false","false","false","false","false","false","false","false","false","false","false","false"
"3NCN4N1H2XV5QPWGZYNQL745RQNNBW","38O8SQPJL62HJKMEV8VSLUJXAI2UVO","Ranking the Quality of AI Terminology Translation from English to Japanese","In this task, you will compare the quality of translations for scientific terms generated by two different methods. The input will include an English term, a context paragraph where the term is used, and its translations in Japanese.","Translation, AI Terminology, Multilingual, Ranking","$0.01","Fri Dec 06 03:40:44 PST 2024","5","BatchId:5277383;OriginalHitTemplateId:928390912;","3600","3600","Fri Dec 13 03:40:44 PST 2024","","","3O7L7BFSHW3E5BV33BHP6RA3OUFIE6","A3HSZ9YLOBCCPR","Approved","Fri Dec 06 03:41:45 PST 2024","Fri Dec 06 04:23:32 PST 2024","Fri Dec 06 05:23:32 PST 2024","Fri Dec 06 05:23:35 PST 2024","","","2507","100% (39/39)","100% (39/39)","100% (39/39)","masked language model","マスクされた言語モデル","マスク言語モデル","maximum flow","最大フロー","最大流量","maximum likelihood estimate","最尤推定値","最尤推定","maximum likelihood estimation","最尤推定","最大尤度推定","measurement matrix","計測行列","測定行列","false","true","true","true","true","true","false","false","false","false","false","false","false","false","false","false","false","false","false","false"
"3NCN4N1H2XV5QPWGZYNQL745RQNNBW","38O8SQPJL62HJKMEV8VSLUJXAI2UVO","Ranking the Quality of AI Terminology Translation from English to Japanese","In this task, you will compare the quality of translations for scientific terms generated by two different methods. The input will include an English term, a context paragraph where the term is used, and its translations in Japanese.","Translation, AI Terminology, Multilingual, Ranking","$0.01","Fri Dec 06 03:40:44 PST 2024","5","BatchId:5277383;OriginalHitTemplateId:928390912;","3600","3600","Fri Dec 13 03:40:44 PST 2024","","","3G5W44VEUPW3VKHI99SPJAASTEJKG0","A1L8EGJ85A7DZR","Approved","Fri Dec 06 03:41:37 PST 2024","Fri Dec 06 04:40:11 PST 2024","Fri Dec 06 05:40:11 PST 2024","Fri Dec 06 05:40:35 PST 2024","","","3514","100% (27/27)","100% (27/27)","100% (27/27)","masked language model","マスクされた言語モデル","マスク言語モデル","maximum flow","最大フロー","最大流量","maximum likelihood estimate","最尤推定値","最尤推定","maximum likelihood estimation","最尤推定","最大尤度推定","measurement matrix","計測行列","測定行列","true","false","false","true","true","false","true","true","false","false","false","false","false","false","false","false","false","false","false","false"
"3NCN4N1H2XV5QPWGZYNQL745RQNNBW","38O8SQPJL62HJKMEV8VSLUJXAI2UVO","Ranking the Quality of AI Terminology Translation from English to Japanese","In this task, you will compare the quality of translations for scientific terms generated by two different methods. The input will include an English term, a context paragraph where the term is used, and its translations in Japanese.","Translation, AI Terminology, Multilingual, Ranking","$0.01","Fri Dec 06 03:40:44 PST 2024","5","BatchId:5277383;OriginalHitTemplateId:928390912;","3600","3600","Fri Dec 13 03:40:44 PST 2024","","","3JW0YLFXRBUQN61ZDSFATOQBA9HWW6","A9M8N3BOH6013","Approved","Fri Dec 06 04:42:09 PST 2024","Fri Dec 06 05:06:37 PST 2024","Fri Dec 06 06:06:37 PST 2024","Fri Dec 06 06:07:35 PST 2024","","","1468","100% (44/44)","100% (44/44)","100% (44/44)","masked language model","マスクされた言語モデル","マスク言語モデル","maximum flow","最大フロー","最大流量","maximum likelihood estimate","最尤推定値","最尤推定","maximum likelihood estimation","最尤推定","最大尤度推定","measurement matrix","計測行列","測定行列","true","false","true","false","true","false","true","false","true","false","false","false","false","false","false","false","false","false","false","false"
"3R0WOCG223NB0CE9AVQIUSKZ27SUD2","38O8SQPJL62HJKMEV8VSLUJXAI2UVO","Ranking the Quality of AI Terminology Translation from English to Japanese","In this task, you will compare the quality of translations for scientific terms generated by two different methods. The input will include an English term, a context paragraph where the term is used, and its translations in Japanese.","Translation, AI Terminology, Multilingual, Ranking","$0.01","Fri Dec 06 03:40:44 PST 2024","5","BatchId:5277383;OriginalHitTemplateId:928390912;","3600","3600","Fri Dec 13 03:40:44 PST 2024","","","3R5F3LQFVKYMCSX2XT87BY77O9MZON","A3Q32FL0WWF4KZ","Approved","Fri Dec 06 03:41:33 PST 2024","Fri Dec 06 04:21:13 PST 2024","Fri Dec 06 05:21:13 PST 2024","Fri Dec 06 05:21:35 PST 2024","","","2380","100% (40/40)","100% (40/40)","100% (40/40)","mixed-integer program","混合整数計画","混合整数プログラム","model M","モデルM","モデル M","model-based reinforcement learning","モデルベース強化学習","モデルベースの強化学習","modular","モジュラ","モジュラー","momentum","モメンタム","モーメンタム","false","true","true","false","true","false","false","false","false","false","true","false","false","true","false","false","false","false","false","false"
"3R0WOCG223NB0CE9AVQIUSKZ27SUD2","38O8SQPJL62HJKMEV8VSLUJXAI2UVO","Ranking the Quality of AI Terminology Translation from English to Japanese","In this task, you will compare the quality of translations for scientific terms generated by two different methods. The input will include an English term, a context paragraph where the term is used, and its translations in Japanese.","Translation, AI Terminology, Multilingual, Ranking","$0.01","Fri Dec 06 03:40:44 PST 2024","5","BatchId:5277383;OriginalHitTemplateId:928390912;","3600","3600","Fri Dec 13 03:40:44 PST 2024","","","3QFUFYSY9GTC3IWKDXZRU8LKVDT4FV","A2D6SB3TU1NYQ7","Approved","Fri Dec 06 03:41:25 PST 2024","Fri Dec 06 04:21:38 PST 2024","Fri Dec 06 05:21:38 PST 2024","Fri Dec 06 05:22:35 PST 2024","","","2413","100% (45/45)","100% (45/45)","100% (45/45)","mixed-integer program","混合整数計画","混合整数プログラム","model M","モデルM","モデル M","model-based reinforcement learning","モデルベース強化学習","モデルベースの強化学習","modular","モジュラ","モジュラー","momentum","モメンタム","モーメンタム","true","true","true","false","true","false","false","false","false","false","false","false","false","true","false","false","false","false","false","false"
"3R0WOCG223NB0CE9AVQIUSKZ27SUD2","38O8SQPJL62HJKMEV8VSLUJXAI2UVO","Ranking the Quality of AI Terminology Translation from English to Japanese","In this task, you will compare the quality of translations for scientific terms generated by two different methods. The input will include an English term, a context paragraph where the term is used, and its translations in Japanese.","Translation, AI Terminology, Multilingual, Ranking","$0.01","Fri Dec 06 03:40:44 PST 2024","5","BatchId:5277383;OriginalHitTemplateId:928390912;","3600","3600","Fri Dec 13 03:40:44 PST 2024","","","3E4GGUZ1TQ5DGQ9BAU70H6GRJVE2KZ","A3SC8IBRLEFRUP","Approved","Fri Dec 06 03:41:31 PST 2024","Fri Dec 06 04:36:12 PST 2024","Fri Dec 06 05:36:12 PST 2024","Fri Dec 06 05:36:35 PST 2024","","","3281","100% (9/9)","100% (9/9)","100% (9/9)","mixed-integer program","混合整数計画","混合整数プログラム","model M","モデルM","モデル M","model-based reinforcement learning","モデルベース強化学習","モデルベースの強化学習","modular","モジュラ","モジュラー","momentum","モメンタム","モーメンタム","true","false","false","true","false","false","false","false","false","true","false","false","true","false","false","false","false","false","false","false"
"3R0WOCG223NB0CE9AVQIUSKZ27SUD2","38O8SQPJL62HJKMEV8VSLUJXAI2UVO","Ranking the Quality of AI Terminology Translation from English to Japanese","In this task, you will compare the quality of translations for scientific terms generated by two different methods. The input will include an English term, a context paragraph where the term is used, and its translations in Japanese.","Translation, AI Terminology, Multilingual, Ranking","$0.01","Fri Dec 06 03:40:44 PST 2024","5","BatchId:5277383;OriginalHitTemplateId:928390912;","3600","3600","Fri Dec 13 03:40:44 PST 2024","","","3NKQQ8O39GJEMWC31XVJJCGTID1UDX","A35H5DUMZH86PC","Approved","Fri Dec 06 03:42:16 PST 2024","Fri Dec 06 04:39:37 PST 2024","Fri Dec 06 05:39:37 PST 2024","Fri Dec 06 05:40:35 PST 2024","","","3441","100% (40/40)","100% (40/40)","100% (40/40)","mixed-integer program","混合整数計画","混合整数プログラム","model M","モデルM","モデル M","model-based reinforcement learning","モデルベース強化学習","モデルベースの強化学習","modular","モジュラ","モジュラー","momentum","モメンタム","モーメンタム","false","true","true","false","true","false","false","false","false","false","true","false","false","true","false","false","false","false","false","false"
"3R0WOCG223NB0CE9AVQIUSKZ27SUD2","38O8SQPJL62HJKMEV8VSLUJXAI2UVO","Ranking the Quality of AI Terminology Translation from English to Japanese","In this task, you will compare the quality of translations for scientific terms generated by two different methods. The input will include an English term, a context paragraph where the term is used, and its translations in Japanese.","Translation, AI Terminology, Multilingual, Ranking","$0.01","Fri Dec 06 03:40:44 PST 2024","5","BatchId:5277383;OriginalHitTemplateId:928390912;","3600","3600","Fri Dec 13 03:40:44 PST 2024","","","3HOSI13XHH2S5U1HF25U9CC5WECDDE","ASML73P0NOOVV","Approved","Fri Dec 06 04:42:08 PST 2024","Fri Dec 06 04:56:05 PST 2024","Fri Dec 06 05:56:05 PST 2024","Fri Dec 06 05:56:35 PST 2024","","","837","100% (24/24)","100% (24/24)","100% (24/24)","mixed-integer program","混合整数計画","混合整数プログラム","model M","モデルM","モデル M","model-based reinforcement learning","モデルベース強化学習","モデルベースの強化学習","modular","モジュラ","モジュラー","momentum","モメンタム","モーメンタム","false","true","true","false","true","false","false","false","false","false","true","false","false","true","false","false","false","false","false","false"
"3NC6WP7WKYYN1M35MQA944UHU39WWC","38O8SQPJL62HJKMEV8VSLUJXAI2UVO","Ranking the Quality of AI Terminology Translation from English to Japanese","In this task, you will compare the quality of translations for scientific terms generated by two different methods. The input will include an English term, a context paragraph where the term is used, and its translations in Japanese.","Translation, AI Terminology, Multilingual, Ranking","$0.01","Fri Dec 06 03:40:44 PST 2024","5","BatchId:5277383;OriginalHitTemplateId:928390912;","3600","3600","Fri Dec 13 03:40:44 PST 2024","","","3IFS6Q0HJ0XFFU0L461UV8EIPLOSIH","AC4I7XU10MQXK","Approved","Fri Dec 06 03:41:45 PST 2024","Fri Dec 06 04:15:13 PST 2024","Fri Dec 06 05:15:13 PST 2024","Fri Dec 06 05:15:35 PST 2024","","","2008","100% (58/58)","100% (58/58)","100% (58/58)","multi-headed self-attention","多頭自己注意機構","マルチヘッド自己注意","noise-contrastive estimation","ノイズコントラスト推定","ノイズ対比推定","non-maximal suppression","非極大抑制","非最大抑制","normalize","正規化","正規化する","normalized cross correlation","正規化相互相関","正規化相関","false","true","false","false","true","true","false","true","true","false","false","false","false","false","false","false","false","false","false","false"
"3NC6WP7WKYYN1M35MQA944UHU39WWC","38O8SQPJL62HJKMEV8VSLUJXAI2UVO","Ranking the Quality of AI Terminology Translation from English to Japanese","In this task, you will compare the quality of translations for scientific terms generated by two different methods. The input will include an English term, a context paragraph where the term is used, and its translations in Japanese.","Translation, AI Terminology, Multilingual, Ranking","$0.01","Fri Dec 06 03:40:44 PST 2024","5","BatchId:5277383;OriginalHitTemplateId:928390912;","3600","3600","Fri Dec 13 03:40:44 PST 2024","","","3VW04L3ZLBKK16BFX27IXQIPSDUXXU","A3Q32FL0WWF4KZ","Approved","Fri Dec 06 03:42:17 PST 2024","Fri Dec 06 04:22:41 PST 2024","Fri Dec 06 05:22:41 PST 2024","Fri Dec 06 05:23:35 PST 2024","","","2424","100% (40/40)","100% (40/40)","100% (40/40)","multi-headed self-attention","多頭自己注意機構","マルチヘッド自己注意","noise-contrastive estimation","ノイズコントラスト推定","ノイズ対比推定","non-maximal suppression","非極大抑制","非最大抑制","normalize","正規化","正規化する","normalized cross correlation","正規化相互相関","正規化相関","true","false","true","false","true","false","true","false","true","false","false","false","false","false","false","false","false","false","false","false"
"3NC6WP7WKYYN1M35MQA944UHU39WWC","38O8SQPJL62HJKMEV8VSLUJXAI2UVO","Ranking the Quality of AI Terminology Translation from English to Japanese","In this task, you will compare the quality of translations for scientific terms generated by two different methods. The input will include an English term, a context paragraph where the term is used, and its translations in Japanese.","Translation, AI Terminology, Multilingual, Ranking","$0.01","Fri Dec 06 03:40:44 PST 2024","5","BatchId:5277383;OriginalHitTemplateId:928390912;","3600","3600","Fri Dec 13 03:40:44 PST 2024","","","3PDJHANYKNUAW1R4RBG6URHB7JC6HG","AG9MLSV2QCVD4","Approved","Fri Dec 06 03:41:25 PST 2024","Fri Dec 06 04:24:38 PST 2024","Fri Dec 06 05:24:38 PST 2024","Fri Dec 06 05:25:35 PST 2024","","","2593","100% (24/24)","100% (24/24)","100% (24/24)","multi-headed self-attention","多頭自己注意機構","マルチヘッド自己注意","noise-contrastive estimation","ノイズコントラスト推定","ノイズ対比推定","non-maximal suppression","非極大抑制","非最大抑制","normalize","正規化","正規化する","normalized cross correlation","正規化相互相関","正規化相関","true","false","true","false","false","false","true","false","true","true","false","false","false","false","false","false","false","false","false","false"
"3NC6WP7WKYYN1M35MQA944UHU39WWC","38O8SQPJL62HJKMEV8VSLUJXAI2UVO","Ranking the Quality of AI Terminology Translation from English to Japanese","In this task, you will compare the quality of translations for scientific terms generated by two different methods. The input will include an English term, a context paragraph where the term is used, and its translations in Japanese.","Translation, AI Terminology, Multilingual, Ranking","$0.01","Fri Dec 06 03:40:44 PST 2024","5","BatchId:5277383;OriginalHitTemplateId:928390912;","3600","3600","Fri Dec 13 03:40:44 PST 2024","","","3R6BYFZZPPQ31KKUX81WRJIIO8YFXL","A3MDTRJTDIDNX","Approved","Fri Dec 06 04:42:09 PST 2024","Fri Dec 06 05:22:46 PST 2024","Fri Dec 06 06:22:46 PST 2024","Fri Dec 06 06:23:35 PST 2024","","","2437","100% (53/53)","100% (53/53)","100% (53/53)","multi-headed self-attention","多頭自己注意機構","マルチヘッド自己注意","noise-contrastive estimation","ノイズコントラスト推定","ノイズ対比推定","non-maximal suppression","非極大抑制","非最大抑制","normalize","正規化","正規化する","normalized cross correlation","正規化相互相関","正規化相関","false","true","false","true","true","true","false","true","false","false","false","false","false","false","false","false","false","false","false","false"
"3NC6WP7WKYYN1M35MQA944UHU39WWC","38O8SQPJL62HJKMEV8VSLUJXAI2UVO","Ranking the Quality of AI Terminology Translation from English to Japanese","In this task, you will compare the quality of translations for scientific terms generated by two different methods. The input will include an English term, a context paragraph where the term is used, and its translations in Japanese.","Translation, AI Terminology, Multilingual, Ranking","$0.01","Fri Dec 06 03:40:44 PST 2024","5","BatchId:5277383;OriginalHitTemplateId:928390912;","3600","3600","Fri Dec 13 03:40:44 PST 2024","","","3YOH7BII0RLMDH7DY4RBJBD2GT7VK0","A19I2ZK220NTAE","Approved","Fri Dec 06 05:42:45 PST 2024","Fri Dec 06 05:49:38 PST 2024","Fri Dec 06 06:49:38 PST 2024","Fri Dec 06 06:50:35 PST 2024","","","413","100% (32/32)","100% (32/32)","100% (32/32)","multi-headed self-attention","多頭自己注意機構","マルチヘッド自己注意","noise-contrastive estimation","ノイズコントラスト推定","ノイズ対比推定","non-maximal suppression","非極大抑制","非最大抑制","normalize","正規化","正規化する","normalized cross correlation","正規化相互相関","正規化相関","false","true","true","false","false","true","false","false","true","true","false","false","false","false","false","false","false","false","false","false"
"3566S7OX6UXFA6M1HUDCJY565ZS71N","38O8SQPJL62HJKMEV8VSLUJXAI2UVO","Ranking the Quality of AI Terminology Translation from English to Japanese","In this task, you will compare the quality of translations for scientific terms generated by two different methods. The input will include an English term, a context paragraph where the term is used, and its translations in Japanese.","Translation, AI Terminology, Multilingual, Ranking","$0.01","Fri Dec 06 03:40:44 PST 2024","5","BatchId:5277383;OriginalHitTemplateId:928390912;","3600","3600","Fri Dec 13 03:40:44 PST 2024","","","3X65QVEQII11YEJVSN878J2SKMWLCU","A3Q32FL0WWF4KZ","Approved","Fri Dec 06 03:41:49 PST 2024","Fri Dec 06 04:22:07 PST 2024","Fri Dec 06 05:22:07 PST 2024","Fri Dec 06 05:22:35 PST 2024","","","2418","100% (40/40)","100% (40/40)","100% (40/40)","null space","ヌルスペース","零空間","online learning method","オンライン学習法","オンライン学習手法","optimiser","オプティマイザー","最適化手法","over-segmentation","オーバーセグメンテーション","過剰セグメンテーション","parallel corpora","対訳コーパス","並列コーパス","false","true","false","true","true","false","false","true","false","false","true","false","false","false","false","false","false","false","false","false"
"3566S7OX6UXFA6M1HUDCJY565ZS71N","38O8SQPJL62HJKMEV8VSLUJXAI2UVO","Ranking the Quality of AI Terminology Translation from English to Japanese","In this task, you will compare the quality of translations for scientific terms generated by two different methods. The input will include an English term, a context paragraph where the term is used, and its translations in Japanese.","Translation, AI Terminology, Multilingual, Ranking","$0.01","Fri Dec 06 03:40:44 PST 2024","5","BatchId:5277383;OriginalHitTemplateId:928390912;","3600","3600","Fri Dec 13 03:40:44 PST 2024","","","33FBRBDW66D6J7ZCYYZ33EGM0N3C87","A2E2FFMXS9F9KR","Approved","Fri Dec 06 04:41:44 PST 2024","Fri Dec 06 04:48:49 PST 2024","Fri Dec 06 05:48:49 PST 2024","Fri Dec 06 05:49:35 PST 2024","","","425","100% (51/51)","100% (51/51)","100% (51/51)","null space","ヌルスペース","零空間","online learning method","オンライン学習法","オンライン学習手法","optimiser","オプティマイザー","最適化手法","over-segmentation","オーバーセグメンテーション","過剰セグメンテーション","parallel corpora","対訳コーパス","並列コーパス","false","true","false","true","true","false","false","true","false","false","true","false","false","false","false","false","false","false","false","false"
"3566S7OX6UXFA6M1HUDCJY565ZS71N","38O8SQPJL62HJKMEV8VSLUJXAI2UVO","Ranking the Quality of AI Terminology Translation from English to Japanese","In this task, you will compare the quality of translations for scientific terms generated by two different methods. The input will include an English term, a context paragraph where the term is used, and its translations in Japanese.","Translation, AI Terminology, Multilingual, Ranking","$0.01","Fri Dec 06 03:40:44 PST 2024","5","BatchId:5277383;OriginalHitTemplateId:928390912;","3600","3600","Fri Dec 13 03:40:44 PST 2024","","","31IBVUNM9ADBXVFZXT0E3YLX8XQVFY","A2D6SB3TU1NYQ7","Approved","Fri Dec 06 04:42:07 PST 2024","Fri Dec 06 05:04:04 PST 2024","Fri Dec 06 06:04:04 PST 2024","Fri Dec 06 06:04:35 PST 2024","","","1317","100% (45/45)","100% (45/45)","100% (45/45)","null space","ヌルスペース","零空間","online learning method","オンライン学習法","オンライン学習手法","optimiser","オプティマイザー","最適化手法","over-segmentation","オーバーセグメンテーション","過剰セグメンテーション","parallel corpora","対訳コーパス","並列コーパス","true","true","false","true","true","false","false","false","false","false","false","false","true","false","false","false","false","false","false","false"
"3566S7OX6UXFA6M1HUDCJY565ZS71N","38O8SQPJL62HJKMEV8VSLUJXAI2UVO","Ranking the Quality of AI Terminology Translation from English to Japanese","In this task, you will compare the quality of translations for scientific terms generated by two different methods. The input will include an English term, a context paragraph where the term is used, and its translations in Japanese.","Translation, AI Terminology, Multilingual, Ranking","$0.01","Fri Dec 06 03:40:44 PST 2024","5","BatchId:5277383;OriginalHitTemplateId:928390912;","3600","3600","Fri Dec 13 03:40:44 PST 2024","","","3LWJHTCVCU0JSNJIBU64XBMPR5BFQO","A39PWDRYNY2WM0","Approved","Fri Dec 06 04:42:09 PST 2024","Fri Dec 06 05:09:21 PST 2024","Fri Dec 06 06:09:21 PST 2024","Fri Dec 06 06:09:35 PST 2024","","","1632","100% (55/55)","100% (55/55)","100% (55/55)","null space","ヌルスペース","零空間","online learning method","オンライン学習法","オンライン学習手法","optimiser","オプティマイザー","最適化手法","over-segmentation","オーバーセグメンテーション","過剰セグメンテーション","parallel corpora","対訳コーパス","並列コーパス","true","true","false","true","true","false","false","true","false","false","false","false","false","false","false","false","false","false","false","false"
"3566S7OX6UXFA6M1HUDCJY565ZS71N","38O8SQPJL62HJKMEV8VSLUJXAI2UVO","Ranking the Quality of AI Terminology Translation from English to Japanese","In this task, you will compare the quality of translations for scientific terms generated by two different methods. The input will include an English term, a context paragraph where the term is used, and its translations in Japanese.","Translation, AI Terminology, Multilingual, Ranking","$0.01","Fri Dec 06 03:40:44 PST 2024","5","BatchId:5277383;OriginalHitTemplateId:928390912;","3600","3600","Fri Dec 13 03:40:44 PST 2024","","","3N2BF7Y2V88CL4CWERNNJNEXXKXHM9","A2YVLMI4PRDECY","Approved","Fri Dec 06 04:42:01 PST 2024","Fri Dec 06 05:41:44 PST 2024","Fri Dec 06 06:41:44 PST 2024","Fri Dec 06 06:42:35 PST 2024","","","3583","100% (32/32)","100% (32/32)","100% (32/32)","null space","ヌルスペース","零空間","online learning method","オンライン学習法","オンライン学習手法","optimiser","オプティマイザー","最適化手法","over-segmentation","オーバーセグメンテーション","過剰セグメンテーション","parallel corpora","対訳コーパス","並列コーパス","true","true","false","true","true","false","false","false","false","false","false","false","true","false","false","false","false","false","false","false"
"3RQVKZ7ZS1XMZR4X0YDQOHFBX56724","38O8SQPJL62HJKMEV8VSLUJXAI2UVO","Ranking the Quality of AI Terminology Translation from English to Japanese","In this task, you will compare the quality of translations for scientific terms generated by two different methods. The input will include an English term, a context paragraph where the term is used, and its translations in Japanese.","Translation, AI Terminology, Multilingual, Ranking","$0.01","Fri Dec 06 03:40:44 PST 2024","5","BatchId:5277383;OriginalHitTemplateId:928390912;","3600","3600","Fri Dec 13 03:40:44 PST 2024","","","3LQ8PUHQF36QPLM5TCPVRU7GGA7IHM","A3I1OLOTCWCIET","Approved","Fri Dec 06 03:41:46 PST 2024","Fri Dec 06 03:43:05 PST 2024","Fri Dec 06 04:43:05 PST 2024","Fri Dec 06 04:43:35 PST 2024","","","79","100% (10/10)","100% (10/10)","100% (10/10)","partition","パーティション","分割","pixel-wise","ピクセル単位で","ピクセル単位","point match","点一致","ポイントマッチ","policy evaluation","方策評価","ポリシー評価","policy gradient algorithm","方策勾配アルゴリズム","ポリシー勾配アルゴリズム","false","false","false","true","true","true","true","false","false","false","false","false","true","false","false","false","false","false","false","false"
"3RQVKZ7ZS1XMZR4X0YDQOHFBX56724","38O8SQPJL62HJKMEV8VSLUJXAI2UVO","Ranking the Quality of AI Terminology Translation from English to Japanese","In this task, you will compare the quality of translations for scientific terms generated by two different methods. The input will include an English term, a context paragraph where the term is used, and its translations in Japanese.","Translation, AI Terminology, Multilingual, Ranking","$0.01","Fri Dec 06 03:40:44 PST 2024","5","BatchId:5277383;OriginalHitTemplateId:928390912;","3600","3600","Fri Dec 13 03:40:44 PST 2024","","","37WLF8U1W741YRSCXWJ37JX3Z0H6KL","A1KYZPQ0T7WECC","Approved","Fri Dec 06 03:42:15 PST 2024","Fri Dec 06 04:05:29 PST 2024","Fri Dec 06 05:05:29 PST 2024","Fri Dec 06 05:05:35 PST 2024","","","1394","100% (15/15)","100% (15/15)","100% (14/14)","partition","パーティション","分割","pixel-wise","ピクセル単位で","ピクセル単位","point match","点一致","ポイントマッチ","policy evaluation","方策評価","ポリシー評価","policy gradient algorithm","方策勾配アルゴリズム","ポリシー勾配アルゴリズム","true","true","true","false","false","false","false","false","true","true","false","false","false","false","false","false","false","false","false","false"
"3RQVKZ7ZS1XMZR4X0YDQOHFBX56724","38O8SQPJL62HJKMEV8VSLUJXAI2UVO","Ranking the Quality of AI Terminology Translation from English to Japanese","In this task, you will compare the quality of translations for scientific terms generated by two different methods. The input will include an English term, a context paragraph where the term is used, and its translations in Japanese.","Translation, AI Terminology, Multilingual, Ranking","$0.01","Fri Dec 06 03:40:44 PST 2024","5","BatchId:5277383;OriginalHitTemplateId:928390912;","3600","3600","Fri Dec 13 03:40:44 PST 2024","","","30LB5CDZNUO19B5JV86WLXBPQ66Z0X","A2E2FFMXS9F9KR","Approved","Fri Dec 06 03:41:24 PST 2024","Fri Dec 06 04:31:13 PST 2024","Fri Dec 06 05:31:13 PST 2024","Fri Dec 06 05:31:35 PST 2024","","","2989","100% (51/51)","100% (51/51)","100% (51/51)","partition","パーティション","分割","pixel-wise","ピクセル単位で","ピクセル単位","point match","点一致","ポイントマッチ","policy evaluation","方策評価","ポリシー評価","policy gradient algorithm","方策勾配アルゴリズム","ポリシー勾配アルゴリズム","true","true","true","true","true","false","false","false","false","false","false","false","false","false","false","false","false","false","false","false"
"3RQVKZ7ZS1XMZR4X0YDQOHFBX56724","38O8SQPJL62HJKMEV8VSLUJXAI2UVO","Ranking the Quality of AI Terminology Translation from English to Japanese","In this task, you will compare the quality of translations for scientific terms generated by two different methods. The input will include an English term, a context paragraph where the term is used, and its translations in Japanese.","Translation, AI Terminology, Multilingual, Ranking","$0.01","Fri Dec 06 03:40:44 PST 2024","5","BatchId:5277383;OriginalHitTemplateId:928390912;","3600","3600","Fri Dec 13 03:40:44 PST 2024","","","3WMINLGALTHK2VSRVWJHZ5MHQB3AC9","A30IGMGSC7G2HM","Approved","Fri Dec 06 04:42:05 PST 2024","Fri Dec 06 04:53:52 PST 2024","Fri Dec 06 05:53:52 PST 2024","Fri Dec 06 05:54:35 PST 2024","","","707","100% (24/24)","100% (24/24)","100% (24/24)","partition","パーティション","分割","pixel-wise","ピクセル単位で","ピクセル単位","point match","点一致","ポイントマッチ","policy evaluation","方策評価","ポリシー評価","policy gradient algorithm","方策勾配アルゴリズム","ポリシー勾配アルゴリズム","true","true","true","false","true","false","false","false","true","false","false","false","false","false","false","false","false","false","false","false"
"3RQVKZ7ZS1XMZR4X0YDQOHFBX56724","38O8SQPJL62HJKMEV8VSLUJXAI2UVO","Ranking the Quality of AI Terminology Translation from English to Japanese","In this task, you will compare the quality of translations for scientific terms generated by two different methods. The input will include an English term, a context paragraph where the term is used, and its translations in Japanese.","Translation, AI Terminology, Multilingual, Ranking","$0.01","Fri Dec 06 03:40:44 PST 2024","5","BatchId:5277383;OriginalHitTemplateId:928390912;","3600","3600","Fri Dec 13 03:40:44 PST 2024","","","3TVSS0C0EJEYVPX5INAZ64JC6G6WTP","A3HSZ9YLOBCCPR","Approved","Fri Dec 06 04:42:42 PST 2024","Fri Dec 06 05:26:10 PST 2024","Fri Dec 06 06:26:10 PST 2024","Fri Dec 06 06:26:35 PST 2024","","","2608","100% (39/39)","100% (39/39)","100% (39/39)","partition","パーティション","分割","pixel-wise","ピクセル単位で","ピクセル単位","point match","点一致","ポイントマッチ","policy evaluation","方策評価","ポリシー評価","policy gradient algorithm","方策勾配アルゴリズム","ポリシー勾配アルゴリズム","true","true","true","false","false","false","false","false","true","true","false","false","false","false","false","false","false","false","false","false"
"3KTCJ4SCWXFYV9TOL0F12G2W0ON1MS","38O8SQPJL62HJKMEV8VSLUJXAI2UVO","Ranking the Quality of AI Terminology Translation from English to Japanese","In this task, you will compare the quality of translations for scientific terms generated by two different methods. The input will include an English term, a context paragraph where the term is used, and its translations in Japanese.","Translation, AI Terminology, Multilingual, Ranking","$0.01","Fri Dec 06 03:40:45 PST 2024","5","BatchId:5277383;OriginalHitTemplateId:928390912;","3600","3600","Fri Dec 13 03:40:45 PST 2024","","","3HWRJOOETNG3ZPYZ8NB3ATGQXSIESV","A3MDTRJTDIDNX","Approved","Fri Dec 06 03:42:19 PST 2024","Fri Dec 06 03:55:01 PST 2024","Fri Dec 06 04:55:01 PST 2024","Fri Dec 06 04:55:35 PST 2024","","","762","100% (53/53)","100% (53/53)","100% (53/53)","policy gradient estimator","方策勾配推定量","ポリシー勾配推定器","pre-training datum","プレトレーニングデータ","事前学習データ","precision-recall graph","適合率-再現率グラフ","精度-再現率グラフ","probabilistic topic modeling","確率的トピックモデリング","確率的トピックモデル","protected attribute","プロテクト属性","保護属性","true","true","true","false","false","false","false","false","true","false","false","false","false","false","true","false","false","false","false","false"
"3KTCJ4SCWXFYV9TOL0F12G2W0ON1MS","38O8SQPJL62HJKMEV8VSLUJXAI2UVO","Ranking the Quality of AI Terminology Translation from English to Japanese","In this task, you will compare the quality of translations for scientific terms generated by two different methods. The input will include an English term, a context paragraph where the term is used, and its translations in Japanese.","Translation, AI Terminology, Multilingual, Ranking","$0.01","Fri Dec 06 03:40:45 PST 2024","5","BatchId:5277383;OriginalHitTemplateId:928390912;","3600","3600","Fri Dec 13 03:40:45 PST 2024","","","3TXD01ZLDMV1M0TA8MUQG8MN5084UU","A3IG9HHR3NL9R0","Approved","Fri Dec 06 03:41:31 PST 2024","Fri Dec 06 04:00:06 PST 2024","Fri Dec 06 05:00:06 PST 2024","Fri Dec 06 05:00:35 PST 2024","","","1115","100% (50/50)","100% (50/50)","100% (50/50)","policy gradient estimator","方策勾配推定量","ポリシー勾配推定器","pre-training datum","プレトレーニングデータ","事前学習データ","precision-recall graph","適合率-再現率グラフ","精度-再現率グラフ","probabilistic topic modeling","確率的トピックモデリング","確率的トピックモデル","protected attribute","プロテクト属性","保護属性","false","true","false","true","false","true","false","false","false","false","false","false","true","false","true","false","false","false","false","false"
"3KTCJ4SCWXFYV9TOL0F12G2W0ON1MS","38O8SQPJL62HJKMEV8VSLUJXAI2UVO","Ranking the Quality of AI Terminology Translation from English to Japanese","In this task, you will compare the quality of translations for scientific terms generated by two different methods. The input will include an English term, a context paragraph where the term is used, and its translations in Japanese.","Translation, AI Terminology, Multilingual, Ranking","$0.01","Fri Dec 06 03:40:45 PST 2024","5","BatchId:5277383;OriginalHitTemplateId:928390912;","3600","3600","Fri Dec 13 03:40:45 PST 2024","","","3AAPLD8UCUVGYZ2GNOOZ519PRRNHT2","A39PWDRYNY2WM0","Approved","Fri Dec 06 03:41:38 PST 2024","Fri Dec 06 04:13:25 PST 2024","Fri Dec 06 05:13:25 PST 2024","Fri Dec 06 05:13:35 PST 2024","","","1907","100% (55/55)","100% (55/55)","100% (55/55)","policy gradient estimator","方策勾配推定量","ポリシー勾配推定器","pre-training datum","プレトレーニングデータ","事前学習データ","precision-recall graph","適合率-再現率グラフ","精度-再現率グラフ","probabilistic topic modeling","確率的トピックモデリング","確率的トピックモデル","protected attribute","プロテクト属性","保護属性","false","true","true","false","false","true","false","false","true","false","false","false","false","false","true","false","false","false","false","false"
"3KTCJ4SCWXFYV9TOL0F12G2W0ON1MS","38O8SQPJL62HJKMEV8VSLUJXAI2UVO","Ranking the Quality of AI Terminology Translation from English to Japanese","In this task, you will compare the quality of translations for scientific terms generated by two different methods. The input will include an English term, a context paragraph where the term is used, and its translations in Japanese.","Translation, AI Terminology, Multilingual, Ranking","$0.01","Fri Dec 06 03:40:45 PST 2024","5","BatchId:5277383;OriginalHitTemplateId:928390912;","3600","3600","Fri Dec 13 03:40:45 PST 2024","","","3ZDAD0O1TJRDKP2VSS6L8NXJFH5XTA","A11B7MUC7UTFKN","Approved","Fri Dec 06 03:41:33 PST 2024","Fri Dec 06 04:18:33 PST 2024","Fri Dec 06 05:18:33 PST 2024","Fri Dec 06 05:18:35 PST 2024","","","2220","100% (36/36)","100% (36/36)","100% (36/36)","policy gradient estimator","方策勾配推定量","ポリシー勾配推定器","pre-training datum","プレトレーニングデータ","事前学習データ","precision-recall graph","適合率-再現率グラフ","精度-再現率グラフ","probabilistic topic modeling","確率的トピックモデリング","確率的トピックモデル","protected attribute","プロテクト属性","保護属性","false","true","true","false","false","false","false","false","true","false","true","false","false","false","true","false","false","false","false","false"
"3KTCJ4SCWXFYV9TOL0F12G2W0ON1MS","38O8SQPJL62HJKMEV8VSLUJXAI2UVO","Ranking the Quality of AI Terminology Translation from English to Japanese","In this task, you will compare the quality of translations for scientific terms generated by two different methods. The input will include an English term, a context paragraph where the term is used, and its translations in Japanese.","Translation, AI Terminology, Multilingual, Ranking","$0.01","Fri Dec 06 03:40:45 PST 2024","5","BatchId:5277383;OriginalHitTemplateId:928390912;","3600","3600","Fri Dec 13 03:40:45 PST 2024","","","3LRKMWOKBNV85L8XAVAA4L44N4R2ZL","A1U6UPXOFCXR24","Approved","Fri Dec 06 03:41:36 PST 2024","Fri Dec 06 04:28:55 PST 2024","Fri Dec 06 05:28:55 PST 2024","Fri Dec 06 05:29:35 PST 2024","","","2839","100% (17/17)","100% (17/17)","100% (17/17)","policy gradient estimator","方策勾配推定量","ポリシー勾配推定器","pre-training datum","プレトレーニングデータ","事前学習データ","precision-recall graph","適合率-再現率グラフ","精度-再現率グラフ","probabilistic topic modeling","確率的トピックモデリング","確率的トピックモデル","protected attribute","プロテクト属性","保護属性","false","true","true","false","false","true","false","false","true","false","false","false","false","false","true","false","false","false","false","false"
"3R6RZGK0YWQEB2Y0BHN13ZWJY27YV3","38O8SQPJL62HJKMEV8VSLUJXAI2UVO","Ranking the Quality of AI Terminology Translation from English to Japanese","In this task, you will compare the quality of translations for scientific terms generated by two different methods. The input will include an English term, a context paragraph where the term is used, and its translations in Japanese.","Translation, AI Terminology, Multilingual, Ranking","$0.01","Fri Dec 06 03:40:45 PST 2024","5","BatchId:5277383;OriginalHitTemplateId:928390912;","3600","3600","Fri Dec 13 03:40:45 PST 2024","","","35H6S234SSEYG879Q9FX5UEL2AL56Y","A2FXDEKCCUT9OJ","Approved","Fri Dec 06 03:41:33 PST 2024","Fri Dec 06 04:03:23 PST 2024","Fri Dec 06 05:03:23 PST 2024","Fri Dec 06 05:03:35 PST 2024","","","1310","100% (36/36)","100% (36/36)","100% (36/36)","pruning algorithm","剪定アルゴリズム","プルーニングアルゴリズム","rank-one update","ランクワン更新","ランク1更新","rectified linear unit","整流線形単位","整流線形ユニット","recurrent architecture","リカレントアーキテクチャ","再帰的アーキテクチャ","recurrent autoencoder","リカレントオートエンコーダ","再帰的オートエンコーダ","true","true","false","true","true","false","false","false","false","false","false","false","true","false","false","false","false","false","false","false"
"3R6RZGK0YWQEB2Y0BHN13ZWJY27YV3","38O8SQPJL62HJKMEV8VSLUJXAI2UVO","Ranking the Quality of AI Terminology Translation from English to Japanese","In this task, you will compare the quality of translations for scientific terms generated by two different methods. The input will include an English term, a context paragraph where the term is used, and its translations in Japanese.","Translation, AI Terminology, Multilingual, Ranking","$0.01","Fri Dec 06 03:40:45 PST 2024","5","BatchId:5277383;OriginalHitTemplateId:928390912;","3600","3600","Fri Dec 13 03:40:45 PST 2024","","","3MHW492WWIRH357GJG4RYO565Y2VM5","A2E2FFMXS9F9KR","Approved","Fri Dec 06 03:41:51 PST 2024","Fri Dec 06 04:33:59 PST 2024","Fri Dec 06 05:33:59 PST 2024","Fri Dec 06 05:34:35 PST 2024","","","3128","100% (51/51)","100% (51/51)","100% (51/51)","pruning algorithm","剪定アルゴリズム","プルーニングアルゴリズム","rank-one update","ランクワン更新","ランク1更新","rectified linear unit","整流線形単位","整流線形ユニット","recurrent architecture","リカレントアーキテクチャ","再帰的アーキテクチャ","recurrent autoencoder","リカレントオートエンコーダ","再帰的オートエンコーダ","false","true","false","false","true","true","false","false","true","false","false","false","true","false","false","false","false","false","false","false"
"3R6RZGK0YWQEB2Y0BHN13ZWJY27YV3","38O8SQPJL62HJKMEV8VSLUJXAI2UVO","Ranking the Quality of AI Terminology Translation from English to Japanese","In this task, you will compare the quality of translations for scientific terms generated by two different methods. The input will include an English term, a context paragraph where the term is used, and its translations in Japanese.","Translation, AI Terminology, Multilingual, Ranking","$0.01","Fri Dec 06 03:40:45 PST 2024","5","BatchId:5277383;OriginalHitTemplateId:928390912;","3600","3600","Fri Dec 13 03:40:45 PST 2024","","","3SLE99ER05R2TY8TTO3L5E78HA3ZBJ","A3SC8IBRLEFRUP","Approved","Fri Dec 06 03:41:30 PST 2024","Fri Dec 06 04:34:57 PST 2024","Fri Dec 06 05:34:57 PST 2024","Fri Dec 06 05:35:35 PST 2024","","","3207","100% (9/9)","100% (9/9)","100% (9/9)","pruning algorithm","剪定アルゴリズム","プルーニングアルゴリズム","rank-one update","ランクワン更新","ランク1更新","rectified linear unit","整流線形単位","整流線形ユニット","recurrent architecture","リカレントアーキテクチャ","再帰的アーキテクチャ","recurrent autoencoder","リカレントオートエンコーダ","再帰的オートエンコーダ","false","true","false","false","false","false","false","false","true","true","true","false","true","false","false","false","false","false","false","false"
"3R6RZGK0YWQEB2Y0BHN13ZWJY27YV3","38O8SQPJL62HJKMEV8VSLUJXAI2UVO","Ranking the Quality of AI Terminology Translation from English to Japanese","In this task, you will compare the quality of translations for scientific terms generated by two different methods. The input will include an English term, a context paragraph where the term is used, and its translations in Japanese.","Translation, AI Terminology, Multilingual, Ranking","$0.01","Fri Dec 06 03:40:45 PST 2024","5","BatchId:5277383;OriginalHitTemplateId:928390912;","3600","3600","Fri Dec 13 03:40:45 PST 2024","","","3MB8LZR5BX7JHCVJK0P5W2F0PV5LK7","A186ORPGIU3WNL","Approved","Fri Dec 06 03:41:52 PST 2024","Fri Dec 06 04:41:16 PST 2024","Fri Dec 06 05:41:16 PST 2024","Fri Dec 06 05:41:35 PST 2024","","","3564","100% (53/53)","100% (52/52)","100% (52/52)","pruning algorithm","剪定アルゴリズム","プルーニングアルゴリズム","rank-one update","ランクワン更新","ランク1更新","rectified linear unit","整流線形単位","整流線形ユニット","recurrent architecture","リカレントアーキテクチャ","再帰的アーキテクチャ","recurrent autoencoder","リカレントオートエンコーダ","再帰的オートエンコーダ","true","false","false","true","true","false","true","false","false","false","false","false","true","false","false","false","false","false","false","false"
"3R6RZGK0YWQEB2Y0BHN13ZWJY27YV3","38O8SQPJL62HJKMEV8VSLUJXAI2UVO","Ranking the Quality of AI Terminology Translation from English to Japanese","In this task, you will compare the quality of translations for scientific terms generated by two different methods. The input will include an English term, a context paragraph where the term is used, and its translations in Japanese.","Translation, AI Terminology, Multilingual, Ranking","$0.01","Fri Dec 06 03:40:45 PST 2024","5","BatchId:5277383;OriginalHitTemplateId:928390912;","3600","3600","Fri Dec 13 03:40:45 PST 2024","","","34T446B1CISO1IU93UMOAZA4HPS0C9","A2ML30H0T2HO1J","Approved","Fri Dec 06 04:42:31 PST 2024","Fri Dec 06 05:17:45 PST 2024","Fri Dec 06 06:17:45 PST 2024","Fri Dec 06 06:18:35 PST 2024","","","2114","100% (20/20)","100% (20/20)","100% (20/20)","pruning algorithm","剪定アルゴリズム","プルーニングアルゴリズム","rank-one update","ランクワン更新","ランク1更新","rectified linear unit","整流線形単位","整流線形ユニット","recurrent architecture","リカレントアーキテクチャ","再帰的アーキテクチャ","recurrent autoencoder","リカレントオートエンコーダ","再帰的オートエンコーダ","false","false","true","false","false","false","true","false","false","false","true","false","false","true","false","false","false","false","false","true"
"3JUDR1D0EN5W599CWXMWO8W62VXQ2K","38O8SQPJL62HJKMEV8VSLUJXAI2UVO","Ranking the Quality of AI Terminology Translation from English to Japanese","In this task, you will compare the quality of translations for scientific terms generated by two different methods. The input will include an English term, a context paragraph where the term is used, and its translations in Japanese.","Translation, AI Terminology, Multilingual, Ranking","$0.01","Fri Dec 06 03:40:45 PST 2024","5","BatchId:5277383;OriginalHitTemplateId:928390912;","3600","3600","Fri Dec 13 03:40:45 PST 2024","","","3X31TUMD7F0HBB9XCQJNRNJ1GP5L14","A2H09EMKJHK5XT","Approved","Fri Dec 06 03:41:43 PST 2024","Fri Dec 06 03:42:40 PST 2024","Fri Dec 06 04:42:40 PST 2024","Fri Dec 06 04:43:35 PST 2024","","","57","100% (5/5)","100% (5/5)","100% (5/5)","regularization path","正則化経路","正則化パス","regularization weight","正則化の重み","正則化重み","relational tuple","リレーショナルタプル","関係タプル","right-to-left model","右から左モデル","右から左へのモデル","roberta-large","RoBERTa-large","ロバータ・ラージ","false","true","true","false","false","true","false","false","false","true","false","false","false","true","false","false","false","false","false","false"
"3JUDR1D0EN5W599CWXMWO8W62VXQ2K","38O8SQPJL62HJKMEV8VSLUJXAI2UVO","Ranking the Quality of AI Terminology Translation from English to Japanese","In this task, you will compare the quality of translations for scientific terms generated by two different methods. The input will include an English term, a context paragraph where the term is used, and its translations in Japanese.","Translation, AI Terminology, Multilingual, Ranking","$0.01","Fri Dec 06 03:40:45 PST 2024","5","BatchId:5277383;OriginalHitTemplateId:928390912;","3600","3600","Fri Dec 13 03:40:45 PST 2024","","","39OWYR0EP25S1PA424NYAXPRQESFYR","A2FXDEKCCUT9OJ","Approved","Fri Dec 06 03:41:46 PST 2024","Fri Dec 06 04:04:40 PST 2024","Fri Dec 06 05:04:40 PST 2024","Fri Dec 06 05:05:35 PST 2024","","","1374","100% (36/36)","100% (36/36)","100% (36/36)","regularization path","正則化経路","正則化パス","regularization weight","正則化の重み","正則化重み","relational tuple","リレーショナルタプル","関係タプル","right-to-left model","右から左モデル","右から左へのモデル","roberta-large","RoBERTa-large","ロバータ・ラージ","true","true","false","false","false","false","false","false","true","true","false","false","true","false","false","false","false","false","false","false"
"3JUDR1D0EN5W599CWXMWO8W62VXQ2K","38O8SQPJL62HJKMEV8VSLUJXAI2UVO","Ranking the Quality of AI Terminology Translation from English to Japanese","In this task, you will compare the quality of translations for scientific terms generated by two different methods. The input will include an English term, a context paragraph where the term is used, and its translations in Japanese.","Translation, AI Terminology, Multilingual, Ranking","$0.01","Fri Dec 06 03:40:45 PST 2024","5","BatchId:5277383;OriginalHitTemplateId:928390912;","3600","3600","Fri Dec 13 03:40:45 PST 2024","","","3KV0LJBBHKZPAYQZAWZHXRG3KSORM7","A3Q32FL0WWF4KZ","Approved","Fri Dec 06 03:41:25 PST 2024","Fri Dec 06 04:20:41 PST 2024","Fri Dec 06 05:20:41 PST 2024","Fri Dec 06 05:21:35 PST 2024","","","2356","100% (40/40)","100% (40/40)","100% (40/40)","regularization path","正則化経路","正則化パス","regularization weight","正則化の重み","正則化重み","relational tuple","リレーショナルタプル","関係タプル","right-to-left model","右から左モデル","右から左へのモデル","roberta-large","RoBERTa-large","ロバータ・ラージ","false","true","true","true","true","false","false","false","false","false","true","false","false","false","false","false","false","false","false","false"
"3JUDR1D0EN5W599CWXMWO8W62VXQ2K","38O8SQPJL62HJKMEV8VSLUJXAI2UVO","Ranking the Quality of AI Terminology Translation from English to Japanese","In this task, you will compare the quality of translations for scientific terms generated by two different methods. The input will include an English term, a context paragraph where the term is used, and its translations in Japanese.","Translation, AI Terminology, Multilingual, Ranking","$0.01","Fri Dec 06 03:40:45 PST 2024","5","BatchId:5277383;OriginalHitTemplateId:928390912;","3600","3600","Fri Dec 13 03:40:45 PST 2024","","","3HVVDCPGTW62KUS5XOSNR14SHN0YTI","A11B7MUC7UTFKN","Approved","Fri Dec 06 03:42:19 PST 2024","Fri Dec 06 04:23:09 PST 2024","Fri Dec 06 05:23:09 PST 2024","Fri Dec 06 05:23:35 PST 2024","","","2450","100% (36/36)","100% (36/36)","100% (36/36)","regularization path","正則化経路","正則化パス","regularization weight","正則化の重み","正則化重み","relational tuple","リレーショナルタプル","関係タプル","right-to-left model","右から左モデル","右から左へのモデル","roberta-large","RoBERTa-large","ロバータ・ラージ","false","true","true","false","true","false","false","false","true","false","true","false","false","false","false","false","false","false","false","false"
"3JUDR1D0EN5W599CWXMWO8W62VXQ2K","38O8SQPJL62HJKMEV8VSLUJXAI2UVO","Ranking the Quality of AI Terminology Translation from English to Japanese","In this task, you will compare the quality of translations for scientific terms generated by two different methods. The input will include an English term, a context paragraph where the term is used, and its translations in Japanese.","Translation, AI Terminology, Multilingual, Ranking","$0.01","Fri Dec 06 03:40:45 PST 2024","5","BatchId:5277383;OriginalHitTemplateId:928390912;","3600","3600","Fri Dec 13 03:40:45 PST 2024","","","3NPI0JQDA6J8BG0461W4EABGDIWTPI","A2E2FFMXS9F9KR","Approved","Fri Dec 06 03:41:17 PST 2024","Fri Dec 06 04:30:28 PST 2024","Fri Dec 06 05:30:28 PST 2024","Fri Dec 06 05:30:35 PST 2024","","","2951","100% (51/51)","100% (51/51)","100% (51/51)","regularization path","正則化経路","正則化パス","regularization weight","正則化の重み","正則化重み","relational tuple","リレーショナルタプル","関係タプル","right-to-left model","右から左モデル","右から左へのモデル","roberta-large","RoBERTa-large","ロバータ・ラージ","true","true","true","false","true","false","false","false","true","false","false","false","false","false","false","false","false","false","false","false"
"3CIS7GGG7MXGSIS96Q120A2K2JTUEV","38O8SQPJL62HJKMEV8VSLUJXAI2UVO","Ranking the Quality of AI Terminology Translation from English to Japanese","In this task, you will compare the quality of translations for scientific terms generated by two different methods. The input will include an English term, a context paragraph where the term is used, and its translations in Japanese.","Translation, AI Terminology, Multilingual, Ranking","$0.01","Fri Dec 06 03:40:45 PST 2024","5","BatchId:5277383;OriginalHitTemplateId:928390912;","3600","3600","Fri Dec 13 03:40:45 PST 2024","","","3MRNMEIQWNKB36P9SJ3ISPKA5M9LDV","A11BQAB549UAEG","Approved","Fri Dec 06 03:43:13 PST 2024","Fri Dec 06 03:54:32 PST 2024","Fri Dec 06 04:54:32 PST 2024","Fri Dec 06 04:54:35 PST 2024","","","679","100% (14/14)","100% (14/14)","100% (14/14)","scaling factor","スケーリング係数","スケーリングファクター","self-attention layer","自己注意層","セルフアテンション層","self-attention model","自己注意モデル","セルフアテンションモデル","semantic information","意味情報","セマンティック情報","semantic role label","セマンティックロールラベル","意味役割ラベル","false","false","false","false","false","true","false","true","false","true","false","true","false","true","false","false","false","false","false","false"
"3CIS7GGG7MXGSIS96Q120A2K2JTUEV","38O8SQPJL62HJKMEV8VSLUJXAI2UVO","Ranking the Quality of AI Terminology Translation from English to Japanese","In this task, you will compare the quality of translations for scientific terms generated by two different methods. The input will include an English term, a context paragraph where the term is used, and its translations in Japanese.","Translation, AI Terminology, Multilingual, Ranking","$0.01","Fri Dec 06 03:40:45 PST 2024","5","BatchId:5277383;OriginalHitTemplateId:928390912;","3600","3600","Fri Dec 13 03:40:45 PST 2024","","","3T111IHZ5W4A3E75LNVCS5AJKTHR98","A3IG9HHR3NL9R0","Approved","Fri Dec 06 03:41:33 PST 2024","Fri Dec 06 04:00:24 PST 2024","Fri Dec 06 05:00:24 PST 2024","Fri Dec 06 05:00:35 PST 2024","","","1131","100% (50/50)","100% (50/50)","100% (50/50)","scaling factor","スケーリング係数","スケーリングファクター","self-attention layer","自己注意層","セルフアテンション層","self-attention model","自己注意モデル","セルフアテンションモデル","semantic information","意味情報","セマンティック情報","semantic role label","セマンティックロールラベル","意味役割ラベル","true","true","false","true","true","false","false","false","false","false","false","false","false","false","false","false","false","false","false","false"
"3CIS7GGG7MXGSIS96Q120A2K2JTUEV","38O8SQPJL62HJKMEV8VSLUJXAI2UVO","Ranking the Quality of AI Terminology Translation from English to Japanese","In this task, you will compare the quality of translations for scientific terms generated by two different methods. The input will include an English term, a context paragraph where the term is used, and its translations in Japanese.","Translation, AI Terminology, Multilingual, Ranking","$0.01","Fri Dec 06 03:40:45 PST 2024","5","BatchId:5277383;OriginalHitTemplateId:928390912;","3600","3600","Fri Dec 13 03:40:45 PST 2024","","","3C6FJU71T87HK77UXTIXWXQU017YU9","A38SYZRVLTMOFG","Approved","Fri Dec 06 03:42:19 PST 2024","Fri Dec 06 04:08:32 PST 2024","Fri Dec 06 05:08:32 PST 2024","Fri Dec 06 05:08:35 PST 2024","","","1573","100% (49/49)","100% (49/49)","100% (49/49)","scaling factor","スケーリング係数","スケーリングファクター","self-attention layer","自己注意層","セルフアテンション層","self-attention model","自己注意モデル","セルフアテンションモデル","semantic information","意味情報","セマンティック情報","semantic role label","セマンティックロールラベル","意味役割ラベル","false","true","true","true","true","true","false","false","false","false","false","false","false","false","false","false","false","false","false","false"
"3CIS7GGG7MXGSIS96Q120A2K2JTUEV","38O8SQPJL62HJKMEV8VSLUJXAI2UVO","Ranking the Quality of AI Terminology Translation from English to Japanese","In this task, you will compare the quality of translations for scientific terms generated by two different methods. The input will include an English term, a context paragraph where the term is used, and its translations in Japanese.","Translation, AI Terminology, Multilingual, Ranking","$0.01","Fri Dec 06 03:40:45 PST 2024","5","BatchId:5277383;OriginalHitTemplateId:928390912;","3600","3600","Fri Dec 13 03:40:45 PST 2024","","","33FOTY3KE4ZO87FRZDQOO4TEMGS1C5","A3OAFR48DADAOM","Approved","Fri Dec 06 03:42:17 PST 2024","Fri Dec 06 04:25:07 PST 2024","Fri Dec 06 05:25:07 PST 2024","Fri Dec 06 05:25:35 PST 2024","","","2570","100% (41/41)","100% (41/41)","100% (41/41)","scaling factor","スケーリング係数","スケーリングファクター","self-attention layer","自己注意層","セルフアテンション層","self-attention model","自己注意モデル","セルフアテンションモデル","semantic information","意味情報","セマンティック情報","semantic role label","セマンティックロールラベル","意味役割ラベル","true","false","true","true","true","false","false","false","false","false","false","false","false","false","false","false","false","false","false","false"
"3CIS7GGG7MXGSIS96Q120A2K2JTUEV","38O8SQPJL62HJKMEV8VSLUJXAI2UVO","Ranking the Quality of AI Terminology Translation from English to Japanese","In this task, you will compare the quality of translations for scientific terms generated by two different methods. The input will include an English term, a context paragraph where the term is used, and its translations in Japanese.","Translation, AI Terminology, Multilingual, Ranking","$0.01","Fri Dec 06 03:40:45 PST 2024","5","BatchId:5277383;OriginalHitTemplateId:928390912;","3600","3600","Fri Dec 13 03:40:45 PST 2024","","","3N1FSUEFLNEF5YIOMR4168IZJ1J4DS","A3I1OLOTCWCIET","Approved","Fri Dec 06 05:42:24 PST 2024","Fri Dec 06 05:47:12 PST 2024","Fri Dec 06 06:47:12 PST 2024","Fri Dec 06 06:47:35 PST 2024","","","288","100% (10/10)","100% (10/10)","100% (10/10)","scaling factor","スケーリング係数","スケーリングファクター","self-attention layer","自己注意層","セルフアテンション層","self-attention model","自己注意モデル","セルフアテンションモデル","semantic information","意味情報","セマンティック情報","semantic role label","セマンティックロールラベル","意味役割ラベル","false","true","false","false","false","true","false","true","true","false","false","false","false","false","true","false","false","false","false","false"
"3DWNFENNFK9PM0KM5LLBKMHI8E24J4","38O8SQPJL62HJKMEV8VSLUJXAI2UVO","Ranking the Quality of AI Terminology Translation from English to Japanese","In this task, you will compare the quality of translations for scientific terms generated by two different methods. The input will include an English term, a context paragraph where the term is used, and its translations in Japanese.","Translation, AI Terminology, Multilingual, Ranking","$0.01","Fri Dec 06 03:40:45 PST 2024","5","BatchId:5277383;OriginalHitTemplateId:928390912;","3600","3600","Fri Dec 13 03:40:45 PST 2024","","","3GS6S824S8B00CSLLRONX5DKHXDWNF","A3IG9HHR3NL9R0","Approved","Fri Dec 06 03:41:22 PST 2024","Fri Dec 06 03:58:41 PST 2024","Fri Dec 06 04:58:41 PST 2024","Fri Dec 06 04:59:35 PST 2024","","","1039","100% (50/50)","100% (50/50)","100% (50/50)","semantic unit","セマンティック単位","意味単位","semantic vector","セマンティックベクター","意味ベクトル","state of the art algorithm","最先端のアルゴリズム","最先端アルゴリズム","stochastic game","確率的ゲーム","確率ゲーム","submatrix","部分行列","サブマトリックス","true","true","true","true","true","false","false","false","false","false","false","false","false","false","false","false","false","false","false","false"
"3DWNFENNFK9PM0KM5LLBKMHI8E24J4","38O8SQPJL62HJKMEV8VSLUJXAI2UVO","Ranking the Quality of AI Terminology Translation from English to Japanese","In this task, you will compare the quality of translations for scientific terms generated by two different methods. The input will include an English term, a context paragraph where the term is used, and its translations in Japanese.","Translation, AI Terminology, Multilingual, Ranking","$0.01","Fri Dec 06 03:40:45 PST 2024","5","BatchId:5277383;OriginalHitTemplateId:928390912;","3600","3600","Fri Dec 13 03:40:45 PST 2024","","","32VNZTT0API9681T4SZLBXZ3Y13R4C","A2WPXOAESFQ5TS","Approved","Fri Dec 06 03:41:16 PST 2024","Fri Dec 06 04:01:35 PST 2024","Fri Dec 06 05:01:35 PST 2024","Fri Dec 06 05:02:35 PST 2024","","","1219","100% (4/4)","100% (4/4)","100% (4/4)","semantic unit","セマンティック単位","意味単位","semantic vector","セマンティックベクター","意味ベクトル","state of the art algorithm","最先端のアルゴリズム","最先端アルゴリズム","stochastic game","確率的ゲーム","確率ゲーム","submatrix","部分行列","サブマトリックス","true","true","false","false","false","false","false","true","true","true","false","false","false","false","false","false","false","false","false","false"
"3DWNFENNFK9PM0KM5LLBKMHI8E24J4","38O8SQPJL62HJKMEV8VSLUJXAI2UVO","Ranking the Quality of AI Terminology Translation from English to Japanese","In this task, you will compare the quality of translations for scientific terms generated by two different methods. The input will include an English term, a context paragraph where the term is used, and its translations in Japanese.","Translation, AI Terminology, Multilingual, Ranking","$0.01","Fri Dec 06 03:40:45 PST 2024","5","BatchId:5277383;OriginalHitTemplateId:928390912;","3600","3600","Fri Dec 13 03:40:45 PST 2024","","","3B3WTRP3DTGTZUQK6XGBRX2B82829D","ASE8ADTSWOHDB","Approved","Fri Dec 06 04:41:45 PST 2024","Fri Dec 06 04:46:22 PST 2024","Fri Dec 06 05:46:22 PST 2024","Fri Dec 06 05:46:35 PST 2024","","","277","100% (5/5)","100% (4/4)","100% (4/4)","semantic unit","セマンティック単位","意味単位","semantic vector","セマンティックベクター","意味ベクトル","state of the art algorithm","最先端のアルゴリズム","最先端アルゴリズム","stochastic game","確率的ゲーム","確率ゲーム","submatrix","部分行列","サブマトリックス","false","false","false","false","true","true","false","true","true","false","false","true","false","false","false","false","false","false","false","false"
"3DWNFENNFK9PM0KM5LLBKMHI8E24J4","38O8SQPJL62HJKMEV8VSLUJXAI2UVO","Ranking the Quality of AI Terminology Translation from English to Japanese","In this task, you will compare the quality of translations for scientific terms generated by two different methods. The input will include an English term, a context paragraph where the term is used, and its translations in Japanese.","Translation, AI Terminology, Multilingual, Ranking","$0.01","Fri Dec 06 03:40:45 PST 2024","5","BatchId:5277383;OriginalHitTemplateId:928390912;","3600","3600","Fri Dec 13 03:40:45 PST 2024","","","3H8DHMCCWRP0J07R7JRHDP7VGN9KDY","A2FXDEKCCUT9OJ","Approved","Fri Dec 06 04:42:01 PST 2024","Fri Dec 06 04:59:13 PST 2024","Fri Dec 06 05:59:13 PST 2024","Fri Dec 06 05:59:35 PST 2024","","","1032","100% (36/36)","100% (36/36)","100% (36/36)","semantic unit","セマンティック単位","意味単位","semantic vector","セマンティックベクター","意味ベクトル","state of the art algorithm","最先端のアルゴリズム","最先端アルゴリズム","stochastic game","確率的ゲーム","確率ゲーム","submatrix","部分行列","サブマトリックス","true","true","true","true","true","false","false","false","false","false","false","false","false","false","false","false","false","false","false","false"
"3DWNFENNFK9PM0KM5LLBKMHI8E24J4","38O8SQPJL62HJKMEV8VSLUJXAI2UVO","Ranking the Quality of AI Terminology Translation from English to Japanese","In this task, you will compare the quality of translations for scientific terms generated by two different methods. The input will include an English term, a context paragraph where the term is used, and its translations in Japanese.","Translation, AI Terminology, Multilingual, Ranking","$0.01","Fri Dec 06 03:40:45 PST 2024","5","BatchId:5277383;OriginalHitTemplateId:928390912;","3600","3600","Fri Dec 13 03:40:45 PST 2024","","","3CN4LGXD5F2I39DFINRFJTS01PP4Y0","A13QHI6P2C910K","Approved","Fri Dec 06 04:41:59 PST 2024","Fri Dec 06 05:35:20 PST 2024","Fri Dec 06 06:35:20 PST 2024","Fri Dec 06 06:35:35 PST 2024","","","3201","100% (39/39)","100% (39/39)","100% (39/39)","semantic unit","セマンティック単位","意味単位","semantic vector","セマンティックベクター","意味ベクトル","state of the art algorithm","最先端のアルゴリズム","最先端アルゴリズム","stochastic game","確率的ゲーム","確率ゲーム","submatrix","部分行列","サブマトリックス","true","true","true","false","true","false","false","false","true","false","false","false","false","false","false","false","false","false","false","false"
"33J5JKFMLNCLQR5V0X017I1Y89XQ3V","38O8SQPJL62HJKMEV8VSLUJXAI2UVO","Ranking the Quality of AI Terminology Translation from English to Japanese","In this task, you will compare the quality of translations for scientific terms generated by two different methods. The input will include an English term, a context paragraph where the term is used, and its translations in Japanese.","Translation, AI Terminology, Multilingual, Ranking","$0.01","Fri Dec 06 03:40:45 PST 2024","5","BatchId:5277383;OriginalHitTemplateId:928390912;","3600","3600","Fri Dec 13 03:40:45 PST 2024","","","37XITHEISENC1CE8X753UVBRQELCRB","A2D6SB3TU1NYQ7","Approved","Fri Dec 06 03:41:43 PST 2024","Fri Dec 06 04:23:33 PST 2024","Fri Dec 06 05:23:33 PST 2024","Fri Dec 06 05:23:35 PST 2024","","","2510","100% (45/45)","100% (45/45)","100% (45/45)","submodular","サブモジュラ","サブモジュラー","submodular function optimization","サブモジュラ関数最適化","サブモジュラー関数最適化","supervised multi-task learning","教師あり多タスク学習","教師ありマルチタスク学習","support","支持度","サポート","text-to-image model","テキストから画像へのモデル","テキストから画像モデル","false","true","true","false","true","false","false","false","false","false","true","false","false","true","false","false","false","false","false","false"
"33J5JKFMLNCLQR5V0X017I1Y89XQ3V","38O8SQPJL62HJKMEV8VSLUJXAI2UVO","Ranking the Quality of AI Terminology Translation from English to Japanese","In this task, you will compare the quality of translations for scientific terms generated by two different methods. The input will include an English term, a context paragraph where the term is used, and its translations in Japanese.","Translation, AI Terminology, Multilingual, Ranking","$0.01","Fri Dec 06 03:40:45 PST 2024","5","BatchId:5277383;OriginalHitTemplateId:928390912;","3600","3600","Fri Dec 13 03:40:45 PST 2024","","","39ASUFLU6FLBV6KY2XHQ91XIC7JEX2","A186ORPGIU3WNL","Approved","Fri Dec 06 03:41:36 PST 2024","Fri Dec 06 04:38:25 PST 2024","Fri Dec 06 05:38:25 PST 2024","Fri Dec 06 05:38:35 PST 2024","","","3409","100% (53/53)","100% (52/52)","100% (52/52)","submodular","サブモジュラ","サブモジュラー","submodular function optimization","サブモジュラ関数最適化","サブモジュラー関数最適化","supervised multi-task learning","教師あり多タスク学習","教師ありマルチタスク学習","support","支持度","サポート","text-to-image model","テキストから画像へのモデル","テキストから画像モデル","false","true","true","false","false","false","false","false","false","true","true","false","false","true","false","false","false","false","false","false"
"33J5JKFMLNCLQR5V0X017I1Y89XQ3V","38O8SQPJL62HJKMEV8VSLUJXAI2UVO","Ranking the Quality of AI Terminology Translation from English to Japanese","In this task, you will compare the quality of translations for scientific terms generated by two different methods. The input will include an English term, a context paragraph where the term is used, and its translations in Japanese.","Translation, AI Terminology, Multilingual, Ranking","$0.01","Fri Dec 06 03:40:45 PST 2024","5","BatchId:5277383;OriginalHitTemplateId:928390912;","3600","3600","Fri Dec 13 03:40:45 PST 2024","","","3180JW2OTMQA43MGAS9MEYJQOHBJ5Q","A1L8EGJ85A7DZR","Approved","Fri Dec 06 04:42:42 PST 2024","Fri Dec 06 05:09:33 PST 2024","Fri Dec 06 06:09:33 PST 2024","Fri Dec 06 06:09:35 PST 2024","","","1611","100% (27/27)","100% (27/27)","100% (27/27)","submodular","サブモジュラ","サブモジュラー","submodular function optimization","サブモジュラ関数最適化","サブモジュラー関数最適化","supervised multi-task learning","教師あり多タスク学習","教師ありマルチタスク学習","support","支持度","サポート","text-to-image model","テキストから画像へのモデル","テキストから画像モデル","false","true","true","false","false","false","false","false","false","true","true","false","false","true","false","false","false","false","false","false"
"33J5JKFMLNCLQR5V0X017I1Y89XQ3V","38O8SQPJL62HJKMEV8VSLUJXAI2UVO","Ranking the Quality of AI Terminology Translation from English to Japanese","In this task, you will compare the quality of translations for scientific terms generated by two different methods. The input will include an English term, a context paragraph where the term is used, and its translations in Japanese.","Translation, AI Terminology, Multilingual, Ranking","$0.01","Fri Dec 06 03:40:45 PST 2024","5","BatchId:5277383;OriginalHitTemplateId:928390912;","3600","3600","Fri Dec 13 03:40:45 PST 2024","","","3SKEMFQBZLJO25B0QBG1RXTU5WCK8S","A2ML30H0T2HO1J","Approved","Fri Dec 06 04:41:58 PST 2024","Fri Dec 06 05:16:51 PST 2024","Fri Dec 06 06:16:51 PST 2024","Fri Dec 06 06:17:35 PST 2024","","","2093","100% (20/20)","100% (20/20)","100% (20/20)","submodular","サブモジュラ","サブモジュラー","submodular function optimization","サブモジュラ関数最適化","サブモジュラー関数最適化","supervised multi-task learning","教師あり多タスク学習","教師ありマルチタスク学習","support","支持度","サポート","text-to-image model","テキストから画像へのモデル","テキストから画像モデル","false","false","false","true","false","false","false","true","false","false","false","true","false","false","true","true","false","false","false","false"
"33J5JKFMLNCLQR5V0X017I1Y89XQ3V","38O8SQPJL62HJKMEV8VSLUJXAI2UVO","Ranking the Quality of AI Terminology Translation from English to Japanese","In this task, you will compare the quality of translations for scientific terms generated by two different methods. The input will include an English term, a context paragraph where the term is used, and its translations in Japanese.","Translation, AI Terminology, Multilingual, Ranking","$0.01","Fri Dec 06 03:40:45 PST 2024","5","BatchId:5277383;OriginalHitTemplateId:928390912;","3600","3600","Fri Dec 13 03:40:45 PST 2024","","","3HFNH7HEMZSP6NFDMECMFWM1SKAQGX","A38SYZRVLTMOFG","Approved","Fri Dec 06 04:41:44 PST 2024","Fri Dec 06 05:18:09 PST 2024","Fri Dec 06 06:18:09 PST 2024","Fri Dec 06 06:18:35 PST 2024","","","2185","100% (49/49)","100% (49/49)","100% (49/49)","submodular","サブモジュラ","サブモジュラー","submodular function optimization","サブモジュラ関数最適化","サブモジュラー関数最適化","supervised multi-task learning","教師あり多タスク学習","教師ありマルチタスク学習","support","支持度","サポート","text-to-image model","テキストから画像へのモデル","テキストから画像モデル","false","true","false","false","false","false","false","false","false","true","true","false","true","true","false","false","false","false","false","false"
"3SBX2M1TLU168NOZ0B5KHNT4M9TQ4G","38O8SQPJL62HJKMEV8VSLUJXAI2UVO","Ranking the Quality of AI Terminology Translation from English to Japanese","In this task, you will compare the quality of translations for scientific terms generated by two different methods. The input will include an English term, a context paragraph where the term is used, and its translations in Japanese.","Translation, AI Terminology, Multilingual, Ranking","$0.01","Fri Dec 06 03:40:45 PST 2024","5","BatchId:5277383;OriginalHitTemplateId:928390912;","3600","3600","Fri Dec 13 03:40:45 PST 2024","","","3DBQWDE4YOC6NTD1PQ1E7507X0BN5R","A9M8N3BOH6013","Approved","Fri Dec 06 03:42:51 PST 2024","Fri Dec 06 03:52:23 PST 2024","Fri Dec 06 04:52:23 PST 2024","Fri Dec 06 04:52:35 PST 2024","","","572","100% (44/44)","100% (44/44)","100% (44/44)","top-1 accuracy","トップ-1精度","トップ1精度","topic proportion","トピック割合","トピック比率","tracking algorithm","追跡アルゴリズム","トラッキングアルゴリズム","training stability","学習安定性","トレーニングの安定性","tree width","木幅","ツリー幅","true","true","true","true","true","false","false","false","false","false","false","false","false","false","false","false","false","false","false","false"
"3SBX2M1TLU168NOZ0B5KHNT4M9TQ4G","38O8SQPJL62HJKMEV8VSLUJXAI2UVO","Ranking the Quality of AI Terminology Translation from English to Japanese","In this task, you will compare the quality of translations for scientific terms generated by two different methods. The input will include an English term, a context paragraph where the term is used, and its translations in Japanese.","Translation, AI Terminology, Multilingual, Ranking","$0.01","Fri Dec 06 03:40:45 PST 2024","5","BatchId:5277383;OriginalHitTemplateId:928390912;","3600","3600","Fri Dec 13 03:40:45 PST 2024","","","378XPAWRUURBFYERN6F3A8KC3FHIAB","A1U6UPXOFCXR24","Approved","Fri Dec 06 03:41:47 PST 2024","Fri Dec 06 04:29:14 PST 2024","Fri Dec 06 05:29:14 PST 2024","Fri Dec 06 05:29:35 PST 2024","","","2847","100% (17/17)","100% (17/17)","100% (17/17)","top-1 accuracy","トップ-1精度","トップ1精度","topic proportion","トピック割合","トピック比率","tracking algorithm","追跡アルゴリズム","トラッキングアルゴリズム","training stability","学習安定性","トレーニングの安定性","tree width","木幅","ツリー幅","true","true","true","false","false","false","false","false","true","false","false","false","false","false","true","false","false","false","false","false"
"3SBX2M1TLU168NOZ0B5KHNT4M9TQ4G","38O8SQPJL62HJKMEV8VSLUJXAI2UVO","Ranking the Quality of AI Terminology Translation from English to Japanese","In this task, you will compare the quality of translations for scientific terms generated by two different methods. The input will include an English term, a context paragraph where the term is used, and its translations in Japanese.","Translation, AI Terminology, Multilingual, Ranking","$0.01","Fri Dec 06 03:40:45 PST 2024","5","BatchId:5277383;OriginalHitTemplateId:928390912;","3600","3600","Fri Dec 13 03:40:45 PST 2024","","","3CTOC39K3P4PR70ZYLOJCIXMFN6J75","A13QHI6P2C910K","Approved","Fri Dec 06 04:42:43 PST 2024","Fri Dec 06 05:37:52 PST 2024","Fri Dec 06 06:37:52 PST 2024","Fri Dec 06 06:38:35 PST 2024","","","3309","100% (39/39)","100% (39/39)","100% (39/39)","top-1 accuracy","トップ-1精度","トップ1精度","topic proportion","トピック割合","トピック比率","tracking algorithm","追跡アルゴリズム","トラッキングアルゴリズム","training stability","学習安定性","トレーニングの安定性","tree width","木幅","ツリー幅","true","true","true","true","true","false","false","false","false","false","false","false","false","false","false","false","false","false","false","false"
"3SBX2M1TLU168NOZ0B5KHNT4M9TQ4G","38O8SQPJL62HJKMEV8VSLUJXAI2UVO","Ranking the Quality of AI Terminology Translation from English to Japanese","In this task, you will compare the quality of translations for scientific terms generated by two different methods. The input will include an English term, a context paragraph where the term is used, and its translations in Japanese.","Translation, AI Terminology, Multilingual, Ranking","$0.01","Fri Dec 06 03:40:45 PST 2024","5","BatchId:5277383;OriginalHitTemplateId:928390912;","3600","3600","Fri Dec 13 03:40:45 PST 2024","","","32SCWG5HIZI29IPSAOOB30J2TBTP6D","A2F06TCLNQ33LI","Approved","Fri Dec 06 05:43:59 PST 2024","Fri Dec 06 05:44:30 PST 2024","Fri Dec 06 06:44:30 PST 2024","Fri Dec 06 06:44:35 PST 2024","","","31","100% (1/1)","100% (1/1)","100% (1/1)","top-1 accuracy","トップ-1精度","トップ1精度","topic proportion","トピック割合","トピック比率","tracking algorithm","追跡アルゴリズム","トラッキングアルゴリズム","training stability","学習安定性","トレーニングの安定性","tree width","木幅","ツリー幅","false","false","false","false","false","true","true","true","false","false","false","false","false","false","false","false","false","false","true","true"
"3SBX2M1TLU168NOZ0B5KHNT4M9TQ4G","38O8SQPJL62HJKMEV8VSLUJXAI2UVO","Ranking the Quality of AI Terminology Translation from English to Japanese","In this task, you will compare the quality of translations for scientific terms generated by two different methods. The input will include an English term, a context paragraph where the term is used, and its translations in Japanese.","Translation, AI Terminology, Multilingual, Ranking","$0.01","Fri Dec 06 03:40:45 PST 2024","5","BatchId:5277383;OriginalHitTemplateId:928390912;","3600","3600","Fri Dec 13 03:40:45 PST 2024","","","33C7UALJV3CMW4PEI1AJMIXVWP6815","A35H5DUMZH86PC","Approved","Fri Dec 06 05:42:55 PST 2024","Fri Dec 06 05:49:44 PST 2024","Fri Dec 06 06:49:44 PST 2024","Fri Dec 06 06:50:35 PST 2024","","","409","100% (40/40)","100% (40/40)","100% (40/40)","top-1 accuracy","トップ-1精度","トップ1精度","topic proportion","トピック割合","トピック比率","tracking algorithm","追跡アルゴリズム","トラッキングアルゴリズム","training stability","学習安定性","トレーニングの安定性","tree width","木幅","ツリー幅","true","true","true","true","false","false","false","false","false","true","false","false","false","false","false","false","false","false","false","false"
"3BC9H1KCZBQRQRY51RSXP1FX5B9YWD","38O8SQPJL62HJKMEV8VSLUJXAI2UVO","Ranking the Quality of AI Terminology Translation from English to Japanese","In this task, you will compare the quality of translations for scientific terms generated by two different methods. The input will include an English term, a context paragraph where the term is used, and its translations in Japanese.","Translation, AI Terminology, Multilingual, Ranking","$0.01","Fri Dec 06 03:40:45 PST 2024","5","BatchId:5277383;OriginalHitTemplateId:928390912;","3600","3600","Fri Dec 13 03:40:45 PST 2024","","","3EF8EXOTTJ9BGLLX957AB869C0ZJ1Z","A39PWDRYNY2WM0","Approved","Fri Dec 06 03:41:12 PST 2024","Fri Dec 06 04:11:42 PST 2024","Fri Dec 06 05:11:42 PST 2024","Fri Dec 06 05:12:35 PST 2024","","","1830","100% (55/55)","100% (55/55)","100% (55/55)","trifocal tensor","三重焦点テンソル","三焦点テンソル","truth assignment","真理値割り当て","真理割り当て","union of conjunctive query","連言クエリの和","結合クエリの和","unit sphere","単位球面","単位球","vanilla Transformer","バニラ・トランスフォーマー","バニラトランスフォーマー","true","false","true","true","true","false","true","false","false","false","false","false","false","false","false","false","false","false","false","false"
"3BC9H1KCZBQRQRY51RSXP1FX5B9YWD","38O8SQPJL62HJKMEV8VSLUJXAI2UVO","Ranking the Quality of AI Terminology Translation from English to Japanese","In this task, you will compare the quality of translations for scientific terms generated by two different methods. The input will include an English term, a context paragraph where the term is used, and its translations in Japanese.","Translation, AI Terminology, Multilingual, Ranking","$0.01","Fri Dec 06 03:40:45 PST 2024","5","BatchId:5277383;OriginalHitTemplateId:928390912;","3600","3600","Fri Dec 13 03:40:45 PST 2024","","","3DZQRBDBS3T0PRI2J3U7R2CT63R3SS","A3IG9HHR3NL9R0","Approved","Fri Dec 06 04:42:03 PST 2024","Fri Dec 06 04:57:25 PST 2024","Fri Dec 06 05:57:25 PST 2024","Fri Dec 06 05:57:35 PST 2024","","","922","100% (50/50)","100% (50/50)","100% (50/50)","trifocal tensor","三重焦点テンソル","三焦点テンソル","truth assignment","真理値割り当て","真理割り当て","union of conjunctive query","連言クエリの和","結合クエリの和","unit sphere","単位球面","単位球","vanilla Transformer","バニラ・トランスフォーマー","バニラトランスフォーマー","true","false","true","true","true","false","true","false","false","false","false","false","false","false","false","false","false","false","false","false"
"3BC9H1KCZBQRQRY51RSXP1FX5B9YWD","38O8SQPJL62HJKMEV8VSLUJXAI2UVO","Ranking the Quality of AI Terminology Translation from English to Japanese","In this task, you will compare the quality of translations for scientific terms generated by two different methods. The input will include an English term, a context paragraph where the term is used, and its translations in Japanese.","Translation, AI Terminology, Multilingual, Ranking","$0.01","Fri Dec 06 03:40:45 PST 2024","5","BatchId:5277383;OriginalHitTemplateId:928390912;","3600","3600","Fri Dec 13 03:40:45 PST 2024","","","3BC8WZX3VLAG7E3RF4VYJQADQGURR4","A3Q32FL0WWF4KZ","Approved","Fri Dec 06 04:42:04 PST 2024","Fri Dec 06 05:16:48 PST 2024","Fri Dec 06 06:16:48 PST 2024","Fri Dec 06 06:17:35 PST 2024","","","2084","100% (40/40)","100% (40/40)","100% (40/40)","trifocal tensor","三重焦点テンソル","三焦点テンソル","truth assignment","真理値割り当て","真理割り当て","union of conjunctive query","連言クエリの和","結合クエリの和","unit sphere","単位球面","単位球","vanilla Transformer","バニラ・トランスフォーマー","バニラトランスフォーマー","false","true","true","true","true","true","false","false","false","false","false","false","false","false","false","false","false","false","false","false"
"3BC9H1KCZBQRQRY51RSXP1FX5B9YWD","38O8SQPJL62HJKMEV8VSLUJXAI2UVO","Ranking the Quality of AI Terminology Translation from English to Japanese","In this task, you will compare the quality of translations for scientific terms generated by two different methods. The input will include an English term, a context paragraph where the term is used, and its translations in Japanese.","Translation, AI Terminology, Multilingual, Ranking","$0.01","Fri Dec 06 03:40:45 PST 2024","5","BatchId:5277383;OriginalHitTemplateId:928390912;","3600","3600","Fri Dec 13 03:40:45 PST 2024","","","3Y4W8Q93LHYEZB136N5OFYICWMPDVO","ASML73P0NOOVV","Approved","Fri Dec 06 05:42:34 PST 2024","Fri Dec 06 05:48:02 PST 2024","Fri Dec 06 06:48:02 PST 2024","Fri Dec 06 06:48:35 PST 2024","","","328","100% (24/24)","100% (24/24)","100% (24/24)","trifocal tensor","三重焦点テンソル","三焦点テンソル","truth assignment","真理値割り当て","真理割り当て","union of conjunctive query","連言クエリの和","結合クエリの和","unit sphere","単位球面","単位球","vanilla Transformer","バニラ・トランスフォーマー","バニラトランスフォーマー","true","false","false","true","true","false","true","true","false","false","false","false","false","false","false","false","false","false","false","false"
"3BC9H1KCZBQRQRY51RSXP1FX5B9YWD","38O8SQPJL62HJKMEV8VSLUJXAI2UVO","Ranking the Quality of AI Terminology Translation from English to Japanese","In this task, you will compare the quality of translations for scientific terms generated by two different methods. The input will include an English term, a context paragraph where the term is used, and its translations in Japanese.","Translation, AI Terminology, Multilingual, Ranking","$0.01","Fri Dec 06 03:40:45 PST 2024","5","BatchId:5277383;OriginalHitTemplateId:928390912;","3600","3600","Fri Dec 13 03:40:45 PST 2024","","","3OLQQLKKNA3A0MF9LT2PISP31AAJER","AC4I7XU10MQXK","Approved","Fri Dec 06 05:42:13 PST 2024","Fri Dec 06 05:51:58 PST 2024","Fri Dec 06 06:51:58 PST 2024","Fri Dec 06 06:52:35 PST 2024","","","585","100% (58/58)","100% (58/58)","100% (58/58)","trifocal tensor","三重焦点テンソル","三焦点テンソル","truth assignment","真理値割り当て","真理割り当て","union of conjunctive query","連言クエリの和","結合クエリの和","unit sphere","単位球面","単位球","vanilla Transformer","バニラ・トランスフォーマー","バニラトランスフォーマー","false","true","true","true","true","true","false","false","false","false","false","false","false","false","false","false","false","false","false","false"
"3UEBBGULQW28YWS511L8ISNKEK8UFD","38O8SQPJL62HJKMEV8VSLUJXAI2UVO","Ranking the Quality of AI Terminology Translation from English to Japanese","In this task, you will compare the quality of translations for scientific terms generated by two different methods. The input will include an English term, a context paragraph where the term is used, and its translations in Japanese.","Translation, AI Terminology, Multilingual, Ranking","$0.01","Fri Dec 06 03:40:45 PST 2024","5","BatchId:5277383;OriginalHitTemplateId:928390912;","3600","3600","Fri Dec 13 03:40:45 PST 2024","","","3B2X28YI3ET05OOIRJ6A8GEDC676B0","AG9MLSV2QCVD4","Approved","Fri Dec 06 03:41:23 PST 2024","Fri Dec 06 04:24:18 PST 2024","Fri Dec 06 05:24:18 PST 2024","Fri Dec 06 05:24:35 PST 2024","","","2575","100% (24/24)","100% (24/24)","100% (24/24)","vanishing gradient","勾配消失","消失勾配","vanishing gradient problem","勾配消失問題","消失勾配問題","weak learning","弱学習","弱い学習","weighted sum","重み付き和","加重和","Extended Kalman Filter","拡張カルマンフィルタ","拡張カルマンフィルター","true","true","false","true","true","false","false","true","false","false","false","false","false","false","false","false","false","false","false","false"
"3UEBBGULQW28YWS511L8ISNKEK8UFD","38O8SQPJL62HJKMEV8VSLUJXAI2UVO","Ranking the Quality of AI Terminology Translation from English to Japanese","In this task, you will compare the quality of translations for scientific terms generated by two different methods. The input will include an English term, a context paragraph where the term is used, and its translations in Japanese.","Translation, AI Terminology, Multilingual, Ranking","$0.01","Fri Dec 06 03:40:45 PST 2024","5","BatchId:5277383;OriginalHitTemplateId:928390912;","3600","3600","Fri Dec 13 03:40:45 PST 2024","","","3VJ40NV2Q01QQGO3R1JPPA6Q3D0OTW","A35H5DUMZH86PC","Approved","Fri Dec 06 03:41:23 PST 2024","Fri Dec 06 04:30:39 PST 2024","Fri Dec 06 05:30:39 PST 2024","Fri Dec 06 05:31:35 PST 2024","","","2956","100% (40/40)","100% (40/40)","100% (40/40)","vanishing gradient","勾配消失","消失勾配","vanishing gradient problem","勾配消失問題","消失勾配問題","weak learning","弱学習","弱い学習","weighted sum","重み付き和","加重和","Extended Kalman Filter","拡張カルマンフィルタ","拡張カルマンフィルター","true","true","false","true","true","false","false","true","false","false","false","false","false","false","false","false","false","false","false","false"
"3UEBBGULQW28YWS511L8ISNKEK8UFD","38O8SQPJL62HJKMEV8VSLUJXAI2UVO","Ranking the Quality of AI Terminology Translation from English to Japanese","In this task, you will compare the quality of translations for scientific terms generated by two different methods. The input will include an English term, a context paragraph where the term is used, and its translations in Japanese.","Translation, AI Terminology, Multilingual, Ranking","$0.01","Fri Dec 06 03:40:45 PST 2024","5","BatchId:5277383;OriginalHitTemplateId:928390912;","3600","3600","Fri Dec 13 03:40:45 PST 2024","","","3Y5140Z9DFUI22KTCPX0039721GIPQ","A3Q32FL0WWF4KZ","Approved","Fri Dec 06 04:41:23 PST 2024","Fri Dec 06 05:15:39 PST 2024","Fri Dec 06 06:15:39 PST 2024","Fri Dec 06 06:16:35 PST 2024","","","2056","100% (40/40)","100% (40/40)","100% (40/40)","vanishing gradient","勾配消失","消失勾配","vanishing gradient problem","勾配消失問題","消失勾配問題","weak learning","弱学習","弱い学習","weighted sum","重み付き和","加重和","Extended Kalman Filter","拡張カルマンフィルタ","拡張カルマンフィルター","true","true","true","true","true","false","false","false","false","false","false","false","false","false","false","false","false","false","false","false"
"3UEBBGULQW28YWS511L8ISNKEK8UFD","38O8SQPJL62HJKMEV8VSLUJXAI2UVO","Ranking the Quality of AI Terminology Translation from English to Japanese","In this task, you will compare the quality of translations for scientific terms generated by two different methods. The input will include an English term, a context paragraph where the term is used, and its translations in Japanese.","Translation, AI Terminology, Multilingual, Ranking","$0.01","Fri Dec 06 03:40:45 PST 2024","5","BatchId:5277383;OriginalHitTemplateId:928390912;","3600","3600","Fri Dec 13 03:40:45 PST 2024","","","3ZPBJO59K7F9HA6J1YOK0XR3O65DHN","AC4I7XU10MQXK","Approved","Fri Dec 06 04:42:00 PST 2024","Fri Dec 06 05:25:24 PST 2024","Fri Dec 06 06:25:24 PST 2024","Fri Dec 06 06:25:35 PST 2024","","","2604","100% (58/58)","100% (58/58)","100% (58/58)","vanishing gradient","勾配消失","消失勾配","vanishing gradient problem","勾配消失問題","消失勾配問題","weak learning","弱学習","弱い学習","weighted sum","重み付き和","加重和","Extended Kalman Filter","拡張カルマンフィルタ","拡張カルマンフィルター","true","false","false","true","true","false","true","true","false","false","false","false","false","false","false","false","false","false","false","false"
"3UEBBGULQW28YWS511L8ISNKEK8UFD","38O8SQPJL62HJKMEV8VSLUJXAI2UVO","Ranking the Quality of AI Terminology Translation from English to Japanese","In this task, you will compare the quality of translations for scientific terms generated by two different methods. The input will include an English term, a context paragraph where the term is used, and its translations in Japanese.","Translation, AI Terminology, Multilingual, Ranking","$0.01","Fri Dec 06 03:40:45 PST 2024","5","BatchId:5277383;OriginalHitTemplateId:928390912;","3600","3600","Fri Dec 13 03:40:45 PST 2024","","","3QRYMNZ7FGV88VORQMJCAL6LD3VNTG","AWGV35294HOYB","Approved","Fri Dec 06 05:06:51 PST 2024","Fri Dec 06 05:44:40 PST 2024","Fri Dec 06 06:44:40 PST 2024","Fri Dec 06 06:45:35 PST 2024","","","2269","100% (43/43)","100% (43/43)","100% (43/43)","vanishing gradient","勾配消失","消失勾配","vanishing gradient problem","勾配消失問題","消失勾配問題","weak learning","弱学習","弱い学習","weighted sum","重み付き和","加重和","Extended Kalman Filter","拡張カルマンフィルタ","拡張カルマンフィルター","true","true","true","true","true","false","false","false","false","false","false","false","false","false","false","false","false","false","false","false"
"3U18MJKL2B0O0UOMDYJLWRAN9BNNC3","38O8SQPJL62HJKMEV8VSLUJXAI2UVO","Ranking the Quality of AI Terminology Translation from English to Japanese","In this task, you will compare the quality of translations for scientific terms generated by two different methods. The input will include an English term, a context paragraph where the term is used, and its translations in Japanese.","Translation, AI Terminology, Multilingual, Ranking","$0.01","Fri Dec 06 03:40:45 PST 2024","5","BatchId:5277383;OriginalHitTemplateId:928390912;","3600","3600","Fri Dec 13 03:40:45 PST 2024","","","3YGXWBAF7IV506CAMV9QM20HY014CK","A3IG9HHR3NL9R0","Approved","Fri Dec 06 03:41:23 PST 2024","Fri Dec 06 03:58:57 PST 2024","Fri Dec 06 04:58:57 PST 2024","Fri Dec 06 04:59:35 PST 2024","","","1054","100% (50/50)","100% (50/50)","100% (50/50)","K-Means clustering","K-Means クラスタリング","K-平均クラスタリング","Laplacian distribution","ラプラシアン分布","ラプラス分布","Maximum Likelihood","最尤法","最大尤度","Monte Carlo algorithm","モンテカルロ・アルゴリズム","モンテカルロアルゴリズム","Pearson's r correlation","ピアソンの相関係数","ピアソンのr相関","true","true","true","true","false","false","false","false","false","true","false","false","false","false","false","false","false","false","false","false"
"3U18MJKL2B0O0UOMDYJLWRAN9BNNC3","38O8SQPJL62HJKMEV8VSLUJXAI2UVO","Ranking the Quality of AI Terminology Translation from English to Japanese","In this task, you will compare the quality of translations for scientific terms generated by two different methods. The input will include an English term, a context paragraph where the term is used, and its translations in Japanese.","Translation, AI Terminology, Multilingual, Ranking","$0.01","Fri Dec 06 03:40:45 PST 2024","5","BatchId:5277383;OriginalHitTemplateId:928390912;","3600","3600","Fri Dec 13 03:40:45 PST 2024","","","3LWJHTCVCU0JSNJIBU64XBMPR5AQFY","A2E2FFMXS9F9KR","Approved","Fri Dec 06 04:41:23 PST 2024","Fri Dec 06 04:48:33 PST 2024","Fri Dec 06 05:48:33 PST 2024","Fri Dec 06 05:48:35 PST 2024","","","430","100% (51/51)","100% (51/51)","100% (51/51)","K-Means clustering","K-Means クラスタリング","K-平均クラスタリング","Laplacian distribution","ラプラシアン分布","ラプラス分布","Maximum Likelihood","最尤法","最大尤度","Monte Carlo algorithm","モンテカルロ・アルゴリズム","モンテカルロアルゴリズム","Pearson's r correlation","ピアソンの相関係数","ピアソンのr相関","true","true","false","true","true","false","false","true","false","false","false","false","false","false","false","false","false","false","false","false"
"3U18MJKL2B0O0UOMDYJLWRAN9BNNC3","38O8SQPJL62HJKMEV8VSLUJXAI2UVO","Ranking the Quality of AI Terminology Translation from English to Japanese","In this task, you will compare the quality of translations for scientific terms generated by two different methods. The input will include an English term, a context paragraph where the term is used, and its translations in Japanese.","Translation, AI Terminology, Multilingual, Ranking","$0.01","Fri Dec 06 03:40:45 PST 2024","5","BatchId:5277383;OriginalHitTemplateId:928390912;","3600","3600","Fri Dec 13 03:40:45 PST 2024","","","3S06PH7KS9IYDZL5Z9LZ8ABW7H9D1O","A2ML30H0T2HO1J","Approved","Fri Dec 06 04:41:56 PST 2024","Fri Dec 06 05:15:45 PST 2024","Fri Dec 06 06:15:45 PST 2024","Fri Dec 06 06:16:35 PST 2024","","","2029","100% (20/20)","100% (20/20)","100% (20/20)","K-Means clustering","K-Means クラスタリング","K-平均クラスタリング","Laplacian distribution","ラプラシアン分布","ラプラス分布","Maximum Likelihood","最尤法","最大尤度","Monte Carlo algorithm","モンテカルロ・アルゴリズム","モンテカルロアルゴリズム","Pearson's r correlation","ピアソンの相関係数","ピアソンのr相関","false","false","true","false","false","false","true","false","false","false","true","false","false","false","true","false","false","false","true","false"
"3U18MJKL2B0O0UOMDYJLWRAN9BNNC3","38O8SQPJL62HJKMEV8VSLUJXAI2UVO","Ranking the Quality of AI Terminology Translation from English to Japanese","In this task, you will compare the quality of translations for scientific terms generated by two different methods. The input will include an English term, a context paragraph where the term is used, and its translations in Japanese.","Translation, AI Terminology, Multilingual, Ranking","$0.01","Fri Dec 06 03:40:45 PST 2024","5","BatchId:5277383;OriginalHitTemplateId:928390912;","3600","3600","Fri Dec 13 03:40:45 PST 2024","","","3KV0LJBBHKZPAYQZAWZHXRG3KTVRMG","A2P8U65V6NL7B5","Approved","Fri Dec 06 04:42:04 PST 2024","Fri Dec 06 05:34:22 PST 2024","Fri Dec 06 06:34:22 PST 2024","Fri Dec 06 06:34:35 PST 2024","","","3138","100% (49/49)","100% (49/49)","100% (49/49)","K-Means clustering","K-Means クラスタリング","K-平均クラスタリング","Laplacian distribution","ラプラシアン分布","ラプラス分布","Maximum Likelihood","最尤法","最大尤度","Monte Carlo algorithm","モンテカルロ・アルゴリズム","モンテカルロアルゴリズム","Pearson's r correlation","ピアソンの相関係数","ピアソンのr相関","true","true","true","true","false","false","false","false","false","true","false","false","false","false","false","false","false","false","false","false"
"3U18MJKL2B0O0UOMDYJLWRAN9BNNC3","38O8SQPJL62HJKMEV8VSLUJXAI2UVO","Ranking the Quality of AI Terminology Translation from English to Japanese","In this task, you will compare the quality of translations for scientific terms generated by two different methods. The input will include an English term, a context paragraph where the term is used, and its translations in Japanese.","Translation, AI Terminology, Multilingual, Ranking","$0.01","Fri Dec 06 03:40:45 PST 2024","5","BatchId:5277383;OriginalHitTemplateId:928390912;","3600","3600","Fri Dec 13 03:40:45 PST 2024","","","3HMVI3QIC161BAGWV58DLVLXP6OY1S","A37HUVGB6ZT2ET","Approved","Fri Dec 06 06:02:34 PST 2024","Fri Dec 06 06:04:08 PST 2024","Fri Dec 06 07:04:08 PST 2024","Fri Dec 06 07:04:35 PST 2024","","","94","100% (2/2)","100% (2/2)","100% (2/2)","K-Means clustering","K-Means クラスタリング","K-平均クラスタリング","Laplacian distribution","ラプラシアン分布","ラプラス分布","Maximum Likelihood","最尤法","最大尤度","Monte Carlo algorithm","モンテカルロ・アルゴリズム","モンテカルロアルゴリズム","Pearson's r correlation","ピアソンの相関係数","ピアソンのr相関","false","false","false","false","false","false","false","false","false","false","true","true","true","false","true","false","false","false","true","false"
"3HUR21WDEB36FR3VBWOJRKT4EDFYX6","38O8SQPJL62HJKMEV8VSLUJXAI2UVO","Ranking the Quality of AI Terminology Translation from English to Japanese","In this task, you will compare the quality of translations for scientific terms generated by two different methods. The input will include an English term, a context paragraph where the term is used, and its translations in Japanese.","Translation, AI Terminology, Multilingual, Ranking","$0.01","Fri Dec 06 03:40:45 PST 2024","5","BatchId:5277383;OriginalHitTemplateId:928390912;","3600","3600","Fri Dec 13 03:40:45 PST 2024","","","3CFVK00FW3ZCIXAUIWV4MJAIO0L6LN","A11B7MUC7UTFKN","Approved","Fri Dec 06 03:41:26 PST 2024","Fri Dec 06 04:17:38 PST 2024","Fri Dec 06 05:17:38 PST 2024","Fri Dec 06 05:18:35 PST 2024","","","2172","100% (36/36)","100% (36/36)","100% (36/36)","Pitman-Yor Process","ピットマン-ヨール過程","ピットマン・ヨール過程","automata","オートマタ","オートマトン","averaged perceptron","平均化パーセプトロン","平均パーセプトロン","backprop","バックプロパゲーション","バックプロップ","blur kernel","ぼかしカーネル","ブラーカーネル","false","true","false","true","true","false","false","true","false","false","true","false","false","false","false","false","false","false","false","false"
"3HUR21WDEB36FR3VBWOJRKT4EDFYX6","38O8SQPJL62HJKMEV8VSLUJXAI2UVO","Ranking the Quality of AI Terminology Translation from English to Japanese","In this task, you will compare the quality of translations for scientific terms generated by two different methods. The input will include an English term, a context paragraph where the term is used, and its translations in Japanese.","Translation, AI Terminology, Multilingual, Ranking","$0.01","Fri Dec 06 03:40:45 PST 2024","5","BatchId:5277383;OriginalHitTemplateId:928390912;","3600","3600","Fri Dec 13 03:40:45 PST 2024","","","3A7Y0R2P262J6M6QGYSH6HAAHFEXJ5","A35H5DUMZH86PC","Approved","Fri Dec 06 03:41:31 PST 2024","Fri Dec 06 04:31:10 PST 2024","Fri Dec 06 05:31:10 PST 2024","Fri Dec 06 05:31:35 PST 2024","","","2979","100% (40/40)","100% (40/40)","100% (40/40)","Pitman-Yor Process","ピットマン-ヨール過程","ピットマン・ヨール過程","automata","オートマタ","オートマトン","averaged perceptron","平均化パーセプトロン","平均パーセプトロン","backprop","バックプロパゲーション","バックプロップ","blur kernel","ぼかしカーネル","ブラーカーネル","false","true","false","false","true","false","false","true","true","false","true","false","false","false","false","false","false","false","false","false"
"3HUR21WDEB36FR3VBWOJRKT4EDFYX6","38O8SQPJL62HJKMEV8VSLUJXAI2UVO","Ranking the Quality of AI Terminology Translation from English to Japanese","In this task, you will compare the quality of translations for scientific terms generated by two different methods. The input will include an English term, a context paragraph where the term is used, and its translations in Japanese.","Translation, AI Terminology, Multilingual, Ranking","$0.01","Fri Dec 06 03:40:45 PST 2024","5","BatchId:5277383;OriginalHitTemplateId:928390912;","3600","3600","Fri Dec 13 03:40:45 PST 2024","","","3QEMNNSB2FDCOL07OP289K29A237D7","A1L8EGJ85A7DZR","Approved","Fri Dec 06 03:41:32 PST 2024","Fri Dec 06 04:39:41 PST 2024","Fri Dec 06 05:39:41 PST 2024","Fri Dec 06 05:40:35 PST 2024","","","3489","100% (27/27)","100% (27/27)","100% (27/27)","Pitman-Yor Process","ピットマン-ヨール過程","ピットマン・ヨール過程","automata","オートマタ","オートマトン","averaged perceptron","平均化パーセプトロン","平均パーセプトロン","backprop","バックプロパゲーション","バックプロップ","blur kernel","ぼかしカーネル","ブラーカーネル","false","true","false","false","true","false","false","true","true","false","true","false","false","false","false","false","false","false","false","false"
"3HUR21WDEB36FR3VBWOJRKT4EDFYX6","38O8SQPJL62HJKMEV8VSLUJXAI2UVO","Ranking the Quality of AI Terminology Translation from English to Japanese","In this task, you will compare the quality of translations for scientific terms generated by two different methods. The input will include an English term, a context paragraph where the term is used, and its translations in Japanese.","Translation, AI Terminology, Multilingual, Ranking","$0.01","Fri Dec 06 03:40:45 PST 2024","5","BatchId:5277383;OriginalHitTemplateId:928390912;","3600","3600","Fri Dec 13 03:40:45 PST 2024","","","3ERET4BTV4NOGAUAV3MFRTO5P2UK9H","A2D6SB3TU1NYQ7","Approved","Fri Dec 06 04:41:59 PST 2024","Fri Dec 06 05:03:46 PST 2024","Fri Dec 06 06:03:46 PST 2024","Fri Dec 06 06:04:35 PST 2024","","","1307","100% (45/45)","100% (45/45)","100% (45/45)","Pitman-Yor Process","ピットマン-ヨール過程","ピットマン・ヨール過程","automata","オートマタ","オートマトン","averaged perceptron","平均化パーセプトロン","平均パーセプトロン","backprop","バックプロパゲーション","バックプロップ","blur kernel","ぼかしカーネル","ブラーカーネル","false","true","false","false","true","false","false","true","true","false","true","false","false","false","false","false","false","false","false","false"
"3HUR21WDEB36FR3VBWOJRKT4EDFYX6","38O8SQPJL62HJKMEV8VSLUJXAI2UVO","Ranking the Quality of AI Terminology Translation from English to Japanese","In this task, you will compare the quality of translations for scientific terms generated by two different methods. The input will include an English term, a context paragraph where the term is used, and its translations in Japanese.","Translation, AI Terminology, Multilingual, Ranking","$0.01","Fri Dec 06 03:40:45 PST 2024","5","BatchId:5277383;OriginalHitTemplateId:928390912;","3600","3600","Fri Dec 13 03:40:45 PST 2024","","","3MD9PLUKK0S4U7XQWE8UW972Y0ONZ5","A2QX81MMC8KN80","Approved","Fri Dec 06 05:42:55 PST 2024","Fri Dec 06 06:08:17 PST 2024","Fri Dec 06 07:08:17 PST 2024","Fri Dec 06 07:08:35 PST 2024","","","1522","100% (22/22)","100% (22/22)","100% (22/22)","Pitman-Yor Process","ピットマン-ヨール過程","ピットマン・ヨール過程","automata","オートマタ","オートマトン","averaged perceptron","平均化パーセプトロン","平均パーセプトロン","backprop","バックプロパゲーション","バックプロップ","blur kernel","ぼかしカーネル","ブラーカーネル","false","false","false","false","false","true","false","false","true","false","false","true","true","false","true","false","false","false","false","false"
"3R16PJFTTK5KXKQ4N6LNL1HVN324K3","38O8SQPJL62HJKMEV8VSLUJXAI2UVO","Ranking the Quality of AI Terminology Translation from English to Japanese","In this task, you will compare the quality of translations for scientific terms generated by two different methods. The input will include an English term, a context paragraph where the term is used, and its translations in Japanese.","Translation, AI Terminology, Multilingual, Ranking","$0.01","Fri Dec 06 03:40:45 PST 2024","5","BatchId:5277383;OriginalHitTemplateId:928390912;","3600","3600","Fri Dec 13 03:40:45 PST 2024","","","3IXQG4FA2BCNN7QGPQ9MSQ5F27G9BF","A13QHI6P2C910K","Approved","Fri Dec 06 03:42:16 PST 2024","Fri Dec 06 04:41:14 PST 2024","Fri Dec 06 05:41:14 PST 2024","Fri Dec 06 05:41:35 PST 2024","","","3538","100% (39/39)","100% (39/39)","100% (39/39)","catastrophic forgetting","カタストロフィックフォゲッティング","壊滅的忘却","computational argumentation","計算論的論証","計算的議論","context model","文脈モデル","コンテキストモデル","contingency table","分割表","クロス集計表","contrastive approach","コントラストアプローチ","対照的アプローチ","false","true","false","true","false","false","false","false","false","true","true","false","false","false","false","false","false","false","false","false"
"3R16PJFTTK5KXKQ4N6LNL1HVN324K3","38O8SQPJL62HJKMEV8VSLUJXAI2UVO","Ranking the Quality of AI Terminology Translation from English to Japanese","In this task, you will compare the quality of translations for scientific terms generated by two different methods. The input will include an English term, a context paragraph where the term is used, and its translations in Japanese.","Translation, AI Terminology, Multilingual, Ranking","$0.01","Fri Dec 06 03:40:45 PST 2024","5","BatchId:5277383;OriginalHitTemplateId:928390912;","3600","3600","Fri Dec 13 03:40:45 PST 2024","","","38YMOXR4MCDSTRMTMA26VURYM7Q6WH","AWGV35294HOYB","Approved","Fri Dec 06 03:42:20 PST 2024","Fri Dec 06 04:42:02 PST 2024","Fri Dec 06 05:42:02 PST 2024","Fri Dec 06 05:42:35 PST 2024","","","3582","100% (43/43)","100% (43/43)","100% (43/43)","catastrophic forgetting","カタストロフィックフォゲッティング","壊滅的忘却","computational argumentation","計算論的論証","計算的議論","context model","文脈モデル","コンテキストモデル","contingency table","分割表","クロス集計表","contrastive approach","コントラストアプローチ","対照的アプローチ","false","false","true","true","false","false","true","false","false","false","true","false","false","false","true","false","false","false","false","false"
"3R16PJFTTK5KXKQ4N6LNL1HVN324K3","38O8SQPJL62HJKMEV8VSLUJXAI2UVO","Ranking the Quality of AI Terminology Translation from English to Japanese","In this task, you will compare the quality of translations for scientific terms generated by two different methods. The input will include an English term, a context paragraph where the term is used, and its translations in Japanese.","Translation, AI Terminology, Multilingual, Ranking","$0.01","Fri Dec 06 03:40:45 PST 2024","5","BatchId:5277383;OriginalHitTemplateId:928390912;","3600","3600","Fri Dec 13 03:40:45 PST 2024","","","34QN5IT0TH5MPF4WMI6J8DELRX008U","A186ORPGIU3WNL","Approved","Fri Dec 06 04:42:06 PST 2024","Fri Dec 06 05:16:18 PST 2024","Fri Dec 06 06:16:18 PST 2024","Fri Dec 06 06:16:35 PST 2024","","","2052","100% (53/53)","100% (52/52)","100% (52/52)","catastrophic forgetting","カタストロフィックフォゲッティング","壊滅的忘却","computational argumentation","計算論的論証","計算的議論","context model","文脈モデル","コンテキストモデル","contingency table","分割表","クロス集計表","contrastive approach","コントラストアプローチ","対照的アプローチ","false","true","true","false","false","false","false","false","true","false","true","false","false","false","true","false","false","false","false","false"
"3R16PJFTTK5KXKQ4N6LNL1HVN324K3","38O8SQPJL62HJKMEV8VSLUJXAI2UVO","Ranking the Quality of AI Terminology Translation from English to Japanese","In this task, you will compare the quality of translations for scientific terms generated by two different methods. The input will include an English term, a context paragraph where the term is used, and its translations in Japanese.","Translation, AI Terminology, Multilingual, Ranking","$0.01","Fri Dec 06 03:40:45 PST 2024","5","BatchId:5277383;OriginalHitTemplateId:928390912;","3600","3600","Fri Dec 13 03:40:45 PST 2024","","","3ERMJ6L4DG6FSF6K1I1BSAP3JH17MX","A2MZEUP2ECO1AI","Approved","Fri Dec 06 04:41:57 PST 2024","Fri Dec 06 05:30:27 PST 2024","Fri Dec 06 06:30:27 PST 2024","Fri Dec 06 06:30:35 PST 2024","","","2910","100% (34/34)","100% (34/34)","100% (34/34)","catastrophic forgetting","カタストロフィックフォゲッティング","壊滅的忘却","computational argumentation","計算論的論証","計算的議論","context model","文脈モデル","コンテキストモデル","contingency table","分割表","クロス集計表","contrastive approach","コントラストアプローチ","対照的アプローチ","false","true","true","false","true","false","false","false","false","false","true","false","false","true","false","false","false","false","false","false"
"3R16PJFTTK5KXKQ4N6LNL1HVN324K3","38O8SQPJL62HJKMEV8VSLUJXAI2UVO","Ranking the Quality of AI Terminology Translation from English to Japanese","In this task, you will compare the quality of translations for scientific terms generated by two different methods. The input will include an English term, a context paragraph where the term is used, and its translations in Japanese.","Translation, AI Terminology, Multilingual, Ranking","$0.01","Fri Dec 06 03:40:45 PST 2024","5","BatchId:5277383;OriginalHitTemplateId:928390912;","3600","3600","Fri Dec 13 03:40:45 PST 2024","","","3EFVCAY5LLNTRL5I8QGPQITHQ7CJ8S","A2ML30H0T2HO1J","Approved","Fri Dec 06 05:42:55 PST 2024","Fri Dec 06 06:23:50 PST 2024","Fri Dec 06 07:23:50 PST 2024","Fri Dec 06 07:24:35 PST 2024","","","2455","100% (20/20)","100% (20/20)","100% (20/20)","catastrophic forgetting","カタストロフィックフォゲッティング","壊滅的忘却","computational argumentation","計算論的論証","計算的議論","context model","文脈モデル","コンテキストモデル","contingency table","分割表","クロス集計表","contrastive approach","コントラストアプローチ","対照的アプローチ","false","false","false","false","true","true","false","false","true","false","false","false","true","false","false","false","true","false","false","false"
"3NQUW096ONMWEWEYP1TFH95QYVL9L7","38O8SQPJL62HJKMEV8VSLUJXAI2UVO","Ranking the Quality of AI Terminology Translation from English to Japanese","In this task, you will compare the quality of translations for scientific terms generated by two different methods. The input will include an English term, a context paragraph where the term is used, and its translations in Japanese.","Translation, AI Terminology, Multilingual, Ranking","$0.01","Fri Dec 06 03:40:45 PST 2024","5","BatchId:5277383;OriginalHitTemplateId:928390912;","3600","3600","Fri Dec 13 03:40:45 PST 2024","","","3PWWM24LHACTLP7A15AXR170OVK28G","AC4I7XU10MQXK","Approved","Fri Dec 06 03:41:28 PST 2024","Fri Dec 06 04:11:27 PST 2024","Fri Dec 06 05:11:27 PST 2024","Fri Dec 06 05:11:35 PST 2024","","","1799","100% (58/58)","100% (58/58)","100% (58/58)","copy mechanism","コピーメカニズム","コピー機構","cosine decay","余弦減衰","コサイン減衰","cost-sensitive learning","コスト感受性学習","コスト感度学習","cross-entropy loss function","交差エントロピー損失関数","クロスエントロピー損失関数","distant supervision","遠隔指導","遠隔監視","true","true","false","true","false","false","false","true","false","false","false","false","false","false","false","false","false","false","false","true"
"3NQUW096ONMWEWEYP1TFH95QYVL9L7","38O8SQPJL62HJKMEV8VSLUJXAI2UVO","Ranking the Quality of AI Terminology Translation from English to Japanese","In this task, you will compare the quality of translations for scientific terms generated by two different methods. The input will include an English term, a context paragraph where the term is used, and its translations in Japanese.","Translation, AI Terminology, Multilingual, Ranking","$0.01","Fri Dec 06 03:40:45 PST 2024","5","BatchId:5277383;OriginalHitTemplateId:928390912;","3600","3600","Fri Dec 13 03:40:45 PST 2024","","","3SLE99ER05R2TY8TTO3L5E78HA5BZX","AWGV35294HOYB","Approved","Fri Dec 06 03:42:16 PST 2024","Fri Dec 06 04:41:39 PST 2024","Fri Dec 06 05:41:39 PST 2024","Fri Dec 06 05:42:35 PST 2024","","","3563","100% (43/43)","100% (43/43)","100% (43/43)","copy mechanism","コピーメカニズム","コピー機構","cosine decay","余弦減衰","コサイン減衰","cost-sensitive learning","コスト感受性学習","コスト感度学習","cross-entropy loss function","交差エントロピー損失関数","クロスエントロピー損失関数","distant supervision","遠隔指導","遠隔監視","true","true","true","true","false","false","false","false","false","false","false","false","false","false","true","false","false","false","false","false"
"3NQUW096ONMWEWEYP1TFH95QYVL9L7","38O8SQPJL62HJKMEV8VSLUJXAI2UVO","Ranking the Quality of AI Terminology Translation from English to Japanese","In this task, you will compare the quality of translations for scientific terms generated by two different methods. The input will include an English term, a context paragraph where the term is used, and its translations in Japanese.","Translation, AI Terminology, Multilingual, Ranking","$0.01","Fri Dec 06 03:40:45 PST 2024","5","BatchId:5277383;OriginalHitTemplateId:928390912;","3600","3600","Fri Dec 13 03:40:45 PST 2024","","","3WMINLGALTHK2VSRVWJHZ5MHQB3CAB","A11B7MUC7UTFKN","Approved","Fri Dec 06 04:41:44 PST 2024","Fri Dec 06 05:08:47 PST 2024","Fri Dec 06 06:08:47 PST 2024","Fri Dec 06 06:09:35 PST 2024","","","1623","100% (36/36)","100% (36/36)","100% (36/36)","copy mechanism","コピーメカニズム","コピー機構","cosine decay","余弦減衰","コサイン減衰","cost-sensitive learning","コスト感受性学習","コスト感度学習","cross-entropy loss function","交差エントロピー損失関数","クロスエントロピー損失関数","distant supervision","遠隔指導","遠隔監視","true","true","true","true","false","false","false","false","false","true","false","false","false","false","false","false","false","false","false","false"
"3NQUW096ONMWEWEYP1TFH95QYVL9L7","38O8SQPJL62HJKMEV8VSLUJXAI2UVO","Ranking the Quality of AI Terminology Translation from English to Japanese","In this task, you will compare the quality of translations for scientific terms generated by two different methods. The input will include an English term, a context paragraph where the term is used, and its translations in Japanese.","Translation, AI Terminology, Multilingual, Ranking","$0.01","Fri Dec 06 03:40:45 PST 2024","5","BatchId:5277383;OriginalHitTemplateId:928390912;","3600","3600","Fri Dec 13 03:40:45 PST 2024","","","3907X2AHFIJERH6RNMC8DN2QD712PL","A42LJXMJ3CFRU","Approved","Fri Dec 06 05:44:50 PST 2024","Fri Dec 06 05:47:28 PST 2024","Fri Dec 06 06:47:28 PST 2024","Fri Dec 06 06:47:35 PST 2024","","","158","100% (4/4)","100% (4/4)","100% (4/4)","copy mechanism","コピーメカニズム","コピー機構","cosine decay","余弦減衰","コサイン減衰","cost-sensitive learning","コスト感受性学習","コスト感度学習","cross-entropy loss function","交差エントロピー損失関数","クロスエントロピー損失関数","distant supervision","遠隔指導","遠隔監視","false","false","false","false","false","true","false","false","false","true","false","false","true","false","false","false","true","false","true","false"
"3NQUW096ONMWEWEYP1TFH95QYVL9L7","38O8SQPJL62HJKMEV8VSLUJXAI2UVO","Ranking the Quality of AI Terminology Translation from English to Japanese","In this task, you will compare the quality of translations for scientific terms generated by two different methods. The input will include an English term, a context paragraph where the term is used, and its translations in Japanese.","Translation, AI Terminology, Multilingual, Ranking","$0.01","Fri Dec 06 03:40:45 PST 2024","5","BatchId:5277383;OriginalHitTemplateId:928390912;","3600","3600","Fri Dec 13 03:40:45 PST 2024","","","3Y9N9SS8LGPUN2ZKMDZIW3QT52WD3R","A2ML30H0T2HO1J","Approved","Fri Dec 06 05:43:06 PST 2024","Fri Dec 06 06:24:04 PST 2024","Fri Dec 06 07:24:04 PST 2024","Fri Dec 06 07:24:35 PST 2024","","","2458","100% (20/20)","100% (20/20)","100% (20/20)","copy mechanism","コピーメカニズム","コピー機構","cosine decay","余弦減衰","コサイン減衰","cost-sensitive learning","コスト感受性学習","コスト感度学習","cross-entropy loss function","交差エントロピー損失関数","クロスエントロピー損失関数","distant supervision","遠隔指導","遠隔監視","false","false","false","false","false","false","true","false","false","true","false","false","true","false","false","true","false","false","true","false"
"3UY4PIS8R8Z4DREOX1U1FVRW5EX1NS","38O8SQPJL62HJKMEV8VSLUJXAI2UVO","Ranking the Quality of AI Terminology Translation from English to Japanese","In this task, you will compare the quality of translations for scientific terms generated by two different methods. The input will include an English term, a context paragraph where the term is used, and its translations in Japanese.","Translation, AI Terminology, Multilingual, Ranking","$0.01","Fri Dec 06 03:40:45 PST 2024","5","BatchId:5277383;OriginalHitTemplateId:928390912;","3600","3600","Fri Dec 13 03:40:45 PST 2024","","","3BGYGHDBBFYIZA5LLO1WHAUX2VS22D","A11B7MUC7UTFKN","Approved","Fri Dec 06 03:41:27 PST 2024","Fri Dec 06 04:18:03 PST 2024","Fri Dec 06 05:18:03 PST 2024","Fri Dec 06 05:18:35 PST 2024","","","2196","100% (36/36)","100% (36/36)","100% (36/36)","domain mismatch","ドメイン不一致","ドメインミスマッチ","dynamic Bayesian network","動的ベイズネットワーク","動的ベイジアンネットワーク","early stopping","アーリーストッピング","早期停止","element-wise","要素ごとの","要素ごと","error tolerance","誤差許容度","誤差許容","false","true","false","true","true","false","false","false","false","false","true","false","true","false","false","false","false","false","false","false"
"3UY4PIS8R8Z4DREOX1U1FVRW5EX1NS","38O8SQPJL62HJKMEV8VSLUJXAI2UVO","Ranking the Quality of AI Terminology Translation from English to Japanese","In this task, you will compare the quality of translations for scientific terms generated by two different methods. The input will include an English term, a context paragraph where the term is used, and its translations in Japanese.","Translation, AI Terminology, Multilingual, Ranking","$0.01","Fri Dec 06 03:40:45 PST 2024","5","BatchId:5277383;OriginalHitTemplateId:928390912;","3600","3600","Fri Dec 13 03:40:45 PST 2024","","","3J2UYBXQQ3QZL1L8T39LOZIUL2A60E","A2D6SB3TU1NYQ7","Approved","Fri Dec 06 03:41:41 PST 2024","Fri Dec 06 04:22:29 PST 2024","Fri Dec 06 05:22:29 PST 2024","Fri Dec 06 05:22:35 PST 2024","","","2448","100% (45/45)","100% (45/45)","100% (45/45)","domain mismatch","ドメイン不一致","ドメインミスマッチ","dynamic Bayesian network","動的ベイズネットワーク","動的ベイジアンネットワーク","early stopping","アーリーストッピング","早期停止","element-wise","要素ごとの","要素ごと","error tolerance","誤差許容度","誤差許容","true","false","false","true","true","false","true","false","false","false","false","false","true","false","false","false","false","false","false","false"
"3UY4PIS8R8Z4DREOX1U1FVRW5EX1NS","38O8SQPJL62HJKMEV8VSLUJXAI2UVO","Ranking the Quality of AI Terminology Translation from English to Japanese","In this task, you will compare the quality of translations for scientific terms generated by two different methods. The input will include an English term, a context paragraph where the term is used, and its translations in Japanese.","Translation, AI Terminology, Multilingual, Ranking","$0.01","Fri Dec 06 03:40:45 PST 2024","5","BatchId:5277383;OriginalHitTemplateId:928390912;","3600","3600","Fri Dec 13 03:40:45 PST 2024","","","3CCZ6YKWRPXLYR97OGI9P45NSCZ59H","A2E2FFMXS9F9KR","Approved","Fri Dec 06 04:42:02 PST 2024","Fri Dec 06 04:49:21 PST 2024","Fri Dec 06 05:49:21 PST 2024","Fri Dec 06 05:49:35 PST 2024","","","439","100% (51/51)","100% (51/51)","100% (51/51)","domain mismatch","ドメイン不一致","ドメインミスマッチ","dynamic Bayesian network","動的ベイズネットワーク","動的ベイジアンネットワーク","early stopping","アーリーストッピング","早期停止","element-wise","要素ごとの","要素ごと","error tolerance","誤差許容度","誤差許容","true","true","false","false","true","false","false","false","true","false","false","false","true","false","false","false","false","false","false","false"
"3UY4PIS8R8Z4DREOX1U1FVRW5EX1NS","38O8SQPJL62HJKMEV8VSLUJXAI2UVO","Ranking the Quality of AI Terminology Translation from English to Japanese","In this task, you will compare the quality of translations for scientific terms generated by two different methods. The input will include an English term, a context paragraph where the term is used, and its translations in Japanese.","Translation, AI Terminology, Multilingual, Ranking","$0.01","Fri Dec 06 03:40:45 PST 2024","5","BatchId:5277383;OriginalHitTemplateId:928390912;","3600","3600","Fri Dec 13 03:40:45 PST 2024","","","3H0W84IWB2GRYAYMTYBYKJBUBR4ERE","A2ML30H0T2HO1J","Approved","Fri Dec 06 04:41:57 PST 2024","Fri Dec 06 05:15:56 PST 2024","Fri Dec 06 06:15:56 PST 2024","Fri Dec 06 06:16:35 PST 2024","","","2039","100% (20/20)","100% (20/20)","100% (20/20)","domain mismatch","ドメイン不一致","ドメインミスマッチ","dynamic Bayesian network","動的ベイズネットワーク","動的ベイジアンネットワーク","early stopping","アーリーストッピング","早期停止","element-wise","要素ごとの","要素ごと","error tolerance","誤差許容度","誤差許容","false","false","true","false","false","true","false","false","true","false","false","false","false","false","true","false","true","false","false","false"
"3UY4PIS8R8Z4DREOX1U1FVRW5EX1NS","38O8SQPJL62HJKMEV8VSLUJXAI2UVO","Ranking the Quality of AI Terminology Translation from English to Japanese","In this task, you will compare the quality of translations for scientific terms generated by two different methods. The input will include an English term, a context paragraph where the term is used, and its translations in Japanese.","Translation, AI Terminology, Multilingual, Ranking","$0.01","Fri Dec 06 03:40:45 PST 2024","5","BatchId:5277383;OriginalHitTemplateId:928390912;","3600","3600","Fri Dec 13 03:40:45 PST 2024","","","37C0GNLMHXHTKLM25FXG362DFSQ6DG","A3I1OLOTCWCIET","Approved","Fri Dec 06 05:42:56 PST 2024","Fri Dec 06 05:47:33 PST 2024","Fri Dec 06 06:47:33 PST 2024","Fri Dec 06 06:47:35 PST 2024","","","277","100% (10/10)","100% (10/10)","100% (10/10)","domain mismatch","ドメイン不一致","ドメインミスマッチ","dynamic Bayesian network","動的ベイズネットワーク","動的ベイジアンネットワーク","early stopping","アーリーストッピング","早期停止","element-wise","要素ごとの","要素ごと","error tolerance","誤差許容度","誤差許容","true","false","false","true","true","false","true","false","false","false","false","false","true","false","false","false","false","false","false","false"
"3WJGKMRWWZNFEIX9O45I0MYTV7MCDB","38O8SQPJL62HJKMEV8VSLUJXAI2UVO","Ranking the Quality of AI Terminology Translation from English to Japanese","In this task, you will compare the quality of translations for scientific terms generated by two different methods. The input will include an English term, a context paragraph where the term is used, and its translations in Japanese.","Translation, AI Terminology, Multilingual, Ranking","$0.01","Fri Dec 06 03:40:45 PST 2024","5","BatchId:5277383;OriginalHitTemplateId:928390912;","3600","3600","Fri Dec 13 03:40:45 PST 2024","","","3AMW0RGHOVGAG3VK95AS5B5OO0BNPC","A2H09EMKJHK5XT","Approved","Fri Dec 06 03:41:48 PST 2024","Fri Dec 06 03:43:15 PST 2024","Fri Dec 06 04:43:15 PST 2024","Fri Dec 06 04:43:35 PST 2024","","","87","100% (5/5)","100% (5/5)","100% (5/5)","graph attention mechanism","グラフアテンションメカニズム","グラフ注意機構","grid cell","グリッドセル","グリッド細胞","landmark point","ランドマーク点","ランドマークポイント","max-product semiring","マックス積半環","最大積半環","maximum likelihood estimate","最尤推定値","最尤推定","true","false","false","false","true","false","true","true","false","false","false","false","false","true","false","false","false","false","false","false"
"3WJGKMRWWZNFEIX9O45I0MYTV7MCDB","38O8SQPJL62HJKMEV8VSLUJXAI2UVO","Ranking the Quality of AI Terminology Translation from English to Japanese","In this task, you will compare the quality of translations for scientific terms generated by two different methods. The input will include an English term, a context paragraph where the term is used, and its translations in Japanese.","Translation, AI Terminology, Multilingual, Ranking","$0.01","Fri Dec 06 03:40:45 PST 2024","5","BatchId:5277383;OriginalHitTemplateId:928390912;","3600","3600","Fri Dec 13 03:40:45 PST 2024","","","3DUZQ9U6S42K10KL3D0DAX4CXNKSVE","A3I1OLOTCWCIET","Approved","Fri Dec 06 03:41:50 PST 2024","Fri Dec 06 03:45:13 PST 2024","Fri Dec 06 04:45:13 PST 2024","Fri Dec 06 04:45:35 PST 2024","","","203","100% (10/10)","100% (10/10)","100% (10/10)","graph attention mechanism","グラフアテンションメカニズム","グラフ注意機構","grid cell","グリッドセル","グリッド細胞","landmark point","ランドマーク点","ランドマークポイント","max-product semiring","マックス積半環","最大積半環","maximum likelihood estimate","最尤推定値","最尤推定","true","false","false","true","true","false","true","true","false","false","false","false","false","false","false","false","false","false","false","false"
"3WJGKMRWWZNFEIX9O45I0MYTV7MCDB","38O8SQPJL62HJKMEV8VSLUJXAI2UVO","Ranking the Quality of AI Terminology Translation from English to Japanese","In this task, you will compare the quality of translations for scientific terms generated by two different methods. The input will include an English term, a context paragraph where the term is used, and its translations in Japanese.","Translation, AI Terminology, Multilingual, Ranking","$0.01","Fri Dec 06 03:40:45 PST 2024","5","BatchId:5277383;OriginalHitTemplateId:928390912;","3600","3600","Fri Dec 13 03:40:45 PST 2024","","","3HPZF4IVN47LYDQUB2XX2R4OT2BYCC","A30IGMGSC7G2HM","Approved","Fri Dec 06 04:49:13 PST 2024","Fri Dec 06 04:55:48 PST 2024","Fri Dec 06 05:55:48 PST 2024","Fri Dec 06 05:56:35 PST 2024","","","395","100% (24/24)","100% (24/24)","100% (24/24)","graph attention mechanism","グラフアテンションメカニズム","グラフ注意機構","grid cell","グリッドセル","グリッド細胞","landmark point","ランドマーク点","ランドマークポイント","max-product semiring","マックス積半環","最大積半環","maximum likelihood estimate","最尤推定値","最尤推定","false","true","true","true","true","false","false","false","false","false","true","false","false","false","false","false","false","false","false","false"
"3WJGKMRWWZNFEIX9O45I0MYTV7MCDB","38O8SQPJL62HJKMEV8VSLUJXAI2UVO","Ranking the Quality of AI Terminology Translation from English to Japanese","In this task, you will compare the quality of translations for scientific terms generated by two different methods. The input will include an English term, a context paragraph where the term is used, and its translations in Japanese.","Translation, AI Terminology, Multilingual, Ranking","$0.01","Fri Dec 06 03:40:45 PST 2024","5","BatchId:5277383;OriginalHitTemplateId:928390912;","3600","3600","Fri Dec 13 03:40:45 PST 2024","","","3PW9OPU9P8YBAPNP2K1ICRKSAQL124","A3MDTRJTDIDNX","Approved","Fri Dec 06 04:43:08 PST 2024","Fri Dec 06 05:24:32 PST 2024","Fri Dec 06 06:24:32 PST 2024","Fri Dec 06 06:24:35 PST 2024","","","2484","100% (53/53)","100% (53/53)","100% (53/53)","graph attention mechanism","グラフアテンションメカニズム","グラフ注意機構","grid cell","グリッドセル","グリッド細胞","landmark point","ランドマーク点","ランドマークポイント","max-product semiring","マックス積半環","最大積半環","maximum likelihood estimate","最尤推定値","最尤推定","true","false","true","true","true","false","false","false","false","false","false","true","false","false","false","false","false","false","false","false"
"3WJGKMRWWZNFEIX9O45I0MYTV7MCDB","38O8SQPJL62HJKMEV8VSLUJXAI2UVO","Ranking the Quality of AI Terminology Translation from English to Japanese","In this task, you will compare the quality of translations for scientific terms generated by two different methods. The input will include an English term, a context paragraph where the term is used, and its translations in Japanese.","Translation, AI Terminology, Multilingual, Ranking","$0.01","Fri Dec 06 03:40:45 PST 2024","5","BatchId:5277383;OriginalHitTemplateId:928390912;","3600","3600","Fri Dec 13 03:40:45 PST 2024","","","3HL8HNGX4NFD0O2WUSVIBGW0H589FX","A2P8U65V6NL7B5","Approved","Fri Dec 06 04:42:44 PST 2024","Fri Dec 06 05:35:40 PST 2024","Fri Dec 06 06:35:40 PST 2024","Fri Dec 06 06:36:35 PST 2024","","","3176","100% (49/49)","100% (49/49)","100% (49/49)","graph attention mechanism","グラフアテンションメカニズム","グラフ注意機構","grid cell","グリッドセル","グリッド細胞","landmark point","ランドマーク点","ランドマークポイント","max-product semiring","マックス積半環","最大積半環","maximum likelihood estimate","最尤推定値","最尤推定","false","true","true","true","true","false","false","false","false","false","true","false","false","false","false","false","false","false","false","false"
"3OB6JN3AA73MOES5JUUG87K94MGRMD","38O8SQPJL62HJKMEV8VSLUJXAI2UVO","Ranking the Quality of AI Terminology Translation from English to Japanese","In this task, you will compare the quality of translations for scientific terms generated by two different methods. The input will include an English term, a context paragraph where the term is used, and its translations in Japanese.","Translation, AI Terminology, Multilingual, Ranking","$0.01","Fri Dec 06 03:40:45 PST 2024","5","BatchId:5277383;OriginalHitTemplateId:928390912;","3600","3600","Fri Dec 13 03:40:45 PST 2024","","","3NGI5ARFTBJ72WOV4ICU84SLLZ61PI","ASML73P0NOOVV","Approved","Fri Dec 06 03:41:20 PST 2024","Fri Dec 06 04:10:41 PST 2024","Fri Dec 06 05:10:41 PST 2024","Fri Dec 06 05:11:35 PST 2024","","","1761","100% (24/24)","100% (24/24)","100% (24/24)","model M","モデルM","モデル M","noise-contrastive estimation","ノイズコントラスト推定","ノイズ対比推定","parallel corpora","パラレルコーパス","並列コーパス","parameterized model","パラメータ化されたモデル","パラメータ化モデル","paraphrase","言い換え","パラフレーズ","true","false","true","true","true","false","true","false","false","false","false","false","false","false","false","false","false","false","false","false"
"3OB6JN3AA73MOES5JUUG87K94MGRMD","38O8SQPJL62HJKMEV8VSLUJXAI2UVO","Ranking the Quality of AI Terminology Translation from English to Japanese","In this task, you will compare the quality of translations for scientific terms generated by two different methods. The input will include an English term, a context paragraph where the term is used, and its translations in Japanese.","Translation, AI Terminology, Multilingual, Ranking","$0.01","Fri Dec 06 03:40:45 PST 2024","5","BatchId:5277383;OriginalHitTemplateId:928390912;","3600","3600","Fri Dec 13 03:40:45 PST 2024","","","3F0BG9B9M71FMWVYKLPMM5CASQ8Y75","A35H5DUMZH86PC","Approved","Fri Dec 06 03:41:11 PST 2024","Fri Dec 06 04:29:14 PST 2024","Fri Dec 06 05:29:14 PST 2024","Fri Dec 06 05:29:35 PST 2024","","","2883","100% (40/40)","100% (40/40)","100% (40/40)","model M","モデルM","モデル M","noise-contrastive estimation","ノイズコントラスト推定","ノイズ対比推定","parallel corpora","パラレルコーパス","並列コーパス","parameterized model","パラメータ化されたモデル","パラメータ化モデル","paraphrase","言い換え","パラフレーズ","true","false","true","true","true","false","true","false","false","false","false","false","false","false","false","false","false","false","false","false"
"3OB6JN3AA73MOES5JUUG87K94MGRMD","38O8SQPJL62HJKMEV8VSLUJXAI2UVO","Ranking the Quality of AI Terminology Translation from English to Japanese","In this task, you will compare the quality of translations for scientific terms generated by two different methods. The input will include an English term, a context paragraph where the term is used, and its translations in Japanese.","Translation, AI Terminology, Multilingual, Ranking","$0.01","Fri Dec 06 03:40:45 PST 2024","5","BatchId:5277383;OriginalHitTemplateId:928390912;","3600","3600","Fri Dec 13 03:40:45 PST 2024","","","3GNCZX450013WK1V015NJ5LOPTBPAT","A186ORPGIU3WNL","Approved","Fri Dec 06 03:41:30 PST 2024","Fri Dec 06 04:38:04 PST 2024","Fri Dec 06 05:38:04 PST 2024","Fri Dec 06 05:38:35 PST 2024","","","3394","100% (53/53)","100% (52/52)","100% (52/52)","model M","モデルM","モデル M","noise-contrastive estimation","ノイズコントラスト推定","ノイズ対比推定","parallel corpora","パラレルコーパス","並列コーパス","parameterized model","パラメータ化されたモデル","パラメータ化モデル","paraphrase","言い換え","パラフレーズ","true","false","true","false","true","false","true","false","true","false","false","false","false","false","false","false","false","false","false","false"
"3OB6JN3AA73MOES5JUUG87K94MGRMD","38O8SQPJL62HJKMEV8VSLUJXAI2UVO","Ranking the Quality of AI Terminology Translation from English to Japanese","In this task, you will compare the quality of translations for scientific terms generated by two different methods. The input will include an English term, a context paragraph where the term is used, and its translations in Japanese.","Translation, AI Terminology, Multilingual, Ranking","$0.01","Fri Dec 06 03:40:45 PST 2024","5","BatchId:5277383;OriginalHitTemplateId:928390912;","3600","3600","Fri Dec 13 03:40:45 PST 2024","","","3QILPRALQN9PABW3NO8HJPAYZQB8ND","A30IGMGSC7G2HM","Approved","Fri Dec 06 04:51:40 PST 2024","Fri Dec 06 04:56:06 PST 2024","Fri Dec 06 05:56:06 PST 2024","Fri Dec 06 05:56:35 PST 2024","","","266","100% (24/24)","100% (24/24)","100% (24/24)","model M","モデルM","モデル M","noise-contrastive estimation","ノイズコントラスト推定","ノイズ対比推定","parallel corpora","パラレルコーパス","並列コーパス","parameterized model","パラメータ化されたモデル","パラメータ化モデル","paraphrase","言い換え","パラフレーズ","true","false","true","true","true","false","true","false","false","false","false","false","false","false","false","false","false","false","false","false"
"3OB6JN3AA73MOES5JUUG87K94MGRMD","38O8SQPJL62HJKMEV8VSLUJXAI2UVO","Ranking the Quality of AI Terminology Translation from English to Japanese","In this task, you will compare the quality of translations for scientific terms generated by two different methods. The input will include an English term, a context paragraph where the term is used, and its translations in Japanese.","Translation, AI Terminology, Multilingual, Ranking","$0.01","Fri Dec 06 03:40:45 PST 2024","5","BatchId:5277383;OriginalHitTemplateId:928390912;","3600","3600","Fri Dec 13 03:40:45 PST 2024","","","3LEIZ60CD1DJ55TWV4PPE8CITB79ZS","A2ML30H0T2HO1J","Approved","Fri Dec 06 04:41:59 PST 2024","Fri Dec 06 05:17:02 PST 2024","Fri Dec 06 06:17:02 PST 2024","Fri Dec 06 06:17:35 PST 2024","","","2103","100% (20/20)","100% (20/20)","100% (20/20)","model M","モデルM","モデル M","noise-contrastive estimation","ノイズコントラスト推定","ノイズ対比推定","parallel corpora","パラレルコーパス","並列コーパス","parameterized model","パラメータ化されたモデル","パラメータ化モデル","paraphrase","言い換え","パラフレーズ","false","false","false","false","true","true","false","false","true","false","false","false","true","false","false","false","true","false","false","false"
"3YGYP1365INS6WD5VV9GLM999CQRND","38O8SQPJL62HJKMEV8VSLUJXAI2UVO","Ranking the Quality of AI Terminology Translation from English to Japanese","In this task, you will compare the quality of translations for scientific terms generated by two different methods. The input will include an English term, a context paragraph where the term is used, and its translations in Japanese.","Translation, AI Terminology, Multilingual, Ranking","$0.01","Fri Dec 06 03:40:45 PST 2024","5","BatchId:5277383;OriginalHitTemplateId:928390912;","3600","3600","Fri Dec 13 03:40:45 PST 2024","","","351SEKWQSIVV9O7USV4XS2ZZ5RXMDW","A3Q32FL0WWF4KZ","Approved","Fri Dec 06 03:41:17 PST 2024","Fri Dec 06 04:20:16 PST 2024","Fri Dec 06 05:20:16 PST 2024","Fri Dec 06 05:20:35 PST 2024","","","2339","100% (40/40)","100% (40/40)","100% (40/40)","privacy budget","プライバシー予算","プライバシーバジェット","readout function","リードアウト関数","読み出し関数","sample-efficient","サンプル効率的","標本効率的","semantic vector","セマンティックベクトル","意味ベクトル","spatial domain","空間ドメイン","空間領域","true","true","false","true","true","false","false","true","false","false","false","false","false","false","false","false","false","false","false","false"
"3YGYP1365INS6WD5VV9GLM999CQRND","38O8SQPJL62HJKMEV8VSLUJXAI2UVO","Ranking the Quality of AI Terminology Translation from English to Japanese","In this task, you will compare the quality of translations for scientific terms generated by two different methods. The input will include an English term, a context paragraph where the term is used, and its translations in Japanese.","Translation, AI Terminology, Multilingual, Ranking","$0.01","Fri Dec 06 03:40:45 PST 2024","5","BatchId:5277383;OriginalHitTemplateId:928390912;","3600","3600","Fri Dec 13 03:40:45 PST 2024","","","374TNBHA8T9PSE0DGKYSMWT5XG1YQ4","A19I2ZK220NTAE","Approved","Fri Dec 06 03:42:18 PST 2024","Fri Dec 06 04:34:32 PST 2024","Fri Dec 06 05:34:32 PST 2024","Fri Dec 06 05:34:35 PST 2024","","","3134","100% (32/32)","100% (32/32)","100% (32/32)","privacy budget","プライバシー予算","プライバシーバジェット","readout function","リードアウト関数","読み出し関数","sample-efficient","サンプル効率的","標本効率的","semantic vector","セマンティックベクトル","意味ベクトル","spatial domain","空間ドメイン","空間領域","true","true","true","true","true","false","false","false","false","false","false","false","false","false","false","false","false","false","false","false"
"3YGYP1365INS6WD5VV9GLM999CQRND","38O8SQPJL62HJKMEV8VSLUJXAI2UVO","Ranking the Quality of AI Terminology Translation from English to Japanese","In this task, you will compare the quality of translations for scientific terms generated by two different methods. The input will include an English term, a context paragraph where the term is used, and its translations in Japanese.","Translation, AI Terminology, Multilingual, Ranking","$0.01","Fri Dec 06 03:40:45 PST 2024","5","BatchId:5277383;OriginalHitTemplateId:928390912;","3600","3600","Fri Dec 13 03:40:45 PST 2024","","","38JBBYETQ6OKX4WOIMFLCQ0KJDK4EL","A3HSZ9YLOBCCPR","Approved","Fri Dec 06 04:41:46 PST 2024","Fri Dec 06 05:24:45 PST 2024","Fri Dec 06 06:24:45 PST 2024","Fri Dec 06 06:25:35 PST 2024","","","2579","100% (39/39)","100% (39/39)","100% (39/39)","privacy budget","プライバシー予算","プライバシーバジェット","readout function","リードアウト関数","読み出し関数","sample-efficient","サンプル効率的","標本効率的","semantic vector","セマンティックベクトル","意味ベクトル","spatial domain","空間ドメイン","空間領域","true","false","true","true","true","false","true","false","false","false","false","false","false","false","false","false","false","false","false","false"
"3YGYP1365INS6WD5VV9GLM999CQRND","38O8SQPJL62HJKMEV8VSLUJXAI2UVO","Ranking the Quality of AI Terminology Translation from English to Japanese","In this task, you will compare the quality of translations for scientific terms generated by two different methods. The input will include an English term, a context paragraph where the term is used, and its translations in Japanese.","Translation, AI Terminology, Multilingual, Ranking","$0.01","Fri Dec 06 03:40:45 PST 2024","5","BatchId:5277383;OriginalHitTemplateId:928390912;","3600","3600","Fri Dec 13 03:40:45 PST 2024","","","3WJ1OXY92SUIQS2EEK3CXJQY0JC8AT","AWGV35294HOYB","Approved","Fri Dec 06 05:42:45 PST 2024","Fri Dec 06 05:49:00 PST 2024","Fri Dec 06 06:49:00 PST 2024","Fri Dec 06 06:49:35 PST 2024","","","375","100% (43/43)","100% (43/43)","100% (43/43)","privacy budget","プライバシー予算","プライバシーバジェット","readout function","リードアウト関数","読み出し関数","sample-efficient","サンプル効率的","標本効率的","semantic vector","セマンティックベクトル","意味ベクトル","spatial domain","空間ドメイン","空間領域","false","true","true","true","true","true","false","false","false","false","false","false","false","false","false","false","false","false","false","false"
"3YGYP1365INS6WD5VV9GLM999CQRND","38O8SQPJL62HJKMEV8VSLUJXAI2UVO","Ranking the Quality of AI Terminology Translation from English to Japanese","In this task, you will compare the quality of translations for scientific terms generated by two different methods. The input will include an English term, a context paragraph where the term is used, and its translations in Japanese.","Translation, AI Terminology, Multilingual, Ranking","$0.01","Fri Dec 06 03:40:45 PST 2024","5","BatchId:5277383;OriginalHitTemplateId:928390912;","3600","3600","Fri Dec 13 03:40:45 PST 2024","","","3H7Z272LXPLKS3SZXSUDSJ1ZJ7QLPR","A2ML30H0T2HO1J","Approved","Fri Dec 06 05:42:45 PST 2024","Fri Dec 06 06:23:40 PST 2024","Fri Dec 06 07:23:40 PST 2024","Fri Dec 06 07:24:35 PST 2024","","","2455","100% (20/20)","100% (20/20)","100% (20/20)","privacy budget","プライバシー予算","プライバシーバジェット","readout function","リードアウト関数","読み出し関数","sample-efficient","サンプル効率的","標本効率的","semantic vector","セマンティックベクトル","意味ベクトル","spatial domain","空間ドメイン","空間領域","true","false","false","false","false","false","false","false","false","true","false","true","false","true","false","false","false","true","false","false"
"360ZO6N6KIXGKEWJPDUUHMKFY0B9M9","38O8SQPJL62HJKMEV8VSLUJXAI2UVO","Ranking the Quality of AI Terminology Translation from English to Japanese","In this task, you will compare the quality of translations for scientific terms generated by two different methods. The input will include an English term, a context paragraph where the term is used, and its translations in Japanese.","Translation, AI Terminology, Multilingual, Ranking","$0.01","Fri Dec 06 03:40:45 PST 2024","5","BatchId:5277383;OriginalHitTemplateId:928390912;","3600","3600","Fri Dec 13 03:40:45 PST 2024","","","3RXCAC0YI93J0JFH0KVMT511YE58GL","A2ML30H0T2HO1J","Approved","Fri Dec 06 04:03:59 PST 2024","Fri Dec 06 04:09:32 PST 2024","Fri Dec 06 05:09:32 PST 2024","Fri Dec 06 05:09:35 PST 2024","","","333","100% (20/20)","100% (20/20)","100% (20/20)","support","支持度","サポート","type embedding","型埋め込み","タイプ埋め込み","unsupervised morphological segmentation","教師なし形態学的セグメンテーション","教師なし形態素セグメンテーション","value iteration","値反復法","価値反復","-","-","-","false","true","false","false","false","false","false","false","false","false","true","false","false","true","false","false","false","false","false","true"
"360ZO6N6KIXGKEWJPDUUHMKFY0B9M9","38O8SQPJL62HJKMEV8VSLUJXAI2UVO","Ranking the Quality of AI Terminology Translation from English to Japanese","In this task, you will compare the quality of translations for scientific terms generated by two different methods. The input will include an English term, a context paragraph where the term is used, and its translations in Japanese.","Translation, AI Terminology, Multilingual, Ranking","$0.01","Fri Dec 06 03:40:45 PST 2024","5","BatchId:5277383;OriginalHitTemplateId:928390912;","3600","3600","Fri Dec 13 03:40:45 PST 2024","","","3D3VGR7TAITOOCIP4EU21S7XK193R5","A13QHI6P2C910K","Approved","Fri Dec 06 03:42:13 PST 2024","Fri Dec 06 04:40:29 PST 2024","Fri Dec 06 05:40:29 PST 2024","Fri Dec 06 05:40:35 PST 2024","","","3496","100% (39/39)","100% (39/39)","100% (39/39)","support","支持度","サポート","type embedding","型埋め込み","タイプ埋め込み","unsupervised morphological segmentation","教師なし形態学的セグメンテーション","教師なし形態素セグメンテーション","value iteration","値反復法","価値反復","-","-","-","true","true","false","false","true","false","false","false","true","false","false","false","true","false","false","false","false","false","false","false"
"360ZO6N6KIXGKEWJPDUUHMKFY0B9M9","38O8SQPJL62HJKMEV8VSLUJXAI2UVO","Ranking the Quality of AI Terminology Translation from English to Japanese","In this task, you will compare the quality of translations for scientific terms generated by two different methods. The input will include an English term, a context paragraph where the term is used, and its translations in Japanese.","Translation, AI Terminology, Multilingual, Ranking","$0.01","Fri Dec 06 03:40:45 PST 2024","5","BatchId:5277383;OriginalHitTemplateId:928390912;","3600","3600","Fri Dec 13 03:40:45 PST 2024","","","35LDD5557SI3NUD4KCQKWFUPP11MKI","A19I2ZK220NTAE","Approved","Fri Dec 06 04:41:58 PST 2024","Fri Dec 06 05:04:49 PST 2024","Fri Dec 06 06:04:49 PST 2024","Fri Dec 06 06:05:35 PST 2024","","","1371","100% (32/32)","100% (32/32)","100% (32/32)","support","支持度","サポート","type embedding","型埋め込み","タイプ埋め込み","unsupervised morphological segmentation","教師なし形態学的セグメンテーション","教師なし形態素セグメンテーション","value iteration","値反復法","価値反復","-","-","-","true","true","false","false","true","false","false","true","true","false","false","false","false","false","false","false","false","false","false","false"
"360ZO6N6KIXGKEWJPDUUHMKFY0B9M9","38O8SQPJL62HJKMEV8VSLUJXAI2UVO","Ranking the Quality of AI Terminology Translation from English to Japanese","In this task, you will compare the quality of translations for scientific terms generated by two different methods. The input will include an English term, a context paragraph where the term is used, and its translations in Japanese.","Translation, AI Terminology, Multilingual, Ranking","$0.01","Fri Dec 06 03:40:45 PST 2024","5","BatchId:5277383;OriginalHitTemplateId:928390912;","3600","3600","Fri Dec 13 03:40:45 PST 2024","","","3OONKJ5DKUXQUUUMRFS4PG04X60OB6","A2O4PW85X1GQA1","Approved","Fri Dec 06 05:42:02 PST 2024","Fri Dec 06 05:42:57 PST 2024","Fri Dec 06 06:42:57 PST 2024","Fri Dec 06 06:43:35 PST 2024","","","55","100% (15/15)","100% (15/15)","100% (15/15)","support","支持度","サポート","type embedding","型埋め込み","タイプ埋め込み","unsupervised morphological segmentation","教師なし形態学的セグメンテーション","教師なし形態素セグメンテーション","value iteration","値反復法","価値反復","-","-","-","false","true","true","true","true","false","false","false","false","false","true","false","false","false","false","false","false","false","false","false"
"360ZO6N6KIXGKEWJPDUUHMKFY0B9M9","38O8SQPJL62HJKMEV8VSLUJXAI2UVO","Ranking the Quality of AI Terminology Translation from English to Japanese","In this task, you will compare the quality of translations for scientific terms generated by two different methods. The input will include an English term, a context paragraph where the term is used, and its translations in Japanese.","Translation, AI Terminology, Multilingual, Ranking","$0.01","Fri Dec 06 03:40:45 PST 2024","5","BatchId:5277383;OriginalHitTemplateId:928390912;","3600","3600","Fri Dec 13 03:40:45 PST 2024","","","3IUZPWIU16LZS67IOEW75DWGN6YWK8","A37HUVGB6ZT2ET","Approved","Fri Dec 06 07:45:17 PST 2024","Fri Dec 06 08:34:30 PST 2024","Fri Dec 06 09:34:30 PST 2024","Fri Dec 06 09:34:35 PST 2024","","","2953","100% (2/2)","100% (2/2)","100% (2/2)","support","支持度","サポート","type embedding","型埋め込み","タイプ埋め込み","unsupervised morphological segmentation","教師なし形態学的セグメンテーション","教師なし形態素セグメンテーション","value iteration","値反復法","価値反復","-","-","-","false","false","false","false","false","false","false","false","false","true","true","true","true","false","false","false","false","false","true","false"