"HITId","HITTypeId","Title","Description","Keywords","Reward","CreationTime","MaxAssignments","RequesterAnnotation","AssignmentDurationInSeconds","AutoApprovalDelayInSeconds","Expiration","NumberOfSimilarHITs","LifetimeInSeconds","AssignmentId","WorkerId","AssignmentStatus","AcceptTime","SubmitTime","AutoApprovalTime","ApprovalTime","RejectionTime","RequesterFeedback","WorkTimeInSeconds","LifetimeApprovalRate","Last30DaysApprovalRate","Last7DaysApprovalRate","Input.en_word1","Input.anno1_word1","Input.anno2_word1","Input.en_word2","Input.anno1_word2","Input.anno2_word2","Input.en_word3","Input.anno1_word3","Input.anno2_word3","Input.en_word4","Input.anno1_word4","Input.anno2_word4","Input.en_word5","Input.anno1_word5","Input.anno2_word5","Answer.A.1","Answer.A.2","Answer.A.3","Answer.A.4","Answer.A.5","Answer.B.1","Answer.B.2","Answer.B.3","Answer.B.4","Answer.B.5","Answer.C.1","Answer.C.2","Answer.C.3","Answer.C.4","Answer.C.5","Answer.D.1","Answer.D.2","Answer.D.3","Answer.D.4","Answer.D.5","Approve","Reject"
"3G5RUKN2FTHM2WHJ1E9UU19F3QL9N9","33VSRLCQVHFD1FA99WBAF9UCJT3XCK","Ranking the Quality of AI Terminology Translation from English to Russian","In this task, you will compare the quality of translations for scientific terms generated by two different methods. The input will include an English term, a context paragraph where the term is used, and its translations in Russian.","Translation, AI Terminology, Multilingual, Ranking","$0.01","Fri Dec 06 03:41:18 PST 2024","5","BatchId:5277384;OriginalHitTemplateId:928390912;","3600","3600","Fri Dec 13 03:41:18 PST 2024","","","3NVC2EB658DXLDUBI9MW9O0UNONY31","A27705JMG5A29P","Approved","Fri Dec 06 03:42:08 PST 2024","Fri Dec 06 03:44:10 PST 2024","Fri Dec 06 04:44:10 PST 2024","Fri Dec 06 04:44:35 PST 2024","","","122","100% (6/6)","100% (6/6)","100% (6/6)","decoder","декодер","дешифратор","classifying","классификация","Классификации","AI","ИИ","AI","NLP","обработка естественного языка","NLP","spans","фрагменты","пяди","false","false","true","false","true","false","true","false","true","false","true","false","false","false","false","false","false","false","false","false"
"3G5RUKN2FTHM2WHJ1E9UU19F3QL9N9","33VSRLCQVHFD1FA99WBAF9UCJT3XCK","Ranking the Quality of AI Terminology Translation from English to Russian","In this task, you will compare the quality of translations for scientific terms generated by two different methods. The input will include an English term, a context paragraph where the term is used, and its translations in Russian.","Translation, AI Terminology, Multilingual, Ranking","$0.01","Fri Dec 06 03:41:18 PST 2024","5","BatchId:5277384;OriginalHitTemplateId:928390912;","3600","3600","Fri Dec 13 03:41:18 PST 2024","","","3Z3ZLGNNS08OCB3PRZ52W2XSOF73Q4","A2D6SB3TU1NYQ7","Approved","Fri Dec 06 03:42:13 PST 2024","Fri Dec 06 04:24:46 PST 2024","Fri Dec 06 05:24:46 PST 2024","Fri Dec 06 05:25:35 PST 2024","","","2553","100% (45/45)","100% (45/45)","100% (45/45)","decoder","декодер","дешифратор","classifying","классификация","Классификации","AI","ИИ","AI","NLP","обработка естественного языка","NLP","spans","фрагменты","пяди","true","false","false","false","false","false","false","true","true","false","false","false","false","false","false","false","true","false","false","true"
"3G5RUKN2FTHM2WHJ1E9UU19F3QL9N9","33VSRLCQVHFD1FA99WBAF9UCJT3XCK","Ranking the Quality of AI Terminology Translation from English to Russian","In this task, you will compare the quality of translations for scientific terms generated by two different methods. The input will include an English term, a context paragraph where the term is used, and its translations in Russian.","Translation, AI Terminology, Multilingual, Ranking","$0.01","Fri Dec 06 03:41:18 PST 2024","5","BatchId:5277384;OriginalHitTemplateId:928390912;","3600","3600","Fri Dec 13 03:41:18 PST 2024","","","358010RM5W7SXH6KXN6095L4C2MVXP","A1L8EGJ85A7DZR","Approved","Fri Dec 06 03:41:54 PST 2024","Fri Dec 06 04:41:49 PST 2024","Fri Dec 06 05:41:49 PST 2024","Fri Dec 06 05:42:35 PST 2024","","","3595","100% (27/27)","100% (27/27)","100% (27/27)","decoder","декодер","дешифратор","classifying","классификация","Классификации","AI","ИИ","AI","NLP","обработка естественного языка","NLP","spans","фрагменты","пяди","true","false","true","false","false","false","true","false","true","true","false","false","false","false","false","false","false","false","false","false"
"3G5RUKN2FTHM2WHJ1E9UU19F3QL9N9","33VSRLCQVHFD1FA99WBAF9UCJT3XCK","Ranking the Quality of AI Terminology Translation from English to Russian","In this task, you will compare the quality of translations for scientific terms generated by two different methods. The input will include an English term, a context paragraph where the term is used, and its translations in Russian.","Translation, AI Terminology, Multilingual, Ranking","$0.01","Fri Dec 06 03:41:18 PST 2024","5","BatchId:5277384;OriginalHitTemplateId:928390912;","3600","3600","Fri Dec 13 03:41:18 PST 2024","","","38SKSKU7RJBSBH5VKX4TJM0NXRHILU","A186ORPGIU3WNL","Approved","Fri Dec 06 04:43:09 PST 2024","Fri Dec 06 05:18:06 PST 2024","Fri Dec 06 06:18:06 PST 2024","Fri Dec 06 06:18:35 PST 2024","","","2097","100% (53/53)","100% (52/52)","100% (52/52)","decoder","декодер","дешифратор","classifying","классификация","Классификации","AI","ИИ","AI","NLP","обработка естественного языка","NLP","spans","фрагменты","пяди","true","false","true","false","true","false","true","false","true","false","false","false","false","false","false","false","false","false","false","false"
"3G5RUKN2FTHM2WHJ1E9UU19F3QL9N9","33VSRLCQVHFD1FA99WBAF9UCJT3XCK","Ranking the Quality of AI Terminology Translation from English to Russian","In this task, you will compare the quality of translations for scientific terms generated by two different methods. The input will include an English term, a context paragraph where the term is used, and its translations in Russian.","Translation, AI Terminology, Multilingual, Ranking","$0.01","Fri Dec 06 03:41:18 PST 2024","5","BatchId:5277384;OriginalHitTemplateId:928390912;","3600","3600","Fri Dec 13 03:41:18 PST 2024","","","37TD41K0AZNO2RELCW58K5GNCIKCSJ","A1U6UPXOFCXR24","Approved","Fri Dec 06 05:44:05 PST 2024","Fri Dec 06 06:27:12 PST 2024","Fri Dec 06 07:27:12 PST 2024","Fri Dec 06 07:27:35 PST 2024","","","2587","100% (17/17)","100% (17/17)","100% (17/17)","decoder","декодер","дешифратор","classifying","классификация","Классификации","AI","ИИ","AI","NLP","обработка естественного языка","NLP","spans","фрагменты","пяди","true","false","true","false","false","false","false","false","true","true","false","false","false","false","false","false","true","false","false","false"
"338431Z1G2TAOHDHWA9T0B9EZMVROS","33VSRLCQVHFD1FA99WBAF9UCJT3XCK","Ranking the Quality of AI Terminology Translation from English to Russian","In this task, you will compare the quality of translations for scientific terms generated by two different methods. The input will include an English term, a context paragraph where the term is used, and its translations in Russian.","Translation, AI Terminology, Multilingual, Ranking","$0.01","Fri Dec 06 03:41:18 PST 2024","5","BatchId:5277384;OriginalHitTemplateId:928390912;","3600","3600","Fri Dec 13 03:41:18 PST 2024","","","339ANSOTRNGHRBNDZXSS4MN88RCKIT","A1KYZPQ0T7WECC","Approved","Fri Dec 06 03:42:51 PST 2024","Fri Dec 06 04:05:50 PST 2024","Fri Dec 06 05:05:50 PST 2024","Fri Dec 06 05:06:35 PST 2024","","","1379","100% (15/15)","100% (15/15)","100% (14/14)","OOV","слово вне словаря","OOV","PaLM","ПаЛМ","PaLM","BERTs","BERT'ы","BERTs","newswire","новостная лента","новостная лента новостей","GLUE","КЛЕЙ","GLUE","false","true","true","false","false","true","false","false","true","true","false","false","false","false","false","false","false","false","false","false"
"338431Z1G2TAOHDHWA9T0B9EZMVROS","33VSRLCQVHFD1FA99WBAF9UCJT3XCK","Ranking the Quality of AI Terminology Translation from English to Russian","In this task, you will compare the quality of translations for scientific terms generated by two different methods. The input will include an English term, a context paragraph where the term is used, and its translations in Russian.","Translation, AI Terminology, Multilingual, Ranking","$0.01","Fri Dec 06 03:41:18 PST 2024","5","BatchId:5277384;OriginalHitTemplateId:928390912;","3600","3600","Fri Dec 13 03:41:18 PST 2024","","","33FBRBDW66D6J7ZCYYZ33EGM0MYC80","A3OAFR48DADAOM","Approved","Fri Dec 06 03:42:18 PST 2024","Fri Dec 06 04:27:12 PST 2024","Fri Dec 06 05:27:12 PST 2024","Fri Dec 06 05:27:35 PST 2024","","","2694","100% (41/41)","100% (41/41)","100% (41/41)","OOV","слово вне словаря","OOV","PaLM","ПаЛМ","PaLM","BERTs","BERT'ы","BERTs","newswire","новостная лента","новостная лента новостей","GLUE","КЛЕЙ","GLUE","false","true","true","false","true","true","false","false","true","false","false","false","false","false","false","false","false","false","false","false"
"338431Z1G2TAOHDHWA9T0B9EZMVROS","33VSRLCQVHFD1FA99WBAF9UCJT3XCK","Ranking the Quality of AI Terminology Translation from English to Russian","In this task, you will compare the quality of translations for scientific terms generated by two different methods. The input will include an English term, a context paragraph where the term is used, and its translations in Russian.","Translation, AI Terminology, Multilingual, Ranking","$0.01","Fri Dec 06 03:41:18 PST 2024","5","BatchId:5277384;OriginalHitTemplateId:928390912;","3600","3600","Fri Dec 13 03:41:18 PST 2024","","","3X0H8UUITJ2XGPKQTN59WZNQ4WMWSS","A9M8N3BOH6013","Approved","Fri Dec 06 04:42:20 PST 2024","Fri Dec 06 05:07:04 PST 2024","Fri Dec 06 06:07:04 PST 2024","Fri Dec 06 06:07:35 PST 2024","","","1484","100% (44/44)","100% (44/44)","100% (44/44)","OOV","слово вне словаря","OOV","PaLM","ПаЛМ","PaLM","BERTs","BERT'ы","BERTs","newswire","новостная лента","новостная лента новостей","GLUE","КЛЕЙ","GLUE","false","true","true","false","true","true","false","false","true","false","false","false","false","false","false","false","false","false","false","false"
"338431Z1G2TAOHDHWA9T0B9EZMVROS","33VSRLCQVHFD1FA99WBAF9UCJT3XCK","Ranking the Quality of AI Terminology Translation from English to Russian","In this task, you will compare the quality of translations for scientific terms generated by two different methods. The input will include an English term, a context paragraph where the term is used, and its translations in Russian.","Translation, AI Terminology, Multilingual, Ranking","$0.01","Fri Dec 06 03:41:18 PST 2024","5","BatchId:5277384;OriginalHitTemplateId:928390912;","3600","3600","Fri Dec 13 03:41:18 PST 2024","","","3VELCLL3G2XVBJZ1QFGPWAEHJTK1FG","A3HSZ9YLOBCCPR","Approved","Fri Dec 06 04:44:48 PST 2024","Fri Dec 06 05:26:45 PST 2024","Fri Dec 06 06:26:45 PST 2024","Fri Dec 06 06:27:35 PST 2024","","","2517","100% (39/39)","100% (39/39)","100% (39/39)","OOV","слово вне словаря","OOV","PaLM","ПаЛМ","PaLM","BERTs","BERT'ы","BERTs","newswire","новостная лента","новостная лента новостей","GLUE","КЛЕЙ","GLUE","false","false","true","false","true","true","true","false","true","false","false","false","false","false","false","false","false","false","false","false"
"338431Z1G2TAOHDHWA9T0B9EZMVROS","33VSRLCQVHFD1FA99WBAF9UCJT3XCK","Ranking the Quality of AI Terminology Translation from English to Russian","In this task, you will compare the quality of translations for scientific terms generated by two different methods. The input will include an English term, a context paragraph where the term is used, and its translations in Russian.","Translation, AI Terminology, Multilingual, Ranking","$0.01","Fri Dec 06 03:41:18 PST 2024","5","BatchId:5277384;OriginalHitTemplateId:928390912;","3600","3600","Fri Dec 13 03:41:18 PST 2024","","","3PM8NZGV8GU0S9A3BOCQ3IMWVA7QXQ","A360EMC8G3DNEZ","Approved","Fri Dec 06 05:42:28 PST 2024","Fri Dec 06 05:43:17 PST 2024","Fri Dec 06 06:43:17 PST 2024","Fri Dec 06 06:43:35 PST 2024","","","49","100% (1/1)","100% (1/1)","100% (1/1)","OOV","слово вне словаря","OOV","PaLM","ПаЛМ","PaLM","BERTs","BERT'ы","BERTs","newswire","новостная лента","новостная лента новостей","GLUE","КЛЕЙ","GLUE","false","false","false","false","false","true","false","true","false","true","false","true","false","true","false","false","false","false","false","false"
"3H1C3QRA1IXK6OB9KZG264GEVJNCE4","33VSRLCQVHFD1FA99WBAF9UCJT3XCK","Ranking the Quality of AI Terminology Translation from English to Russian","In this task, you will compare the quality of translations for scientific terms generated by two different methods. The input will include an English term, a context paragraph where the term is used, and its translations in Russian.","Translation, AI Terminology, Multilingual, Ranking","$0.01","Fri Dec 06 03:41:18 PST 2024","5","BatchId:5277384;OriginalHitTemplateId:928390912;","3600","3600","Fri Dec 13 03:41:18 PST 2024","","","3QHK8ZVMI4WIO9RPENCCXZWA21WLBN","A19I2ZK220NTAE","Approved","Fri Dec 06 03:42:18 PST 2024","Fri Dec 06 04:35:03 PST 2024","Fri Dec 06 05:35:03 PST 2024","Fri Dec 06 05:35:35 PST 2024","","","3165","100% (32/32)","100% (32/32)","100% (32/32)","written","написанный","письменный","Furthermore","Более того","Кроме того","features","признаки","Функции","search","поиск","искать","entities","сущности","Объекты","false","true","false","true","true","true","false","true","false","false","false","false","false","false","false","false","false","false","false","false"
"3H1C3QRA1IXK6OB9KZG264GEVJNCE4","33VSRLCQVHFD1FA99WBAF9UCJT3XCK","Ranking the Quality of AI Terminology Translation from English to Russian","In this task, you will compare the quality of translations for scientific terms generated by two different methods. The input will include an English term, a context paragraph where the term is used, and its translations in Russian.","Translation, AI Terminology, Multilingual, Ranking","$0.01","Fri Dec 06 03:41:18 PST 2024","5","BatchId:5277384;OriginalHitTemplateId:928390912;","3600","3600","Fri Dec 13 03:41:18 PST 2024","","","3Y4W8Q93LHYEZB136N5OFYICWKAVDN","A1L8EGJ85A7DZR","Approved","Fri Dec 06 03:41:48 PST 2024","Fri Dec 06 04:41:33 PST 2024","Fri Dec 06 05:41:33 PST 2024","Fri Dec 06 05:41:35 PST 2024","","","3585","100% (27/27)","100% (27/27)","100% (27/27)","written","написанный","письменный","Furthermore","Более того","Кроме того","features","признаки","Функции","search","поиск","искать","entities","сущности","Объекты","false","true","false","true","true","true","false","true","false","false","false","false","false","false","false","false","false","false","false","false"
"3H1C3QRA1IXK6OB9KZG264GEVJNCE4","33VSRLCQVHFD1FA99WBAF9UCJT3XCK","Ranking the Quality of AI Terminology Translation from English to Russian","In this task, you will compare the quality of translations for scientific terms generated by two different methods. The input will include an English term, a context paragraph where the term is used, and its translations in Russian.","Translation, AI Terminology, Multilingual, Ranking","$0.01","Fri Dec 06 03:41:18 PST 2024","5","BatchId:5277384;OriginalHitTemplateId:928390912;","3600","3600","Fri Dec 13 03:41:18 PST 2024","","","31JLPPHS2C8LRZQ9CMDY7X2S9FV3O4","A2GJB7TBZM91Z4","Approved","Fri Dec 06 04:42:35 PST 2024","Fri Dec 06 05:01:12 PST 2024","Fri Dec 06 06:01:12 PST 2024","Fri Dec 06 06:01:35 PST 2024","","","1117","100% (23/23)","100% (23/23)","100% (23/23)","written","написанный","письменный","Furthermore","Более того","Кроме того","features","признаки","Функции","search","поиск","искать","entities","сущности","Объекты","false","true","false","false","true","true","false","true","true","false","false","false","false","false","false","false","false","false","false","false"
"3H1C3QRA1IXK6OB9KZG264GEVJNCE4","33VSRLCQVHFD1FA99WBAF9UCJT3XCK","Ranking the Quality of AI Terminology Translation from English to Russian","In this task, you will compare the quality of translations for scientific terms generated by two different methods. The input will include an English term, a context paragraph where the term is used, and its translations in Russian.","Translation, AI Terminology, Multilingual, Ranking","$0.01","Fri Dec 06 03:41:18 PST 2024","5","BatchId:5277384;OriginalHitTemplateId:928390912;","3600","3600","Fri Dec 13 03:41:18 PST 2024","","","3ND9UOO812GACCP09E88KD9VC4TLWM","AWGV35294HOYB","Approved","Fri Dec 06 05:42:50 PST 2024","Fri Dec 06 05:49:26 PST 2024","Fri Dec 06 06:49:26 PST 2024","Fri Dec 06 06:49:35 PST 2024","","","396","100% (43/43)","100% (43/43)","100% (43/43)","written","написанный","письменный","Furthermore","Более того","Кроме того","features","признаки","Функции","search","поиск","искать","entities","сущности","Объекты","false","true","false","true","true","true","false","true","false","false","false","false","false","false","false","false","false","false","false","false"
"3H1C3QRA1IXK6OB9KZG264GEVJNCE4","33VSRLCQVHFD1FA99WBAF9UCJT3XCK","Ranking the Quality of AI Terminology Translation from English to Russian","In this task, you will compare the quality of translations for scientific terms generated by two different methods. The input will include an English term, a context paragraph where the term is used, and its translations in Russian.","Translation, AI Terminology, Multilingual, Ranking","$0.01","Fri Dec 06 03:41:18 PST 2024","5","BatchId:5277384;OriginalHitTemplateId:928390912;","3600","3600","Fri Dec 13 03:41:18 PST 2024","","","3VNXK88KKUW2WLOMU70MT2ZM5019VS","AC4I7XU10MQXK","Approved","Fri Dec 06 05:42:17 PST 2024","Fri Dec 06 05:52:28 PST 2024","Fri Dec 06 06:52:28 PST 2024","Fri Dec 06 06:52:35 PST 2024","","","611","100% (58/58)","100% (58/58)","100% (58/58)","written","написанный","письменный","Furthermore","Более того","Кроме того","features","признаки","Функции","search","поиск","искать","entities","сущности","Объекты","false","true","false","true","true","true","false","true","false","false","false","false","false","false","false","false","false","false","false","false"
"3ZCC2DXSEOIVFWT5GSALAY0DGJ9YYC","33VSRLCQVHFD1FA99WBAF9UCJT3XCK","Ranking the Quality of AI Terminology Translation from English to Russian","In this task, you will compare the quality of translations for scientific terms generated by two different methods. The input will include an English term, a context paragraph where the term is used, and its translations in Russian.","Translation, AI Terminology, Multilingual, Ranking","$0.01","Fri Dec 06 03:41:18 PST 2024","5","BatchId:5277384;OriginalHitTemplateId:928390912;","3600","3600","Fri Dec 13 03:41:18 PST 2024","","","3FK0YFF9PHU0TS1PX85ILKOJWSKVVU","A2MZEUP2ECO1AI","Approved","Fri Dec 06 04:42:32 PST 2024","Fri Dec 06 05:31:53 PST 2024","Fri Dec 06 06:31:53 PST 2024","Fri Dec 06 06:32:35 PST 2024","","","2961","100% (34/34)","100% (34/34)","100% (34/34)","grounding","привязка к контексту","обоснование","pretrained","предобученный","предварительно обученный","graph","граф","диаграммa","subword","подслово","подсловие","extractive","извлекательный","экстрактивное","false","true","false","false","false","true","false","true","false","false","false","false","false","false","false","false","false","false","true","true"
"3ZCC2DXSEOIVFWT5GSALAY0DGJ9YYC","33VSRLCQVHFD1FA99WBAF9UCJT3XCK","Ranking the Quality of AI Terminology Translation from English to Russian","In this task, you will compare the quality of translations for scientific terms generated by two different methods. The input will include an English term, a context paragraph where the term is used, and its translations in Russian.","Translation, AI Terminology, Multilingual, Ranking","$0.01","Fri Dec 06 03:41:18 PST 2024","5","BatchId:5277384;OriginalHitTemplateId:928390912;","3600","3600","Fri Dec 13 03:41:18 PST 2024","","","30X31N5D6L409CHNSI9HEAQZCDISAC","A13QHI6P2C910K","Approved","Fri Dec 06 04:42:03 PST 2024","Fri Dec 06 05:36:12 PST 2024","Fri Dec 06 06:36:12 PST 2024","Fri Dec 06 06:36:35 PST 2024","","","3249","100% (39/39)","100% (39/39)","100% (39/39)","grounding","привязка к контексту","обоснование","pretrained","предобученный","предварительно обученный","graph","граф","диаграммa","subword","подслово","подсловие","extractive","извлекательный","экстрактивное","false","true","false","true","false","true","false","true","false","false","false","false","false","false","false","false","false","false","false","true"
"3ZCC2DXSEOIVFWT5GSALAY0DGJ9YYC","33VSRLCQVHFD1FA99WBAF9UCJT3XCK","Ranking the Quality of AI Terminology Translation from English to Russian","In this task, you will compare the quality of translations for scientific terms generated by two different methods. The input will include an English term, a context paragraph where the term is used, and its translations in Russian.","Translation, AI Terminology, Multilingual, Ranking","$0.01","Fri Dec 06 03:41:18 PST 2024","5","BatchId:5277384;OriginalHitTemplateId:928390912;","3600","3600","Fri Dec 13 03:41:18 PST 2024","","","338JKRMM2ODBJ337HOXIAWJX34IHA1","A3AHE81HVRXFCD","Approved","Fri Dec 06 05:44:15 PST 2024","Fri Dec 06 05:53:24 PST 2024","Fri Dec 06 06:53:24 PST 2024","Fri Dec 06 06:53:35 PST 2024","","","549","100% (22/22)","100% (22/22)","100% (22/22)","grounding","привязка к контексту","обоснование","pretrained","предобученный","предварительно обученный","graph","граф","диаграммa","subword","подслово","подсловие","extractive","извлекательный","экстрактивное","false","true","false","false","false","true","false","true","false","false","false","false","false","false","false","false","false","false","true","true"
"3ZCC2DXSEOIVFWT5GSALAY0DGJ9YYC","33VSRLCQVHFD1FA99WBAF9UCJT3XCK","Ranking the Quality of AI Terminology Translation from English to Russian","In this task, you will compare the quality of translations for scientific terms generated by two different methods. The input will include an English term, a context paragraph where the term is used, and its translations in Russian.","Translation, AI Terminology, Multilingual, Ranking","$0.01","Fri Dec 06 03:41:18 PST 2024","5","BatchId:5277384;OriginalHitTemplateId:928390912;","3600","3600","Fri Dec 13 03:41:18 PST 2024","","","3FUI0JHJPFCW5AXNTOT6JU4HEP833K","A2YVLMI4PRDECY","Approved","Fri Dec 06 05:43:23 PST 2024","Fri Dec 06 05:54:48 PST 2024","Fri Dec 06 06:54:48 PST 2024","Fri Dec 06 06:55:35 PST 2024","","","685","100% (32/32)","100% (32/32)","100% (32/32)","grounding","привязка к контексту","обоснование","pretrained","предобученный","предварительно обученный","graph","граф","диаграммa","subword","подслово","подсловие","extractive","извлекательный","экстрактивное","false","true","false","false","false","true","false","true","false","false","false","false","false","false","false","false","false","false","true","true"
"3ZCC2DXSEOIVFWT5GSALAY0DGJ9YYC","33VSRLCQVHFD1FA99WBAF9UCJT3XCK","Ranking the Quality of AI Terminology Translation from English to Russian","In this task, you will compare the quality of translations for scientific terms generated by two different methods. The input will include an English term, a context paragraph where the term is used, and its translations in Russian.","Translation, AI Terminology, Multilingual, Ranking","$0.01","Fri Dec 06 03:41:18 PST 2024","5","BatchId:5277384;OriginalHitTemplateId:928390912;","3600","3600","Fri Dec 13 03:41:18 PST 2024","","","39N5ACM9HW1PR1RQ8VRNNAA4JBU9PZ","A3TIEPB7AC1R0L","Approved","Fri Dec 06 05:42:17 PST 2024","Fri Dec 06 06:06:00 PST 2024","Fri Dec 06 07:06:00 PST 2024","Fri Dec 06 07:06:35 PST 2024","","","1423","100% (1/1)","100% (1/1)","100% (1/1)","grounding","привязка к контексту","обоснование","pretrained","предобученный","предварительно обученный","graph","граф","диаграммa","subword","подслово","подсловие","extractive","извлекательный","экстрактивное","false","true","false","false","true","true","false","true","false","false","false","false","false","false","false","false","false","false","true","false"
"3TUOHPJXZYB2QM8VWV6V6N8O35FWX5","33VSRLCQVHFD1FA99WBAF9UCJT3XCK","Ranking the Quality of AI Terminology Translation from English to Russian","In this task, you will compare the quality of translations for scientific terms generated by two different methods. The input will include an English term, a context paragraph where the term is used, and its translations in Russian.","Translation, AI Terminology, Multilingual, Ranking","$0.01","Fri Dec 06 03:41:18 PST 2024","5","BatchId:5277384;OriginalHitTemplateId:928390912;","3600","3600","Fri Dec 13 03:41:18 PST 2024","","","3X73LLYYQJSI3MXWQS2NW23X291NH7","A16D21BZSXJOUB","Approved","Fri Dec 06 03:41:46 PST 2024","Fri Dec 06 03:43:31 PST 2024","Fri Dec 06 04:43:31 PST 2024","Fri Dec 06 04:43:35 PST 2024","","","105","100% (1/1)","100% (1/1)","100% (1/1)","domains","области","Домены","compared","по сравнению","Сравнительный","Moreover","Более того","Сверх того","paper","статья","бумага","binary","бинарный","двоичный","false","false","false","false","true","false","true","true","true","false","true","false","false","false","false","false","false","false","false","false"
"3TUOHPJXZYB2QM8VWV6V6N8O35FWX5","33VSRLCQVHFD1FA99WBAF9UCJT3XCK","Ranking the Quality of AI Terminology Translation from English to Russian","In this task, you will compare the quality of translations for scientific terms generated by two different methods. The input will include an English term, a context paragraph where the term is used, and its translations in Russian.","Translation, AI Terminology, Multilingual, Ranking","$0.01","Fri Dec 06 03:41:18 PST 2024","5","BatchId:5277384;OriginalHitTemplateId:928390912;","3600","3600","Fri Dec 13 03:41:18 PST 2024","","","3BWI6RSP7YNHGRE7KKDSF2KUAE4E77","A2P8U65V6NL7B5","Approved","Fri Dec 06 03:42:07 PST 2024","Fri Dec 06 03:54:53 PST 2024","Fri Dec 06 04:54:53 PST 2024","Fri Dec 06 04:55:35 PST 2024","","","766","100% (49/49)","100% (49/49)","100% (49/49)","domains","области","Домены","compared","по сравнению","Сравнительный","Moreover","Более того","Сверх того","paper","статья","бумага","binary","бинарный","двоичный","false","false","false","false","true","false","true","true","true","false","true","false","false","false","false","false","false","false","false","false"
"3TUOHPJXZYB2QM8VWV6V6N8O35FWX5","33VSRLCQVHFD1FA99WBAF9UCJT3XCK","Ranking the Quality of AI Terminology Translation from English to Russian","In this task, you will compare the quality of translations for scientific terms generated by two different methods. The input will include an English term, a context paragraph where the term is used, and its translations in Russian.","Translation, AI Terminology, Multilingual, Ranking","$0.01","Fri Dec 06 03:41:18 PST 2024","5","BatchId:5277384;OriginalHitTemplateId:928390912;","3600","3600","Fri Dec 13 03:41:18 PST 2024","","","3DEL4X4ELOZ91B1P2YTKG4PYUKUYX9","A39PWDRYNY2WM0","Approved","Fri Dec 06 04:42:42 PST 2024","Fri Dec 06 05:10:18 PST 2024","Fri Dec 06 06:10:18 PST 2024","Fri Dec 06 06:10:35 PST 2024","","","1656","100% (55/55)","100% (55/55)","100% (55/55)","domains","области","Домены","compared","по сравнению","Сравнительный","Moreover","Более того","Сверх того","paper","статья","бумага","binary","бинарный","двоичный","true","false","false","false","true","false","true","true","true","false","false","false","false","false","false","false","false","false","false","false"
"3TUOHPJXZYB2QM8VWV6V6N8O35FWX5","33VSRLCQVHFD1FA99WBAF9UCJT3XCK","Ranking the Quality of AI Terminology Translation from English to Russian","In this task, you will compare the quality of translations for scientific terms generated by two different methods. The input will include an English term, a context paragraph where the term is used, and its translations in Russian.","Translation, AI Terminology, Multilingual, Ranking","$0.01","Fri Dec 06 03:41:18 PST 2024","5","BatchId:5277384;OriginalHitTemplateId:928390912;","3600","3600","Fri Dec 13 03:41:18 PST 2024","","","3AWETUDC9K6CG6MZZYV2R1BLC0NZIS","A3Q32FL0WWF4KZ","Approved","Fri Dec 06 04:41:55 PST 2024","Fri Dec 06 05:16:11 PST 2024","Fri Dec 06 06:16:11 PST 2024","Fri Dec 06 06:16:35 PST 2024","","","2056","100% (40/40)","100% (40/40)","100% (40/40)","domains","области","Домены","compared","по сравнению","Сравнительный","Moreover","Более того","Сверх того","paper","статья","бумага","binary","бинарный","двоичный","true","false","false","false","true","false","true","true","true","false","false","false","false","false","false","false","false","false","false","false"
"3TUOHPJXZYB2QM8VWV6V6N8O35FWX5","33VSRLCQVHFD1FA99WBAF9UCJT3XCK","Ranking the Quality of AI Terminology Translation from English to Russian","In this task, you will compare the quality of translations for scientific terms generated by two different methods. The input will include an English term, a context paragraph where the term is used, and its translations in Russian.","Translation, AI Terminology, Multilingual, Ranking","$0.01","Fri Dec 06 03:41:18 PST 2024","5","BatchId:5277384;OriginalHitTemplateId:928390912;","3600","3600","Fri Dec 13 03:41:18 PST 2024","","","38BQUHLA9EEMDLYJI4ID3WBY96BOM4","A1U6UPXOFCXR24","Approved","Fri Dec 06 05:43:12 PST 2024","Fri Dec 06 06:26:56 PST 2024","Fri Dec 06 07:26:56 PST 2024","Fri Dec 06 07:27:35 PST 2024","","","2624","100% (17/17)","100% (17/17)","100% (17/17)","domains","области","Домены","compared","по сравнению","Сравнительный","Moreover","Более того","Сверх того","paper","статья","бумага","binary","бинарный","двоичный","true","false","false","false","true","false","true","true","true","false","false","false","false","false","false","false","false","false","false","false"
"3LXX8KJXQDN4KHHV2T979Q9KT0Q9OO","33VSRLCQVHFD1FA99WBAF9UCJT3XCK","Ranking the Quality of AI Terminology Translation from English to Russian","In this task, you will compare the quality of translations for scientific terms generated by two different methods. The input will include an English term, a context paragraph where the term is used, and its translations in Russian.","Translation, AI Terminology, Multilingual, Ranking","$0.01","Fri Dec 06 03:41:18 PST 2024","5","BatchId:5277384;OriginalHitTemplateId:928390912;","3600","3600","Fri Dec 13 03:41:18 PST 2024","","","3E7TUJ2EGU0G24O03M0SNGTF5SRD9P","A3R5K7A8US5PDE","Approved","Fri Dec 06 03:41:51 PST 2024","Fri Dec 06 03:47:39 PST 2024","Fri Dec 06 04:47:39 PST 2024","Fri Dec 06 04:48:35 PST 2024","","","348","100% (6/6)","100% (6/6)","100% (6/6)","FLR","метрика FLR","FLR","generalize","обобщать","обобщить","assessing","оценка","проведение оценки","named","именованный","названный","social","социальный","общественный","false","false","false","false","false","true","true","false","true","false","false","false","false","false","true","false","false","true","false","false"
"3LXX8KJXQDN4KHHV2T979Q9KT0Q9OO","33VSRLCQVHFD1FA99WBAF9UCJT3XCK","Ranking the Quality of AI Terminology Translation from English to Russian","In this task, you will compare the quality of translations for scientific terms generated by two different methods. The input will include an English term, a context paragraph where the term is used, and its translations in Russian.","Translation, AI Terminology, Multilingual, Ranking","$0.01","Fri Dec 06 03:41:18 PST 2024","5","BatchId:5277384;OriginalHitTemplateId:928390912;","3600","3600","Fri Dec 13 03:41:18 PST 2024","","","3ERET4BTV4NOGAUAV3MFRTO5P1SK9D","A3DXRQLMYGDOFF","Approved","Fri Dec 06 03:47:25 PST 2024","Fri Dec 06 03:52:59 PST 2024","Fri Dec 06 04:52:59 PST 2024","Fri Dec 06 04:53:35 PST 2024","","","334","100% (5/5)","100% (5/5)","100% (5/5)","FLR","метрика FLR","FLR","generalize","обобщать","обобщить","assessing","оценка","проведение оценки","named","именованный","названный","social","социальный","общественный","false","false","false","true","true","false","false","true","false","false","true","false","false","false","false","false","true","false","false","false"
"3LXX8KJXQDN4KHHV2T979Q9KT0Q9OO","33VSRLCQVHFD1FA99WBAF9UCJT3XCK","Ranking the Quality of AI Terminology Translation from English to Russian","In this task, you will compare the quality of translations for scientific terms generated by two different methods. The input will include an English term, a context paragraph where the term is used, and its translations in Russian.","Translation, AI Terminology, Multilingual, Ranking","$0.01","Fri Dec 06 03:41:18 PST 2024","5","BatchId:5277384;OriginalHitTemplateId:928390912;","3600","3600","Fri Dec 13 03:41:18 PST 2024","","","3UN61F00HE3R2R5TIXIVGP5HYXZ5RW","A3Q32FL0WWF4KZ","Approved","Fri Dec 06 04:42:19 PST 2024","Fri Dec 06 05:17:05 PST 2024","Fri Dec 06 06:17:05 PST 2024","Fri Dec 06 06:17:35 PST 2024","","","2086","100% (40/40)","100% (40/40)","100% (40/40)","FLR","метрика FLR","FLR","generalize","обобщать","обобщить","assessing","оценка","проведение оценки","named","именованный","названный","social","социальный","общественный","true","false","true","true","true","false","true","false","false","false","false","false","false","false","false","false","false","false","false","false"
"3LXX8KJXQDN4KHHV2T979Q9KT0Q9OO","33VSRLCQVHFD1FA99WBAF9UCJT3XCK","Ranking the Quality of AI Terminology Translation from English to Russian","In this task, you will compare the quality of translations for scientific terms generated by two different methods. The input will include an English term, a context paragraph where the term is used, and its translations in Russian.","Translation, AI Terminology, Multilingual, Ranking","$0.01","Fri Dec 06 03:41:18 PST 2024","5","BatchId:5277384;OriginalHitTemplateId:928390912;","3600","3600","Fri Dec 13 03:41:18 PST 2024","","","3A9AA95ATE06QEPE55E6BU52XGI5PD","A13QHI6P2C910K","Approved","Fri Dec 06 04:42:33 PST 2024","Fri Dec 06 05:37:02 PST 2024","Fri Dec 06 06:37:02 PST 2024","Fri Dec 06 06:37:35 PST 2024","","","3269","100% (39/39)","100% (39/39)","100% (39/39)","FLR","метрика FLR","FLR","generalize","обобщать","обобщить","assessing","оценка","проведение оценки","named","именованный","названный","social","социальный","общественный","true","false","false","true","true","false","true","true","false","false","false","false","false","false","false","false","false","false","false","false"
"3LXX8KJXQDN4KHHV2T979Q9KT0Q9OO","33VSRLCQVHFD1FA99WBAF9UCJT3XCK","Ranking the Quality of AI Terminology Translation from English to Russian","In this task, you will compare the quality of translations for scientific terms generated by two different methods. The input will include an English term, a context paragraph where the term is used, and its translations in Russian.","Translation, AI Terminology, Multilingual, Ranking","$0.01","Fri Dec 06 03:41:18 PST 2024","5","BatchId:5277384;OriginalHitTemplateId:928390912;","3600","3600","Fri Dec 13 03:41:18 PST 2024","","","3O6CYIULEVFDV2CUIS09B05EPT6UW5","A26FAIG4EODBI2","Approved","Fri Dec 06 05:42:17 PST 2024","Fri Dec 06 05:46:01 PST 2024","Fri Dec 06 06:46:01 PST 2024","Fri Dec 06 06:46:35 PST 2024","","","224","100% (2/2)","100% (2/2)","100% (2/2)","FLR","метрика FLR","FLR","generalize","обобщать","обобщить","assessing","оценка","проведение оценки","named","именованный","названный","social","социальный","общественный","false","false","false","false","true","true","false","false","false","false","false","true","false","false","false","false","false","false","false","false"
"3WKGUBL7TG0VHQ8M86XO01UAC374L6","33VSRLCQVHFD1FA99WBAF9UCJT3XCK","Ranking the Quality of AI Terminology Translation from English to Russian","In this task, you will compare the quality of translations for scientific terms generated by two different methods. The input will include an English term, a context paragraph where the term is used, and its translations in Russian.","Translation, AI Terminology, Multilingual, Ranking","$0.01","Fri Dec 06 03:41:19 PST 2024","5","BatchId:5277384;OriginalHitTemplateId:928390912;","3600","3600","Fri Dec 13 03:41:19 PST 2024","","","3Z9WI9EOZH2HVGCTTFA74AMT8EWKHZ","A2P8U65V6NL7B5","Approved","Fri Dec 06 03:41:38 PST 2024","Fri Dec 06 03:53:17 PST 2024","Fri Dec 06 04:53:17 PST 2024","Fri Dec 06 04:53:35 PST 2024","","","699","100% (49/49)","100% (49/49)","100% (49/49)","pretraining","предобучение","предварительная подготовка","tagging","тегирование","Маркировка","identifying","идентификация","Определение","downstream","для последующих задач","подчиненная","LinCE","ЛИНЦЕ","LinCE","false","true","false","false","true","true","false","true","true","false","false","false","false","false","false","false","false","false","false","false"
"3WKGUBL7TG0VHQ8M86XO01UAC374L6","33VSRLCQVHFD1FA99WBAF9UCJT3XCK","Ranking the Quality of AI Terminology Translation from English to Russian","In this task, you will compare the quality of translations for scientific terms generated by two different methods. The input will include an English term, a context paragraph where the term is used, and its translations in Russian.","Translation, AI Terminology, Multilingual, Ranking","$0.01","Fri Dec 06 03:41:19 PST 2024","5","BatchId:5277384;OriginalHitTemplateId:928390912;","3600","3600","Fri Dec 13 03:41:19 PST 2024","","","3ZQIG0FLQWUD8H1UNIAE7M7X30GVWW","A13QHI6P2C910K","Approved","Fri Dec 06 03:41:53 PST 2024","Fri Dec 06 04:37:47 PST 2024","Fri Dec 06 05:37:47 PST 2024","Fri Dec 06 05:38:35 PST 2024","","","3354","100% (39/39)","100% (39/39)","100% (39/39)","pretraining","предобучение","предварительная подготовка","tagging","тегирование","Маркировка","identifying","идентификация","Определение","downstream","для последующих задач","подчиненная","LinCE","ЛИНЦЕ","LinCE","false","true","true","false","true","true","false","false","true","false","false","false","false","false","false","false","false","false","false","false"
"3WKGUBL7TG0VHQ8M86XO01UAC374L6","33VSRLCQVHFD1FA99WBAF9UCJT3XCK","Ranking the Quality of AI Terminology Translation from English to Russian","In this task, you will compare the quality of translations for scientific terms generated by two different methods. The input will include an English term, a context paragraph where the term is used, and its translations in Russian.","Translation, AI Terminology, Multilingual, Ranking","$0.01","Fri Dec 06 03:41:19 PST 2024","5","BatchId:5277384;OriginalHitTemplateId:928390912;","3600","3600","Fri Dec 13 03:41:19 PST 2024","","","3ZPBJO59K7F9HA6J1YOK0XR3O5ZHDJ","A38SYZRVLTMOFG","Approved","Fri Dec 06 04:41:56 PST 2024","Fri Dec 06 05:18:46 PST 2024","Fri Dec 06 06:18:46 PST 2024","Fri Dec 06 06:19:35 PST 2024","","","2210","100% (49/49)","100% (49/49)","100% (49/49)","pretraining","предобучение","предварительная подготовка","tagging","тегирование","Маркировка","identifying","идентификация","Определение","downstream","для последующих задач","подчиненная","LinCE","ЛИНЦЕ","LinCE","false","true","false","false","true","true","false","true","true","false","false","false","false","false","false","false","false","false","false","false"
"3WKGUBL7TG0VHQ8M86XO01UAC374L6","33VSRLCQVHFD1FA99WBAF9UCJT3XCK","Ranking the Quality of AI Terminology Translation from English to Russian","In this task, you will compare the quality of translations for scientific terms generated by two different methods. The input will include an English term, a context paragraph where the term is used, and its translations in Russian.","Translation, AI Terminology, Multilingual, Ranking","$0.01","Fri Dec 06 03:41:19 PST 2024","5","BatchId:5277384;OriginalHitTemplateId:928390912;","3600","3600","Fri Dec 13 03:41:19 PST 2024","","","3FTOP5WARX2B9W0FDM3AX3NZ7910JN","A2O4PW85X1GQA1","Approved","Fri Dec 06 04:42:34 PST 2024","Fri Dec 06 05:40:58 PST 2024","Fri Dec 06 06:40:58 PST 2024","Fri Dec 06 06:41:35 PST 2024","","","3504","100% (15/15)","100% (15/15)","100% (15/15)","pretraining","предобучение","предварительная подготовка","tagging","тегирование","Маркировка","identifying","идентификация","Определение","downstream","для последующих задач","подчиненная","LinCE","ЛИНЦЕ","LinCE","false","true","false","false","true","true","false","true","true","false","false","false","false","false","false","false","false","false","false","false"
"3WKGUBL7TG0VHQ8M86XO01UAC374L6","33VSRLCQVHFD1FA99WBAF9UCJT3XCK","Ranking the Quality of AI Terminology Translation from English to Russian","In this task, you will compare the quality of translations for scientific terms generated by two different methods. The input will include an English term, a context paragraph where the term is used, and its translations in Russian.","Translation, AI Terminology, Multilingual, Ranking","$0.01","Fri Dec 06 03:41:19 PST 2024","5","BatchId:5277384;OriginalHitTemplateId:928390912;","3600","3600","Fri Dec 13 03:41:19 PST 2024","","","3O6CYIULEVFDV2CUIS09B05EPY2UWB","A1L8EGJ85A7DZR","Approved","Fri Dec 06 07:44:39 PST 2024","Fri Dec 06 08:42:16 PST 2024","Fri Dec 06 09:42:16 PST 2024","Fri Dec 06 09:42:35 PST 2024","","","3457","100% (27/27)","100% (27/27)","100% (27/27)","pretraining","предобучение","предварительная подготовка","tagging","тегирование","Маркировка","identifying","идентификация","Определение","downstream","для последующих задач","подчиненная","LinCE","ЛИНЦЕ","LinCE","false","false","true","false","false","true","true","false","false","true","false","false","false","true","false","false","false","false","false","false"
"3ZQA3IO32S5MVCE0YGUEUKR1VO21O7","33VSRLCQVHFD1FA99WBAF9UCJT3XCK","Ranking the Quality of AI Terminology Translation from English to Russian","In this task, you will compare the quality of translations for scientific terms generated by two different methods. The input will include an English term, a context paragraph where the term is used, and its translations in Russian.","Translation, AI Terminology, Multilingual, Ranking","$0.01","Fri Dec 06 03:41:19 PST 2024","5","BatchId:5277384;OriginalHitTemplateId:928390912;","3600","3600","Fri Dec 13 03:41:19 PST 2024","","","31LVTDXBLPO54G8EAKY2XE1EKNZRL6","A1MW1UNSOFPB4F","Approved","Fri Dec 06 03:42:11 PST 2024","Fri Dec 06 03:47:21 PST 2024","Fri Dec 06 04:47:21 PST 2024","Fri Dec 06 04:47:35 PST 2024","","","310","100% (19/19)","100% (19/19)","100% (19/19)","outputs","результаты","Выходы","transformers","трансформеры","преобразователи","graphs","графы","диаграммы","vectors","векторы","векторa","counterfactual","контрфактический","Противного","false","false","false","false","false","true","false","true","false","false","false","true","false","true","true","false","false","false","false","false"
"3ZQA3IO32S5MVCE0YGUEUKR1VO21O7","33VSRLCQVHFD1FA99WBAF9UCJT3XCK","Ranking the Quality of AI Terminology Translation from English to Russian","In this task, you will compare the quality of translations for scientific terms generated by two different methods. The input will include an English term, a context paragraph where the term is used, and its translations in Russian.","Translation, AI Terminology, Multilingual, Ranking","$0.01","Fri Dec 06 03:41:19 PST 2024","5","BatchId:5277384;OriginalHitTemplateId:928390912;","3600","3600","Fri Dec 13 03:41:19 PST 2024","","","3YOH7BII0RLMDH7DY4RBJBD2GT7KVP","A2D6SB3TU1NYQ7","Approved","Fri Dec 06 03:41:41 PST 2024","Fri Dec 06 04:22:46 PST 2024","Fri Dec 06 05:22:46 PST 2024","Fri Dec 06 05:23:35 PST 2024","","","2465","100% (45/45)","100% (45/45)","100% (45/45)","outputs","результаты","Выходы","transformers","трансформеры","преобразователи","graphs","графы","диаграммы","vectors","векторы","векторa","counterfactual","контрфактический","Противного","false","false","false","false","true","true","false","true","true","false","false","true","false","false","false","false","false","false","false","false"
"3ZQA3IO32S5MVCE0YGUEUKR1VO21O7","33VSRLCQVHFD1FA99WBAF9UCJT3XCK","Ranking the Quality of AI Terminology Translation from English to Russian","In this task, you will compare the quality of translations for scientific terms generated by two different methods. The input will include an English term, a context paragraph where the term is used, and its translations in Russian.","Translation, AI Terminology, Multilingual, Ranking","$0.01","Fri Dec 06 03:41:19 PST 2024","5","BatchId:5277384;OriginalHitTemplateId:928390912;","3600","3600","Fri Dec 13 03:41:19 PST 2024","","","37U1UTWH9D0AP9OVGVPYS9F80N0R8K","A3HSZ9YLOBCCPR","Approved","Fri Dec 06 03:42:03 PST 2024","Fri Dec 06 04:24:39 PST 2024","Fri Dec 06 05:24:39 PST 2024","Fri Dec 06 05:25:35 PST 2024","","","2556","100% (39/39)","100% (39/39)","100% (39/39)","outputs","результаты","Выходы","transformers","трансформеры","преобразователи","graphs","графы","диаграммы","vectors","векторы","векторa","counterfactual","контрфактический","Противного","false","false","true","false","false","true","false","false","true","true","false","true","false","false","false","false","false","false","false","false"
"3ZQA3IO32S5MVCE0YGUEUKR1VO21O7","33VSRLCQVHFD1FA99WBAF9UCJT3XCK","Ranking the Quality of AI Terminology Translation from English to Russian","In this task, you will compare the quality of translations for scientific terms generated by two different methods. The input will include an English term, a context paragraph where the term is used, and its translations in Russian.","Translation, AI Terminology, Multilingual, Ranking","$0.01","Fri Dec 06 03:41:19 PST 2024","5","BatchId:5277384;OriginalHitTemplateId:928390912;","3600","3600","Fri Dec 13 03:41:19 PST 2024","","","3WMOAN2SRTBNLNSGVHJRB3U6AOCNVX","A186ORPGIU3WNL","Approved","Fri Dec 06 03:41:50 PST 2024","Fri Dec 06 04:40:37 PST 2024","Fri Dec 06 05:40:37 PST 2024","Fri Dec 06 05:41:35 PST 2024","","","3527","100% (53/53)","100% (52/52)","100% (52/52)","outputs","результаты","Выходы","transformers","трансформеры","преобразователи","graphs","графы","диаграммы","vectors","векторы","векторa","counterfactual","контрфактический","Противного","true","false","false","false","false","false","true","true","true","true","false","false","false","false","false","false","false","false","false","false"
"3ZQA3IO32S5MVCE0YGUEUKR1VO21O7","33VSRLCQVHFD1FA99WBAF9UCJT3XCK","Ranking the Quality of AI Terminology Translation from English to Russian","In this task, you will compare the quality of translations for scientific terms generated by two different methods. The input will include an English term, a context paragraph where the term is used, and its translations in Russian.","Translation, AI Terminology, Multilingual, Ranking","$0.01","Fri Dec 06 03:41:19 PST 2024","5","BatchId:5277384;OriginalHitTemplateId:928390912;","3600","3600","Fri Dec 13 03:41:19 PST 2024","","","3QJOXOW4X1501ULUOQFHYKHK53ZEMI","A35H5DUMZH86PC","Approved","Fri Dec 06 05:42:28 PST 2024","Fri Dec 06 05:49:17 PST 2024","Fri Dec 06 06:49:17 PST 2024","Fri Dec 06 06:49:35 PST 2024","","","409","100% (40/40)","100% (40/40)","100% (40/40)","outputs","результаты","Выходы","transformers","трансформеры","преобразователи","graphs","графы","диаграммы","vectors","векторы","векторa","counterfactual","контрфактический","Противного","false","false","false","false","false","true","true","true","true","true","false","false","false","false","false","false","false","false","false","false"
"3FULMHZ7PBBFN8Q78IY30E9ZC8X4M8","33VSRLCQVHFD1FA99WBAF9UCJT3XCK","Ranking the Quality of AI Terminology Translation from English to Russian","In this task, you will compare the quality of translations for scientific terms generated by two different methods. The input will include an English term, a context paragraph where the term is used, and its translations in Russian.","Translation, AI Terminology, Multilingual, Ranking","$0.01","Fri Dec 06 03:41:19 PST 2024","5","BatchId:5277384;OriginalHitTemplateId:928390912;","3600","3600","Fri Dec 13 03:41:19 PST 2024","","","3QILPRALQN9PABW3NO8HJPAYZQCN8T","A262LU000U93SA","Approved","Fri Dec 06 03:42:51 PST 2024","Fri Dec 06 03:44:03 PST 2024","Fri Dec 06 04:44:03 PST 2024","Fri Dec 06 04:44:35 PST 2024","","","72","100% (3/3)","100% (3/3)","100% (3/3)","augmented","дополненный","увеличенный","lexical","лексический","словарный ","re","ре","RE","transformer","трансформер","преобразователь ","embedding","встраивание","внедрение","true","true","false","true","true","false","false","false","false","false","false","false","false","false","false","false","false","false","false","false"
"3FULMHZ7PBBFN8Q78IY30E9ZC8X4M8","33VSRLCQVHFD1FA99WBAF9UCJT3XCK","Ranking the Quality of AI Terminology Translation from English to Russian","In this task, you will compare the quality of translations for scientific terms generated by two different methods. The input will include an English term, a context paragraph where the term is used, and its translations in Russian.","Translation, AI Terminology, Multilingual, Ranking","$0.01","Fri Dec 06 03:41:19 PST 2024","5","BatchId:5277384;OriginalHitTemplateId:928390912;","3600","3600","Fri Dec 13 03:41:19 PST 2024","","","3FUI0JHJPFCW5AXNTOT6JU4HENT331","A3TXIZFRTA02Z7","Approved","Fri Dec 06 03:42:51 PST 2024","Fri Dec 06 03:44:57 PST 2024","Fri Dec 06 04:44:57 PST 2024","Fri Dec 06 04:45:35 PST 2024","","","126","100% (2/2)","100% (2/2)","100% (2/2)","augmented","дополненный","увеличенный","lexical","лексический","словарный ","re","ре","RE","transformer","трансформер","преобразователь ","embedding","встраивание","внедрение","false","false","false","true","false","false","true","false","false","false","true","false","false","false","false","false","false","true","false","true"
"3FULMHZ7PBBFN8Q78IY30E9ZC8X4M8","33VSRLCQVHFD1FA99WBAF9UCJT3XCK","Ranking the Quality of AI Terminology Translation from English to Russian","In this task, you will compare the quality of translations for scientific terms generated by two different methods. The input will include an English term, a context paragraph where the term is used, and its translations in Russian.","Translation, AI Terminology, Multilingual, Ranking","$0.01","Fri Dec 06 03:41:19 PST 2024","5","BatchId:5277384;OriginalHitTemplateId:928390912;","3600","3600","Fri Dec 13 03:41:19 PST 2024","","","3W8CV64QJKDXEKT2PIJIE18DXKL9HV","A3OAFR48DADAOM","Approved","Fri Dec 06 03:42:17 PST 2024","Fri Dec 06 04:26:04 PST 2024","Fri Dec 06 05:26:04 PST 2024","Fri Dec 06 05:26:35 PST 2024","","","2627","100% (41/41)","100% (41/41)","100% (41/41)","augmented","дополненный","увеличенный","lexical","лексический","словарный ","re","ре","RE","transformer","трансформер","преобразователь ","embedding","встраивание","внедрение","false","false","false","true","false","true","true","false","false","true","false","false","false","false","false","false","false","true","false","false"
"3FULMHZ7PBBFN8Q78IY30E9ZC8X4M8","33VSRLCQVHFD1FA99WBAF9UCJT3XCK","Ranking the Quality of AI Terminology Translation from English to Russian","In this task, you will compare the quality of translations for scientific terms generated by two different methods. The input will include an English term, a context paragraph where the term is used, and its translations in Russian.","Translation, AI Terminology, Multilingual, Ranking","$0.01","Fri Dec 06 03:41:19 PST 2024","5","BatchId:5277384;OriginalHitTemplateId:928390912;","3600","3600","Fri Dec 13 03:41:19 PST 2024","","","3NG53N1RLDXPDW8G33L9NEFTZ5CP8Q","A2E2FFMXS9F9KR","Approved","Fri Dec 06 03:42:16 PST 2024","Fri Dec 06 04:35:21 PST 2024","Fri Dec 06 05:35:21 PST 2024","Fri Dec 06 05:35:35 PST 2024","","","3185","100% (51/51)","100% (51/51)","100% (51/51)","augmented","дополненный","увеличенный","lexical","лексический","словарный ","re","ре","RE","transformer","трансформер","преобразователь ","embedding","встраивание","внедрение","false","true","false","false","true","true","false","false","true","false","false","false","false","false","false","false","false","true","false","false"
"3FULMHZ7PBBFN8Q78IY30E9ZC8X4M8","33VSRLCQVHFD1FA99WBAF9UCJT3XCK","Ranking the Quality of AI Terminology Translation from English to Russian","In this task, you will compare the quality of translations for scientific terms generated by two different methods. The input will include an English term, a context paragraph where the term is used, and its translations in Russian.","Translation, AI Terminology, Multilingual, Ranking","$0.01","Fri Dec 06 03:41:19 PST 2024","5","BatchId:5277384;OriginalHitTemplateId:928390912;","3600","3600","Fri Dec 13 03:41:19 PST 2024","","","3R8YZBNQ9ZW6DU4CTB8S9J98THS7QC","AC4I7XU10MQXK","Approved","Fri Dec 06 04:42:04 PST 2024","Fri Dec 06 05:25:45 PST 2024","Fri Dec 06 06:25:45 PST 2024","Fri Dec 06 06:26:35 PST 2024","","","2621","100% (58/58)","100% (58/58)","100% (58/58)","augmented","дополненный","увеличенный","lexical","лексический","словарный ","re","ре","RE","transformer","трансформер","преобразователь ","embedding","встраивание","внедрение","false","false","false","true","false","true","true","false","false","true","false","false","false","false","false","false","false","true","false","false"
"3ZXV7Q5FKS2CC2B5FA08OM1E7K2CFM","33VSRLCQVHFD1FA99WBAF9UCJT3XCK","Ranking the Quality of AI Terminology Translation from English to Russian","In this task, you will compare the quality of translations for scientific terms generated by two different methods. The input will include an English term, a context paragraph where the term is used, and its translations in Russian.","Translation, AI Terminology, Multilingual, Ranking","$0.01","Fri Dec 06 03:41:19 PST 2024","5","BatchId:5277384;OriginalHitTemplateId:928390912;","3600","3600","Fri Dec 13 03:41:19 PST 2024","","","3AWETUDC9K6CG6MZZYV2R1BLC0OIZC","A1MW1UNSOFPB4F","Approved","Fri Dec 06 03:41:55 PST 2024","Fri Dec 06 03:45:33 PST 2024","Fri Dec 06 04:45:33 PST 2024","Fri Dec 06 04:45:35 PST 2024","","","218","100% (19/19)","100% (19/19)","100% (19/19)","image","изображение","изображениe","visual","визуальный","визуальный ","multitask","многозадачный","Многозадачность","compositionality","композициональность","композиционность","summarizing","резюмирование","суммирующая","false","false","false","false","false","true","true","false","false","true","false","false","true","true","false","false","false","false","false","false"
"3ZXV7Q5FKS2CC2B5FA08OM1E7K2CFM","33VSRLCQVHFD1FA99WBAF9UCJT3XCK","Ranking the Quality of AI Terminology Translation from English to Russian","In this task, you will compare the quality of translations for scientific terms generated by two different methods. The input will include an English term, a context paragraph where the term is used, and its translations in Russian.","Translation, AI Terminology, Multilingual, Ranking","$0.01","Fri Dec 06 03:41:19 PST 2024","5","BatchId:5277384;OriginalHitTemplateId:928390912;","3600","3600","Fri Dec 13 03:41:19 PST 2024","","","3M0BCWMB8DAYZ33OI1JE6ADQ080BW6","AC4I7XU10MQXK","Approved","Fri Dec 06 04:41:54 PST 2024","Fri Dec 06 05:24:41 PST 2024","Fri Dec 06 06:24:41 PST 2024","Fri Dec 06 06:25:35 PST 2024","","","2567","100% (58/58)","100% (58/58)","100% (58/58)","image","изображение","изображениe","visual","визуальный","визуальный ","multitask","многозадачный","Многозадачность","compositionality","композициональность","композиционность","summarizing","резюмирование","суммирующая","true","true","false","false","false","false","false","true","true","false","false","false","false","false","false","false","false","false","false","true"
"3ZXV7Q5FKS2CC2B5FA08OM1E7K2CFM","33VSRLCQVHFD1FA99WBAF9UCJT3XCK","Ranking the Quality of AI Terminology Translation from English to Russian","In this task, you will compare the quality of translations for scientific terms generated by two different methods. The input will include an English term, a context paragraph where the term is used, and its translations in Russian.","Translation, AI Terminology, Multilingual, Ranking","$0.01","Fri Dec 06 03:41:19 PST 2024","5","BatchId:5277384;OriginalHitTemplateId:928390912;","3600","3600","Fri Dec 13 03:41:19 PST 2024","","","3IQ1VMJRYBYI4XLOJC9QXFL9KPU9AJ","A13QHI6P2C910K","Approved","Fri Dec 06 04:41:59 PST 2024","Fri Dec 06 05:35:36 PST 2024","Fri Dec 06 06:35:36 PST 2024","Fri Dec 06 06:36:35 PST 2024","","","3217","100% (39/39)","100% (39/39)","100% (39/39)","image","изображение","изображениe","visual","визуальный","визуальный ","multitask","многозадачный","Многозадачность","compositionality","композициональность","композиционность","summarizing","резюмирование","суммирующая","true","true","false","false","false","false","false","true","true","true","false","false","false","false","false","false","false","false","false","false"
"3ZXV7Q5FKS2CC2B5FA08OM1E7K2CFM","33VSRLCQVHFD1FA99WBAF9UCJT3XCK","Ranking the Quality of AI Terminology Translation from English to Russian","In this task, you will compare the quality of translations for scientific terms generated by two different methods. The input will include an English term, a context paragraph where the term is used, and its translations in Russian.","Translation, AI Terminology, Multilingual, Ranking","$0.01","Fri Dec 06 03:41:19 PST 2024","5","BatchId:5277384;OriginalHitTemplateId:928390912;","3600","3600","Fri Dec 13 03:41:19 PST 2024","","","3SUWZRL0MGRYCR021A809OKYF3KE68","A2YVLMI4PRDECY","Approved","Fri Dec 06 04:42:34 PST 2024","Fri Dec 06 05:42:29 PST 2024","Fri Dec 06 06:42:29 PST 2024","Fri Dec 06 06:42:35 PST 2024","","","3595","100% (32/32)","100% (32/32)","100% (32/32)","image","изображение","изображениe","visual","визуальный","визуальный ","multitask","многозадачный","Многозадачность","compositionality","композициональность","композиционность","summarizing","резюмирование","суммирующая","true","true","false","true","false","false","false","true","false","false","false","false","false","false","true","false","false","false","false","false"
"3ZXV7Q5FKS2CC2B5FA08OM1E7K2CFM","33VSRLCQVHFD1FA99WBAF9UCJT3XCK","Ranking the Quality of AI Terminology Translation from English to Russian","In this task, you will compare the quality of translations for scientific terms generated by two different methods. The input will include an English term, a context paragraph where the term is used, and its translations in Russian.","Translation, AI Terminology, Multilingual, Ranking","$0.01","Fri Dec 06 03:41:19 PST 2024","5","BatchId:5277384;OriginalHitTemplateId:928390912;","3600","3600","Fri Dec 13 03:41:19 PST 2024","","","3A4NIXBJ7ODE70VM5C2LBF74E2GMLX","A2D6SB3TU1NYQ7","Approved","Fri Dec 06 05:44:05 PST 2024","Fri Dec 06 05:46:48 PST 2024","Fri Dec 06 06:46:48 PST 2024","Fri Dec 06 06:47:35 PST 2024","","","163","100% (45/45)","100% (45/45)","100% (45/45)","image","изображение","изображениe","visual","визуальный","визуальный ","multitask","многозадачный","Многозадачность","compositionality","композициональность","композиционность","summarizing","резюмирование","суммирующая","true","true","false","false","false","false","false","true","false","true","false","false","false","true","false","false","false","false","false","false"
"3D3B8GE8AJ5M5HTWHTMMYQEA35M9P5","33VSRLCQVHFD1FA99WBAF9UCJT3XCK","Ranking the Quality of AI Terminology Translation from English to Russian","In this task, you will compare the quality of translations for scientific terms generated by two different methods. The input will include an English term, a context paragraph where the term is used, and its translations in Russian.","Translation, AI Terminology, Multilingual, Ranking","$0.01","Fri Dec 06 03:41:19 PST 2024","5","BatchId:5277384;OriginalHitTemplateId:928390912;","3600","3600","Fri Dec 13 03:41:19 PST 2024","","","333U7HK6IRT58G19PYR5CA7I1X3JDQ","A1MW1UNSOFPB4F","Approved","Fri Dec 06 03:41:59 PST 2024","Fri Dec 06 03:46:17 PST 2024","Fri Dec 06 04:46:17 PST 2024","Fri Dec 06 04:46:35 PST 2024","","","258","100% (19/19)","100% (19/19)","100% (19/19)","ARENA","АРЕНА","ARENA","decoding","декодирование","расшифровка","perplexity","перплексия","растерянность","shared","общий","Совместный","retrieved","извлечённый","полученный","false","false","false","false","false","true","false","false","true","true","false","true","true","false","false","false","false","false","false","false"
"3D3B8GE8AJ5M5HTWHTMMYQEA35M9P5","33VSRLCQVHFD1FA99WBAF9UCJT3XCK","Ranking the Quality of AI Terminology Translation from English to Russian","In this task, you will compare the quality of translations for scientific terms generated by two different methods. The input will include an English term, a context paragraph where the term is used, and its translations in Russian.","Translation, AI Terminology, Multilingual, Ranking","$0.01","Fri Dec 06 03:41:19 PST 2024","5","BatchId:5277384;OriginalHitTemplateId:928390912;","3600","3600","Fri Dec 13 03:41:19 PST 2024","","","36WLNQG78HO4I3HXX1P8K46QT4VBEQ","A251BWQW2F81FT","Approved","Fri Dec 06 03:42:00 PST 2024","Fri Dec 06 04:18:07 PST 2024","Fri Dec 06 05:18:07 PST 2024","Fri Dec 06 05:18:35 PST 2024","","","2167","100% (31/31)","100% (31/31)","100% (31/31)","ARENA","АРЕНА","ARENA","decoding","декодирование","расшифровка","perplexity","перплексия","растерянность","shared","общий","Совместный","retrieved","извлечённый","полученный","true","true","false","true","true","false","false","true","false","false","false","false","false","false","false","false","false","false","false","false"
"3D3B8GE8AJ5M5HTWHTMMYQEA35M9P5","33VSRLCQVHFD1FA99WBAF9UCJT3XCK","Ranking the Quality of AI Terminology Translation from English to Russian","In this task, you will compare the quality of translations for scientific terms generated by two different methods. The input will include an English term, a context paragraph where the term is used, and its translations in Russian.","Translation, AI Terminology, Multilingual, Ranking","$0.01","Fri Dec 06 03:41:19 PST 2024","5","BatchId:5277384;OriginalHitTemplateId:928390912;","3600","3600","Fri Dec 13 03:41:19 PST 2024","","","308XBLVES0ITR7M2J798JB598TLRBJ","AS0K8SAHI5SQD","Approved","Fri Dec 06 03:42:05 PST 2024","Fri Dec 06 04:42:01 PST 2024","Fri Dec 06 05:42:01 PST 2024","Fri Dec 06 05:42:35 PST 2024","","","3596","100% (13/13)","100% (13/13)","100% (13/13)","ARENA","АРЕНА","ARENA","decoding","декодирование","расшифровка","perplexity","перплексия","растерянность","shared","общий","Совместный","retrieved","извлечённый","полученный","true","false","true","false","true","false","true","false","true","false","false","false","false","false","false","false","false","false","false","false"
"3D3B8GE8AJ5M5HTWHTMMYQEA35M9P5","33VSRLCQVHFD1FA99WBAF9UCJT3XCK","Ranking the Quality of AI Terminology Translation from English to Russian","In this task, you will compare the quality of translations for scientific terms generated by two different methods. The input will include an English term, a context paragraph where the term is used, and its translations in Russian.","Translation, AI Terminology, Multilingual, Ranking","$0.01","Fri Dec 06 03:41:19 PST 2024","5","BatchId:5277384;OriginalHitTemplateId:928390912;","3600","3600","Fri Dec 13 03:41:19 PST 2024","","","3RJSC4XJ1I832XLUOKZGWT4UP7Z05S","A30IGMGSC7G2HM","Approved","Fri Dec 06 04:03:52 PST 2024","Fri Dec 06 04:45:31 PST 2024","Fri Dec 06 05:45:31 PST 2024","Fri Dec 06 05:45:35 PST 2024","","","2499","100% (24/24)","100% (24/24)","100% (24/24)","ARENA","АРЕНА","ARENA","decoding","декодирование","расшифровка","perplexity","перплексия","растерянность","shared","общий","Совместный","retrieved","извлечённый","полученный","true","true","false","true","true","false","false","true","false","false","false","false","false","false","false","false","false","false","false","false"
"3D3B8GE8AJ5M5HTWHTMMYQEA35M9P5","33VSRLCQVHFD1FA99WBAF9UCJT3XCK","Ranking the Quality of AI Terminology Translation from English to Russian","In this task, you will compare the quality of translations for scientific terms generated by two different methods. The input will include an English term, a context paragraph where the term is used, and its translations in Russian.","Translation, AI Terminology, Multilingual, Ranking","$0.01","Fri Dec 06 03:41:19 PST 2024","5","BatchId:5277384;OriginalHitTemplateId:928390912;","3600","3600","Fri Dec 13 03:41:19 PST 2024","","","3IO1LGZLKRBH3QQBO7M0HEOC40N864","A1XD6THGBT1T9T","Approved","Fri Dec 06 04:43:21 PST 2024","Fri Dec 06 04:50:17 PST 2024","Fri Dec 06 05:50:17 PST 2024","Fri Dec 06 05:50:35 PST 2024","","","416","100% (43/43)","100% (43/43)","100% (42/42)","ARENA","АРЕНА","ARENA","decoding","декодирование","расшифровка","perplexity","перплексия","растерянность","shared","общий","Совместный","retrieved","извлечённый","полученный","true","true","false","true","true","false","false","true","false","false","false","false","false","false","false","false","false","false","false","false"
"3JHB4BPSG1N75TUBH61BYV4K8189QW","33VSRLCQVHFD1FA99WBAF9UCJT3XCK","Ranking the Quality of AI Terminology Translation from English to Russian","In this task, you will compare the quality of translations for scientific terms generated by two different methods. The input will include an English term, a context paragraph where the term is used, and its translations in Russian.","Translation, AI Terminology, Multilingual, Ranking","$0.01","Fri Dec 06 03:41:19 PST 2024","5","BatchId:5277384;OriginalHitTemplateId:928390912;","3600","3600","Fri Dec 13 03:41:19 PST 2024","","","33LK57MYLBJ1AKPV4APGV3H8LYPZSK","A2E2FFMXS9F9KR","Approved","Fri Dec 06 03:41:34 PST 2024","Fri Dec 06 04:32:11 PST 2024","Fri Dec 06 05:32:11 PST 2024","Fri Dec 06 05:32:35 PST 2024","","","3037","100% (51/51)","100% (51/51)","100% (51/51)","tokens","токены","Маркеры","edit","редактирование","редактировать","adversarial","адверсариальный","Состязательной","contexts","контексты","содержания","learning","обучение","учение","true","false","false","false","true","false","true","false","true","false","false","false","false","false","false","false","false","true","false","false"
"3JHB4BPSG1N75TUBH61BYV4K8189QW","33VSRLCQVHFD1FA99WBAF9UCJT3XCK","Ranking the Quality of AI Terminology Translation from English to Russian","In this task, you will compare the quality of translations for scientific terms generated by two different methods. The input will include an English term, a context paragraph where the term is used, and its translations in Russian.","Translation, AI Terminology, Multilingual, Ranking","$0.01","Fri Dec 06 03:41:19 PST 2024","5","BatchId:5277384;OriginalHitTemplateId:928390912;","3600","3600","Fri Dec 13 03:41:19 PST 2024","","","3HRMW88U1O41A460GJG2DVFGB3W0MR","A3MDTRJTDIDNX","Approved","Fri Dec 06 04:42:35 PST 2024","Fri Dec 06 05:23:23 PST 2024","Fri Dec 06 06:23:23 PST 2024","Fri Dec 06 06:23:35 PST 2024","","","2448","100% (53/53)","100% (53/53)","100% (53/53)","tokens","токены","Маркеры","edit","редактирование","редактировать","adversarial","адверсариальный","Состязательной","contexts","контексты","содержания","learning","обучение","учение","true","false","false","false","true","false","true","false","true","false","false","false","false","false","false","false","false","true","false","false"
"3JHB4BPSG1N75TUBH61BYV4K8189QW","33VSRLCQVHFD1FA99WBAF9UCJT3XCK","Ranking the Quality of AI Terminology Translation from English to Russian","In this task, you will compare the quality of translations for scientific terms generated by two different methods. The input will include an English term, a context paragraph where the term is used, and its translations in Russian.","Translation, AI Terminology, Multilingual, Ranking","$0.01","Fri Dec 06 03:41:19 PST 2024","5","BatchId:5277384;OriginalHitTemplateId:928390912;","3600","3600","Fri Dec 13 03:41:19 PST 2024","","","3TVSS0C0EJEYVPX5INAZ64JC6F0TWE","AQWQPE8JO0M04","Approved","Fri Dec 06 05:43:01 PST 2024","Fri Dec 06 05:44:17 PST 2024","Fri Dec 06 06:44:17 PST 2024","Fri Dec 06 06:44:35 PST 2024","","","76","100% (4/4)","100% (4/4)","100% (4/4)","tokens","токены","Маркеры","edit","редактирование","редактировать","adversarial","адверсариальный","Состязательной","contexts","контексты","содержания","learning","обучение","учение","false","true","false","false","false","false","false","false","true","false","false","false","false","false","true","false","false","false","false","false"
"3JHB4BPSG1N75TUBH61BYV4K8189QW","33VSRLCQVHFD1FA99WBAF9UCJT3XCK","Ranking the Quality of AI Terminology Translation from English to Russian","In this task, you will compare the quality of translations for scientific terms generated by two different methods. The input will include an English term, a context paragraph where the term is used, and its translations in Russian.","Translation, AI Terminology, Multilingual, Ranking","$0.01","Fri Dec 06 03:41:19 PST 2024","5","BatchId:5277384;OriginalHitTemplateId:928390912;","3600","3600","Fri Dec 13 03:41:19 PST 2024","","","3CCZ6YKWRPXLYR97OGI9P45NSC059I","A3AHE81HVRXFCD","Approved","Fri Dec 06 05:43:11 PST 2024","Fri Dec 06 05:52:31 PST 2024","Fri Dec 06 06:52:31 PST 2024","Fri Dec 06 06:52:35 PST 2024","","","560","100% (22/22)","100% (22/22)","100% (22/22)","tokens","токены","Маркеры","edit","редактирование","редактировать","adversarial","адверсариальный","Состязательной","contexts","контексты","содержания","learning","обучение","учение","true","false","false","false","false","false","true","false","true","true","false","false","false","false","false","false","false","true","false","false"
"3JHB4BPSG1N75TUBH61BYV4K8189QW","33VSRLCQVHFD1FA99WBAF9UCJT3XCK","Ranking the Quality of AI Terminology Translation from English to Russian","In this task, you will compare the quality of translations for scientific terms generated by two different methods. The input will include an English term, a context paragraph where the term is used, and its translations in Russian.","Translation, AI Terminology, Multilingual, Ranking","$0.01","Fri Dec 06 03:41:19 PST 2024","5","BatchId:5277384;OriginalHitTemplateId:928390912;","3600","3600","Fri Dec 13 03:41:19 PST 2024","","","3VJ40NV2Q01QQGO3R1JPPA6Q3FHOTH","A11B7MUC7UTFKN","Approved","Fri Dec 06 06:44:30 PST 2024","Fri Dec 06 06:46:24 PST 2024","Fri Dec 06 07:46:24 PST 2024","Fri Dec 06 07:46:35 PST 2024","","","114","100% (36/36)","100% (36/36)","100% (36/36)","tokens","токены","Маркеры","edit","редактирование","редактировать","adversarial","адверсариальный","Состязательной","contexts","контексты","содержания","learning","обучение","учение","false","false","false","false","false","true","true","true","true","true","false","false","false","false","false","false","false","false","false","false"
"3BFNCI9LZ14BK90G4YRV7RK33J673F","33VSRLCQVHFD1FA99WBAF9UCJT3XCK","Ranking the Quality of AI Terminology Translation from English to Russian","In this task, you will compare the quality of translations for scientific terms generated by two different methods. The input will include an English term, a context paragraph where the term is used, and its translations in Russian.","Translation, AI Terminology, Multilingual, Ranking","$0.01","Fri Dec 06 03:41:19 PST 2024","5","BatchId:5277384;OriginalHitTemplateId:928390912;","3600","3600","Fri Dec 13 03:41:19 PST 2024","","","3RYC5T2D7L7VV1NC2CR9EVAYPX0RP4","A1MW1UNSOFPB4F","Approved","Fri Dec 06 03:42:12 PST 2024","Fri Dec 06 03:47:33 PST 2024","Fri Dec 06 04:47:33 PST 2024","Fri Dec 06 04:47:35 PST 2024","","","321","100% (19/19)","100% (19/19)","100% (19/19)","parallel","параллельно","параллельный","extracted","извлеченный","извлекаемый","modalities","модальности","Условия","encoders","кодировщики","Кодеры","coreference","кореференция","корреляция","false","false","false","false","true","false","true","false","true","false","true","false","true","false","false","false","false","false","false","false"
"3BFNCI9LZ14BK90G4YRV7RK33J673F","33VSRLCQVHFD1FA99WBAF9UCJT3XCK","Ranking the Quality of AI Terminology Translation from English to Russian","In this task, you will compare the quality of translations for scientific terms generated by two different methods. The input will include an English term, a context paragraph where the term is used, and its translations in Russian.","Translation, AI Terminology, Multilingual, Ranking","$0.01","Fri Dec 06 03:41:19 PST 2024","5","BatchId:5277384;OriginalHitTemplateId:928390912;","3600","3600","Fri Dec 13 03:41:19 PST 2024","","","3H7Z272LXPLKS3SZXSUDSJ1ZJ5BLP8","A2MZEUP2ECO1AI","Approved","Fri Dec 06 03:41:54 PST 2024","Fri Dec 06 04:06:59 PST 2024","Fri Dec 06 05:06:59 PST 2024","Fri Dec 06 05:07:35 PST 2024","","","1505","100% (34/34)","100% (34/34)","100% (34/34)","parallel","параллельно","параллельный","extracted","извлеченный","извлекаемый","modalities","модальности","Условия","encoders","кодировщики","Кодеры","coreference","кореференция","корреляция","false","false","false","true","false","false","true","true","false","false","true","false","false","false","false","false","false","false","false","true"
"3BFNCI9LZ14BK90G4YRV7RK33J673F","33VSRLCQVHFD1FA99WBAF9UCJT3XCK","Ranking the Quality of AI Terminology Translation from English to Russian","In this task, you will compare the quality of translations for scientific terms generated by two different methods. The input will include an English term, a context paragraph where the term is used, and its translations in Russian.","Translation, AI Terminology, Multilingual, Ranking","$0.01","Fri Dec 06 03:41:19 PST 2024","5","BatchId:5277384;OriginalHitTemplateId:928390912;","3600","3600","Fri Dec 13 03:41:19 PST 2024","","","3Y5140Z9DFUI22KTCPX0039721HIPR","A2D6SB3TU1NYQ7","Approved","Fri Dec 06 03:41:50 PST 2024","Fri Dec 06 04:23:50 PST 2024","Fri Dec 06 05:23:50 PST 2024","Fri Dec 06 05:24:35 PST 2024","","","2520","100% (45/45)","100% (45/45)","100% (45/45)","parallel","параллельно","параллельный","extracted","извлеченный","извлекаемый","modalities","модальности","Условия","encoders","кодировщики","Кодеры","coreference","кореференция","корреляция","false","false","false","false","false","false","true","true","true","true","true","false","false","false","false","false","false","false","false","false"
"3BFNCI9LZ14BK90G4YRV7RK33J673F","33VSRLCQVHFD1FA99WBAF9UCJT3XCK","Ranking the Quality of AI Terminology Translation from English to Russian","In this task, you will compare the quality of translations for scientific terms generated by two different methods. The input will include an English term, a context paragraph where the term is used, and its translations in Russian.","Translation, AI Terminology, Multilingual, Ranking","$0.01","Fri Dec 06 03:41:19 PST 2024","5","BatchId:5277384;OriginalHitTemplateId:928390912;","3600","3600","Fri Dec 13 03:41:19 PST 2024","","","3Y4W8Q93LHYEZB136N5OFYICWKADV5","A2E2FFMXS9F9KR","Approved","Fri Dec 06 03:42:02 PST 2024","Fri Dec 06 04:34:48 PST 2024","Fri Dec 06 05:34:48 PST 2024","Fri Dec 06 05:35:35 PST 2024","","","3166","100% (51/51)","100% (51/51)","100% (51/51)","parallel","параллельно","параллельный","extracted","извлеченный","извлекаемый","modalities","модальности","Условия","encoders","кодировщики","Кодеры","coreference","кореференция","корреляция","false","false","false","true","false","false","true","true","false","false","true","false","false","false","false","false","false","false","false","true"
"3BFNCI9LZ14BK90G4YRV7RK33J673F","33VSRLCQVHFD1FA99WBAF9UCJT3XCK","Ranking the Quality of AI Terminology Translation from English to Russian","In this task, you will compare the quality of translations for scientific terms generated by two different methods. The input will include an English term, a context paragraph where the term is used, and its translations in Russian.","Translation, AI Terminology, Multilingual, Ranking","$0.01","Fri Dec 06 03:41:19 PST 2024","5","BatchId:5277384;OriginalHitTemplateId:928390912;","3600","3600","Fri Dec 13 03:41:19 PST 2024","","","3FQ5JJ5123295CY4WD5K9UJPUSKKNR","A38SYZRVLTMOFG","Approved","Fri Dec 06 05:43:11 PST 2024","Fri Dec 06 06:02:26 PST 2024","Fri Dec 06 07:02:26 PST 2024","Fri Dec 06 07:02:35 PST 2024","","","1155","100% (49/49)","100% (49/49)","100% (49/49)","parallel","параллельно","параллельный","extracted","извлеченный","извлекаемый","modalities","модальности","Условия","encoders","кодировщики","Кодеры","coreference","кореференция","корреляция","false","false","true","true","true","false","true","false","false","false","true","false","false","false","false","false","false","false","false","false"
"3VGZ74AYUXUIQ270QU6Q671Q8Z2CGL","33VSRLCQVHFD1FA99WBAF9UCJT3XCK","Ranking the Quality of AI Terminology Translation from English to Russian","In this task, you will compare the quality of translations for scientific terms generated by two different methods. The input will include an English term, a context paragraph where the term is used, and its translations in Russian.","Translation, AI Terminology, Multilingual, Ranking","$0.01","Fri Dec 06 03:41:19 PST 2024","5","BatchId:5277384;OriginalHitTemplateId:928390912;","3600","3600","Fri Dec 13 03:41:19 PST 2024","","","3AAJC4I4FY68BH65HGG232QLPFDZJ5","A262LU000U93SA","Approved","Fri Dec 06 03:42:40 PST 2024","Fri Dec 06 03:43:38 PST 2024","Fri Dec 06 04:43:38 PST 2024","Fri Dec 06 04:44:35 PST 2024","","","58","100% (3/3)","100% (3/3)","100% (3/3)","monolingual","монолингвальный","одноязычный","generated","сгенерированный","созданный","baselines","базовые модели","базовых линий","parsing","разбор","парсинг","linguistics","лингвистика","языкознания","true","false","false","true","true","false","false","false","false","false","false","false","false","false","false","false","false","false","false","false"
"3VGZ74AYUXUIQ270QU6Q671Q8Z2CGL","33VSRLCQVHFD1FA99WBAF9UCJT3XCK","Ranking the Quality of AI Terminology Translation from English to Russian","In this task, you will compare the quality of translations for scientific terms generated by two different methods. The input will include an English term, a context paragraph where the term is used, and its translations in Russian.","Translation, AI Terminology, Multilingual, Ranking","$0.01","Fri Dec 06 03:41:19 PST 2024","5","BatchId:5277384;OriginalHitTemplateId:928390912;","3600","3600","Fri Dec 13 03:41:19 PST 2024","","","3PMBY0YE2PH6XCIM3Q5H3ABXKSG9CM","A3R5K7A8US5PDE","Approved","Fri Dec 06 03:42:16 PST 2024","Fri Dec 06 03:48:07 PST 2024","Fri Dec 06 04:48:07 PST 2024","Fri Dec 06 04:48:35 PST 2024","","","351","100% (6/6)","100% (6/6)","100% (6/6)","monolingual","монолингвальный","одноязычный","generated","сгенерированный","созданный","baselines","базовые модели","базовых линий","parsing","разбор","парсинг","linguistics","лингвистика","языкознания","false","false","false","false","false","false","false","false","false","true","true","true","true","false","false","false","false","false","true","false"
"3VGZ74AYUXUIQ270QU6Q671Q8Z2CGL","33VSRLCQVHFD1FA99WBAF9UCJT3XCK","Ranking the Quality of AI Terminology Translation from English to Russian","In this task, you will compare the quality of translations for scientific terms generated by two different methods. The input will include an English term, a context paragraph where the term is used, and its translations in Russian.","Translation, AI Terminology, Multilingual, Ranking","$0.01","Fri Dec 06 03:41:19 PST 2024","5","BatchId:5277384;OriginalHitTemplateId:928390912;","3600","3600","Fri Dec 13 03:41:19 PST 2024","","","3PJUZCGDJOU4L9S9MEPC1OFEU1V98G","A35H5DUMZH86PC","Approved","Fri Dec 06 03:42:15 PST 2024","Fri Dec 06 04:38:35 PST 2024","Fri Dec 06 05:38:35 PST 2024","Fri Dec 06 05:39:35 PST 2024","","","3380","100% (40/40)","100% (40/40)","100% (40/40)","monolingual","монолингвальный","одноязычный","generated","сгенерированный","созданный","baselines","базовые модели","базовых линий","parsing","разбор","парсинг","linguistics","лингвистика","языкознания","true","false","false","true","true","false","true","true","false","false","false","false","false","false","false","false","false","false","false","false"
"3VGZ74AYUXUIQ270QU6Q671Q8Z2CGL","33VSRLCQVHFD1FA99WBAF9UCJT3XCK","Ranking the Quality of AI Terminology Translation from English to Russian","In this task, you will compare the quality of translations for scientific terms generated by two different methods. The input will include an English term, a context paragraph where the term is used, and its translations in Russian.","Translation, AI Terminology, Multilingual, Ranking","$0.01","Fri Dec 06 03:41:19 PST 2024","5","BatchId:5277384;OriginalHitTemplateId:928390912;","3600","3600","Fri Dec 13 03:41:19 PST 2024","","","32EYX73OYIN8N6V8JYQ3O1XXXESRU0","A2YVLMI4PRDECY","Approved","Fri Dec 06 03:42:14 PST 2024","Fri Dec 06 04:40:21 PST 2024","Fri Dec 06 05:40:21 PST 2024","Fri Dec 06 05:40:35 PST 2024","","","3487","100% (32/32)","100% (32/32)","100% (32/32)","monolingual","монолингвальный","одноязычный","generated","сгенерированный","созданный","baselines","базовые модели","базовых линий","parsing","разбор","парсинг","linguistics","лингвистика","языкознания","false","true","false","true","true","false","false","true","false","false","true","false","false","false","false","false","false","false","false","false"
"3VGZ74AYUXUIQ270QU6Q671Q8Z2CGL","33VSRLCQVHFD1FA99WBAF9UCJT3XCK","Ranking the Quality of AI Terminology Translation from English to Russian","In this task, you will compare the quality of translations for scientific terms generated by two different methods. The input will include an English term, a context paragraph where the term is used, and its translations in Russian.","Translation, AI Terminology, Multilingual, Ranking","$0.01","Fri Dec 06 03:41:19 PST 2024","5","BatchId:5277384;OriginalHitTemplateId:928390912;","3600","3600","Fri Dec 13 03:41:19 PST 2024","","","31Q0U3WYD7TIWQKV8WID8I10L5071H","AFYRAQ7N9RBMN","Approved","Fri Dec 06 05:42:07 PST 2024","Fri Dec 06 06:12:10 PST 2024","Fri Dec 06 07:12:10 PST 2024","Fri Dec 06 07:12:35 PST 2024","","","1803","100% (812/812)","100% (811/811)","100% (810/810)","monolingual","монолингвальный","одноязычный","generated","сгенерированный","созданный","baselines","базовые модели","базовых линий","parsing","разбор","парсинг","linguistics","лингвистика","языкознания","true","true","false","true","true","false","false","true","false","false","false","false","false","false","false","false","false","false","false","false"
"3PZDSVZ3KMVL5QB7KJD3DTYZHY74N8","33VSRLCQVHFD1FA99WBAF9UCJT3XCK","Ranking the Quality of AI Terminology Translation from English to Russian","In this task, you will compare the quality of translations for scientific terms generated by two different methods. The input will include an English term, a context paragraph where the term is used, and its translations in Russian.","Translation, AI Terminology, Multilingual, Ranking","$0.01","Fri Dec 06 03:41:19 PST 2024","5","BatchId:5277384;OriginalHitTemplateId:928390912;","3600","3600","Fri Dec 13 03:41:19 PST 2024","","","374TNBHA8T9PSE0DGKYSMWT5XG1QYW","A2P8U65V6NL7B5","Approved","Fri Dec 06 03:41:58 PST 2024","Fri Dec 06 03:54:35 PST 2024","Fri Dec 06 04:54:35 PST 2024","Fri Dec 06 04:55:35 PST 2024","","","757","100% (49/49)","100% (49/49)","100% (49/49)","QA","QA","Контроль качества","finetuning","дообучение","тонкая настройка","text","текст","текст ","biases","смещения","Предубеждения","propose","предложить","предлагать","false","true","true","false","false","false","false","false","true","true","true","false","false","false","false","false","false","false","false","false"
"3PZDSVZ3KMVL5QB7KJD3DTYZHY74N8","33VSRLCQVHFD1FA99WBAF9UCJT3XCK","Ranking the Quality of AI Terminology Translation from English to Russian","In this task, you will compare the quality of translations for scientific terms generated by two different methods. The input will include an English term, a context paragraph where the term is used, and its translations in Russian.","Translation, AI Terminology, Multilingual, Ranking","$0.01","Fri Dec 06 03:41:19 PST 2024","5","BatchId:5277384;OriginalHitTemplateId:928390912;","3600","3600","Fri Dec 13 03:41:19 PST 2024","","","33CID5710M7DLENCZUX6FGYYE9K3LF","AWGV35294HOYB","Approved","Fri Dec 06 03:42:11 PST 2024","Fri Dec 06 04:40:51 PST 2024","Fri Dec 06 05:40:51 PST 2024","Fri Dec 06 05:41:35 PST 2024","","","3520","100% (43/43)","100% (43/43)","100% (43/43)","QA","QA","Контроль качества","finetuning","дообучение","тонкая настройка","text","текст","текст ","biases","смещения","Предубеждения","propose","предложить","предлагать","false","true","true","true","false","false","false","false","false","true","true","false","false","false","false","false","false","false","false","false"
"3PZDSVZ3KMVL5QB7KJD3DTYZHY74N8","33VSRLCQVHFD1FA99WBAF9UCJT3XCK","Ranking the Quality of AI Terminology Translation from English to Russian","In this task, you will compare the quality of translations for scientific terms generated by two different methods. The input will include an English term, a context paragraph where the term is used, and its translations in Russian.","Translation, AI Terminology, Multilingual, Ranking","$0.01","Fri Dec 06 03:41:19 PST 2024","5","BatchId:5277384;OriginalHitTemplateId:928390912;","3600","3600","Fri Dec 13 03:41:19 PST 2024","","","33JKGHPFYU84V0Y7HPI0O7BTJW7MNO","A2E2FFMXS9F9KR","Approved","Fri Dec 06 04:43:08 PST 2024","Fri Dec 06 04:51:33 PST 2024","Fri Dec 06 05:51:33 PST 2024","Fri Dec 06 05:51:35 PST 2024","","","505","100% (51/51)","100% (51/51)","100% (51/51)","QA","QA","Контроль качества","finetuning","дообучение","тонкая настройка","text","текст","текст ","biases","смещения","Предубеждения","propose","предложить","предлагать","false","false","true","false","false","false","true","false","false","true","true","false","false","true","false","false","false","false","false","false"
"3PZDSVZ3KMVL5QB7KJD3DTYZHY74N8","33VSRLCQVHFD1FA99WBAF9UCJT3XCK","Ranking the Quality of AI Terminology Translation from English to Russian","In this task, you will compare the quality of translations for scientific terms generated by two different methods. The input will include an English term, a context paragraph where the term is used, and its translations in Russian.","Translation, AI Terminology, Multilingual, Ranking","$0.01","Fri Dec 06 03:41:19 PST 2024","5","BatchId:5277384;OriginalHitTemplateId:928390912;","3600","3600","Fri Dec 13 03:41:19 PST 2024","","","3K772S5NPQPE9GKJXTZ46F9OOH0HEC","A2D6SB3TU1NYQ7","Approved","Fri Dec 06 04:41:58 PST 2024","Fri Dec 06 05:03:30 PST 2024","Fri Dec 06 06:03:30 PST 2024","Fri Dec 06 06:03:35 PST 2024","","","1292","100% (45/45)","100% (45/45)","100% (45/45)","QA","QA","Контроль качества","finetuning","дообучение","тонкая настройка","text","текст","текст ","biases","смещения","Предубеждения","propose","предложить","предлагать","false","true","true","true","false","false","false","false","false","true","true","false","false","false","false","false","false","false","false","false"
"3PZDSVZ3KMVL5QB7KJD3DTYZHY74N8","33VSRLCQVHFD1FA99WBAF9UCJT3XCK","Ranking the Quality of AI Terminology Translation from English to Russian","In this task, you will compare the quality of translations for scientific terms generated by two different methods. The input will include an English term, a context paragraph where the term is used, and its translations in Russian.","Translation, AI Terminology, Multilingual, Ranking","$0.01","Fri Dec 06 03:41:19 PST 2024","5","BatchId:5277384;OriginalHitTemplateId:928390912;","3600","3600","Fri Dec 13 03:41:19 PST 2024","","","3WETL7AQWBMZJPKR77HZYR21SJJ53S","A2MZEUP2ECO1AI","Approved","Fri Dec 06 04:41:58 PST 2024","Fri Dec 06 05:30:48 PST 2024","Fri Dec 06 06:30:48 PST 2024","Fri Dec 06 06:31:35 PST 2024","","","2930","100% (34/34)","100% (34/34)","100% (34/34)","QA","QA","Контроль качества","finetuning","дообучение","тонкая настройка","text","текст","текст ","biases","смещения","Предубеждения","propose","предложить","предлагать","false","true","true","false","false","false","false","false","true","true","true","false","false","false","false","false","false","false","false","false"
"3RWO3EJEMYN4GCQ1DG7TJKWR5TY1PO","33VSRLCQVHFD1FA99WBAF9UCJT3XCK","Ranking the Quality of AI Terminology Translation from English to Russian","In this task, you will compare the quality of translations for scientific terms generated by two different methods. The input will include an English term, a context paragraph where the term is used, and its translations in Russian.","Translation, AI Terminology, Multilingual, Ranking","$0.01","Fri Dec 06 03:41:19 PST 2024","5","BatchId:5277384;OriginalHitTemplateId:928390912;","3600","3600","Fri Dec 13 03:41:19 PST 2024","","","3B2X28YI3ET05OOIRJ6A8GEDC67B65","A3MDTRJTDIDNX","Approved","Fri Dec 06 03:41:57 PST 2024","Fri Dec 06 03:53:44 PST 2024","Fri Dec 06 04:53:44 PST 2024","Fri Dec 06 04:54:35 PST 2024","","","707","100% (53/53)","100% (53/53)","100% (53/53)","linked","связанный","Связан","context","контекст","содержание","morphemes","морфемы","Морфем","neural","нейронный","Невральный","encoding","кодирование","кодировка","true","false","true","true","true","false","true","false","false","false","false","false","false","false","false","false","false","false","false","false"
"3RWO3EJEMYN4GCQ1DG7TJKWR5TY1PO","33VSRLCQVHFD1FA99WBAF9UCJT3XCK","Ranking the Quality of AI Terminology Translation from English to Russian","In this task, you will compare the quality of translations for scientific terms generated by two different methods. The input will include an English term, a context paragraph where the term is used, and its translations in Russian.","Translation, AI Terminology, Multilingual, Ranking","$0.01","Fri Dec 06 03:41:19 PST 2024","5","BatchId:5277384;OriginalHitTemplateId:928390912;","3600","3600","Fri Dec 13 03:41:19 PST 2024","","","31UV0MXWN8QE9S2ASAOM2X4QB1GI55","A2E2FFMXS9F9KR","Approved","Fri Dec 06 03:41:42 PST 2024","Fri Dec 06 04:33:03 PST 2024","Fri Dec 06 05:33:03 PST 2024","Fri Dec 06 05:33:35 PST 2024","","","3081","100% (51/51)","100% (51/51)","100% (51/51)","linked","связанный","Связан","context","контекст","содержание","morphemes","морфемы","Морфем","neural","нейронный","Невральный","encoding","кодирование","кодировка","true","false","true","true","true","false","true","false","false","false","false","false","false","false","false","false","false","false","false","false"
"3RWO3EJEMYN4GCQ1DG7TJKWR5TY1PO","33VSRLCQVHFD1FA99WBAF9UCJT3XCK","Ranking the Quality of AI Terminology Translation from English to Russian","In this task, you will compare the quality of translations for scientific terms generated by two different methods. The input will include an English term, a context paragraph where the term is used, and its translations in Russian.","Translation, AI Terminology, Multilingual, Ranking","$0.01","Fri Dec 06 03:41:19 PST 2024","5","BatchId:5277384;OriginalHitTemplateId:928390912;","3600","3600","Fri Dec 13 03:41:19 PST 2024","","","3LWJHTCVCU0JSNJIBU64XBMPR5BQFZ","A35H5DUMZH86PC","Approved","Fri Dec 06 03:41:49 PST 2024","Fri Dec 06 04:34:17 PST 2024","Fri Dec 06 05:34:17 PST 2024","Fri Dec 06 05:34:35 PST 2024","","","3148","100% (40/40)","100% (40/40)","100% (40/40)","linked","связанный","Связан","context","контекст","содержание","morphemes","морфемы","Морфем","neural","нейронный","Невральный","encoding","кодирование","кодировка","true","false","false","true","true","false","true","true","false","false","false","false","false","false","false","false","false","false","false","false"
"3RWO3EJEMYN4GCQ1DG7TJKWR5TY1PO","33VSRLCQVHFD1FA99WBAF9UCJT3XCK","Ranking the Quality of AI Terminology Translation from English to Russian","In this task, you will compare the quality of translations for scientific terms generated by two different methods. The input will include an English term, a context paragraph where the term is used, and its translations in Russian.","Translation, AI Terminology, Multilingual, Ranking","$0.01","Fri Dec 06 03:41:19 PST 2024","5","BatchId:5277384;OriginalHitTemplateId:928390912;","3600","3600","Fri Dec 13 03:41:19 PST 2024","","","3FIJLY1B6CIYSBI3BHRFX6WFM9OPF6","A3Q32FL0WWF4KZ","Approved","Fri Dec 06 04:42:03 PST 2024","Fri Dec 06 05:16:31 PST 2024","Fri Dec 06 06:16:31 PST 2024","Fri Dec 06 06:16:35 PST 2024","","","2068","100% (40/40)","100% (40/40)","100% (40/40)","linked","связанный","Связан","context","контекст","содержание","morphemes","морфемы","Морфем","neural","нейронный","Невральный","encoding","кодирование","кодировка","true","false","false","true","true","false","true","true","false","false","false","false","false","false","false","false","false","false","false","false"
"3RWO3EJEMYN4GCQ1DG7TJKWR5TY1PO","33VSRLCQVHFD1FA99WBAF9UCJT3XCK","Ranking the Quality of AI Terminology Translation from English to Russian","In this task, you will compare the quality of translations for scientific terms generated by two different methods. The input will include an English term, a context paragraph where the term is used, and its translations in Russian.","Translation, AI Terminology, Multilingual, Ranking","$0.01","Fri Dec 06 03:41:19 PST 2024","5","BatchId:5277384;OriginalHitTemplateId:928390912;","3600","3600","Fri Dec 13 03:41:19 PST 2024","","","3R0T90IZ1AQLCM5UHWBRVRXKO5ACGF","A2O4PW85X1GQA1","Approved","Fri Dec 06 04:41:55 PST 2024","Fri Dec 06 05:39:32 PST 2024","Fri Dec 06 06:39:32 PST 2024","Fri Dec 06 06:39:35 PST 2024","","","3457","100% (15/15)","100% (15/15)","100% (15/15)","linked","связанный","Связан","context","контекст","содержание","morphemes","морфемы","Морфем","neural","нейронный","Невральный","encoding","кодирование","кодировка","true","false","true","true","true","false","true","false","false","false","false","false","false","false","false","false","false","false","false","false"
"3URJ6VVYV613NBBJLYDGSIY478C4ON","33VSRLCQVHFD1FA99WBAF9UCJT3XCK","Ranking the Quality of AI Terminology Translation from English to Russian","In this task, you will compare the quality of translations for scientific terms generated by two different methods. The input will include an English term, a context paragraph where the term is used, and its translations in Russian.","Translation, AI Terminology, Multilingual, Ranking","$0.01","Fri Dec 06 03:41:19 PST 2024","5","BatchId:5277384;OriginalHitTemplateId:928390912;","3600","3600","Fri Dec 13 03:41:19 PST 2024","","","31N2WW6R994RLMDGDJU8K3TEHDX3F9","A2WPXOAESFQ5TS","Approved","Fri Dec 06 03:41:39 PST 2024","Fri Dec 06 04:03:18 PST 2024","Fri Dec 06 05:03:18 PST 2024","Fri Dec 06 05:03:35 PST 2024","","","1299","100% (4/4)","100% (4/4)","100% (4/4)","methods","методы","методика","namely","а именно","именно","token","токен","жетон","PubMed","PubMed","ПабМед","labeled","размеченный","обозначеный","false","false","false","false","false","true","true","true","true","true","false","false","false","false","false","false","false","false","false","false"
"3URJ6VVYV613NBBJLYDGSIY478C4ON","33VSRLCQVHFD1FA99WBAF9UCJT3XCK","Ranking the Quality of AI Terminology Translation from English to Russian","In this task, you will compare the quality of translations for scientific terms generated by two different methods. The input will include an English term, a context paragraph where the term is used, and its translations in Russian.","Translation, AI Terminology, Multilingual, Ranking","$0.01","Fri Dec 06 03:41:19 PST 2024","5","BatchId:5277384;OriginalHitTemplateId:928390912;","3600","3600","Fri Dec 13 03:41:19 PST 2024","","","3CFJTT4SXB4TWWGTG33J0HIM27BI7K","A2D6SB3TU1NYQ7","Approved","Fri Dec 06 03:41:42 PST 2024","Fri Dec 06 04:23:04 PST 2024","Fri Dec 06 05:23:04 PST 2024","Fri Dec 06 05:23:35 PST 2024","","","2482","100% (45/45)","100% (45/45)","100% (45/45)","methods","методы","методика","namely","а именно","именно","token","токен","жетон","PubMed","PubMed","ПабМед","labeled","размеченный","обозначеный","true","true","false","true","false","false","false","true","false","true","false","false","false","false","false","false","false","false","false","false"
"3URJ6VVYV613NBBJLYDGSIY478C4ON","33VSRLCQVHFD1FA99WBAF9UCJT3XCK","Ranking the Quality of AI Terminology Translation from English to Russian","In this task, you will compare the quality of translations for scientific terms generated by two different methods. The input will include an English term, a context paragraph where the term is used, and its translations in Russian.","Translation, AI Terminology, Multilingual, Ranking","$0.01","Fri Dec 06 03:41:19 PST 2024","5","BatchId:5277384;OriginalHitTemplateId:928390912;","3600","3600","Fri Dec 13 03:41:19 PST 2024","","","3SNVL38CIM6QE81D7NW6TJPDVNYCKR","A3MDTRJTDIDNX","Approved","Fri Dec 06 04:43:09 PST 2024","Fri Dec 06 05:24:50 PST 2024","Fri Dec 06 06:24:50 PST 2024","Fri Dec 06 06:25:35 PST 2024","","","2501","100% (53/53)","100% (53/53)","100% (53/53)","methods","методы","методика","namely","а именно","именно","token","токен","жетон","PubMed","PubMed","ПабМед","labeled","размеченный","обозначеный","true","true","false","true","false","false","false","true","false","true","false","false","false","false","false","false","false","false","false","false"
"3URJ6VVYV613NBBJLYDGSIY478C4ON","33VSRLCQVHFD1FA99WBAF9UCJT3XCK","Ranking the Quality of AI Terminology Translation from English to Russian","In this task, you will compare the quality of translations for scientific terms generated by two different methods. The input will include an English term, a context paragraph where the term is used, and its translations in Russian.","Translation, AI Terminology, Multilingual, Ranking","$0.01","Fri Dec 06 03:41:19 PST 2024","5","BatchId:5277384;OriginalHitTemplateId:928390912;","3600","3600","Fri Dec 13 03:41:19 PST 2024","","","36ZN444YT9C0H28SXPKLB34HSWLIOA","A13QHI6P2C910K","Approved","Fri Dec 06 04:42:38 PST 2024","Fri Dec 06 05:37:34 PST 2024","Fri Dec 06 06:37:34 PST 2024","Fri Dec 06 06:37:35 PST 2024","","","3296","100% (39/39)","100% (39/39)","100% (39/39)","methods","методы","методика","namely","а именно","именно","token","токен","жетон","PubMed","PubMed","ПабМед","labeled","размеченный","обозначеный","true","true","false","true","false","false","false","true","false","true","false","false","false","false","false","false","false","false","false","false"
"3URJ6VVYV613NBBJLYDGSIY478C4ON","33VSRLCQVHFD1FA99WBAF9UCJT3XCK","Ranking the Quality of AI Terminology Translation from English to Russian","In this task, you will compare the quality of translations for scientific terms generated by two different methods. The input will include an English term, a context paragraph where the term is used, and its translations in Russian.","Translation, AI Terminology, Multilingual, Ranking","$0.01","Fri Dec 06 03:41:19 PST 2024","5","BatchId:5277384;OriginalHitTemplateId:928390912;","3600","3600","Fri Dec 13 03:41:19 PST 2024","","","3QILPRALQN9PABW3NO8HJPAYZV8N8Z","AWGV35294HOYB","Approved","Fri Dec 06 07:46:16 PST 2024","Fri Dec 06 07:48:42 PST 2024","Fri Dec 06 08:48:42 PST 2024","Fri Dec 06 08:49:35 PST 2024","","","146","100% (43/43)","100% (43/43)","100% (43/43)","methods","методы","методика","namely","а именно","именно","token","токен","жетон","PubMed","PubMed","ПабМед","labeled","размеченный","обозначеный","false","false","false","true","false","true","true","true","false","true","false","false","false","false","false","false","false","false","false","false"
"3QXFBUZ401UECWO0CLRQ0DNWFZ8UGC","33VSRLCQVHFD1FA99WBAF9UCJT3XCK","Ranking the Quality of AI Terminology Translation from English to Russian","In this task, you will compare the quality of translations for scientific terms generated by two different methods. The input will include an English term, a context paragraph where the term is used, and its translations in Russian.","Translation, AI Terminology, Multilingual, Ranking","$0.01","Fri Dec 06 03:41:19 PST 2024","5","BatchId:5277384;OriginalHitTemplateId:928390912;","3600","3600","Fri Dec 13 03:41:19 PST 2024","","","37TRT2X2485CTJ3PB20ZHKJIYCRJBJ","A3MDTRJTDIDNX","Approved","Fri Dec 06 03:41:59 PST 2024","Fri Dec 06 03:54:19 PST 2024","Fri Dec 06 04:54:19 PST 2024","Fri Dec 06 04:54:35 PST 2024","","","740","100% (53/53)","100% (53/53)","100% (53/53)","heuristic","эвристика","эвристический","unsupervised","неконтролируемый","Безнадзорный","utterances","высказывания","Высказываний","1D convolution","1D свёртка","1D свертка","2D convolution","2D свёртка","2D свертка","false","true","false","true","true","true","false","true","false","false","false","false","false","false","false","false","false","false","false","false"
"3QXFBUZ401UECWO0CLRQ0DNWFZ8UGC","33VSRLCQVHFD1FA99WBAF9UCJT3XCK","Ranking the Quality of AI Terminology Translation from English to Russian","In this task, you will compare the quality of translations for scientific terms generated by two different methods. The input will include an English term, a context paragraph where the term is used, and its translations in Russian.","Translation, AI Terminology, Multilingual, Ranking","$0.01","Fri Dec 06 03:41:19 PST 2024","5","BatchId:5277384;OriginalHitTemplateId:928390912;","3600","3600","Fri Dec 13 03:41:19 PST 2024","","","3KJYX6QCMRPR2X1VGJRZIWDP147VJ1","AC4I7XU10MQXK","Approved","Fri Dec 06 03:41:50 PST 2024","Fri Dec 06 04:15:30 PST 2024","Fri Dec 06 05:15:30 PST 2024","Fri Dec 06 05:15:35 PST 2024","","","2020","100% (58/58)","100% (58/58)","100% (58/58)","heuristic","эвристика","эвристический","unsupervised","неконтролируемый","Безнадзорный","utterances","высказывания","Высказываний","1D convolution","1D свёртка","1D свертка","2D convolution","2D свёртка","2D свертка","false","false","false","true","true","true","true","true","false","false","false","false","false","false","false","false","false","false","false","false"
"3QXFBUZ401UECWO0CLRQ0DNWFZ8UGC","33VSRLCQVHFD1FA99WBAF9UCJT3XCK","Ranking the Quality of AI Terminology Translation from English to Russian","In this task, you will compare the quality of translations for scientific terms generated by two different methods. The input will include an English term, a context paragraph where the term is used, and its translations in Russian.","Translation, AI Terminology, Multilingual, Ranking","$0.01","Fri Dec 06 03:41:19 PST 2024","5","BatchId:5277384;OriginalHitTemplateId:928390912;","3600","3600","Fri Dec 13 03:41:19 PST 2024","","","3KGTPGBS6FZRJMEN48B2NTPPLMC2UW","A2E2FFMXS9F9KR","Approved","Fri Dec 06 03:41:33 PST 2024","Fri Dec 06 04:31:51 PST 2024","Fri Dec 06 05:31:51 PST 2024","Fri Dec 06 05:32:35 PST 2024","","","3018","100% (51/51)","100% (51/51)","100% (51/51)","heuristic","эвристика","эвристический","unsupervised","неконтролируемый","Безнадзорный","utterances","высказывания","Высказываний","1D convolution","1D свёртка","1D свертка","2D convolution","2D свёртка","2D свертка","false","true","false","true","true","true","false","true","false","false","false","false","false","false","false","false","false","false","false","false"
"3QXFBUZ401UECWO0CLRQ0DNWFZ8UGC","33VSRLCQVHFD1FA99WBAF9UCJT3XCK","Ranking the Quality of AI Terminology Translation from English to Russian","In this task, you will compare the quality of translations for scientific terms generated by two different methods. The input will include an English term, a context paragraph where the term is used, and its translations in Russian.","Translation, AI Terminology, Multilingual, Ranking","$0.01","Fri Dec 06 03:41:19 PST 2024","5","BatchId:5277384;OriginalHitTemplateId:928390912;","3600","3600","Fri Dec 13 03:41:19 PST 2024","","","3OS46CRSLXDFE2MOW0XA9S8KFYN6V6","A38SYZRVLTMOFG","Approved","Fri Dec 06 04:42:02 PST 2024","Fri Dec 06 05:19:50 PST 2024","Fri Dec 06 06:19:50 PST 2024","Fri Dec 06 06:20:35 PST 2024","","","2268","100% (49/49)","100% (49/49)","100% (49/49)","heuristic","эвристика","эвристический","unsupervised","неконтролируемый","Безнадзорный","utterances","высказывания","Высказываний","1D convolution","1D свёртка","1D свертка","2D convolution","2D свёртка","2D свертка","false","false","false","true","true","true","true","true","false","false","false","false","false","false","false","false","false","false","false","false"
"3QXFBUZ401UECWO0CLRQ0DNWFZ8UGC","33VSRLCQVHFD1FA99WBAF9UCJT3XCK","Ranking the Quality of AI Terminology Translation from English to Russian","In this task, you will compare the quality of translations for scientific terms generated by two different methods. The input will include an English term, a context paragraph where the term is used, and its translations in Russian.","Translation, AI Terminology, Multilingual, Ranking","$0.01","Fri Dec 06 03:41:19 PST 2024","5","BatchId:5277384;OriginalHitTemplateId:928390912;","3600","3600","Fri Dec 13 03:41:19 PST 2024","","","3U4J9857OWPJ9O2NATB2EUE97J7B7O","A19I2ZK220NTAE","Approved","Fri Dec 06 05:43:44 PST 2024","Fri Dec 06 05:49:57 PST 2024","Fri Dec 06 06:49:57 PST 2024","Fri Dec 06 06:50:35 PST 2024","","","373","100% (32/32)","100% (32/32)","100% (32/32)","heuristic","эвристика","эвристический","unsupervised","неконтролируемый","Безнадзорный","utterances","высказывания","Высказываний","1D convolution","1D свёртка","1D свертка","2D convolution","2D свёртка","2D свертка","true","false","false","true","true","false","true","true","false","false","false","false","false","false","false","false","false","false","false","false"
"3VEI3XUC08BS9HPIBAM8PBE49RRRP9","33VSRLCQVHFD1FA99WBAF9UCJT3XCK","Ranking the Quality of AI Terminology Translation from English to Russian","In this task, you will compare the quality of translations for scientific terms generated by two different methods. The input will include an English term, a context paragraph where the term is used, and its translations in Russian.","Translation, AI Terminology, Multilingual, Ranking","$0.01","Fri Dec 06 03:41:19 PST 2024","5","BatchId:5277384;OriginalHitTemplateId:928390912;","3600","3600","Fri Dec 13 03:41:19 PST 2024","","","3QECW5O0KZF4I6ILMMNQG46ZMIWT5X","A1MW1UNSOFPB4F","Approved","Fri Dec 06 03:41:53 PST 2024","Fri Dec 06 03:42:30 PST 2024","Fri Dec 06 04:42:30 PST 2024","Fri Dec 06 04:42:35 PST 2024","","","37","100% (19/19)","100% (19/19)","100% (19/19)","3D convolutional network","3D свёрточная сеть","3D-сверточная сеть","3D point cloud","3D-облако точек","3D-точечное облако","A/B test","А/Б-тестирование","A/B тест","Ablation study","исследование с абляцией","исследование абляции","Adam optimizer","оптимизатор Адам","оптимизатор Adam","false","false","false","false","false","true","true","false","true","false","false","false","true","false","true","false","false","false","false","false"
"3VEI3XUC08BS9HPIBAM8PBE49RRRP9","33VSRLCQVHFD1FA99WBAF9UCJT3XCK","Ranking the Quality of AI Terminology Translation from English to Russian","In this task, you will compare the quality of translations for scientific terms generated by two different methods. The input will include an English term, a context paragraph where the term is used, and its translations in Russian.","Translation, AI Terminology, Multilingual, Ranking","$0.01","Fri Dec 06 03:41:19 PST 2024","5","BatchId:5277384;OriginalHitTemplateId:928390912;","3600","3600","Fri Dec 13 03:41:19 PST 2024","","","3907X2AHFIJERH6RNMC8DN2QD5KP2N","A2D6SB3TU1NYQ7","Approved","Fri Dec 06 03:42:05 PST 2024","Fri Dec 06 04:24:29 PST 2024","Fri Dec 06 05:24:29 PST 2024","Fri Dec 06 05:24:35 PST 2024","","","2544","100% (45/45)","100% (45/45)","100% (45/45)","3D convolutional network","3D свёрточная сеть","3D-сверточная сеть","3D point cloud","3D-облако точек","3D-точечное облако","A/B test","А/Б-тестирование","A/B тест","Ablation study","исследование с абляцией","исследование абляции","Adam optimizer","оптимизатор Адам","оптимизатор Adam","true","true","true","true","true","false","false","false","false","false","false","false","false","false","false","false","false","false","false","false"
"3VEI3XUC08BS9HPIBAM8PBE49RRRP9","33VSRLCQVHFD1FA99WBAF9UCJT3XCK","Ranking the Quality of AI Terminology Translation from English to Russian","In this task, you will compare the quality of translations for scientific terms generated by two different methods. The input will include an English term, a context paragraph where the term is used, and its translations in Russian.","Translation, AI Terminology, Multilingual, Ranking","$0.01","Fri Dec 06 03:41:19 PST 2024","5","BatchId:5277384;OriginalHitTemplateId:928390912;","3600","3600","Fri Dec 13 03:41:19 PST 2024","","","3ZR9AIQJUTNL6EHUAFG6R1YGPCB400","A2E2FFMXS9F9KR","Approved","Fri Dec 06 04:42:40 PST 2024","Fri Dec 06 04:50:25 PST 2024","Fri Dec 06 05:50:25 PST 2024","Fri Dec 06 05:50:35 PST 2024","","","465","100% (51/51)","100% (51/51)","100% (51/51)","3D convolutional network","3D свёрточная сеть","3D-сверточная сеть","3D point cloud","3D-облако точек","3D-точечное облако","A/B test","А/Б-тестирование","A/B тест","Ablation study","исследование с абляцией","исследование абляции","Adam optimizer","оптимизатор Адам","оптимизатор Adam","true","true","true","false","true","false","false","false","false","false","false","false","false","true","false","false","false","false","false","false"
"3VEI3XUC08BS9HPIBAM8PBE49RRRP9","33VSRLCQVHFD1FA99WBAF9UCJT3XCK","Ranking the Quality of AI Terminology Translation from English to Russian","In this task, you will compare the quality of translations for scientific terms generated by two different methods. The input will include an English term, a context paragraph where the term is used, and its translations in Russian.","Translation, AI Terminology, Multilingual, Ranking","$0.01","Fri Dec 06 03:41:19 PST 2024","5","BatchId:5277384;OriginalHitTemplateId:928390912;","3600","3600","Fri Dec 13 03:41:19 PST 2024","","","3RSDURM96S00VBA87T3SSF4REDDEY8","A30IGMGSC7G2HM","Approved","Fri Dec 06 04:42:00 PST 2024","Fri Dec 06 04:51:16 PST 2024","Fri Dec 06 05:51:16 PST 2024","Fri Dec 06 05:51:35 PST 2024","","","556","100% (24/24)","100% (24/24)","100% (24/24)","3D convolutional network","3D свёрточная сеть","3D-сверточная сеть","3D point cloud","3D-облако точек","3D-точечное облако","A/B test","А/Б-тестирование","A/B тест","Ablation study","исследование с абляцией","исследование абляции","Adam optimizer","оптимизатор Адам","оптимизатор Adam","true","true","true","true","false","false","false","false","false","true","false","false","false","false","false","false","false","false","false","false"
"3VEI3XUC08BS9HPIBAM8PBE49RRRP9","33VSRLCQVHFD1FA99WBAF9UCJT3XCK","Ranking the Quality of AI Terminology Translation from English to Russian","In this task, you will compare the quality of translations for scientific terms generated by two different methods. The input will include an English term, a context paragraph where the term is used, and its translations in Russian.","Translation, AI Terminology, Multilingual, Ranking","$0.01","Fri Dec 06 03:41:19 PST 2024","5","BatchId:5277384;OriginalHitTemplateId:928390912;","3600","3600","Fri Dec 13 03:41:19 PST 2024","","","3DR23U6WENS4EPBEXNGTKYCCZC2ETS","A39PWDRYNY2WM0","Approved","Fri Dec 06 05:48:03 PST 2024","Fri Dec 06 06:08:16 PST 2024","Fri Dec 06 07:08:16 PST 2024","Fri Dec 06 07:08:35 PST 2024","","","1213","100% (55/55)","100% (55/55)","100% (55/55)","3D convolutional network","3D свёрточная сеть","3D-сверточная сеть","3D point cloud","3D-облако точек","3D-точечное облако","A/B test","А/Б-тестирование","A/B тест","Ablation study","исследование с абляцией","исследование абляции","Adam optimizer","оптимизатор Адам","оптимизатор Adam","true","true","true","false","true","false","false","false","true","false","false","false","false","false","false","false","false","false","false","false"
"3HXCEECSR37VKM3ACEC4O59FMDDYZ3","33VSRLCQVHFD1FA99WBAF9UCJT3XCK","Ranking the Quality of AI Terminology Translation from English to Russian","In this task, you will compare the quality of translations for scientific terms generated by two different methods. The input will include an English term, a context paragraph where the term is used, and its translations in Russian.","Translation, AI Terminology, Multilingual, Ranking","$0.01","Fri Dec 06 03:41:19 PST 2024","5","BatchId:5277384;OriginalHitTemplateId:928390912;","3600","3600","Fri Dec 13 03:41:19 PST 2024","","","3OB0CAO74Z3CFL1AXUBYDI146T5YH8","A3OAFR48DADAOM","Approved","Fri Dec 06 03:42:15 PST 2024","Fri Dec 06 04:22:52 PST 2024","Fri Dec 06 05:22:52 PST 2024","Fri Dec 06 05:23:35 PST 2024","","","2437","100% (41/41)","100% (41/41)","100% (41/41)","Bonferroni correction","Поправка Бонферрони","коррекция Бонферрони","Chamfer Distance","Расстояние Чамфера","расстояние Шамфера","Corpora","Корпора","корпуса","Fourier feature","характеристика Фурье","Признак Фурье","Gaussian elimination","гауссово исключение","метод Гаусса","true","false","false","false","true","false","true","false","false","false","false","false","true","true","false","false","false","false","false","false"
"3HXCEECSR37VKM3ACEC4O59FMDDYZ3","33VSRLCQVHFD1FA99WBAF9UCJT3XCK","Ranking the Quality of AI Terminology Translation from English to Russian","In this task, you will compare the quality of translations for scientific terms generated by two different methods. The input will include an English term, a context paragraph where the term is used, and its translations in Russian.","Translation, AI Terminology, Multilingual, Ranking","$0.01","Fri Dec 06 03:41:19 PST 2024","5","BatchId:5277384;OriginalHitTemplateId:928390912;","3600","3600","Fri Dec 13 03:41:19 PST 2024","","","3483FV8BEWX6HBOM8QDZ7NB9I0U62Y","A2E2FFMXS9F9KR","Approved","Fri Dec 06 04:42:19 PST 2024","Fri Dec 06 04:49:55 PST 2024","Fri Dec 06 05:49:55 PST 2024","Fri Dec 06 05:50:35 PST 2024","","","456","100% (51/51)","100% (51/51)","100% (51/51)","Bonferroni correction","Поправка Бонферрони","коррекция Бонферрони","Chamfer Distance","Расстояние Чамфера","расстояние Шамфера","Corpora","Корпора","корпуса","Fourier feature","характеристика Фурье","Признак Фурье","Gaussian elimination","гауссово исключение","метод Гаусса","true","false","false","false","true","false","true","false","false","false","false","false","true","true","false","false","false","false","false","false"
"3HXCEECSR37VKM3ACEC4O59FMDDYZ3","33VSRLCQVHFD1FA99WBAF9UCJT3XCK","Ranking the Quality of AI Terminology Translation from English to Russian","In this task, you will compare the quality of translations for scientific terms generated by two different methods. The input will include an English term, a context paragraph where the term is used, and its translations in Russian.","Translation, AI Terminology, Multilingual, Ranking","$0.01","Fri Dec 06 03:41:19 PST 2024","5","BatchId:5277384;OriginalHitTemplateId:928390912;","3600","3600","Fri Dec 13 03:41:19 PST 2024","","","3CFJTT4SXB4TWWGTG33J0HIM27B7I9","AC4I7XU10MQXK","Approved","Fri Dec 06 04:42:00 PST 2024","Fri Dec 06 05:25:01 PST 2024","Fri Dec 06 06:25:01 PST 2024","Fri Dec 06 06:25:35 PST 2024","","","2581","100% (58/58)","100% (58/58)","100% (58/58)","Bonferroni correction","Поправка Бонферрони","коррекция Бонферрони","Chamfer Distance","Расстояние Чамфера","расстояние Шамфера","Corpora","Корпора","корпуса","Fourier feature","характеристика Фурье","Признак Фурье","Gaussian elimination","гауссово исключение","метод Гаусса","true","false","false","false","true","false","true","false","false","false","false","false","true","true","false","false","false","false","false","false"
"3HXCEECSR37VKM3ACEC4O59FMDDYZ3","33VSRLCQVHFD1FA99WBAF9UCJT3XCK","Ranking the Quality of AI Terminology Translation from English to Russian","In this task, you will compare the quality of translations for scientific terms generated by two different methods. The input will include an English term, a context paragraph where the term is used, and its translations in Russian.","Translation, AI Terminology, Multilingual, Ranking","$0.01","Fri Dec 06 03:41:19 PST 2024","5","BatchId:5277384;OriginalHitTemplateId:928390912;","3600","3600","Fri Dec 13 03:41:19 PST 2024","","","3ATPCQ38JQOX5YTWRO16WWE0TZLYA5","A2P8U65V6NL7B5","Approved","Fri Dec 06 04:42:32 PST 2024","Fri Dec 06 05:34:47 PST 2024","Fri Dec 06 06:34:47 PST 2024","Fri Dec 06 06:35:35 PST 2024","","","3135","100% (49/49)","100% (49/49)","100% (49/49)","Bonferroni correction","Поправка Бонферрони","коррекция Бонферрони","Chamfer Distance","Расстояние Чамфера","расстояние Шамфера","Corpora","Корпора","корпуса","Fourier feature","характеристика Фурье","Признак Фурье","Gaussian elimination","гауссово исключение","метод Гаусса","true","false","false","true","false","false","true","false","false","true","false","false","true","false","false","false","false","false","false","false"
"3HXCEECSR37VKM3ACEC4O59FMDDYZ3","33VSRLCQVHFD1FA99WBAF9UCJT3XCK","Ranking the Quality of AI Terminology Translation from English to Russian","In this task, you will compare the quality of translations for scientific terms generated by two different methods. The input will include an English term, a context paragraph where the term is used, and its translations in Russian.","Translation, AI Terminology, Multilingual, Ranking","$0.01","Fri Dec 06 03:41:19 PST 2024","5","BatchId:5277384;OriginalHitTemplateId:928390912;","3600","3600","Fri Dec 13 03:41:19 PST 2024","","","3R0T90IZ1AQLCM5UHWBRVRXKO7QGC3","AQWQPE8JO0M04","Approved","Fri Dec 06 05:43:54 PST 2024","Fri Dec 06 05:47:05 PST 2024","Fri Dec 06 06:47:05 PST 2024","Fri Dec 06 06:47:35 PST 2024","","","191","100% (4/4)","100% (4/4)","100% (4/4)","Bonferroni correction","Поправка Бонферрони","коррекция Бонферрони","Chamfer Distance","Расстояние Чамфера","расстояние Шамфера","Corpora","Корпора","корпуса","Fourier feature","характеристика Фурье","Признак Фурье","Gaussian elimination","гауссово исключение","метод Гаусса","true","false","false","false","true","false","true","false","false","false","false","false","false","true","false","false","false","false","false","false"
"3EKZL9T8ZP0WQY2BA0O8R7DRNZFCHK","33VSRLCQVHFD1FA99WBAF9UCJT3XCK","Ranking the Quality of AI Terminology Translation from English to Russian","In this task, you will compare the quality of translations for scientific terms generated by two different methods. The input will include an English term, a context paragraph where the term is used, and its translations in Russian.","Translation, AI Terminology, Multilingual, Ranking","$0.01","Fri Dec 06 03:41:19 PST 2024","5","BatchId:5277384;OriginalHitTemplateId:928390912;","3600","3600","Fri Dec 13 03:41:19 PST 2024","","","39JEC7537CF4UJVP6RADVS0UBKYCV4","AC4I7XU10MQXK","Approved","Fri Dec 06 03:41:45 PST 2024","Fri Dec 06 04:13:34 PST 2024","Fri Dec 06 05:13:34 PST 2024","Fri Dec 06 05:13:35 PST 2024","","","1909","100% (58/58)","100% (58/58)","100% (58/58)","Hessian-vector product","Произведение гессиана и вектора","произведение Гессе-вектор","Information Retrieval","Поиск информации","Извлечение информации","K-Means","метод K-средних","K-средних","Laplace smoothing","Сглаживание по Лапласу","сглаживание Лапласа","Laplace-Beltrami operator","оператор Лапласа—Бельтрами","оператор Лапласа-Бельтрамми","false","true","true","true","false","true","false","false","false","true","false","false","false","false","false","false","false","false","false","false"
"3EKZL9T8ZP0WQY2BA0O8R7DRNZFCHK","33VSRLCQVHFD1FA99WBAF9UCJT3XCK","Ranking the Quality of AI Terminology Translation from English to Russian","In this task, you will compare the quality of translations for scientific terms generated by two different methods. The input will include an English term, a context paragraph where the term is used, and its translations in Russian.","Translation, AI Terminology, Multilingual, Ranking","$0.01","Fri Dec 06 03:41:19 PST 2024","5","BatchId:5277384;OriginalHitTemplateId:928390912;","3600","3600","Fri Dec 13 03:41:19 PST 2024","","","3N1FSUEFLNEF5YIOMR4168IZJ0DD4T","A11B7MUC7UTFKN","Approved","Fri Dec 06 03:41:48 PST 2024","Fri Dec 06 04:20:40 PST 2024","Fri Dec 06 05:20:40 PST 2024","Fri Dec 06 05:21:35 PST 2024","","","2332","100% (36/36)","100% (36/36)","100% (36/36)","Hessian-vector product","Произведение гессиана и вектора","произведение Гессе-вектор","Information Retrieval","Поиск информации","Извлечение информации","K-Means","метод K-средних","K-средних","Laplace smoothing","Сглаживание по Лапласу","сглаживание Лапласа","Laplace-Beltrami operator","оператор Лапласа—Бельтрами","оператор Лапласа-Бельтрамми","false","true","true","true","false","true","false","false","false","true","false","false","false","false","false","false","false","false","false","false"
"3EKZL9T8ZP0WQY2BA0O8R7DRNZFCHK","33VSRLCQVHFD1FA99WBAF9UCJT3XCK","Ranking the Quality of AI Terminology Translation from English to Russian","In this task, you will compare the quality of translations for scientific terms generated by two different methods. The input will include an English term, a context paragraph where the term is used, and its translations in Russian.","Translation, AI Terminology, Multilingual, Ranking","$0.01","Fri Dec 06 03:41:19 PST 2024","5","BatchId:5277384;OriginalHitTemplateId:928390912;","3600","3600","Fri Dec 13 03:41:19 PST 2024","","","3JPSL1DZ5AD3TZPIKMSVFGGTPEBANJ","A35H5DUMZH86PC","Approved","Fri Dec 06 03:41:49 PST 2024","Fri Dec 06 04:33:38 PST 2024","Fri Dec 06 05:33:38 PST 2024","Fri Dec 06 05:34:35 PST 2024","","","3109","100% (40/40)","100% (40/40)","100% (40/40)","Hessian-vector product","Произведение гессиана и вектора","произведение Гессе-вектор","Information Retrieval","Поиск информации","Извлечение информации","K-Means","метод K-средних","K-средних","Laplace smoothing","Сглаживание по Лапласу","сглаживание Лапласа","Laplace-Beltrami operator","оператор Лапласа—Бельтрами","оператор Лапласа-Бельтрамми","false","true","false","false","false","true","false","true","true","true","false","false","false","false","false","false","false","false","false","false"
"3EKZL9T8ZP0WQY2BA0O8R7DRNZFCHK","33VSRLCQVHFD1FA99WBAF9UCJT3XCK","Ranking the Quality of AI Terminology Translation from English to Russian","In this task, you will compare the quality of translations for scientific terms generated by two different methods. The input will include an English term, a context paragraph where the term is used, and its translations in Russian.","Translation, AI Terminology, Multilingual, Ranking","$0.01","Fri Dec 06 03:41:19 PST 2024","5","BatchId:5277384;OriginalHitTemplateId:928390912;","3600","3600","Fri Dec 13 03:41:19 PST 2024","","","3XM0HYN6N2D6MXI7G679FOBFA9GEPM","A11JXYZDAUX0UP","Approved","Fri Dec 06 04:42:04 PST 2024","Fri Dec 06 05:41:06 PST 2024","Fri Dec 06 06:41:06 PST 2024","Fri Dec 06 06:41:35 PST 2024","","","3542","100% (1186/1186)","100% (1186/1186)","100% (1184/1184)","Hessian-vector product","Произведение гессиана и вектора","произведение Гессе-вектор","Information Retrieval","Поиск информации","Извлечение информации","K-Means","метод K-средних","K-средних","Laplace smoothing","Сглаживание по Лапласу","сглаживание Лапласа","Laplace-Beltrami operator","оператор Лапласа—Бельтрами","оператор Лапласа-Бельтрамми","false","true","false","true","false","true","false","true","false","true","false","false","false","false","false","false","false","false","false","false"
"3EKZL9T8ZP0WQY2BA0O8R7DRNZFCHK","33VSRLCQVHFD1FA99WBAF9UCJT3XCK","Ranking the Quality of AI Terminology Translation from English to Russian","In this task, you will compare the quality of translations for scientific terms generated by two different methods. The input will include an English term, a context paragraph where the term is used, and its translations in Russian.","Translation, AI Terminology, Multilingual, Ranking","$0.01","Fri Dec 06 03:41:19 PST 2024","5","BatchId:5277384;OriginalHitTemplateId:928390912;","3600","3600","Fri Dec 13 03:41:19 PST 2024","","","3EF8EXOTTJ9BGLLX957AB869C2FJ1J","A251BWQW2F81FT","Approved","Fri Dec 06 05:42:39 PST 2024","Fri Dec 06 05:47:25 PST 2024","Fri Dec 06 06:47:25 PST 2024","Fri Dec 06 06:47:35 PST 2024","","","286","100% (31/31)","100% (31/31)","100% (31/31)","Hessian-vector product","Произведение гессиана и вектора","произведение Гессе-вектор","Information Retrieval","Поиск информации","Извлечение информации","K-Means","метод K-средних","K-средних","Laplace smoothing","Сглаживание по Лапласу","сглаживание Лапласа","Laplace-Beltrami operator","оператор Лапласа—Бельтрами","оператор Лапласа-Бельтрамми","false","true","true","true","false","true","false","false","false","true","false","false","false","false","false","false","false","false","false","false"
"391FPZIE5T0SCSJBWR98LDZXUZLUHB","33VSRLCQVHFD1FA99WBAF9UCJT3XCK","Ranking the Quality of AI Terminology Translation from English to Russian","In this task, you will compare the quality of translations for scientific terms generated by two different methods. The input will include an English term, a context paragraph where the term is used, and its translations in Russian.","Translation, AI Terminology, Multilingual, Ranking","$0.01","Fri Dec 06 03:41:19 PST 2024","5","BatchId:5277384;OriginalHitTemplateId:928390912;","3600","3600","Fri Dec 13 03:41:19 PST 2024","","","33JKGHPFYU84V0Y7HPI0O7BTJV0MNF","A1MW1UNSOFPB4F","Approved","Fri Dec 06 03:42:08 PST 2024","Fri Dec 06 03:47:00 PST 2024","Fri Dec 06 04:47:00 PST 2024","Fri Dec 06 04:47:35 PST 2024","","","292","100% (19/19)","100% (19/19)","100% (19/19)","Laplacian matrix","лапласова матрица","матрица Лапласа","Linear Threshold Model","Линейная пороговая модель","модель линейного порога","Longformer","Лонгформер","Longformer","Markov assumption","марковское предположение","Предположение Маркова","Markov process","Марковский процесс","Процесс Маркова","false","false","false","false","false","true","false","false","true","true","false","true","true","false","false","false","false","false","false","false"
"391FPZIE5T0SCSJBWR98LDZXUZLUHB","33VSRLCQVHFD1FA99WBAF9UCJT3XCK","Ranking the Quality of AI Terminology Translation from English to Russian","In this task, you will compare the quality of translations for scientific terms generated by two different methods. The input will include an English term, a context paragraph where the term is used, and its translations in Russian.","Translation, AI Terminology, Multilingual, Ranking","$0.01","Fri Dec 06 03:41:19 PST 2024","5","BatchId:5277384;OriginalHitTemplateId:928390912;","3600","3600","Fri Dec 13 03:41:19 PST 2024","","","339ANSOTRNGHRBNDZXSS4MN88RBIKQ","A2P8U65V6NL7B5","Approved","Fri Dec 06 03:41:49 PST 2024","Fri Dec 06 03:53:55 PST 2024","Fri Dec 06 04:53:55 PST 2024","Fri Dec 06 04:54:35 PST 2024","","","726","100% (49/49)","100% (49/49)","100% (49/49)","Laplacian matrix","лапласова матрица","матрица Лапласа","Linear Threshold Model","Линейная пороговая модель","модель линейного порога","Longformer","Лонгформер","Longformer","Markov assumption","марковское предположение","Предположение Маркова","Markov process","Марковский процесс","Процесс Маркова","false","true","true","true","true","false","false","false","false","false","true","false","false","false","false","false","false","false","false","false"
"391FPZIE5T0SCSJBWR98LDZXUZLUHB","33VSRLCQVHFD1FA99WBAF9UCJT3XCK","Ranking the Quality of AI Terminology Translation from English to Russian","In this task, you will compare the quality of translations for scientific terms generated by two different methods. The input will include an English term, a context paragraph where the term is used, and its translations in Russian.","Translation, AI Terminology, Multilingual, Ranking","$0.01","Fri Dec 06 03:41:19 PST 2024","5","BatchId:5277384;OriginalHitTemplateId:928390912;","3600","3600","Fri Dec 13 03:41:19 PST 2024","","","33CUSNVVN5Q4749ZHMJY1SK3AVC88P","AWPXR7XE6B8KD","Approved","Fri Dec 06 03:41:39 PST 2024","Fri Dec 06 04:11:27 PST 2024","Fri Dec 06 05:11:27 PST 2024","Fri Dec 06 05:11:35 PST 2024","","","1788","100% (17/17)","100% (17/17)","100% (17/17)","Laplacian matrix","лапласова матрица","матрица Лапласа","Linear Threshold Model","Линейная пороговая модель","модель линейного порога","Longformer","Лонгформер","Longformer","Markov assumption","марковское предположение","Предположение Маркова","Markov process","Марковский процесс","Процесс Маркова","false","true","true","true","true","false","false","false","false","false","true","false","false","false","false","false","false","false","false","false"
"391FPZIE5T0SCSJBWR98LDZXUZLUHB","33VSRLCQVHFD1FA99WBAF9UCJT3XCK","Ranking the Quality of AI Terminology Translation from English to Russian","In this task, you will compare the quality of translations for scientific terms generated by two different methods. The input will include an English term, a context paragraph where the term is used, and its translations in Russian.","Translation, AI Terminology, Multilingual, Ranking","$0.01","Fri Dec 06 03:41:19 PST 2024","5","BatchId:5277384;OriginalHitTemplateId:928390912;","3600","3600","Fri Dec 13 03:41:19 PST 2024","","","3TVRFO09G2TP1CUQJJ4UMWN2L4KLXW","A19I2ZK220NTAE","Approved","Fri Dec 06 03:41:58 PST 2024","Fri Dec 06 04:33:45 PST 2024","Fri Dec 06 05:33:45 PST 2024","Fri Dec 06 05:34:35 PST 2024","","","3107","100% (32/32)","100% (32/32)","100% (32/32)","Laplacian matrix","лапласова матрица","матрица Лапласа","Linear Threshold Model","Линейная пороговая модель","модель линейного порога","Longformer","Лонгформер","Longformer","Markov assumption","марковское предположение","Предположение Маркова","Markov process","Марковский процесс","Процесс Маркова","false","true","false","true","true","false","false","true","false","false","true","false","false","false","false","false","false","false","false","false"
"391FPZIE5T0SCSJBWR98LDZXUZLUHB","33VSRLCQVHFD1FA99WBAF9UCJT3XCK","Ranking the Quality of AI Terminology Translation from English to Russian","In this task, you will compare the quality of translations for scientific terms generated by two different methods. The input will include an English term, a context paragraph where the term is used, and its translations in Russian.","Translation, AI Terminology, Multilingual, Ranking","$0.01","Fri Dec 06 03:41:19 PST 2024","5","BatchId:5277384;OriginalHitTemplateId:928390912;","3600","3600","Fri Dec 13 03:41:19 PST 2024","","","3QBD8R3Z2JX69V9DC0IHH2UYNFQO49","A35H5DUMZH86PC","Approved","Fri Dec 06 04:42:34 PST 2024","Fri Dec 06 05:21:55 PST 2024","Fri Dec 06 06:21:55 PST 2024","Fri Dec 06 06:22:35 PST 2024","","","2361","100% (40/40)","100% (40/40)","100% (40/40)","Laplacian matrix","лапласова матрица","матрица Лапласа","Linear Threshold Model","Линейная пороговая модель","модель линейного порога","Longformer","Лонгформер","Longformer","Markov assumption","марковское предположение","Предположение Маркова","Markov process","Марковский процесс","Процесс Маркова","false","true","true","true","true","false","false","false","false","false","true","false","false","false","false","false","false","false","false","false"
"341H3G5YGHSYNR7P461VWDFVA0YZ03","33VSRLCQVHFD1FA99WBAF9UCJT3XCK","Ranking the Quality of AI Terminology Translation from English to Russian","In this task, you will compare the quality of translations for scientific terms generated by two different methods. The input will include an English term, a context paragraph where the term is used, and its translations in Russian.","Translation, AI Terminology, Multilingual, Ranking","$0.01","Fri Dec 06 03:41:19 PST 2024","5","BatchId:5277384;OriginalHitTemplateId:928390912;","3600","3600","Fri Dec 13 03:41:19 PST 2024","","","3B1NLC6UGHA46BEYM1XXFRWRNOPPG6","A11B7MUC7UTFKN","Approved","Fri Dec 06 03:42:10 PST 2024","Fri Dec 06 04:22:41 PST 2024","Fri Dec 06 05:22:41 PST 2024","Fri Dec 06 05:23:35 PST 2024","","","2431","100% (36/36)","100% (36/36)","100% (36/36)","Metropolis Hastings","Метод Метрополиса-Гастингса","Метрополис-Гастингс","Nearest Neighbor","Метод ближайшего соседа","Ближайший сосед","Pearson correlation","коэффициент корреляции Пирсона","корреляция Пирсона","Poisson matting","маттинг Пуассона","матирование Пуассона","Set Cover","Задача покрытия множеств","Покрытие множеств","false","true","false","false","false","true","false","true","true","true","false","false","false","false","false","false","false","false","false","false"
"341H3G5YGHSYNR7P461VWDFVA0YZ03","33VSRLCQVHFD1FA99WBAF9UCJT3XCK","Ranking the Quality of AI Terminology Translation from English to Russian","In this task, you will compare the quality of translations for scientific terms generated by two different methods. The input will include an English term, a context paragraph where the term is used, and its translations in Russian.","Translation, AI Terminology, Multilingual, Ranking","$0.01","Fri Dec 06 03:41:19 PST 2024","5","BatchId:5277384;OriginalHitTemplateId:928390912;","3600","3600","Fri Dec 13 03:41:19 PST 2024","","","3WQ3B2KGEQU5Y2NLLDUTDKNW4VRB17","A3MDTRJTDIDNX","Approved","Fri Dec 06 04:42:16 PST 2024","Fri Dec 06 05:23:04 PST 2024","Fri Dec 06 06:23:04 PST 2024","Fri Dec 06 06:23:35 PST 2024","","","2448","100% (53/53)","100% (53/53)","100% (53/53)","Metropolis Hastings","Метод Метрополиса-Гастингса","Метрополис-Гастингс","Nearest Neighbor","Метод ближайшего соседа","Ближайший сосед","Pearson correlation","коэффициент корреляции Пирсона","корреляция Пирсона","Poisson matting","маттинг Пуассона","матирование Пуассона","Set Cover","Задача покрытия множеств","Покрытие множеств","true","true","false","true","false","false","false","true","false","true","false","false","false","false","false","false","false","false","false","false"
"341H3G5YGHSYNR7P461VWDFVA0YZ03","33VSRLCQVHFD1FA99WBAF9UCJT3XCK","Ranking the Quality of AI Terminology Translation from English to Russian","In this task, you will compare the quality of translations for scientific terms generated by two different methods. The input will include an English term, a context paragraph where the term is used, and its translations in Russian.","Translation, AI Terminology, Multilingual, Ranking","$0.01","Fri Dec 06 03:41:19 PST 2024","5","BatchId:5277384;OriginalHitTemplateId:928390912;","3600","3600","Fri Dec 13 03:41:19 PST 2024","","","3O6CYIULEVFDV2CUIS09B05EPUDUWE","A3HSZ9YLOBCCPR","Approved","Fri Dec 06 04:42:20 PST 2024","Fri Dec 06 05:25:42 PST 2024","Fri Dec 06 06:25:42 PST 2024","Fri Dec 06 06:26:35 PST 2024","","","2602","100% (39/39)","100% (39/39)","100% (39/39)","Metropolis Hastings","Метод Метрополиса-Гастингса","Метрополис-Гастингс","Nearest Neighbor","Метод ближайшего соседа","Ближайший сосед","Pearson correlation","коэффициент корреляции Пирсона","корреляция Пирсона","Poisson matting","маттинг Пуассона","матирование Пуассона","Set Cover","Задача покрытия множеств","Покрытие множеств","true","true","false","false","true","false","false","true","true","false","false","false","false","false","false","false","false","false","false","false"
"341H3G5YGHSYNR7P461VWDFVA0YZ03","33VSRLCQVHFD1FA99WBAF9UCJT3XCK","Ranking the Quality of AI Terminology Translation from English to Russian","In this task, you will compare the quality of translations for scientific terms generated by two different methods. The input will include an English term, a context paragraph where the term is used, and its translations in Russian.","Translation, AI Terminology, Multilingual, Ranking","$0.01","Fri Dec 06 03:41:19 PST 2024","5","BatchId:5277384;OriginalHitTemplateId:928390912;","3600","3600","Fri Dec 13 03:41:19 PST 2024","","","3NGI5ARFTBJ72WOV4ICU84SLL0DP1F","A1PG4NZUVQMZUI","Approved","Fri Dec 06 04:43:10 PST 2024","Fri Dec 06 05:25:46 PST 2024","Fri Dec 06 06:25:46 PST 2024","Fri Dec 06 06:26:35 PST 2024","","","2556","100% (13/13)","100% (13/13)","100% (13/13)","Metropolis Hastings","Метод Метрополиса-Гастингса","Метрополис-Гастингс","Nearest Neighbor","Метод ближайшего соседа","Ближайший сосед","Pearson correlation","коэффициент корреляции Пирсона","корреляция Пирсона","Poisson matting","маттинг Пуассона","матирование Пуассона","Set Cover","Задача покрытия множеств","Покрытие множеств","true","true","false","false","false","false","false","true","true","true","false","false","false","false","false","false","false","false","false","false"
"341H3G5YGHSYNR7P461VWDFVA0YZ03","33VSRLCQVHFD1FA99WBAF9UCJT3XCK","Ranking the Quality of AI Terminology Translation from English to Russian","In this task, you will compare the quality of translations for scientific terms generated by two different methods. The input will include an English term, a context paragraph where the term is used, and its translations in Russian.","Translation, AI Terminology, Multilingual, Ranking","$0.01","Fri Dec 06 03:41:19 PST 2024","5","BatchId:5277384;OriginalHitTemplateId:928390912;","3600","3600","Fri Dec 13 03:41:19 PST 2024","","","3J4Q2Z4UTGHL395D1JG41Z8PM97QW5","A13QHI6P2C910K","Approved","Fri Dec 06 04:42:15 PST 2024","Fri Dec 06 05:36:44 PST 2024","Fri Dec 06 06:36:44 PST 2024","Fri Dec 06 06:37:35 PST 2024","","","3269","100% (39/39)","100% (39/39)","100% (39/39)","Metropolis Hastings","Метод Метрополиса-Гастингса","Метрополис-Гастингс","Nearest Neighbor","Метод ближайшего соседа","Ближайший сосед","Pearson correlation","коэффициент корреляции Пирсона","корреляция Пирсона","Poisson matting","маттинг Пуассона","матирование Пуассона","Set Cover","Задача покрытия множеств","Покрытие множеств","true","true","false","true","true","false","false","true","false","false","false","false","false","false","false","false","false","false","false","false"
"3BC9H1KCZBQRQRY51RSXP1FX5B9WYB","33VSRLCQVHFD1FA99WBAF9UCJT3XCK","Ranking the Quality of AI Terminology Translation from English to Russian","In this task, you will compare the quality of translations for scientific terms generated by two different methods. The input will include an English term, a context paragraph where the term is used, and its translations in Russian.","Translation, AI Terminology, Multilingual, Ranking","$0.01","Fri Dec 06 03:41:19 PST 2024","5","BatchId:5277384;OriginalHitTemplateId:928390912;","3600","3600","Fri Dec 13 03:41:19 PST 2024","","","3MRNMEIQWNKB36P9SJ3ISPKA5M8DLM","A1MW1UNSOFPB4F","Approved","Fri Dec 06 03:41:56 PST 2024","Fri Dec 06 03:45:46 PST 2024","Fri Dec 06 04:45:46 PST 2024","Fri Dec 06 04:46:35 PST 2024","","","230","100% (19/19)","100% (19/19)","100% (19/19)","Triggering Model","Модель триггеринга","Модель триггеров","Variational Autoencoder","Вариационный автоэнкодер","Вариационный автокодировщик","abstractive summarization","абстрактивное резюмирование","абстрактивное суммирование","action embedding","векторное представление действий","встраивание действий","annotation projection","проекция аннотаций","проекция аннотации","false","false","false","false","false","true","false","true","true","false","false","true","false","false","true","false","false","false","false","false"
"3BC9H1KCZBQRQRY51RSXP1FX5B9WYB","33VSRLCQVHFD1FA99WBAF9UCJT3XCK","Ranking the Quality of AI Terminology Translation from English to Russian","In this task, you will compare the quality of translations for scientific terms generated by two different methods. The input will include an English term, a context paragraph where the term is used, and its translations in Russian.","Translation, AI Terminology, Multilingual, Ranking","$0.01","Fri Dec 06 03:41:19 PST 2024","5","BatchId:5277384;OriginalHitTemplateId:928390912;","3600","3600","Fri Dec 13 03:41:19 PST 2024","","","3A4TN51962WZCI0512T9GR9L35NHCJ","A3R5K7A8US5PDE","Approved","Fri Dec 06 03:42:08 PST 2024","Fri Dec 06 03:47:49 PST 2024","Fri Dec 06 04:47:49 PST 2024","Fri Dec 06 04:48:35 PST 2024","","","341","100% (6/6)","100% (6/6)","100% (6/6)","Triggering Model","Модель триггеринга","Модель триггеров","Variational Autoencoder","Вариационный автоэнкодер","Вариационный автокодировщик","abstractive summarization","абстрактивное резюмирование","абстрактивное суммирование","action embedding","векторное представление действий","встраивание действий","annotation projection","проекция аннотаций","проекция аннотации","false","false","false","false","false","false","false","false","false","false","true","false","false","false","true","false","true","true","true","false"
"3BC9H1KCZBQRQRY51RSXP1FX5B9WYB","33VSRLCQVHFD1FA99WBAF9UCJT3XCK","Ranking the Quality of AI Terminology Translation from English to Russian","In this task, you will compare the quality of translations for scientific terms generated by two different methods. The input will include an English term, a context paragraph where the term is used, and its translations in Russian.","Translation, AI Terminology, Multilingual, Ranking","$0.01","Fri Dec 06 03:41:19 PST 2024","5","BatchId:5277384;OriginalHitTemplateId:928390912;","3600","3600","Fri Dec 13 03:41:19 PST 2024","","","3VJ40NV2Q01QQGO3R1JPPA6Q3D1OTX","AC4I7XU10MQXK","Approved","Fri Dec 06 03:42:01 PST 2024","Fri Dec 06 04:16:22 PST 2024","Fri Dec 06 05:16:22 PST 2024","Fri Dec 06 05:16:35 PST 2024","","","2061","100% (58/58)","100% (58/58)","100% (58/58)","Triggering Model","Модель триггеринга","Модель триггеров","Variational Autoencoder","Вариационный автоэнкодер","Вариационный автокодировщик","abstractive summarization","абстрактивное резюмирование","абстрактивное суммирование","action embedding","векторное представление действий","встраивание действий","annotation projection","проекция аннотаций","проекция аннотации","false","true","false","false","true","true","false","true","true","false","false","false","false","false","false","false","false","false","false","false"
"3BC9H1KCZBQRQRY51RSXP1FX5B9WYB","33VSRLCQVHFD1FA99WBAF9UCJT3XCK","Ranking the Quality of AI Terminology Translation from English to Russian","In this task, you will compare the quality of translations for scientific terms generated by two different methods. The input will include an English term, a context paragraph where the term is used, and its translations in Russian.","Translation, AI Terminology, Multilingual, Ranking","$0.01","Fri Dec 06 03:41:19 PST 2024","5","BatchId:5277384;OriginalHitTemplateId:928390912;","3600","3600","Fri Dec 13 03:41:19 PST 2024","","","3DIP6YHAPU6LG5JQUP5YT2GPLYAE8U","A13QHI6P2C910K","Approved","Fri Dec 06 03:42:07 PST 2024","Fri Dec 06 04:39:33 PST 2024","Fri Dec 06 05:39:33 PST 2024","Fri Dec 06 05:39:35 PST 2024","","","3446","100% (39/39)","100% (39/39)","100% (39/39)","Triggering Model","Модель триггеринга","Модель триггеров","Variational Autoencoder","Вариационный автоэнкодер","Вариационный автокодировщик","abstractive summarization","абстрактивное резюмирование","абстрактивное суммирование","action embedding","векторное представление действий","встраивание действий","annotation projection","проекция аннотаций","проекция аннотации","false","true","false","false","true","false","false","true","true","false","true","false","false","false","false","false","false","false","false","false"
"3BC9H1KCZBQRQRY51RSXP1FX5B9WYB","33VSRLCQVHFD1FA99WBAF9UCJT3XCK","Ranking the Quality of AI Terminology Translation from English to Russian","In this task, you will compare the quality of translations for scientific terms generated by two different methods. The input will include an English term, a context paragraph where the term is used, and its translations in Russian.","Translation, AI Terminology, Multilingual, Ranking","$0.01","Fri Dec 06 03:41:19 PST 2024","5","BatchId:5277384;OriginalHitTemplateId:928390912;","3600","3600","Fri Dec 13 03:41:19 PST 2024","","","3M81GAB8AIXTF6726SK8ELV4C8FBQ0","A38SYZRVLTMOFG","Approved","Fri Dec 06 04:28:07 PST 2024","Fri Dec 06 05:08:59 PST 2024","Fri Dec 06 06:08:59 PST 2024","Fri Dec 06 06:09:35 PST 2024","","","2452","100% (49/49)","100% (49/49)","100% (49/49)","Triggering Model","Модель триггеринга","Модель триггеров","Variational Autoencoder","Вариационный автоэнкодер","Вариационный автокодировщик","abstractive summarization","абстрактивное резюмирование","абстрактивное суммирование","action embedding","векторное представление действий","встраивание действий","annotation projection","проекция аннотаций","проекция аннотации","false","true","false","false","true","true","false","true","true","false","false","false","false","false","false","false","false","false","false","false"
"3XAOZ9UYSG5PGORGDTMIJPM1APK1QF","33VSRLCQVHFD1FA99WBAF9UCJT3XCK","Ranking the Quality of AI Terminology Translation from English to Russian","In this task, you will compare the quality of translations for scientific terms generated by two different methods. The input will include an English term, a context paragraph where the term is used, and its translations in Russian.","Translation, AI Terminology, Multilingual, Ranking","$0.01","Fri Dec 06 03:41:19 PST 2024","5","BatchId:5277384;OriginalHitTemplateId:928390912;","3600","3600","Fri Dec 13 03:41:19 PST 2024","","","3XLBSAQ9ZMQFRM53G7R50CLCYKD7Z6","A2P8U65V6NL7B5","Approved","Fri Dec 06 03:41:38 PST 2024","Fri Dec 06 03:52:47 PST 2024","Fri Dec 06 04:52:47 PST 2024","Fri Dec 06 04:53:35 PST 2024","","","669","100% (49/49)","100% (49/49)","100% (49/49)","answer span","интервал ответа","диапазон ответа","approximation algorithm","алгоритм аппроксимации","алгоритм приближения","barycentric coordinate","барицентрические координаты","барицентрическая координата","belief state","состояние убеждения","состояние веры","bias parameter","параметр предвзятости","параметр смещения","false","true","false","false","false","true","false","true","true","true","false","false","false","false","false","false","false","false","false","false"
"3XAOZ9UYSG5PGORGDTMIJPM1APK1QF","33VSRLCQVHFD1FA99WBAF9UCJT3XCK","Ranking the Quality of AI Terminology Translation from English to Russian","In this task, you will compare the quality of translations for scientific terms generated by two different methods. The input will include an English term, a context paragraph where the term is used, and its translations in Russian.","Translation, AI Terminology, Multilingual, Ranking","$0.01","Fri Dec 06 03:41:19 PST 2024","5","BatchId:5277384;OriginalHitTemplateId:928390912;","3600","3600","Fri Dec 13 03:41:19 PST 2024","","","32SCWG5HIZI29IPSAOOB30J2TAMP64","AC4I7XU10MQXK","Approved","Fri Dec 06 03:42:07 PST 2024","Fri Dec 06 04:16:42 PST 2024","Fri Dec 06 05:16:42 PST 2024","Fri Dec 06 05:17:35 PST 2024","","","2075","100% (58/58)","100% (58/58)","100% (58/58)","answer span","интервал ответа","диапазон ответа","approximation algorithm","алгоритм аппроксимации","алгоритм приближения","barycentric coordinate","барицентрические координаты","барицентрическая координата","belief state","состояние убеждения","состояние веры","bias parameter","параметр предвзятости","параметр смещения","true","true","false","false","false","false","false","true","true","true","false","false","false","false","false","false","false","false","false","false"
"3XAOZ9UYSG5PGORGDTMIJPM1APK1QF","33VSRLCQVHFD1FA99WBAF9UCJT3XCK","Ranking the Quality of AI Terminology Translation from English to Russian","In this task, you will compare the quality of translations for scientific terms generated by two different methods. The input will include an English term, a context paragraph where the term is used, and its translations in Russian.","Translation, AI Terminology, Multilingual, Ranking","$0.01","Fri Dec 06 03:41:19 PST 2024","5","BatchId:5277384;OriginalHitTemplateId:928390912;","3600","3600","Fri Dec 13 03:41:19 PST 2024","","","3300DTYQTKVRM9JMGJMYFT1PF4WQEH","A186ORPGIU3WNL","Approved","Fri Dec 06 03:41:49 PST 2024","Fri Dec 06 04:40:17 PST 2024","Fri Dec 06 05:40:17 PST 2024","Fri Dec 06 05:40:35 PST 2024","","","3508","100% (53/53)","100% (52/52)","100% (52/52)","answer span","интервал ответа","диапазон ответа","approximation algorithm","алгоритм аппроксимации","алгоритм приближения","barycentric coordinate","барицентрические координаты","барицентрическая координата","belief state","состояние убеждения","состояние веры","bias parameter","параметр предвзятости","параметр смещения","false","false","false","false","false","false","true","true","true","true","true","false","false","false","false","false","false","false","false","false"
"3XAOZ9UYSG5PGORGDTMIJPM1APK1QF","33VSRLCQVHFD1FA99WBAF9UCJT3XCK","Ranking the Quality of AI Terminology Translation from English to Russian","In this task, you will compare the quality of translations for scientific terms generated by two different methods. The input will include an English term, a context paragraph where the term is used, and its translations in Russian.","Translation, AI Terminology, Multilingual, Ranking","$0.01","Fri Dec 06 03:41:19 PST 2024","5","BatchId:5277384;OriginalHitTemplateId:928390912;","3600","3600","Fri Dec 13 03:41:19 PST 2024","","","324G5B4FBLMIP1ZDCDEDUDIQGDU077","A251BWQW2F81FT","Approved","Fri Dec 06 05:01:01 PST 2024","Fri Dec 06 05:34:40 PST 2024","Fri Dec 06 06:34:40 PST 2024","Fri Dec 06 06:35:35 PST 2024","","","2019","100% (31/31)","100% (31/31)","100% (31/31)","answer span","интервал ответа","диапазон ответа","approximation algorithm","алгоритм аппроксимации","алгоритм приближения","barycentric coordinate","барицентрические координаты","барицентрическая координата","belief state","состояние убеждения","состояние веры","bias parameter","параметр предвзятости","параметр смещения","false","true","false","false","true","false","false","true","true","false","true","false","false","false","false","false","false","false","false","false"
"3XAOZ9UYSG5PGORGDTMIJPM1APK1QF","33VSRLCQVHFD1FA99WBAF9UCJT3XCK","Ranking the Quality of AI Terminology Translation from English to Russian","In this task, you will compare the quality of translations for scientific terms generated by two different methods. The input will include an English term, a context paragraph where the term is used, and its translations in Russian.","Translation, AI Terminology, Multilingual, Ranking","$0.01","Fri Dec 06 03:41:19 PST 2024","5","BatchId:5277384;OriginalHitTemplateId:928390912;","3600","3600","Fri Dec 13 03:41:19 PST 2024","","","3LS2AMNW5X4DY0WBAXPUK5V3J62QOL","A11B7MUC7UTFKN","Approved","Fri Dec 06 06:42:55 PST 2024","Fri Dec 06 06:45:32 PST 2024","Fri Dec 06 07:45:32 PST 2024","Fri Dec 06 07:45:35 PST 2024","","","157","100% (36/36)","100% (36/36)","100% (36/36)","answer span","интервал ответа","диапазон ответа","approximation algorithm","алгоритм аппроксимации","алгоритм приближения","barycentric coordinate","барицентрические координаты","барицентрическая координата","belief state","состояние убеждения","состояние веры","bias parameter","параметр предвзятости","параметр смещения","false","true","false","false","false","true","false","true","true","true","false","false","false","false","false","false","false","false","false","false"
"3D1TUISJXZES8NUV29RTLP0CUC0UI4","33VSRLCQVHFD1FA99WBAF9UCJT3XCK","Ranking the Quality of AI Terminology Translation from English to Russian","In this task, you will compare the quality of translations for scientific terms generated by two different methods. The input will include an English term, a context paragraph where the term is used, and its translations in Russian.","Translation, AI Terminology, Multilingual, Ranking","$0.01","Fri Dec 06 03:41:19 PST 2024","5","BatchId:5277384;OriginalHitTemplateId:928390912;","3600","3600","Fri Dec 13 03:41:19 PST 2024","","","384PI804XAF48ZJ50GCOP4EM3R7S0M","A1MW1UNSOFPB4F","Approved","Fri Dec 06 03:42:41 PST 2024","Fri Dec 06 03:48:05 PST 2024","Fri Dec 06 04:48:05 PST 2024","Fri Dec 06 04:48:35 PST 2024","","","324","100% (19/19)","100% (19/19)","100% (19/19)","black-box","чёрный ящик","черный ящик","canonical basis","каноническая основа","каноническое основание","canonicalization","каноникализация","канонизация","classification model","классификационная модель","модель классификации","classification network","классификационная сеть","сеть классификации","false","false","false","false","false","true","false","true","false","true","false","true","false","true","false","false","false","false","false","false"
"3D1TUISJXZES8NUV29RTLP0CUC0UI4","33VSRLCQVHFD1FA99WBAF9UCJT3XCK","Ranking the Quality of AI Terminology Translation from English to Russian","In this task, you will compare the quality of translations for scientific terms generated by two different methods. The input will include an English term, a context paragraph where the term is used, and its translations in Russian.","Translation, AI Terminology, Multilingual, Ranking","$0.01","Fri Dec 06 03:41:19 PST 2024","5","BatchId:5277384;OriginalHitTemplateId:928390912;","3600","3600","Fri Dec 13 03:41:19 PST 2024","","","3A9AA95ATE06QEPE55E6BU52XFB5P4","AWPXR7XE6B8KD","Approved","Fri Dec 06 03:41:37 PST 2024","Fri Dec 06 04:09:01 PST 2024","Fri Dec 06 05:09:01 PST 2024","Fri Dec 06 05:09:35 PST 2024","","","1644","100% (17/17)","100% (17/17)","100% (17/17)","black-box","чёрный ящик","черный ящик","canonical basis","каноническая основа","каноническое основание","canonicalization","каноникализация","канонизация","classification model","классификационная модель","модель классификации","classification network","классификационная сеть","сеть классификации","true","true","false","true","true","false","false","false","false","false","false","false","true","false","false","false","false","false","false","false"
"3D1TUISJXZES8NUV29RTLP0CUC0UI4","33VSRLCQVHFD1FA99WBAF9UCJT3XCK","Ranking the Quality of AI Terminology Translation from English to Russian","In this task, you will compare the quality of translations for scientific terms generated by two different methods. The input will include an English term, a context paragraph where the term is used, and its translations in Russian.","Translation, AI Terminology, Multilingual, Ranking","$0.01","Fri Dec 06 03:41:19 PST 2024","5","BatchId:5277384;OriginalHitTemplateId:928390912;","3600","3600","Fri Dec 13 03:41:19 PST 2024","","","3JV9LGBJWBSMLB2X71KIQRR1DJUGOH","A2D6SB3TU1NYQ7","Approved","Fri Dec 06 03:42:51 PST 2024","Fri Dec 06 04:25:38 PST 2024","Fri Dec 06 05:25:38 PST 2024","Fri Dec 06 05:26:35 PST 2024","","","2567","100% (45/45)","100% (45/45)","100% (45/45)","black-box","чёрный ящик","черный ящик","canonical basis","каноническая основа","каноническое основание","canonicalization","каноникализация","канонизация","classification model","классификационная модель","модель классификации","classification network","классификационная сеть","сеть классификации","true","true","false","true","true","false","false","false","false","false","false","false","true","false","false","false","false","false","false","false"
"3D1TUISJXZES8NUV29RTLP0CUC0UI4","33VSRLCQVHFD1FA99WBAF9UCJT3XCK","Ranking the Quality of AI Terminology Translation from English to Russian","In this task, you will compare the quality of translations for scientific terms generated by two different methods. The input will include an English term, a context paragraph where the term is used, and its translations in Russian.","Translation, AI Terminology, Multilingual, Ranking","$0.01","Fri Dec 06 03:41:19 PST 2024","5","BatchId:5277384;OriginalHitTemplateId:928390912;","3600","3600","Fri Dec 13 03:41:19 PST 2024","","","3SNVL38CIM6QE81D7NW6TJPDVNYKCZ","A1XD6THGBT1T9T","Approved","Fri Dec 06 04:43:32 PST 2024","Fri Dec 06 04:50:33 PST 2024","Fri Dec 06 05:50:33 PST 2024","Fri Dec 06 05:50:35 PST 2024","","","421","100% (43/43)","100% (43/43)","100% (42/42)","black-box","чёрный ящик","черный ящик","canonical basis","каноническая основа","каноническое основание","canonicalization","каноникализация","канонизация","classification model","классификационная модель","модель классификации","classification network","классификационная сеть","сеть классификации","true","true","false","true","true","false","false","false","false","false","false","false","true","false","false","false","false","false","false","false"
"3D1TUISJXZES8NUV29RTLP0CUC0UI4","33VSRLCQVHFD1FA99WBAF9UCJT3XCK","Ranking the Quality of AI Terminology Translation from English to Russian","In this task, you will compare the quality of translations for scientific terms generated by two different methods. The input will include an English term, a context paragraph where the term is used, and its translations in Russian.","Translation, AI Terminology, Multilingual, Ranking","$0.01","Fri Dec 06 03:41:19 PST 2024","5","BatchId:5277384;OriginalHitTemplateId:928390912;","3600","3600","Fri Dec 13 03:41:19 PST 2024","","","3OWEPKL08RQLAXRKDJGB5PE3O7B7NX","A3MDTRJTDIDNX","Approved","Fri Dec 06 04:41:57 PST 2024","Fri Dec 06 05:21:31 PST 2024","Fri Dec 06 06:21:31 PST 2024","Fri Dec 06 06:21:35 PST 2024","","","2374","100% (53/53)","100% (53/53)","100% (53/53)","black-box","чёрный ящик","черный ящик","canonical basis","каноническая основа","каноническое основание","canonicalization","каноникализация","канонизация","classification model","классификационная модель","модель классификации","classification network","классификационная сеть","сеть классификации","true","true","false","true","true","false","false","false","false","false","false","false","true","false","false","false","false","false","false","false"
"3XH7ZM9YYJ87HU9BULQB3LEP4NA9RX","33VSRLCQVHFD1FA99WBAF9UCJT3XCK","Ranking the Quality of AI Terminology Translation from English to Russian","In this task, you will compare the quality of translations for scientific terms generated by two different methods. The input will include an English term, a context paragraph where the term is used, and its translations in Russian.","Translation, AI Terminology, Multilingual, Ranking","$0.01","Fri Dec 06 03:41:19 PST 2024","5","BatchId:5277384;OriginalHitTemplateId:928390912;","3600","3600","Fri Dec 13 03:41:19 PST 2024","","","3D8YOU6S9WYF1NXORAN5D6611REU65","A1PG4NZUVQMZUI","Approved","Fri Dec 06 03:42:13 PST 2024","Fri Dec 06 04:02:10 PST 2024","Fri Dec 06 05:02:10 PST 2024","Fri Dec 06 05:02:35 PST 2024","","","1197","100% (13/13)","100% (13/13)","100% (13/13)","clip range","диапазон клипа","диапазон обрезки","clipping threshold","порог отсечения","порог обрезки","coarse-to-fine","от грубого к тонкому","грубый к тонкому","column vector","вектор-столбец","столбцовый вектор","conditional expectation","условное математическое ожидание","условное ожидание","false","true","false","true","true","true","false","true","false","false","false","false","false","false","false","false","false","false","false","false"
"3XH7ZM9YYJ87HU9BULQB3LEP4NA9RX","33VSRLCQVHFD1FA99WBAF9UCJT3XCK","Ranking the Quality of AI Terminology Translation from English to Russian","In this task, you will compare the quality of translations for scientific terms generated by two different methods. The input will include an English term, a context paragraph where the term is used, and its translations in Russian.","Translation, AI Terminology, Multilingual, Ranking","$0.01","Fri Dec 06 03:41:19 PST 2024","5","BatchId:5277384;OriginalHitTemplateId:928390912;","3600","3600","Fri Dec 13 03:41:19 PST 2024","","","3R6P78PK72P2Y3753I6HK1XOCRAGT2","AWPXR7XE6B8KD","Approved","Fri Dec 06 03:41:58 PST 2024","Fri Dec 06 04:13:42 PST 2024","Fri Dec 06 05:13:42 PST 2024","Fri Dec 06 05:14:35 PST 2024","","","1904","100% (17/17)","100% (17/17)","100% (17/17)","clip range","диапазон клипа","диапазон обрезки","clipping threshold","порог отсечения","порог обрезки","coarse-to-fine","от грубого к тонкому","грубый к тонкому","column vector","вектор-столбец","столбцовый вектор","conditional expectation","условное математическое ожидание","условное ожидание","false","true","false","true","true","false","false","true","false","false","true","false","false","false","false","false","false","false","false","false"
"3XH7ZM9YYJ87HU9BULQB3LEP4NA9RX","33VSRLCQVHFD1FA99WBAF9UCJT3XCK","Ranking the Quality of AI Terminology Translation from English to Russian","In this task, you will compare the quality of translations for scientific terms generated by two different methods. The input will include an English term, a context paragraph where the term is used, and its translations in Russian.","Translation, AI Terminology, Multilingual, Ranking","$0.01","Fri Dec 06 03:41:19 PST 2024","5","BatchId:5277384;OriginalHitTemplateId:928390912;","3600","3600","Fri Dec 13 03:41:19 PST 2024","","","3RXCAC0YI93J0JFH0KVMT511YEPG8D","A251BWQW2F81FT","Approved","Fri Dec 06 03:41:51 PST 2024","Fri Dec 06 04:17:50 PST 2024","Fri Dec 06 05:17:50 PST 2024","Fri Dec 06 05:18:35 PST 2024","","","2159","100% (31/31)","100% (31/31)","100% (31/31)","clip range","диапазон клипа","диапазон обрезки","clipping threshold","порог отсечения","порог обрезки","coarse-to-fine","от грубого к тонкому","грубый к тонкому","column vector","вектор-столбец","столбцовый вектор","conditional expectation","условное математическое ожидание","условное ожидание","false","true","false","true","true","true","false","true","false","false","false","false","false","false","false","false","false","false","false","false"
"3XH7ZM9YYJ87HU9BULQB3LEP4NA9RX","33VSRLCQVHFD1FA99WBAF9UCJT3XCK","Ranking the Quality of AI Terminology Translation from English to Russian","In this task, you will compare the quality of translations for scientific terms generated by two different methods. The input will include an English term, a context paragraph where the term is used, and its translations in Russian.","Translation, AI Terminology, Multilingual, Ranking","$0.01","Fri Dec 06 03:41:19 PST 2024","5","BatchId:5277384;OriginalHitTemplateId:928390912;","3600","3600","Fri Dec 13 03:41:19 PST 2024","","","3LKC68YZ3SHIIXSXM6O0CUDP78PWO3","A3HSZ9YLOBCCPR","Approved","Fri Dec 06 04:42:40 PST 2024","Fri Dec 06 05:25:56 PST 2024","Fri Dec 06 06:25:56 PST 2024","Fri Dec 06 06:26:35 PST 2024","","","2596","100% (39/39)","100% (39/39)","100% (39/39)","clip range","диапазон клипа","диапазон обрезки","clipping threshold","порог отсечения","порог обрезки","coarse-to-fine","от грубого к тонкому","грубый к тонкому","column vector","вектор-столбец","столбцовый вектор","conditional expectation","условное математическое ожидание","условное ожидание","false","true","false","false","false","false","false","true","false","true","true","false","false","true","false","false","false","false","false","false"
"3XH7ZM9YYJ87HU9BULQB3LEP4NA9RX","33VSRLCQVHFD1FA99WBAF9UCJT3XCK","Ranking the Quality of AI Terminology Translation from English to Russian","In this task, you will compare the quality of translations for scientific terms generated by two different methods. The input will include an English term, a context paragraph where the term is used, and its translations in Russian.","Translation, AI Terminology, Multilingual, Ranking","$0.01","Fri Dec 06 03:41:19 PST 2024","5","BatchId:5277384;OriginalHitTemplateId:928390912;","3600","3600","Fri Dec 13 03:41:19 PST 2024","","","3GU1KF0O40F8FU6N6F5JEG5U7C4PBY","AC4I7XU10MQXK","Approved","Fri Dec 06 04:43:08 PST 2024","Fri Dec 06 05:27:56 PST 2024","Fri Dec 06 06:27:56 PST 2024","Fri Dec 06 06:28:35 PST 2024","","","2688","100% (58/58)","100% (58/58)","100% (58/58)","clip range","диапазон клипа","диапазон обрезки","clipping threshold","порог отсечения","порог обрезки","coarse-to-fine","от грубого к тонкому","грубый к тонкому","column vector","вектор-столбец","столбцовый вектор","conditional expectation","условное математическое ожидание","условное ожидание","false","true","false","true","false","true","false","true","false","true","false","false","false","false","false","false","false","false","false","false"
"33N1S8XHI3ZYUGS70P5VAIY5FS4Z16","33VSRLCQVHFD1FA99WBAF9UCJT3XCK","Ranking the Quality of AI Terminology Translation from English to Russian","In this task, you will compare the quality of translations for scientific terms generated by two different methods. The input will include an English term, a context paragraph where the term is used, and its translations in Russian.","Translation, AI Terminology, Multilingual, Ranking","$0.01","Fri Dec 06 03:41:20 PST 2024","5","BatchId:5277384;OriginalHitTemplateId:928390912;","3600","3600","Fri Dec 13 03:41:20 PST 2024","","","3JJVG1YBETB4MKO4M0W5GA0DGBWB5P","A3MDTRJTDIDNX","Approved","Fri Dec 06 03:41:56 PST 2024","Fri Dec 06 03:53:27 PST 2024","Fri Dec 06 04:53:27 PST 2024","Fri Dec 06 04:53:35 PST 2024","","","691","100% (53/53)","100% (53/53)","100% (53/53)","conditional log likelihood","условное логарифмическое правдоподобие","условная логарифмическая вероятность","confusion network","сеть неразберихи","сеть путаницы","conjugate gradient","метод сопряжённых градиентов","сопряженный градиент","contextual model","контекстуальная модель","контекстная модель","contextual vector","контекстуальный вектор","контекстный вектор","false","true","false","true","true","true","false","true","false","false","false","false","false","false","false","false","false","false","false","false"
"33N1S8XHI3ZYUGS70P5VAIY5FS4Z16","33VSRLCQVHFD1FA99WBAF9UCJT3XCK","Ranking the Quality of AI Terminology Translation from English to Russian","In this task, you will compare the quality of translations for scientific terms generated by two different methods. The input will include an English term, a context paragraph where the term is used, and its translations in Russian.","Translation, AI Terminology, Multilingual, Ranking","$0.01","Fri Dec 06 03:41:20 PST 2024","5","BatchId:5277384;OriginalHitTemplateId:928390912;","3600","3600","Fri Dec 13 03:41:20 PST 2024","","","3LQ8PUHQF36QPLM5TCPVRU7GGA8IHN","A2E2FFMXS9F9KR","Approved","Fri Dec 06 03:42:51 PST 2024","Fri Dec 06 04:35:59 PST 2024","Fri Dec 06 05:35:59 PST 2024","Fri Dec 06 05:36:35 PST 2024","","","3188","100% (51/51)","100% (51/51)","100% (51/51)","conditional log likelihood","условное логарифмическое правдоподобие","условная логарифмическая вероятность","confusion network","сеть неразберихи","сеть путаницы","conjugate gradient","метод сопряжённых градиентов","сопряженный градиент","contextual model","контекстуальная модель","контекстная модель","contextual vector","контекстуальный вектор","контекстный вектор","false","true","false","true","true","true","false","true","false","false","false","false","false","false","false","false","false","false","false","false"
"33N1S8XHI3ZYUGS70P5VAIY5FS4Z16","33VSRLCQVHFD1FA99WBAF9UCJT3XCK","Ranking the Quality of AI Terminology Translation from English to Russian","In this task, you will compare the quality of translations for scientific terms generated by two different methods. The input will include an English term, a context paragraph where the term is used, and its translations in Russian.","Translation, AI Terminology, Multilingual, Ranking","$0.01","Fri Dec 06 03:41:20 PST 2024","5","BatchId:5277384;OriginalHitTemplateId:928390912;","3600","3600","Fri Dec 13 03:41:20 PST 2024","","","3HVVDCPGTW62KUS5XOSNR14SHO6YTQ","A9M8N3BOH6013","Approved","Fri Dec 06 04:42:40 PST 2024","Fri Dec 06 05:07:35 PST 2024","Fri Dec 06 06:07:35 PST 2024","Fri Dec 06 06:08:35 PST 2024","","","1495","100% (44/44)","100% (44/44)","100% (44/44)","conditional log likelihood","условное логарифмическое правдоподобие","условная логарифмическая вероятность","confusion network","сеть неразберихи","сеть путаницы","conjugate gradient","метод сопряжённых градиентов","сопряженный градиент","contextual model","контекстуальная модель","контекстная модель","contextual vector","контекстуальный вектор","контекстный вектор","false","true","false","true","true","true","false","true","false","false","false","false","false","false","false","false","false","false","false","false"
"33N1S8XHI3ZYUGS70P5VAIY5FS4Z16","33VSRLCQVHFD1FA99WBAF9UCJT3XCK","Ranking the Quality of AI Terminology Translation from English to Russian","In this task, you will compare the quality of translations for scientific terms generated by two different methods. The input will include an English term, a context paragraph where the term is used, and its translations in Russian.","Translation, AI Terminology, Multilingual, Ranking","$0.01","Fri Dec 06 03:41:20 PST 2024","5","BatchId:5277384;OriginalHitTemplateId:928390912;","3600","3600","Fri Dec 13 03:41:20 PST 2024","","","3QECW5O0KZF4I6ILMMNQG46ZMIX5TA","A11B7MUC7UTFKN","Approved","Fri Dec 06 04:43:11 PST 2024","Fri Dec 06 05:13:28 PST 2024","Fri Dec 06 06:13:28 PST 2024","Fri Dec 06 06:13:35 PST 2024","","","1817","100% (36/36)","100% (36/36)","100% (36/36)","conditional log likelihood","условное логарифмическое правдоподобие","условная логарифмическая вероятность","confusion network","сеть неразберихи","сеть путаницы","conjugate gradient","метод сопряжённых градиентов","сопряженный градиент","contextual model","контекстуальная модель","контекстная модель","contextual vector","контекстуальный вектор","контекстный вектор","false","true","false","true","true","true","false","true","false","false","false","false","false","false","false","false","false","false","false","false"
"33N1S8XHI3ZYUGS70P5VAIY5FS4Z16","33VSRLCQVHFD1FA99WBAF9UCJT3XCK","Ranking the Quality of AI Terminology Translation from English to Russian","In this task, you will compare the quality of translations for scientific terms generated by two different methods. The input will include an English term, a context paragraph where the term is used, and its translations in Russian.","Translation, AI Terminology, Multilingual, Ranking","$0.01","Fri Dec 06 03:41:20 PST 2024","5","BatchId:5277384;OriginalHitTemplateId:928390912;","3600","3600","Fri Dec 13 03:41:20 PST 2024","","","3OCHAWUVG6YEH6C8YJST7WANW4FKXS","A2MZEUP2ECO1AI","Approved","Fri Dec 06 04:42:04 PST 2024","Fri Dec 06 05:31:13 PST 2024","Fri Dec 06 06:31:13 PST 2024","Fri Dec 06 06:31:35 PST 2024","","","2949","100% (34/34)","100% (34/34)","100% (34/34)","conditional log likelihood","условное логарифмическое правдоподобие","условная логарифмическая вероятность","confusion network","сеть неразберихи","сеть путаницы","conjugate gradient","метод сопряжённых градиентов","сопряженный градиент","contextual model","контекстуальная модель","контекстная модель","contextual vector","контекстуальный вектор","контекстный вектор","false","true","false","true","true","true","false","true","false","false","false","false","false","false","false","false","false","false","false","false"
"31SIZS5W6QTD9TQXBN1XPG4EENDRQ0","33VSRLCQVHFD1FA99WBAF9UCJT3XCK","Ranking the Quality of AI Terminology Translation from English to Russian","In this task, you will compare the quality of translations for scientific terms generated by two different methods. The input will include an English term, a context paragraph where the term is used, and its translations in Russian.","Translation, AI Terminology, Multilingual, Ranking","$0.01","Fri Dec 06 03:41:20 PST 2024","5","BatchId:5277384;OriginalHitTemplateId:928390912;","3600","3600","Fri Dec 13 03:41:20 PST 2024","","","3YGXWBAF7IV506CAMV9QM20HY02C4T","A27705JMG5A29P","Approved","Fri Dec 06 03:42:17 PST 2024","Fri Dec 06 03:45:41 PST 2024","Fri Dec 06 04:45:41 PST 2024","Fri Dec 06 04:46:35 PST 2024","","","204","100% (6/6)","100% (6/6)","100% (6/6)","contingency table","таблица сопряженности","контингентная таблица","contrastive objective","контрастивная цель","контрастная цель","convex conjugate","выпуклый сопряженный функционал","выпуклый сопряжённый","convex objective","выпуклая целевая функция","выпуклая цель","convolution layer","свёрточный слой","сверточный слой","true","false","false","false","true","false","true","false","false","false","false","false","false","true","false","false","false","false","false","false"
"31SIZS5W6QTD9TQXBN1XPG4EENDRQ0","33VSRLCQVHFD1FA99WBAF9UCJT3XCK","Ranking the Quality of AI Terminology Translation from English to Russian","In this task, you will compare the quality of translations for scientific terms generated by two different methods. The input will include an English term, a context paragraph where the term is used, and its translations in Russian.","Translation, AI Terminology, Multilingual, Ranking","$0.01","Fri Dec 06 03:41:20 PST 2024","5","BatchId:5277384;OriginalHitTemplateId:928390912;","3600","3600","Fri Dec 13 03:41:20 PST 2024","","","3TS1AR6UQ8S9M5E3FVXYXK5UMFJF7Q","AS0K8SAHI5SQD","Approved","Fri Dec 06 04:42:20 PST 2024","Fri Dec 06 05:02:06 PST 2024","Fri Dec 06 06:02:06 PST 2024","Fri Dec 06 06:02:35 PST 2024","","","1186","100% (13/13)","100% (13/13)","100% (13/13)","contingency table","таблица сопряженности","контингентная таблица","contrastive objective","контрастивная цель","контрастная цель","convex conjugate","выпуклый сопряженный функционал","выпуклый сопряжённый","convex objective","выпуклая целевая функция","выпуклая цель","convolution layer","свёрточный слой","сверточный слой","true","false","false","false","true","false","true","true","true","false","false","false","false","false","false","false","false","false","false","false"
"31SIZS5W6QTD9TQXBN1XPG4EENDRQ0","33VSRLCQVHFD1FA99WBAF9UCJT3XCK","Ranking the Quality of AI Terminology Translation from English to Russian","In this task, you will compare the quality of translations for scientific terms generated by two different methods. The input will include an English term, a context paragraph where the term is used, and its translations in Russian.","Translation, AI Terminology, Multilingual, Ranking","$0.01","Fri Dec 06 03:41:20 PST 2024","5","BatchId:5277384;OriginalHitTemplateId:928390912;","3600","3600","Fri Dec 13 03:41:20 PST 2024","","","3SBEHTYCW5HCBGCU3CTJDU2J67QIYT","A1L8EGJ85A7DZR","Approved","Fri Dec 06 04:42:37 PST 2024","Fri Dec 06 05:09:15 PST 2024","Fri Dec 06 06:09:15 PST 2024","Fri Dec 06 06:09:35 PST 2024","","","1598","100% (27/27)","100% (27/27)","100% (27/27)","contingency table","таблица сопряженности","контингентная таблица","contrastive objective","контрастивная цель","контрастная цель","convex conjugate","выпуклый сопряженный функционал","выпуклый сопряжённый","convex objective","выпуклая целевая функция","выпуклая цель","convolution layer","свёрточный слой","сверточный слой","false","false","false","false","true","true","true","true","true","false","false","false","false","false","false","false","false","false","false","false"
"31SIZS5W6QTD9TQXBN1XPG4EENDRQ0","33VSRLCQVHFD1FA99WBAF9UCJT3XCK","Ranking the Quality of AI Terminology Translation from English to Russian","In this task, you will compare the quality of translations for scientific terms generated by two different methods. The input will include an English term, a context paragraph where the term is used, and its translations in Russian.","Translation, AI Terminology, Multilingual, Ranking","$0.01","Fri Dec 06 03:41:20 PST 2024","5","BatchId:5277384;OriginalHitTemplateId:928390912;","3600","3600","Fri Dec 13 03:41:20 PST 2024","","","3TU5ZICBRVFAD89V3G0YNJ534258Q9","A38SYZRVLTMOFG","Approved","Fri Dec 06 04:42:36 PST 2024","Fri Dec 06 05:22:44 PST 2024","Fri Dec 06 06:22:44 PST 2024","Fri Dec 06 06:23:35 PST 2024","","","2408","100% (49/49)","100% (49/49)","100% (49/49)","contingency table","таблица сопряженности","контингентная таблица","contrastive objective","контрастивная цель","контрастная цель","convex conjugate","выпуклый сопряженный функционал","выпуклый сопряжённый","convex objective","выпуклая целевая функция","выпуклая цель","convolution layer","свёрточный слой","сверточный слой","true","true","false","true","true","false","false","true","false","false","false","false","false","false","false","false","false","false","false","false"
"31SIZS5W6QTD9TQXBN1XPG4EENDRQ0","33VSRLCQVHFD1FA99WBAF9UCJT3XCK","Ranking the Quality of AI Terminology Translation from English to Russian","In this task, you will compare the quality of translations for scientific terms generated by two different methods. The input will include an English term, a context paragraph where the term is used, and its translations in Russian.","Translation, AI Terminology, Multilingual, Ranking","$0.01","Fri Dec 06 03:41:20 PST 2024","5","BatchId:5277384;OriginalHitTemplateId:928390912;","3600","3600","Fri Dec 13 03:41:20 PST 2024","","","3JAOYWH7V0IZ0GCSG3YG6T1KE1T9L1","A2O4PW85X1GQA1","Approved","Fri Dec 06 04:42:18 PST 2024","Fri Dec 06 05:40:26 PST 2024","Fri Dec 06 06:40:26 PST 2024","Fri Dec 06 06:40:35 PST 2024","","","3488","100% (15/15)","100% (15/15)","100% (15/15)","contingency table","таблица сопряженности","контингентная таблица","contrastive objective","контрастивная цель","контрастная цель","convex conjugate","выпуклый сопряженный функционал","выпуклый сопряжённый","convex objective","выпуклая целевая функция","выпуклая цель","convolution layer","свёрточный слой","сверточный слой","true","true","false","false","true","false","false","true","true","false","false","false","false","false","false","false","false","false","false","false"
"3MXX6RQ9FCJL8BNK0YQVHI3UHD84P4","33VSRLCQVHFD1FA99WBAF9UCJT3XCK","Ranking the Quality of AI Terminology Translation from English to Russian","In this task, you will compare the quality of translations for scientific terms generated by two different methods. The input will include an English term, a context paragraph where the term is used, and its translations in Russian.","Translation, AI Terminology, Multilingual, Ranking","$0.01","Fri Dec 06 03:41:20 PST 2024","5","BatchId:5277384;OriginalHitTemplateId:928390912;","3600","3600","Fri Dec 13 03:41:20 PST 2024","","","3LQ8PUHQF36QPLM5TCPVRU7GGA7HIL","A2E2FFMXS9F9KR","Approved","Fri Dec 06 03:41:35 PST 2024","Fri Dec 06 04:32:31 PST 2024","Fri Dec 06 05:32:31 PST 2024","Fri Dec 06 05:32:35 PST 2024","","","3056","100% (51/51)","100% (51/51)","100% (51/51)","coordinate descent","координатный спуск","спуск по координатам","cost volume","объем затрат","объем стоимости","cumulative distribution function","функция накопленного распределения","кумулятивная функция распределения","data mining","интеллектуальный анализ данных","добыча данных","datum fidelity","достоверность данных","точность данных","true","false","true","false","true","false","false","false","true","false","false","false","false","false","false","false","true","false","false","false"
"3MXX6RQ9FCJL8BNK0YQVHI3UHD84P4","33VSRLCQVHFD1FA99WBAF9UCJT3XCK","Ranking the Quality of AI Terminology Translation from English to Russian","In this task, you will compare the quality of translations for scientific terms generated by two different methods. The input will include an English term, a context paragraph where the term is used, and its translations in Russian.","Translation, AI Terminology, Multilingual, Ranking","$0.01","Fri Dec 06 03:41:20 PST 2024","5","BatchId:5277384;OriginalHitTemplateId:928390912;","3600","3600","Fri Dec 13 03:41:20 PST 2024","","","37WLF8U1W741YRSCXWJ37JX3Z1NK67","A11B7MUC7UTFKN","Approved","Fri Dec 06 04:43:06 PST 2024","Fri Dec 06 05:12:30 PST 2024","Fri Dec 06 06:12:30 PST 2024","Fri Dec 06 06:12:35 PST 2024","","","1764","100% (36/36)","100% (36/36)","100% (36/36)","coordinate descent","координатный спуск","спуск по координатам","cost volume","объем затрат","объем стоимости","cumulative distribution function","функция накопленного распределения","кумулятивная функция распределения","data mining","интеллектуальный анализ данных","добыча данных","datum fidelity","достоверность данных","точность данных","true","false","true","true","false","false","false","false","false","true","false","false","false","false","false","false","true","false","false","false"
"3MXX6RQ9FCJL8BNK0YQVHI3UHD84P4","33VSRLCQVHFD1FA99WBAF9UCJT3XCK","Ranking the Quality of AI Terminology Translation from English to Russian","In this task, you will compare the quality of translations for scientific terms generated by two different methods. The input will include an English term, a context paragraph where the term is used, and its translations in Russian.","Translation, AI Terminology, Multilingual, Ranking","$0.01","Fri Dec 06 03:41:20 PST 2024","5","BatchId:5277384;OriginalHitTemplateId:928390912;","3600","3600","Fri Dec 13 03:41:20 PST 2024","","","3CN4LGXD5F2I39DFINRFJTS01OJ4YS","A3HSZ9YLOBCCPR","Approved","Fri Dec 06 04:41:54 PST 2024","Fri Dec 06 05:24:59 PST 2024","Fri Dec 06 06:24:59 PST 2024","Fri Dec 06 06:25:35 PST 2024","","","2585","100% (39/39)","100% (39/39)","100% (39/39)","coordinate descent","координатный спуск","спуск по координатам","cost volume","объем затрат","объем стоимости","cumulative distribution function","функция накопленного распределения","кумулятивная функция распределения","data mining","интеллектуальный анализ данных","добыча данных","datum fidelity","достоверность данных","точность данных","true","false","true","false","false","false","true","false","true","true","false","false","false","false","false","false","false","false","false","false"
"3MXX6RQ9FCJL8BNK0YQVHI3UHD84P4","33VSRLCQVHFD1FA99WBAF9UCJT3XCK","Ranking the Quality of AI Terminology Translation from English to Russian","In this task, you will compare the quality of translations for scientific terms generated by two different methods. The input will include an English term, a context paragraph where the term is used, and its translations in Russian.","Translation, AI Terminology, Multilingual, Ranking","$0.01","Fri Dec 06 03:41:20 PST 2024","5","BatchId:5277384;OriginalHitTemplateId:928390912;","3600","3600","Fri Dec 13 03:41:20 PST 2024","","","3NS0A6KXCMMYKFG49AVZ6PY5XNVZG0","A13QHI6P2C910K","Approved","Fri Dec 06 04:41:54 PST 2024","Fri Dec 06 05:34:41 PST 2024","Fri Dec 06 06:34:41 PST 2024","Fri Dec 06 06:35:35 PST 2024","","","3167","100% (39/39)","100% (39/39)","100% (39/39)","coordinate descent","координатный спуск","спуск по координатам","cost volume","объем затрат","объем стоимости","cumulative distribution function","функция накопленного распределения","кумулятивная функция распределения","data mining","интеллектуальный анализ данных","добыча данных","datum fidelity","достоверность данных","точность данных","true","false","true","true","true","false","true","false","false","false","false","false","false","false","false","false","false","false","false","false"
"3MXX6RQ9FCJL8BNK0YQVHI3UHD84P4","33VSRLCQVHFD1FA99WBAF9UCJT3XCK","Ranking the Quality of AI Terminology Translation from English to Russian","In this task, you will compare the quality of translations for scientific terms generated by two different methods. The input will include an English term, a context paragraph where the term is used, and its translations in Russian.","Translation, AI Terminology, Multilingual, Ranking","$0.01","Fri Dec 06 03:41:20 PST 2024","5","BatchId:5277384;OriginalHitTemplateId:928390912;","3600","3600","Fri Dec 13 03:41:20 PST 2024","","","3JNQLM5FTM0O0WRTVUJ1W6T680F2L8","A38SYZRVLTMOFG","Approved","Fri Dec 06 07:44:18 PST 2024","Fri Dec 06 07:47:50 PST 2024","Fri Dec 06 08:47:50 PST 2024","Fri Dec 06 08:48:35 PST 2024","","","212","100% (49/49)","100% (49/49)","100% (49/49)","coordinate descent","координатный спуск","спуск по координатам","cost volume","объем затрат","объем стоимости","cumulative distribution function","функция накопленного распределения","кумулятивная функция распределения","data mining","интеллектуальный анализ данных","добыча данных","datum fidelity","достоверность данных","точность данных","false","false","true","false","false","true","false","false","true","true","false","false","false","false","false","false","true","false","false","false"
"3IKDQS3DRVEWMTDVGI6TRJE6NCUCID","33VSRLCQVHFD1FA99WBAF9UCJT3XCK","Ranking the Quality of AI Terminology Translation from English to Russian","In this task, you will compare the quality of translations for scientific terms generated by two different methods. The input will include an English term, a context paragraph where the term is used, and its translations in Russian.","Translation, AI Terminology, Multilingual, Ranking","$0.01","Fri Dec 06 03:41:20 PST 2024","5","BatchId:5277384;OriginalHitTemplateId:928390912;","3600","3600","Fri Dec 13 03:41:20 PST 2024","","","308XBLVES0ITR7M2J798JB598TLBR3","A1MW1UNSOFPB4F","Approved","Fri Dec 06 03:42:05 PST 2024","Fri Dec 06 03:46:39 PST 2024","Fri Dec 06 04:46:39 PST 2024","Fri Dec 06 04:47:35 PST 2024","","","274","100% (19/19)","100% (19/19)","100% (19/19)","decision boundary","граница принятия решения","граница решения","deep net","глубокая нейронная сеть","глубокая сеть","dependency path","путь зависимостей","путь зависимости","directed acyclic graph","ориентированный ациклический граф","направленный ациклический граф","distance transform","трансформация расстояния","преобразование расстояния","false","false","false","true","true","true","true","false","false","false","false","false","true","false","false","false","false","false","false","false"
"3IKDQS3DRVEWMTDVGI6TRJE6NCUCID","33VSRLCQVHFD1FA99WBAF9UCJT3XCK","Ranking the Quality of AI Terminology Translation from English to Russian","In this task, you will compare the quality of translations for scientific terms generated by two different methods. The input will include an English term, a context paragraph where the term is used, and its translations in Russian.","Translation, AI Terminology, Multilingual, Ranking","$0.01","Fri Dec 06 03:41:20 PST 2024","5","BatchId:5277384;OriginalHitTemplateId:928390912;","3600","3600","Fri Dec 13 03:41:20 PST 2024","","","31JLPPHS2C8LRZQ9CMDY7X2S9EP3OW","A1U6UPXOFCXR24","Approved","Fri Dec 06 03:42:18 PST 2024","Fri Dec 06 04:30:02 PST 2024","Fri Dec 06 05:30:02 PST 2024","Fri Dec 06 05:30:35 PST 2024","","","2864","100% (17/17)","100% (17/17)","100% (17/17)","decision boundary","граница принятия решения","граница решения","deep net","глубокая нейронная сеть","глубокая сеть","dependency path","путь зависимостей","путь зависимости","directed acyclic graph","ориентированный ациклический граф","направленный ациклический граф","distance transform","трансформация расстояния","преобразование расстояния","false","true","false","true","true","true","false","true","false","false","false","false","false","false","false","false","false","false","false","false"
"3IKDQS3DRVEWMTDVGI6TRJE6NCUCID","33VSRLCQVHFD1FA99WBAF9UCJT3XCK","Ranking the Quality of AI Terminology Translation from English to Russian","In this task, you will compare the quality of translations for scientific terms generated by two different methods. The input will include an English term, a context paragraph where the term is used, and its translations in Russian.","Translation, AI Terminology, Multilingual, Ranking","$0.01","Fri Dec 06 03:41:20 PST 2024","5","BatchId:5277384;OriginalHitTemplateId:928390912;","3600","3600","Fri Dec 13 03:41:20 PST 2024","","","3HOSI13XHH2S5U1HF25U9CC5WD6DD6","A186ORPGIU3WNL","Approved","Fri Dec 06 03:41:51 PST 2024","Fri Dec 06 04:40:56 PST 2024","Fri Dec 06 05:40:56 PST 2024","Fri Dec 06 05:41:35 PST 2024","","","3545","100% (53/53)","100% (52/52)","100% (52/52)","decision boundary","граница принятия решения","граница решения","deep net","глубокая нейронная сеть","глубокая сеть","dependency path","путь зависимостей","путь зависимости","directed acyclic graph","ориентированный ациклический граф","направленный ациклический граф","distance transform","трансформация расстояния","преобразование расстояния","false","true","false","true","true","true","false","true","false","false","false","false","false","false","false","false","false","false","false","false"
"3IKDQS3DRVEWMTDVGI6TRJE6NCUCID","33VSRLCQVHFD1FA99WBAF9UCJT3XCK","Ranking the Quality of AI Terminology Translation from English to Russian","In this task, you will compare the quality of translations for scientific terms generated by two different methods. The input will include an English term, a context paragraph where the term is used, and its translations in Russian.","Translation, AI Terminology, Multilingual, Ranking","$0.01","Fri Dec 06 03:41:20 PST 2024","5","BatchId:5277384;OriginalHitTemplateId:928390912;","3600","3600","Fri Dec 13 03:41:20 PST 2024","","","3Z4XG4ZF4Q5UM5A7PUVQHR1W15SX8V","AWPXR7XE6B8KD","Approved","Fri Dec 06 04:44:16 PST 2024","Fri Dec 06 05:01:50 PST 2024","Fri Dec 06 06:01:50 PST 2024","Fri Dec 06 06:02:35 PST 2024","","","1054","100% (17/17)","100% (17/17)","100% (17/17)","decision boundary","граница принятия решения","граница решения","deep net","глубокая нейронная сеть","глубокая сеть","dependency path","путь зависимостей","путь зависимости","directed acyclic graph","ориентированный ациклический граф","направленный ациклический граф","distance transform","трансформация расстояния","преобразование расстояния","false","true","false","true","true","true","false","true","false","false","false","false","false","false","false","false","false","false","false","false"
"3IKDQS3DRVEWMTDVGI6TRJE6NCUCID","33VSRLCQVHFD1FA99WBAF9UCJT3XCK","Ranking the Quality of AI Terminology Translation from English to Russian","In this task, you will compare the quality of translations for scientific terms generated by two different methods. The input will include an English term, a context paragraph where the term is used, and its translations in Russian.","Translation, AI Terminology, Multilingual, Ranking","$0.01","Fri Dec 06 03:41:20 PST 2024","5","BatchId:5277384;OriginalHitTemplateId:928390912;","3600","3600","Fri Dec 13 03:41:20 PST 2024","","","323Q6SJS80U6FUKFS4JAOXUO0JMHF3","A13QHI6P2C910K","Approved","Fri Dec 06 04:43:06 PST 2024","Fri Dec 06 05:38:21 PST 2024","Fri Dec 06 06:38:21 PST 2024","Fri Dec 06 06:38:35 PST 2024","","","3315","100% (39/39)","100% (39/39)","100% (39/39)","decision boundary","граница принятия решения","граница решения","deep net","глубокая нейронная сеть","глубокая сеть","dependency path","путь зависимостей","путь зависимости","directed acyclic graph","ориентированный ациклический граф","направленный ациклический граф","distance transform","трансформация расстояния","преобразование расстояния","false","true","false","true","true","true","false","true","false","false","false","false","false","false","false","false","false","false","false","false"
"3DFYDSXB3DEO3YE1KRCTXQFC7RPUJG","33VSRLCQVHFD1FA99WBAF9UCJT3XCK","Ranking the Quality of AI Terminology Translation from English to Russian","In this task, you will compare the quality of translations for scientific terms generated by two different methods. The input will include an English term, a context paragraph where the term is used, and its translations in Russian.","Translation, AI Terminology, Multilingual, Ranking","$0.01","Fri Dec 06 03:41:20 PST 2024","5","BatchId:5277384;OriginalHitTemplateId:928390912;","3600","3600","Fri Dec 13 03:41:20 PST 2024","","","36TFCYNS4MONFGB0SYPWU4UV4NBHXL","A251BWQW2F81FT","Approved","Fri Dec 06 03:41:39 PST 2024","Fri Dec 06 04:16:45 PST 2024","Fri Dec 06 05:16:45 PST 2024","Fri Dec 06 05:17:35 PST 2024","","","2106","100% (31/31)","100% (31/31)","100% (31/31)","distributional model","модель распределения","распределительная модель","domain knowledge","знание предметной области","предметные знания","domain-specific","специфичный для домена","специфичный для области","dual norm","двойственная норма","двойная норма","dual program","двойственная задача","двойная программа","false","true","true","false","false","false","false","false","true","true","false","false","false","false","false","true","false","false","false","false"
"3DFYDSXB3DEO3YE1KRCTXQFC7RPUJG","33VSRLCQVHFD1FA99WBAF9UCJT3XCK","Ranking the Quality of AI Terminology Translation from English to Russian","In this task, you will compare the quality of translations for scientific terms generated by two different methods. The input will include an English term, a context paragraph where the term is used, and its translations in Russian.","Translation, AI Terminology, Multilingual, Ranking","$0.01","Fri Dec 06 03:41:20 PST 2024","5","BatchId:5277384;OriginalHitTemplateId:928390912;","3600","3600","Fri Dec 13 03:41:20 PST 2024","","","3P4RDNWNDNKMGRHVHCSG37NVT2BJIS","A1U6UPXOFCXR24","Approved","Fri Dec 06 03:42:03 PST 2024","Fri Dec 06 04:29:47 PST 2024","Fri Dec 06 05:29:47 PST 2024","Fri Dec 06 05:30:35 PST 2024","","","2864","100% (17/17)","100% (17/17)","100% (17/17)","distributional model","модель распределения","распределительная модель","domain knowledge","знание предметной области","предметные знания","domain-specific","специфичный для домена","специфичный для области","dual norm","двойственная норма","двойная норма","dual program","двойственная задача","двойная программа","false","true","false","true","true","true","false","false","false","false","false","false","true","false","false","false","false","false","false","false"
"3DFYDSXB3DEO3YE1KRCTXQFC7RPUJG","33VSRLCQVHFD1FA99WBAF9UCJT3XCK","Ranking the Quality of AI Terminology Translation from English to Russian","In this task, you will compare the quality of translations for scientific terms generated by two different methods. The input will include an English term, a context paragraph where the term is used, and its translations in Russian.","Translation, AI Terminology, Multilingual, Ranking","$0.01","Fri Dec 06 03:41:20 PST 2024","5","BatchId:5277384;OriginalHitTemplateId:928390912;","3600","3600","Fri Dec 13 03:41:20 PST 2024","","","379J5II416UGVC39OEE2Y72V5ZFLEV","A2D6SB3TU1NYQ7","Approved","Fri Dec 06 04:42:43 PST 2024","Fri Dec 06 05:05:02 PST 2024","Fri Dec 06 06:05:02 PST 2024","Fri Dec 06 06:05:35 PST 2024","","","1339","100% (45/45)","100% (45/45)","100% (45/45)","distributional model","модель распределения","распределительная модель","domain knowledge","знание предметной области","предметные знания","domain-specific","специфичный для домена","специфичный для области","dual norm","двойственная норма","двойная норма","dual program","двойственная задача","двойная программа","false","true","false","true","false","true","false","true","false","true","false","false","false","false","false","false","false","false","false","false"
"3DFYDSXB3DEO3YE1KRCTXQFC7RPUJG","33VSRLCQVHFD1FA99WBAF9UCJT3XCK","Ranking the Quality of AI Terminology Translation from English to Russian","In this task, you will compare the quality of translations for scientific terms generated by two different methods. The input will include an English term, a context paragraph where the term is used, and its translations in Russian.","Translation, AI Terminology, Multilingual, Ranking","$0.01","Fri Dec 06 03:41:20 PST 2024","5","BatchId:5277384;OriginalHitTemplateId:928390912;","3600","3600","Fri Dec 13 03:41:20 PST 2024","","","3PEIJLRY6B75C66PNXBWV74IJBOWX0","A11B7MUC7UTFKN","Approved","Fri Dec 06 04:42:16 PST 2024","Fri Dec 06 05:10:39 PST 2024","Fri Dec 06 06:10:39 PST 2024","Fri Dec 06 06:11:35 PST 2024","","","1703","100% (36/36)","100% (36/36)","100% (36/36)","distributional model","модель распределения","распределительная модель","domain knowledge","знание предметной области","предметные знания","domain-specific","специфичный для домена","специфичный для области","dual norm","двойственная норма","двойная норма","dual program","двойственная задача","двойная программа","false","true","false","true","false","false","false","true","false","true","true","false","false","false","false","false","false","false","false","false"
"3DFYDSXB3DEO3YE1KRCTXQFC7RPUJG","33VSRLCQVHFD1FA99WBAF9UCJT3XCK","Ranking the Quality of AI Terminology Translation from English to Russian","In this task, you will compare the quality of translations for scientific terms generated by two different methods. The input will include an English term, a context paragraph where the term is used, and its translations in Russian.","Translation, AI Terminology, Multilingual, Ranking","$0.01","Fri Dec 06 03:41:20 PST 2024","5","BatchId:5277384;OriginalHitTemplateId:928390912;","3600","3600","Fri Dec 13 03:41:20 PST 2024","","","3FE7TXL1L01ZRT76NZRXDSS0I162QR","A3MDTRJTDIDNX","Approved","Fri Dec 06 04:42:04 PST 2024","Fri Dec 06 05:22:11 PST 2024","Fri Dec 06 06:22:11 PST 2024","Fri Dec 06 06:22:35 PST 2024","","","2407","100% (53/53)","100% (53/53)","100% (53/53)","distributional model","модель распределения","распределительная модель","domain knowledge","знание предметной области","предметные знания","domain-specific","специфичный для домена","специфичный для области","dual norm","двойственная норма","двойная норма","dual program","двойственная задача","двойная программа","false","true","false","true","false","true","false","false","false","true","false","false","true","false","false","false","false","false","false","false"
"3P7QK0GJ4AZ5J1A3JT59F18A7YIZ2N","33VSRLCQVHFD1FA99WBAF9UCJT3XCK","Ranking the Quality of AI Terminology Translation from English to Russian","In this task, you will compare the quality of translations for scientific terms generated by two different methods. The input will include an English term, a context paragraph where the term is used, and its translations in Russian.","Translation, AI Terminology, Multilingual, Ranking","$0.01","Fri Dec 06 03:41:20 PST 2024","5","BatchId:5277384;OriginalHitTemplateId:928390912;","3600","3600","Fri Dec 13 03:41:20 PST 2024","","","3UN61F00HE3R2R5TIXIVGP5HYX05RX","A3TXIZFRTA02Z7","Approved","Fri Dec 06 03:42:39 PST 2024","Fri Dec 06 03:44:18 PST 2024","Fri Dec 06 04:44:18 PST 2024","Fri Dec 06 04:44:35 PST 2024","","","99","100% (2/2)","100% (2/2)","100% (2/2)","eigenspectrum","спектр собственных значений","собственный спектр","embedding model","модель эмбеддинга","модель встраивания","embedding space","пространство эмбеддингов","пространство встраивания","embedding vector","вектор эмбеддинга","вектор встраивания","encoder layer","слой энкодера","слой кодировщика","false","false","false","true","false","true","false","true","false","false","false","false","false","false","false","false","true","false","false","true"
"3P7QK0GJ4AZ5J1A3JT59F18A7YIZ2N","33VSRLCQVHFD1FA99WBAF9UCJT3XCK","Ranking the Quality of AI Terminology Translation from English to Russian","In this task, you will compare the quality of translations for scientific terms generated by two different methods. The input will include an English term, a context paragraph where the term is used, and its translations in Russian.","Translation, AI Terminology, Multilingual, Ranking","$0.01","Fri Dec 06 03:41:20 PST 2024","5","BatchId:5277384;OriginalHitTemplateId:928390912;","3600","3600","Fri Dec 13 03:41:20 PST 2024","","","3E13VNJ1N59FLA1RRNMAZ7R9ZLCI1O","A3MDTRJTDIDNX","Approved","Fri Dec 06 03:42:40 PST 2024","Fri Dec 06 03:55:18 PST 2024","Fri Dec 06 04:55:18 PST 2024","Fri Dec 06 04:55:35 PST 2024","","","758","100% (53/53)","100% (53/53)","100% (53/53)","eigenspectrum","спектр собственных значений","собственный спектр","embedding model","модель эмбеддинга","модель встраивания","embedding space","пространство эмбеддингов","пространство встраивания","embedding vector","вектор эмбеддинга","вектор встраивания","encoder layer","слой энкодера","слой кодировщика","true","true","true","true","true","false","false","false","false","false","false","false","false","false","false","false","false","false","false","false"
"3P7QK0GJ4AZ5J1A3JT59F18A7YIZ2N","33VSRLCQVHFD1FA99WBAF9UCJT3XCK","Ranking the Quality of AI Terminology Translation from English to Russian","In this task, you will compare the quality of translations for scientific terms generated by two different methods. The input will include an English term, a context paragraph where the term is used, and its translations in Russian.","Translation, AI Terminology, Multilingual, Ranking","$0.01","Fri Dec 06 03:41:20 PST 2024","5","BatchId:5277384;OriginalHitTemplateId:928390912;","3600","3600","Fri Dec 13 03:41:20 PST 2024","","","3KOPY89HMQG7QOZCW9LTZ1L6AKEJ3S","A2E2FFMXS9F9KR","Approved","Fri Dec 06 03:41:56 PST 2024","Fri Dec 06 04:34:18 PST 2024","Fri Dec 06 05:34:18 PST 2024","Fri Dec 06 05:34:35 PST 2024","","","3142","100% (51/51)","100% (51/51)","100% (51/51)","eigenspectrum","спектр собственных значений","собственный спектр","embedding model","модель эмбеддинга","модель встраивания","embedding space","пространство эмбеддингов","пространство встраивания","embedding vector","вектор эмбеддинга","вектор встраивания","encoder layer","слой энкодера","слой кодировщика","true","true","true","true","true","false","false","false","false","false","false","false","false","false","false","false","false","false","false","false"
"3P7QK0GJ4AZ5J1A3JT59F18A7YIZ2N","33VSRLCQVHFD1FA99WBAF9UCJT3XCK","Ranking the Quality of AI Terminology Translation from English to Russian","In this task, you will compare the quality of translations for scientific terms generated by two different methods. The input will include an English term, a context paragraph where the term is used, and its translations in Russian.","Translation, AI Terminology, Multilingual, Ranking","$0.01","Fri Dec 06 03:41:20 PST 2024","5","BatchId:5277384;OriginalHitTemplateId:928390912;","3600","3600","Fri Dec 13 03:41:20 PST 2024","","","38BQUHLA9EEMDLYJI4ID3WBY955MOU","A2YVLMI4PRDECY","Approved","Fri Dec 06 03:42:08 PST 2024","Fri Dec 06 04:39:44 PST 2024","Fri Dec 06 05:39:44 PST 2024","Fri Dec 06 05:40:35 PST 2024","","","3456","100% (32/32)","100% (32/32)","100% (32/32)","eigenspectrum","спектр собственных значений","собственный спектр","embedding model","модель эмбеддинга","модель встраивания","embedding space","пространство эмбеддингов","пространство встраивания","embedding vector","вектор эмбеддинга","вектор встраивания","encoder layer","слой энкодера","слой кодировщика","true","false","false","false","true","false","true","true","true","false","false","false","false","false","false","false","false","false","false","false"
"3P7QK0GJ4AZ5J1A3JT59F18A7YIZ2N","33VSRLCQVHFD1FA99WBAF9UCJT3XCK","Ranking the Quality of AI Terminology Translation from English to Russian","In this task, you will compare the quality of translations for scientific terms generated by two different methods. The input will include an English term, a context paragraph where the term is used, and its translations in Russian.","Translation, AI Terminology, Multilingual, Ranking","$0.01","Fri Dec 06 03:41:20 PST 2024","5","BatchId:5277384;OriginalHitTemplateId:928390912;","3600","3600","Fri Dec 13 03:41:20 PST 2024","","","3DPNQGW4L3TGKP39C4WN02872FX461","A38SYZRVLTMOFG","Approved","Fri Dec 06 04:42:42 PST 2024","Fri Dec 06 05:23:34 PST 2024","Fri Dec 06 06:23:34 PST 2024","Fri Dec 06 06:23:35 PST 2024","","","2452","100% (49/49)","100% (49/49)","100% (49/49)","eigenspectrum","спектр собственных значений","собственный спектр","embedding model","модель эмбеддинга","модель встраивания","embedding space","пространство эмбеддингов","пространство встраивания","embedding vector","вектор эмбеддинга","вектор встраивания","encoder layer","слой энкодера","слой кодировщика","true","false","false","false","true","false","true","true","true","false","false","false","false","false","false","false","false","false","false","false"
"307FVKVSZ8TW25JK4CWEHWC9HJ2740","33VSRLCQVHFD1FA99WBAF9UCJT3XCK","Ranking the Quality of AI Terminology Translation from English to Russian","In this task, you will compare the quality of translations for scientific terms generated by two different methods. The input will include an English term, a context paragraph where the term is used, and its translations in Russian.","Translation, AI Terminology, Multilingual, Ranking","$0.01","Fri Dec 06 03:41:20 PST 2024","5","BatchId:5277384;OriginalHitTemplateId:928390912;","3600","3600","Fri Dec 13 03:41:20 PST 2024","","","34Q075JO1FR4EFKBNXX4T3RDDRV10C","A10BDVOPZV1P1T","Approved","Fri Dec 06 03:42:11 PST 2024","Fri Dec 06 03:42:43 PST 2024","Fri Dec 06 04:42:43 PST 2024","Fri Dec 06 04:43:35 PST 2024","","","32","100% (1/1)","100% (1/1)","100% (1/1)","encoder model","модель энкодера","модель кодировщика","equalized odd","уравненные шансы","уравновешенные шансы","equivalence query","запрос эквивалентности","запрос на эквивалентность","error tolerance","толерантность к ошибкам","допустимая ошибка","evaluation set","оценочный набор","набор для оценки","false","false","false","false","false","false","false","true","false","false","true","true","false","true","true","false","false","false","false","false"
"307FVKVSZ8TW25JK4CWEHWC9HJ2740","33VSRLCQVHFD1FA99WBAF9UCJT3XCK","Ranking the Quality of AI Terminology Translation from English to Russian","In this task, you will compare the quality of translations for scientific terms generated by two different methods. The input will include an English term, a context paragraph where the term is used, and its translations in Russian.","Translation, AI Terminology, Multilingual, Ranking","$0.01","Fri Dec 06 03:41:20 PST 2024","5","BatchId:5277384;OriginalHitTemplateId:928390912;","3600","3600","Fri Dec 13 03:41:20 PST 2024","","","3C5W7UE9CX497UCBJV59M92RL9AXMA","A1MW1UNSOFPB4F","Approved","Fri Dec 06 03:42:14 PST 2024","Fri Dec 06 03:47:44 PST 2024","Fri Dec 06 04:47:44 PST 2024","Fri Dec 06 04:48:35 PST 2024","","","330","100% (19/19)","100% (19/19)","100% (19/19)","encoder model","модель энкодера","модель кодировщика","equalized odd","уравненные шансы","уравновешенные шансы","equivalence query","запрос эквивалентности","запрос на эквивалентность","error tolerance","толерантность к ошибкам","допустимая ошибка","evaluation set","оценочный набор","набор для оценки","true","false","false","false","true","false","true","false","false","false","false","false","true","true","false","false","false","false","false","false"
"307FVKVSZ8TW25JK4CWEHWC9HJ2740","33VSRLCQVHFD1FA99WBAF9UCJT3XCK","Ranking the Quality of AI Terminology Translation from English to Russian","In this task, you will compare the quality of translations for scientific terms generated by two different methods. The input will include an English term, a context paragraph where the term is used, and its translations in Russian.","Translation, AI Terminology, Multilingual, Ranking","$0.01","Fri Dec 06 03:41:20 PST 2024","5","BatchId:5277384;OriginalHitTemplateId:928390912;","3600","3600","Fri Dec 13 03:41:20 PST 2024","","","3U5NZHP4L9GI679967FF0R8S2O2PH5","A2MZEUP2ECO1AI","Approved","Fri Dec 06 03:42:11 PST 2024","Fri Dec 06 04:07:35 PST 2024","Fri Dec 06 05:07:35 PST 2024","Fri Dec 06 05:08:35 PST 2024","","","1524","100% (34/34)","100% (34/34)","100% (34/34)","encoder model","модель энкодера","модель кодировщика","equalized odd","уравненные шансы","уравновешенные шансы","equivalence query","запрос эквивалентности","запрос на эквивалентность","error tolerance","толерантность к ошибкам","допустимая ошибка","evaluation set","оценочный набор","набор для оценки","true","false","true","false","true","false","true","false","true","false","false","false","false","false","false","false","false","false","false","false"
"307FVKVSZ8TW25JK4CWEHWC9HJ2740","33VSRLCQVHFD1FA99WBAF9UCJT3XCK","Ranking the Quality of AI Terminology Translation from English to Russian","In this task, you will compare the quality of translations for scientific terms generated by two different methods. The input will include an English term, a context paragraph where the term is used, and its translations in Russian.","Translation, AI Terminology, Multilingual, Ranking","$0.01","Fri Dec 06 03:41:20 PST 2024","5","BatchId:5277384;OriginalHitTemplateId:928390912;","3600","3600","Fri Dec 13 03:41:20 PST 2024","","","3TE3O8573IMZ3UM60EGXII25EN8R2H","A13QHI6P2C910K","Approved","Fri Dec 06 03:41:59 PST 2024","Fri Dec 06 04:38:44 PST 2024","Fri Dec 06 05:38:44 PST 2024","Fri Dec 06 05:39:35 PST 2024","","","3405","100% (39/39)","100% (39/39)","100% (39/39)","encoder model","модель энкодера","модель кодировщика","equalized odd","уравненные шансы","уравновешенные шансы","equivalence query","запрос эквивалентности","запрос на эквивалентность","error tolerance","толерантность к ошибкам","допустимая ошибка","evaluation set","оценочный набор","набор для оценки","true","false","true","false","true","false","false","false","true","false","false","true","false","false","false","false","false","false","false","false"
"307FVKVSZ8TW25JK4CWEHWC9HJ2740","33VSRLCQVHFD1FA99WBAF9UCJT3XCK","Ranking the Quality of AI Terminology Translation from English to Russian","In this task, you will compare the quality of translations for scientific terms generated by two different methods. The input will include an English term, a context paragraph where the term is used, and its translations in Russian.","Translation, AI Terminology, Multilingual, Ranking","$0.01","Fri Dec 06 03:41:20 PST 2024","5","BatchId:5277384;OriginalHitTemplateId:928390912;","3600","3600","Fri Dec 13 03:41:20 PST 2024","","","3TMFV4NEPQSFX55HFPZ4F8NPS2F8W4","A9M8N3BOH6013","Approved","Fri Dec 06 04:42:03 PST 2024","Fri Dec 06 05:06:07 PST 2024","Fri Dec 06 06:06:07 PST 2024","Fri Dec 06 06:06:35 PST 2024","","","1444","100% (44/44)","100% (44/44)","100% (44/44)","encoder model","модель энкодера","модель кодировщика","equalized odd","уравненные шансы","уравновешенные шансы","equivalence query","запрос эквивалентности","запрос на эквивалентность","error tolerance","толерантность к ошибкам","допустимая ошибка","evaluation set","оценочный набор","набор для оценки","true","false","true","false","true","false","false","false","true","false","false","true","false","false","false","false","false","false","false","false"
"3IYI9285X9ESH4X1Y0RT3KT60RJCJP","33VSRLCQVHFD1FA99WBAF9UCJT3XCK","Ranking the Quality of AI Terminology Translation from English to Russian","In this task, you will compare the quality of translations for scientific terms generated by two different methods. The input will include an English term, a context paragraph where the term is used, and its translations in Russian.","Translation, AI Terminology, Multilingual, Ranking","$0.01","Fri Dec 06 03:41:20 PST 2024","5","BatchId:5277384;OriginalHitTemplateId:928390912;","3600","3600","Fri Dec 13 03:41:20 PST 2024","","","30H4UDGLTKW4YLAKX4VSSWGOJA1MPB","A1MW1UNSOFPB4F","Approved","Fri Dec 06 03:42:09 PST 2024","Fri Dec 06 03:47:11 PST 2024","Fri Dec 06 04:47:11 PST 2024","Fri Dec 06 04:47:35 PST 2024","","","302","100% (19/19)","100% (19/19)","100% (19/19)","feature matching","соответствие признаков","сопоставление признаков","feature representation learning","обучение представления признаков","обучение представлению признаков","fine-tune","дообучить","дообучение","functionality assertion","утверждение о функциональности","утверждение функциональности","generative pre-training","генеративное предобучение","генеративное предварительное обучение","false","false","false","false","false","true","false","true","false","true","false","true","false","true","false","false","false","false","false","false"
"3IYI9285X9ESH4X1Y0RT3KT60RJCJP","33VSRLCQVHFD1FA99WBAF9UCJT3XCK","Ranking the Quality of AI Terminology Translation from English to Russian","In this task, you will compare the quality of translations for scientific terms generated by two different methods. The input will include an English term, a context paragraph where the term is used, and its translations in Russian.","Translation, AI Terminology, Multilingual, Ranking","$0.01","Fri Dec 06 03:41:20 PST 2024","5","BatchId:5277384;OriginalHitTemplateId:928390912;","3600","3600","Fri Dec 13 03:41:20 PST 2024","","","3ZQIG0FLQWUD8H1UNIAE7M7X30OWV5","A3EP9GQ23H4QVD","Approved","Fri Dec 06 03:53:38 PST 2024","Fri Dec 06 03:56:49 PST 2024","Fri Dec 06 04:56:49 PST 2024","Fri Dec 06 04:57:35 PST 2024","","","191","100% (2/2)","100% (2/2)","100% (2/2)","feature matching","соответствие признаков","сопоставление признаков","feature representation learning","обучение представления признаков","обучение представлению признаков","fine-tune","дообучить","дообучение","functionality assertion","утверждение о функциональности","утверждение функциональности","generative pre-training","генеративное предобучение","генеративное предварительное обучение","true","false","false","true","true","false","false","false","false","false","false","false","false","false","false","false","true","true","false","false"
"3IYI9285X9ESH4X1Y0RT3KT60RJCJP","33VSRLCQVHFD1FA99WBAF9UCJT3XCK","Ranking the Quality of AI Terminology Translation from English to Russian","In this task, you will compare the quality of translations for scientific terms generated by two different methods. The input will include an English term, a context paragraph where the term is used, and its translations in Russian.","Translation, AI Terminology, Multilingual, Ranking","$0.01","Fri Dec 06 03:41:20 PST 2024","5","BatchId:5277384;OriginalHitTemplateId:928390912;","3600","3600","Fri Dec 13 03:41:20 PST 2024","","","323Q6SJS80U6FUKFS4JAOXUO0IFFHS","AC4I7XU10MQXK","Approved","Fri Dec 06 03:41:42 PST 2024","Fri Dec 06 04:12:41 PST 2024","Fri Dec 06 05:12:41 PST 2024","Fri Dec 06 05:13:35 PST 2024","","","1859","100% (58/58)","100% (58/58)","100% (58/58)","feature matching","соответствие признаков","сопоставление признаков","feature representation learning","обучение представления признаков","обучение представлению признаков","fine-tune","дообучить","дообучение","functionality assertion","утверждение о функциональности","утверждение функциональности","generative pre-training","генеративное предобучение","генеративное предварительное обучение","true","false","true","false","true","false","true","false","true","false","false","false","false","false","false","false","false","false","false","false"
"3IYI9285X9ESH4X1Y0RT3KT60RJCJP","33VSRLCQVHFD1FA99WBAF9UCJT3XCK","Ranking the Quality of AI Terminology Translation from English to Russian","In this task, you will compare the quality of translations for scientific terms generated by two different methods. The input will include an English term, a context paragraph where the term is used, and its translations in Russian.","Translation, AI Terminology, Multilingual, Ranking","$0.01","Fri Dec 06 03:41:20 PST 2024","5","BatchId:5277384;OriginalHitTemplateId:928390912;","3600","3600","Fri Dec 13 03:41:20 PST 2024","","","3WYP994K1P5WIWHT1BKUGRCEXFPY67","A2D6SB3TU1NYQ7","Approved","Fri Dec 06 04:42:56 PST 2024","Fri Dec 06 05:05:48 PST 2024","Fri Dec 06 06:05:48 PST 2024","Fri Dec 06 06:06:35 PST 2024","","","1372","100% (45/45)","100% (45/45)","100% (45/45)","feature matching","соответствие признаков","сопоставление признаков","feature representation learning","обучение представления признаков","обучение представлению признаков","fine-tune","дообучить","дообучение","functionality assertion","утверждение о функциональности","утверждение функциональности","generative pre-training","генеративное предобучение","генеративное предварительное обучение","true","false","false","true","true","false","true","true","false","false","false","false","false","false","false","false","false","false","false","false"
"3IYI9285X9ESH4X1Y0RT3KT60RJCJP","33VSRLCQVHFD1FA99WBAF9UCJT3XCK","Ranking the Quality of AI Terminology Translation from English to Russian","In this task, you will compare the quality of translations for scientific terms generated by two different methods. The input will include an English term, a context paragraph where the term is used, and its translations in Russian.","Translation, AI Terminology, Multilingual, Ranking","$0.01","Fri Dec 06 03:41:20 PST 2024","5","BatchId:5277384;OriginalHitTemplateId:928390912;","3600","3600","Fri Dec 13 03:41:20 PST 2024","","","35GMH2SV3WVO1X6616UUQO6P04KEO5","A1L8EGJ85A7DZR","Approved","Fri Dec 06 04:41:56 PST 2024","Fri Dec 06 05:08:13 PST 2024","Fri Dec 06 06:08:13 PST 2024","Fri Dec 06 06:08:35 PST 2024","","","1577","100% (27/27)","100% (27/27)","100% (27/27)","feature matching","соответствие признаков","сопоставление признаков","feature representation learning","обучение представления признаков","обучение представлению признаков","fine-tune","дообучить","дообучение","functionality assertion","утверждение о функциональности","утверждение функциональности","generative pre-training","генеративное предобучение","генеративное предварительное обучение","true","false","false","false","true","false","true","true","true","false","false","false","false","false","false","false","false","false","false","false"
"3SZYX62S6XEEYONKIHFOMOINHFX755","33VSRLCQVHFD1FA99WBAF9UCJT3XCK","Ranking the Quality of AI Terminology Translation from English to Russian","In this task, you will compare the quality of translations for scientific terms generated by two different methods. The input will include an English term, a context paragraph where the term is used, and its translations in Russian.","Translation, AI Terminology, Multilingual, Ranking","$0.01","Fri Dec 06 03:41:20 PST 2024","5","BatchId:5277384;OriginalHitTemplateId:928390912;","3600","3600","Fri Dec 13 03:41:20 PST 2024","","","3NPFYT4IZUI9FKGP8S7E94IUPNYXG2","A27705JMG5A29P","Approved","Fri Dec 06 03:42:12 PST 2024","Fri Dec 06 03:45:02 PST 2024","Fri Dec 06 04:45:02 PST 2024","Fri Dec 06 04:45:35 PST 2024","","","170","100% (6/6)","100% (6/6)","100% (6/6)","geodesic","геодезический","геодезическая","gradient vector","вектор градиента","градиентный вектор","graph attention","внимание к графу","внимание графа","hard attention","жёсткое внимание","жесткое внимание","human annotation","человеческие аннотации","человеческая аннотация","false","false","false","false","true","false","false","true","false","false","true","false","false","false","false","false","false","false","false","false"
"3SZYX62S6XEEYONKIHFOMOINHFX755","33VSRLCQVHFD1FA99WBAF9UCJT3XCK","Ranking the Quality of AI Terminology Translation from English to Russian","In this task, you will compare the quality of translations for scientific terms generated by two different methods. The input will include an English term, a context paragraph where the term is used, and its translations in Russian.","Translation, AI Terminology, Multilingual, Ranking","$0.01","Fri Dec 06 03:41:20 PST 2024","5","BatchId:5277384;OriginalHitTemplateId:928390912;","3600","3600","Fri Dec 13 03:41:20 PST 2024","","","3OONKJ5DKUXQUUUMRFS4PG04X61OB7","AC4I7XU10MQXK","Approved","Fri Dec 06 03:41:55 PST 2024","Fri Dec 06 04:16:03 PST 2024","Fri Dec 06 05:16:03 PST 2024","Fri Dec 06 05:16:35 PST 2024","","","2048","100% (58/58)","100% (58/58)","100% (58/58)","geodesic","геодезический","геодезическая","gradient vector","вектор градиента","градиентный вектор","graph attention","внимание к графу","внимание графа","hard attention","жёсткое внимание","жесткое внимание","human annotation","человеческие аннотации","человеческая аннотация","false","true","false","true","false","true","false","true","false","true","false","false","false","false","false","false","false","false","false","false"
"3SZYX62S6XEEYONKIHFOMOINHFX755","33VSRLCQVHFD1FA99WBAF9UCJT3XCK","Ranking the Quality of AI Terminology Translation from English to Russian","In this task, you will compare the quality of translations for scientific terms generated by two different methods. The input will include an English term, a context paragraph where the term is used, and its translations in Russian.","Translation, AI Terminology, Multilingual, Ranking","$0.01","Fri Dec 06 03:41:20 PST 2024","5","BatchId:5277384;OriginalHitTemplateId:928390912;","3600","3600","Fri Dec 13 03:41:20 PST 2024","","","30H4UDGLTKW4YLAKX4VSSWGOJB8MPK","A2O4PW85X1GQA1","Approved","Fri Dec 06 04:43:08 PST 2024","Fri Dec 06 05:41:51 PST 2024","Fri Dec 06 06:41:51 PST 2024","Fri Dec 06 06:42:35 PST 2024","","","3523","100% (15/15)","100% (15/15)","100% (15/15)","geodesic","геодезический","геодезическая","gradient vector","вектор градиента","градиентный вектор","graph attention","внимание к графу","внимание графа","hard attention","жёсткое внимание","жесткое внимание","human annotation","человеческие аннотации","человеческая аннотация","true","true","false","true","true","false","false","true","false","false","false","false","false","false","false","false","false","false","false","false"
"3SZYX62S6XEEYONKIHFOMOINHFX755","33VSRLCQVHFD1FA99WBAF9UCJT3XCK","Ranking the Quality of AI Terminology Translation from English to Russian","In this task, you will compare the quality of translations for scientific terms generated by two different methods. The input will include an English term, a context paragraph where the term is used, and its translations in Russian.","Translation, AI Terminology, Multilingual, Ranking","$0.01","Fri Dec 06 03:41:20 PST 2024","5","BatchId:5277384;OriginalHitTemplateId:928390912;","3600","3600","Fri Dec 13 03:41:20 PST 2024","","","358010RM5W7SXH6KXN6095L4C3SVXX","A2E2FFMXS9F9KR","Approved","Fri Dec 06 05:43:12 PST 2024","Fri Dec 06 05:45:04 PST 2024","Fri Dec 06 06:45:04 PST 2024","Fri Dec 06 06:45:35 PST 2024","","","112","100% (51/51)","100% (51/51)","100% (51/51)","geodesic","геодезический","геодезическая","gradient vector","вектор градиента","градиентный вектор","graph attention","внимание к графу","внимание графа","hard attention","жёсткое внимание","жесткое внимание","human annotation","человеческие аннотации","человеческая аннотация","true","true","false","true","true","false","false","true","false","false","false","false","false","false","false","false","false","false","false","false"
"3SZYX62S6XEEYONKIHFOMOINHFX755","33VSRLCQVHFD1FA99WBAF9UCJT3XCK","Ranking the Quality of AI Terminology Translation from English to Russian","In this task, you will compare the quality of translations for scientific terms generated by two different methods. The input will include an English term, a context paragraph where the term is used, and its translations in Russian.","Translation, AI Terminology, Multilingual, Ranking","$0.01","Fri Dec 06 03:41:20 PST 2024","5","BatchId:5277384;OriginalHitTemplateId:928390912;","3600","3600","Fri Dec 13 03:41:20 PST 2024","","","3FFJ6VRILJ2FELG9V4IAL28ZUT5I0K","A3IG9HHR3NL9R0","Approved","Fri Dec 06 05:42:28 PST 2024","Fri Dec 06 06:03:35 PST 2024","Fri Dec 06 07:03:35 PST 2024","Fri Dec 06 07:04:35 PST 2024","","","1267","100% (50/50)","100% (50/50)","100% (50/50)","geodesic","геодезический","геодезическая","gradient vector","вектор градиента","градиентный вектор","graph attention","внимание к графу","внимание графа","hard attention","жёсткое внимание","жесткое внимание","human annotation","человеческие аннотации","человеческая аннотация","true","true","false","false","true","false","false","true","true","false","false","false","false","false","false","false","false","false","false","false"
"3W31J70BB9ANSO3JGLR54ZTJFGJCKO","33VSRLCQVHFD1FA99WBAF9UCJT3XCK","Ranking the Quality of AI Terminology Translation from English to Russian","In this task, you will compare the quality of translations for scientific terms generated by two different methods. The input will include an English term, a context paragraph where the term is used, and its translations in Russian.","Translation, AI Terminology, Multilingual, Ranking","$0.01","Fri Dec 06 03:41:20 PST 2024","5","BatchId:5277384;OriginalHitTemplateId:928390912;","3600","3600","Fri Dec 13 03:41:20 PST 2024","","","37TD41K0AZNO2RELCW58K5GNCG4CSZ","AC4I7XU10MQXK","Approved","Fri Dec 06 03:41:43 PST 2024","Fri Dec 06 04:13:08 PST 2024","Fri Dec 06 05:13:08 PST 2024","Fri Dec 06 05:13:35 PST 2024","","","1885","100% (58/58)","100% (58/58)","100% (58/58)","image encoder","кодировщик изображений","кодировщик изображения","image pyramid","пирамида изображений","пирамидальная структура изображения","indicator matrix","Индикаторная матрица","матрица индикаторов","indicator vector","индикаторный вектор","вектор индикаторов","inference machinery","механизм инференции","механизм вывода","false","true","true","true","false","true","false","false","false","true","false","false","false","false","false","false","false","false","false","false"
"3W31J70BB9ANSO3JGLR54ZTJFGJCKO","33VSRLCQVHFD1FA99WBAF9UCJT3XCK","Ranking the Quality of AI Terminology Translation from English to Russian","In this task, you will compare the quality of translations for scientific terms generated by two different methods. The input will include an English term, a context paragraph where the term is used, and its translations in Russian.","Translation, AI Terminology, Multilingual, Ranking","$0.01","Fri Dec 06 03:41:20 PST 2024","5","BatchId:5277384;OriginalHitTemplateId:928390912;","3600","3600","Fri Dec 13 03:41:20 PST 2024","","","3FDJT1UU7MM5FNSYSD9YFDJ33555K3","A3HSZ9YLOBCCPR","Approved","Fri Dec 06 03:41:37 PST 2024","Fri Dec 06 04:21:47 PST 2024","Fri Dec 06 05:21:47 PST 2024","Fri Dec 06 05:22:35 PST 2024","","","2410","100% (39/39)","100% (39/39)","100% (39/39)","image encoder","кодировщик изображений","кодировщик изображения","image pyramid","пирамида изображений","пирамидальная структура изображения","indicator matrix","Индикаторная матрица","матрица индикаторов","indicator vector","индикаторный вектор","вектор индикаторов","inference machinery","механизм инференции","механизм вывода","false","true","true","true","false","true","false","false","false","false","false","false","false","false","true","false","false","false","false","false"
"3W31J70BB9ANSO3JGLR54ZTJFGJCKO","33VSRLCQVHFD1FA99WBAF9UCJT3XCK","Ranking the Quality of AI Terminology Translation from English to Russian","In this task, you will compare the quality of translations for scientific terms generated by two different methods. The input will include an English term, a context paragraph where the term is used, and its translations in Russian.","Translation, AI Terminology, Multilingual, Ranking","$0.01","Fri Dec 06 03:41:20 PST 2024","5","BatchId:5277384;OriginalHitTemplateId:928390912;","3600","3600","Fri Dec 13 03:41:20 PST 2024","","","3U088ZLJV27XFG0EKLMPMTH795A0WI","A30IGMGSC7G2HM","Approved","Fri Dec 06 04:42:39 PST 2024","Fri Dec 06 04:54:53 PST 2024","Fri Dec 06 05:54:53 PST 2024","Fri Dec 06 05:55:35 PST 2024","","","734","100% (24/24)","100% (24/24)","100% (24/24)","image encoder","кодировщик изображений","кодировщик изображения","image pyramid","пирамида изображений","пирамидальная структура изображения","indicator matrix","Индикаторная матрица","матрица индикаторов","indicator vector","индикаторный вектор","вектор индикаторов","inference machinery","механизм инференции","механизм вывода","false","true","true","true","false","true","false","false","false","false","false","false","false","false","true","false","false","false","false","false"
"3W31J70BB9ANSO3JGLR54ZTJFGJCKO","33VSRLCQVHFD1FA99WBAF9UCJT3XCK","Ranking the Quality of AI Terminology Translation from English to Russian","In this task, you will compare the quality of translations for scientific terms generated by two different methods. The input will include an English term, a context paragraph where the term is used, and its translations in Russian.","Translation, AI Terminology, Multilingual, Ranking","$0.01","Fri Dec 06 03:41:20 PST 2024","5","BatchId:5277384;OriginalHitTemplateId:928390912;","3600","3600","Fri Dec 13 03:41:20 PST 2024","","","3OUYGIZWRPC7V73D8Z8UUZ9BG870PN","AS0K8SAHI5SQD","Approved","Fri Dec 06 04:42:35 PST 2024","Fri Dec 06 05:02:29 PST 2024","Fri Dec 06 06:02:29 PST 2024","Fri Dec 06 06:02:35 PST 2024","","","1194","100% (13/13)","100% (13/13)","100% (13/13)","image encoder","кодировщик изображений","кодировщик изображения","image pyramid","пирамида изображений","пирамидальная структура изображения","indicator matrix","Индикаторная матрица","матрица индикаторов","indicator vector","индикаторный вектор","вектор индикаторов","inference machinery","механизм инференции","механизм вывода","true","true","true","true","false","false","false","false","false","true","false","false","false","false","false","false","false","false","false","false"
"3W31J70BB9ANSO3JGLR54ZTJFGJCKO","33VSRLCQVHFD1FA99WBAF9UCJT3XCK","Ranking the Quality of AI Terminology Translation from English to Russian","In this task, you will compare the quality of translations for scientific terms generated by two different methods. The input will include an English term, a context paragraph where the term is used, and its translations in Russian.","Translation, AI Terminology, Multilingual, Ranking","$0.01","Fri Dec 06 03:41:20 PST 2024","5","BatchId:5277384;OriginalHitTemplateId:928390912;","3600","3600","Fri Dec 13 03:41:20 PST 2024","","","3UXUOQ9OKWBEQEXV4FB6JJU3PZ67A5","A39PWDRYNY2WM0","Approved","Fri Dec 06 04:42:02 PST 2024","Fri Dec 06 05:08:42 PST 2024","Fri Dec 06 06:08:42 PST 2024","Fri Dec 06 06:09:35 PST 2024","","","1600","100% (55/55)","100% (55/55)","100% (55/55)","image encoder","кодировщик изображений","кодировщик изображения","image pyramid","пирамида изображений","пирамидальная структура изображения","indicator matrix","Индикаторная матрица","матрица индикаторов","indicator vector","индикаторный вектор","вектор индикаторов","inference machinery","механизм инференции","механизм вывода","true","false","true","true","false","false","true","false","false","true","false","false","false","false","false","false","false","false","false","false"
"3FSEU3P2O8EDLU5XO2QXU6EJA9FRR1","33VSRLCQVHFD1FA99WBAF9UCJT3XCK","Ranking the Quality of AI Terminology Translation from English to Russian","In this task, you will compare the quality of translations for scientific terms generated by two different methods. The input will include an English term, a context paragraph where the term is used, and its translations in Russian.","Translation, AI Terminology, Multilingual, Ranking","$0.01","Fri Dec 06 03:41:20 PST 2024","5","BatchId:5277384;OriginalHitTemplateId:928390912;","3600","3600","Fri Dec 13 03:41:20 PST 2024","","","320DUZ38GP08K0B0ROSDIVAFEPJJG0","A1PG4NZUVQMZUI","Approved","Fri Dec 06 03:42:02 PST 2024","Fri Dec 06 04:01:33 PST 2024","Fri Dec 06 05:01:33 PST 2024","Fri Dec 06 05:01:35 PST 2024","","","1171","100% (13/13)","100% (13/13)","100% (13/13)","information retrieval system","информационно-поисковая система","система поиска информации","information theoretic","теоретико-информационный","информационно-теоретический","information theoretic measure","теоретико-информационная мера","информационно-теоретическая мера","input representation","представление входных данных","входное представление","interval estimate","оценка интервала","интервальная оценка","true","true","true","false","true","false","false","false","true","false","false","false","false","false","false","false","false","false","false","false"
"3FSEU3P2O8EDLU5XO2QXU6EJA9FRR1","33VSRLCQVHFD1FA99WBAF9UCJT3XCK","Ranking the Quality of AI Terminology Translation from English to Russian","In this task, you will compare the quality of translations for scientific terms generated by two different methods. The input will include an English term, a context paragraph where the term is used, and its translations in Russian.","Translation, AI Terminology, Multilingual, Ranking","$0.01","Fri Dec 06 03:41:20 PST 2024","5","BatchId:5277384;OriginalHitTemplateId:928390912;","3600","3600","Fri Dec 13 03:41:20 PST 2024","","","338JKRMM2ODBJ337HOXIAWJX322HAH","A35H5DUMZH86PC","Approved","Fri Dec 06 03:42:06 PST 2024","Fri Dec 06 04:38:14 PST 2024","Fri Dec 06 05:38:14 PST 2024","Fri Dec 06 05:38:35 PST 2024","","","3368","100% (40/40)","100% (40/40)","100% (40/40)","information retrieval system","информационно-поисковая система","система поиска информации","information theoretic","теоретико-информационный","информационно-теоретический","information theoretic measure","теоретико-информационная мера","информационно-теоретическая мера","input representation","представление входных данных","входное представление","interval estimate","оценка интервала","интервальная оценка","true","false","false","true","true","false","true","true","false","false","false","false","false","false","false","false","false","false","false","false"
"3FSEU3P2O8EDLU5XO2QXU6EJA9FRR1","33VSRLCQVHFD1FA99WBAF9UCJT3XCK","Ranking the Quality of AI Terminology Translation from English to Russian","In this task, you will compare the quality of translations for scientific terms generated by two different methods. The input will include an English term, a context paragraph where the term is used, and its translations in Russian.","Translation, AI Terminology, Multilingual, Ranking","$0.01","Fri Dec 06 03:41:20 PST 2024","5","BatchId:5277384;OriginalHitTemplateId:928390912;","3600","3600","Fri Dec 13 03:41:20 PST 2024","","","3T111IHZ5W4A3E75LNVCS5AJKUQ9R1","A2D6SB3TU1NYQ7","Approved","Fri Dec 06 04:44:15 PST 2024","Fri Dec 06 05:06:53 PST 2024","Fri Dec 06 06:06:53 PST 2024","Fri Dec 06 06:07:35 PST 2024","","","1358","100% (45/45)","100% (45/45)","100% (45/45)","information retrieval system","информационно-поисковая система","система поиска информации","information theoretic","теоретико-информационный","информационно-теоретический","information theoretic measure","теоретико-информационная мера","информационно-теоретическая мера","input representation","представление входных данных","входное представление","interval estimate","оценка интервала","интервальная оценка","true","false","false","false","false","false","true","true","true","true","false","false","false","false","false","false","false","false","false","false"
"3FSEU3P2O8EDLU5XO2QXU6EJA9FRR1","33VSRLCQVHFD1FA99WBAF9UCJT3XCK","Ranking the Quality of AI Terminology Translation from English to Russian","In this task, you will compare the quality of translations for scientific terms generated by two different methods. The input will include an English term, a context paragraph where the term is used, and its translations in Russian.","Translation, AI Terminology, Multilingual, Ranking","$0.01","Fri Dec 06 03:41:20 PST 2024","5","BatchId:5277384;OriginalHitTemplateId:928390912;","3600","3600","Fri Dec 13 03:41:20 PST 2024","","","36PW28KO4HAZZTC5RNPCPTMKBNHAE3","A11B7MUC7UTFKN","Approved","Fri Dec 06 04:43:07 PST 2024","Fri Dec 06 05:12:59 PST 2024","Fri Dec 06 06:12:59 PST 2024","Fri Dec 06 06:13:35 PST 2024","","","1792","100% (36/36)","100% (36/36)","100% (36/36)","information retrieval system","информационно-поисковая система","система поиска информации","information theoretic","теоретико-информационный","информационно-теоретический","information theoretic measure","теоретико-информационная мера","информационно-теоретическая мера","input representation","представление входных данных","входное представление","interval estimate","оценка интервала","интервальная оценка","true","true","true","true","true","false","false","false","false","false","false","false","false","false","false","false","false","false","false","false"
"3FSEU3P2O8EDLU5XO2QXU6EJA9FRR1","33VSRLCQVHFD1FA99WBAF9UCJT3XCK","Ranking the Quality of AI Terminology Translation from English to Russian","In this task, you will compare the quality of translations for scientific terms generated by two different methods. The input will include an English term, a context paragraph where the term is used, and its translations in Russian.","Translation, AI Terminology, Multilingual, Ranking","$0.01","Fri Dec 06 03:41:20 PST 2024","5","BatchId:5277384;OriginalHitTemplateId:928390912;","3600","3600","Fri Dec 13 03:41:20 PST 2024","","","3IXQG4FA2BCNN7QGPQ9MSQ5F27F9BE","A2P8U65V6NL7B5","Approved","Fri Dec 06 04:42:03 PST 2024","Fri Dec 06 05:33:59 PST 2024","Fri Dec 06 06:33:59 PST 2024","Fri Dec 06 06:34:35 PST 2024","","","3116","100% (49/49)","100% (49/49)","100% (49/49)","information retrieval system","информационно-поисковая система","система поиска информации","information theoretic","теоретико-информационный","информационно-теоретический","information theoretic measure","теоретико-информационная мера","информационно-теоретическая мера","input representation","представление входных данных","входное представление","interval estimate","оценка интервала","интервальная оценка","true","true","true","true","true","false","false","false","false","false","false","false","false","false","false","false","false","false","false","false"
"3RKHNXPHHDAJEIKJ2CC5Y5FPMGPUKF","33VSRLCQVHFD1FA99WBAF9UCJT3XCK","Ranking the Quality of AI Terminology Translation from English to Russian","In this task, you will compare the quality of translations for scientific terms generated by two different methods. The input will include an English term, a context paragraph where the term is used, and its translations in Russian.","Translation, AI Terminology, Multilingual, Ranking","$0.01","Fri Dec 06 03:41:20 PST 2024","5","BatchId:5277384;OriginalHitTemplateId:928390912;","3600","3600","Fri Dec 13 03:41:20 PST 2024","","","3OF2M9AATY23M1CNZ1GE4HQY44DKZP","A3HSZ9YLOBCCPR","Approved","Fri Dec 06 03:41:43 PST 2024","Fri Dec 06 04:23:09 PST 2024","Fri Dec 06 05:23:09 PST 2024","Fri Dec 06 05:23:35 PST 2024","","","2486","100% (39/39)","100% (39/39)","100% (39/39)","intrinsic image","внутренние изображения","внутреннее изображение","joint embedding space","совместное пространство вложений","совместное пространство встраивания","joint likelihood","совместная правдоподобие","совместная вероятность","joint probability table","таблица совместной вероятности","таблица совместных вероятностей","lambda calculus","лямбда-исчисление","λ-исчисление","false","true","false","true","true","false","false","false","false","false","true","false","true","false","false","false","false","false","false","false"
"3RKHNXPHHDAJEIKJ2CC5Y5FPMGPUKF","33VSRLCQVHFD1FA99WBAF9UCJT3XCK","Ranking the Quality of AI Terminology Translation from English to Russian","In this task, you will compare the quality of translations for scientific terms generated by two different methods. The input will include an English term, a context paragraph where the term is used, and its translations in Russian.","Translation, AI Terminology, Multilingual, Ranking","$0.01","Fri Dec 06 03:41:20 PST 2024","5","BatchId:5277384;OriginalHitTemplateId:928390912;","3600","3600","Fri Dec 13 03:41:20 PST 2024","","","3GS6S824S8B00CSLLRONX5DKHXEWNG","A1U6UPXOFCXR24","Approved","Fri Dec 06 03:42:02 PST 2024","Fri Dec 06 04:29:31 PST 2024","Fri Dec 06 05:29:31 PST 2024","Fri Dec 06 05:29:35 PST 2024","","","2849","100% (17/17)","100% (17/17)","100% (17/17)","intrinsic image","внутренние изображения","внутреннее изображение","joint embedding space","совместное пространство вложений","совместное пространство встраивания","joint likelihood","совместная правдоподобие","совместная вероятность","joint probability table","таблица совместной вероятности","таблица совместных вероятностей","lambda calculus","лямбда-исчисление","λ-исчисление","false","true","false","true","true","false","false","false","false","false","true","false","true","false","false","false","false","false","false","false"
"3RKHNXPHHDAJEIKJ2CC5Y5FPMGPUKF","33VSRLCQVHFD1FA99WBAF9UCJT3XCK","Ranking the Quality of AI Terminology Translation from English to Russian","In this task, you will compare the quality of translations for scientific terms generated by two different methods. The input will include an English term, a context paragraph where the term is used, and its translations in Russian.","Translation, AI Terminology, Multilingual, Ranking","$0.01","Fri Dec 06 03:41:20 PST 2024","5","BatchId:5277384;OriginalHitTemplateId:928390912;","3600","3600","Fri Dec 13 03:41:20 PST 2024","","","3R2PKQ87NEMCHZNGK958JZFCXW6MIZ","A19I2ZK220NTAE","Approved","Fri Dec 06 03:42:05 PST 2024","Fri Dec 06 04:34:04 PST 2024","Fri Dec 06 05:34:04 PST 2024","Fri Dec 06 05:34:35 PST 2024","","","3119","100% (32/32)","100% (32/32)","100% (32/32)","intrinsic image","внутренние изображения","внутреннее изображение","joint embedding space","совместное пространство вложений","совместное пространство встраивания","joint likelihood","совместная правдоподобие","совместная вероятность","joint probability table","таблица совместной вероятности","таблица совместных вероятностей","lambda calculus","лямбда-исчисление","λ-исчисление","false","true","false","true","true","false","false","false","false","false","true","false","true","false","false","false","false","false","false","false"
"3RKHNXPHHDAJEIKJ2CC5Y5FPMGPUKF","33VSRLCQVHFD1FA99WBAF9UCJT3XCK","Ranking the Quality of AI Terminology Translation from English to Russian","In this task, you will compare the quality of translations for scientific terms generated by two different methods. The input will include an English term, a context paragraph where the term is used, and its translations in Russian.","Translation, AI Terminology, Multilingual, Ranking","$0.01","Fri Dec 06 03:41:20 PST 2024","5","BatchId:5277384;OriginalHitTemplateId:928390912;","3600","3600","Fri Dec 13 03:41:20 PST 2024","","","340UGXU9DGF0GDCPSIVDPYM0ILBVU5","A39PWDRYNY2WM0","Approved","Fri Dec 06 04:42:32 PST 2024","Fri Dec 06 05:10:01 PST 2024","Fri Dec 06 06:10:01 PST 2024","Fri Dec 06 06:10:35 PST 2024","","","1649","100% (55/55)","100% (55/55)","100% (55/55)","intrinsic image","внутренние изображения","внутреннее изображение","joint embedding space","совместное пространство вложений","совместное пространство встраивания","joint likelihood","совместная правдоподобие","совместная вероятность","joint probability table","таблица совместной вероятности","таблица совместных вероятностей","lambda calculus","лямбда-исчисление","λ-исчисление","false","true","false","true","true","false","false","false","false","false","true","false","true","false","false","false","false","false","false","false"
"3RKHNXPHHDAJEIKJ2CC5Y5FPMGPUKF","33VSRLCQVHFD1FA99WBAF9UCJT3XCK","Ranking the Quality of AI Terminology Translation from English to Russian","In this task, you will compare the quality of translations for scientific terms generated by two different methods. The input will include an English term, a context paragraph where the term is used, and its translations in Russian.","Translation, AI Terminology, Multilingual, Ranking","$0.01","Fri Dec 06 03:41:20 PST 2024","5","BatchId:5277384;OriginalHitTemplateId:928390912;","3600","3600","Fri Dec 13 03:41:20 PST 2024","","","3BF51CHDTDOFIQ5PPM0PLQ7KUHX0HI","AC4I7XU10MQXK","Approved","Fri Dec 06 04:42:34 PST 2024","Fri Dec 06 05:26:50 PST 2024","Fri Dec 06 06:26:50 PST 2024","Fri Dec 06 06:27:35 PST 2024","","","2656","100% (58/58)","100% (58/58)","100% (58/58)","intrinsic image","внутренние изображения","внутреннее изображение","joint embedding space","совместное пространство вложений","совместное пространство встраивания","joint likelihood","совместная правдоподобие","совместная вероятность","joint probability table","таблица совместной вероятности","таблица совместных вероятностей","lambda calculus","лямбда-исчисление","λ-исчисление","false","true","false","true","true","false","false","false","false","false","true","false","true","false","false","false","false","false","false","false"
"39WICJI5BA6U4J6MNTJEYBD2DCIZ3Y","33VSRLCQVHFD1FA99WBAF9UCJT3XCK","Ranking the Quality of AI Terminology Translation from English to Russian","In this task, you will compare the quality of translations for scientific terms generated by two different methods. The input will include an English term, a context paragraph where the term is used, and its translations in Russian.","Translation, AI Terminology, Multilingual, Ranking","$0.01","Fri Dec 06 03:41:20 PST 2024","5","BatchId:5277384;OriginalHitTemplateId:928390912;","3600","3600","Fri Dec 13 03:41:20 PST 2024","","","3FIUS151DDGYTYLZJI7ALIIZMX2GGT","A3HSZ9YLOBCCPR","Approved","Fri Dec 06 03:41:53 PST 2024","Fri Dec 06 04:24:11 PST 2024","Fri Dec 06 05:24:11 PST 2024","Fri Dec 06 05:24:35 PST 2024","","","2538","100% (39/39)","100% (39/39)","100% (39/39)","latent distribution","Латентное распределение","скрытое распределение","latent semantic","латентная семантика","скрытая семантика","latent topic","латентная тема","скрытая тема","lazy grounding","ленивое заземление","ленивое связывание","leaf node","узел-лист","листовой узел","true","false","true","false","true","false","true","false","true","false","false","false","false","false","false","false","false","false","false","false"
"39WICJI5BA6U4J6MNTJEYBD2DCIZ3Y","33VSRLCQVHFD1FA99WBAF9UCJT3XCK","Ranking the Quality of AI Terminology Translation from English to Russian","In this task, you will compare the quality of translations for scientific terms generated by two different methods. The input will include an English term, a context paragraph where the term is used, and its translations in Russian.","Translation, AI Terminology, Multilingual, Ranking","$0.01","Fri Dec 06 03:41:20 PST 2024","5","BatchId:5277384;OriginalHitTemplateId:928390912;","3600","3600","Fri Dec 13 03:41:20 PST 2024","","","3PPTZCWAL8YPX4AIC60B03273A5QZN","A19I2ZK220NTAE","Approved","Fri Dec 06 03:41:58 PST 2024","Fri Dec 06 04:33:08 PST 2024","Fri Dec 06 05:33:08 PST 2024","Fri Dec 06 05:33:35 PST 2024","","","3070","100% (32/32)","100% (32/32)","100% (32/32)","latent distribution","Латентное распределение","скрытое распределение","latent semantic","латентная семантика","скрытая семантика","latent topic","латентная тема","скрытая тема","lazy grounding","ленивое заземление","ленивое связывание","leaf node","узел-лист","листовой узел","true","true","true","false","true","false","false","false","false","false","false","false","false","true","false","false","false","false","false","false"
"39WICJI5BA6U4J6MNTJEYBD2DCIZ3Y","33VSRLCQVHFD1FA99WBAF9UCJT3XCK","Ranking the Quality of AI Terminology Translation from English to Russian","In this task, you will compare the quality of translations for scientific terms generated by two different methods. The input will include an English term, a context paragraph where the term is used, and its translations in Russian.","Translation, AI Terminology, Multilingual, Ranking","$0.01","Fri Dec 06 03:41:20 PST 2024","5","BatchId:5277384;OriginalHitTemplateId:928390912;","3600","3600","Fri Dec 13 03:41:20 PST 2024","","","3WAKVUDHUEUY5NBTAKSXJK6XW34U7C","AC4I7XU10MQXK","Approved","Fri Dec 06 04:42:40 PST 2024","Fri Dec 06 05:27:10 PST 2024","Fri Dec 06 06:27:10 PST 2024","Fri Dec 06 06:27:35 PST 2024","","","2670","100% (58/58)","100% (58/58)","100% (58/58)","latent distribution","Латентное распределение","скрытое распределение","latent semantic","латентная семантика","скрытая семантика","latent topic","латентная тема","скрытая тема","lazy grounding","ленивое заземление","ленивое связывание","leaf node","узел-лист","листовой узел","false","true","true","false","true","true","false","false","false","false","false","false","false","true","false","false","false","false","false","false"
"39WICJI5BA6U4J6MNTJEYBD2DCIZ3Y","33VSRLCQVHFD1FA99WBAF9UCJT3XCK","Ranking the Quality of AI Terminology Translation from English to Russian","In this task, you will compare the quality of translations for scientific terms generated by two different methods. The input will include an English term, a context paragraph where the term is used, and its translations in Russian.","Translation, AI Terminology, Multilingual, Ranking","$0.01","Fri Dec 06 03:41:20 PST 2024","5","BatchId:5277384;OriginalHitTemplateId:928390912;","3600","3600","Fri Dec 13 03:41:20 PST 2024","","","3WS1NTTKEGQV4UEJUWCPI5V7E2K0FK","A35H5DUMZH86PC","Approved","Fri Dec 06 05:43:12 PST 2024","Fri Dec 06 05:50:24 PST 2024","Fri Dec 06 06:50:24 PST 2024","Fri Dec 06 06:50:35 PST 2024","","","432","100% (40/40)","100% (40/40)","100% (40/40)","latent distribution","Латентное распределение","скрытое распределение","latent semantic","латентная семантика","скрытая семантика","latent topic","латентная тема","скрытая тема","lazy grounding","ленивое заземление","ленивое связывание","leaf node","узел-лист","листовой узел","true","false","true","false","true","false","true","false","false","false","false","false","false","true","false","false","false","false","false","false"
"39WICJI5BA6U4J6MNTJEYBD2DCIZ3Y","33VSRLCQVHFD1FA99WBAF9UCJT3XCK","Ranking the Quality of AI Terminology Translation from English to Russian","In this task, you will compare the quality of translations for scientific terms generated by two different methods. The input will include an English term, a context paragraph where the term is used, and its translations in Russian.","Translation, AI Terminology, Multilingual, Ranking","$0.01","Fri Dec 06 03:41:20 PST 2024","5","BatchId:5277384;OriginalHitTemplateId:928390912;","3600","3600","Fri Dec 13 03:41:20 PST 2024","","","3QHK8ZVMI4WIO9RPENCCXZWA23BLB6","A1XD6THGBT1T9T","Approved","Fri Dec 06 05:43:23 PST 2024","Fri Dec 06 05:58:04 PST 2024","Fri Dec 06 06:58:04 PST 2024","Fri Dec 06 06:58:35 PST 2024","","","881","100% (43/43)","100% (43/43)","100% (42/42)","latent distribution","Латентное распределение","скрытое распределение","latent semantic","латентная семантика","скрытая семантика","latent topic","латентная тема","скрытая тема","lazy grounding","ленивое заземление","ленивое связывание","leaf node","узел-лист","листовой узел","true","false","false","false","true","false","true","true","false","false","false","false","false","true","false","false","false","false","false","false"
"3YOAVL4CBHVFMFPQN7OX8G58RCEZ4J","33VSRLCQVHFD1FA99WBAF9UCJT3XCK","Ranking the Quality of AI Terminology Translation from English to Russian","In this task, you will compare the quality of translations for scientific terms generated by two different methods. The input will include an English term, a context paragraph where the term is used, and its translations in Russian.","Translation, AI Terminology, Multilingual, Ranking","$0.01","Fri Dec 06 03:41:20 PST 2024","5","BatchId:5277384;OriginalHitTemplateId:928390912;","3600","3600","Fri Dec 13 03:41:20 PST 2024","","","36ZN444YT9C0H28SXPKLB34HSWLOIG","A1MW1UNSOFPB4F","Approved","Fri Dec 06 03:41:58 PST 2024","Fri Dec 06 03:45:56 PST 2024","Fri Dec 06 04:45:56 PST 2024","Fri Dec 06 04:46:35 PST 2024","","","238","100% (19/19)","100% (19/19)","100% (19/19)","learning agent","агент обучения","обучающий агент","majority voting","голосование большинством","голосование большинства","matrix vector product","умножение матрицы на вектор","произведение матрицы на вектор","maximal clique","максимальная клика","максимальный клика","maximum entropy","максимум энтропии","максимальная энтропия","false","false","false","false","false","true","false","false","true","true","false","true","true","false","false","false","false","false","false","false"
"3YOAVL4CBHVFMFPQN7OX8G58RCEZ4J","33VSRLCQVHFD1FA99WBAF9UCJT3XCK","Ranking the Quality of AI Terminology Translation from English to Russian","In this task, you will compare the quality of translations for scientific terms generated by two different methods. The input will include an English term, a context paragraph where the term is used, and its translations in Russian.","Translation, AI Terminology, Multilingual, Ranking","$0.01","Fri Dec 06 03:41:20 PST 2024","5","BatchId:5277384;OriginalHitTemplateId:928390912;","3600","3600","Fri Dec 13 03:41:20 PST 2024","","","3EO896NRAE9CP5X6BORKHEP44KXTJR","A2E2FFMXS9F9KR","Approved","Fri Dec 06 04:42:33 PST 2024","Fri Dec 06 04:50:11 PST 2024","Fri Dec 06 05:50:11 PST 2024","Fri Dec 06 05:50:35 PST 2024","","","458","100% (51/51)","100% (51/51)","100% (51/51)","learning agent","агент обучения","обучающий агент","majority voting","голосование большинством","голосование большинства","matrix vector product","умножение матрицы на вектор","произведение матрицы на вектор","maximal clique","максимальная клика","максимальный клика","maximum entropy","максимум энтропии","максимальная энтропия","false","false","true","true","false","true","false","false","false","false","false","true","false","false","true","false","false","false","false","false"
"3YOAVL4CBHVFMFPQN7OX8G58RCEZ4J","33VSRLCQVHFD1FA99WBAF9UCJT3XCK","Ranking the Quality of AI Terminology Translation from English to Russian","In this task, you will compare the quality of translations for scientific terms generated by two different methods. The input will include an English term, a context paragraph where the term is used, and its translations in Russian.","Translation, AI Terminology, Multilingual, Ranking","$0.01","Fri Dec 06 03:41:20 PST 2024","5","BatchId:5277384;OriginalHitTemplateId:928390912;","3600","3600","Fri Dec 13 03:41:20 PST 2024","","","3HPZF4IVN47LYDQUB2XX2R4OT10CYD","A11B7MUC7UTFKN","Approved","Fri Dec 06 04:42:02 PST 2024","Fri Dec 06 05:09:36 PST 2024","Fri Dec 06 06:09:36 PST 2024","Fri Dec 06 06:10:35 PST 2024","","","1654","100% (36/36)","100% (36/36)","100% (36/36)","learning agent","агент обучения","обучающий агент","majority voting","голосование большинством","голосование большинства","matrix vector product","умножение матрицы на вектор","произведение матрицы на вектор","maximal clique","максимальная клика","максимальный клика","maximum entropy","максимум энтропии","максимальная энтропия","true","false","true","false","false","false","false","false","true","false","false","true","false","false","true","false","false","false","false","false"
"3YOAVL4CBHVFMFPQN7OX8G58RCEZ4J","33VSRLCQVHFD1FA99WBAF9UCJT3XCK","Ranking the Quality of AI Terminology Translation from English to Russian","In this task, you will compare the quality of translations for scientific terms generated by two different methods. The input will include an English term, a context paragraph where the term is used, and its translations in Russian.","Translation, AI Terminology, Multilingual, Ranking","$0.01","Fri Dec 06 03:41:20 PST 2024","5","BatchId:5277384;OriginalHitTemplateId:928390912;","3600","3600","Fri Dec 13 03:41:20 PST 2024","","","3C6FJU71T87HK77UXTIXWXQU016UY4","A2YVLMI4PRDECY","Approved","Fri Dec 06 04:41:56 PST 2024","Fri Dec 06 05:40:46 PST 2024","Fri Dec 06 06:40:46 PST 2024","Fri Dec 06 06:41:35 PST 2024","","","3530","100% (32/32)","100% (32/32)","100% (32/32)","learning agent","агент обучения","обучающий агент","majority voting","голосование большинством","голосование большинства","matrix vector product","умножение матрицы на вектор","произведение матрицы на вектор","maximal clique","максимальная клика","максимальный клика","maximum entropy","максимум энтропии","максимальная энтропия","true","false","true","false","false","false","false","false","true","false","false","true","false","false","true","false","false","false","false","false"
"3YOAVL4CBHVFMFPQN7OX8G58RCEZ4J","33VSRLCQVHFD1FA99WBAF9UCJT3XCK","Ranking the Quality of AI Terminology Translation from English to Russian","In this task, you will compare the quality of translations for scientific terms generated by two different methods. The input will include an English term, a context paragraph where the term is used, and its translations in Russian.","Translation, AI Terminology, Multilingual, Ranking","$0.01","Fri Dec 06 03:41:20 PST 2024","5","BatchId:5277384;OriginalHitTemplateId:928390912;","3600","3600","Fri Dec 13 03:41:20 PST 2024","","","3X1FV8S5JF5HBVBU8D6WLJL99E5GV1","A2EH125FTLGJPP","Approved","Fri Dec 06 05:42:50 PST 2024","Fri Dec 06 05:43:55 PST 2024","Fri Dec 06 06:43:55 PST 2024","Fri Dec 06 06:44:35 PST 2024","","","65","100% (1/1)","100% (1/1)","100% (1/1)","learning agent","агент обучения","обучающий агент","majority voting","голосование большинством","голосование большинства","matrix vector product","умножение матрицы на вектор","произведение матрицы на вектор","maximal clique","максимальная клика","максимальный клика","maximum entropy","максимум энтропии","максимальная энтропия","true","false","false","false","true","false","false","true","true","false","false","false","false","false","false","false","true","false","false","false"
"3QGTX7BCI6GXIYTQ1C77D8BMR89Z5O","33VSRLCQVHFD1FA99WBAF9UCJT3XCK","Ranking the Quality of AI Terminology Translation from English to Russian","In this task, you will compare the quality of translations for scientific terms generated by two different methods. The input will include an English term, a context paragraph where the term is used, and its translations in Russian.","Translation, AI Terminology, Multilingual, Ranking","$0.01","Fri Dec 06 03:41:20 PST 2024","5","BatchId:5277384;OriginalHitTemplateId:928390912;","3600","3600","Fri Dec 13 03:41:20 PST 2024","","","3PM8NZGV8GU0S9A3BOCQ3IMWVBDQXY","AS0K8SAHI5SQD","Approved","Fri Dec 06 04:42:55 PST 2024","Fri Dec 06 05:02:49 PST 2024","Fri Dec 06 06:02:49 PST 2024","Fri Dec 06 06:03:35 PST 2024","","","1194","100% (13/13)","100% (13/13)","100% (13/13)","meta-learn","метаобучение","мета-обучение","meta-parameter","метапараметр","мета-параметр","metric score","метрический балл","метрическая оценка","micro-average","микросредний","микро-среднее","misclassification error","ошибка неверной классификации","ошибка классификации","true","true","false","false","false","false","false","false","true","true","false","false","true","false","false","false","false","false","false","false"
"3QGTX7BCI6GXIYTQ1C77D8BMR89Z5O","33VSRLCQVHFD1FA99WBAF9UCJT3XCK","Ranking the Quality of AI Terminology Translation from English to Russian","In this task, you will compare the quality of translations for scientific terms generated by two different methods. The input will include an English term, a context paragraph where the term is used, and its translations in Russian.","Translation, AI Terminology, Multilingual, Ranking","$0.01","Fri Dec 06 03:41:20 PST 2024","5","BatchId:5277384;OriginalHitTemplateId:928390912;","3600","3600","Fri Dec 13 03:41:20 PST 2024","","","35L9RVQFC6WVYCH5NTE9AXVRA5UHUT","A186ORPGIU3WNL","Approved","Fri Dec 06 04:42:16 PST 2024","Fri Dec 06 05:16:39 PST 2024","Fri Dec 06 06:16:39 PST 2024","Fri Dec 06 06:17:35 PST 2024","","","2063","100% (53/53)","100% (52/52)","100% (52/52)","meta-learn","метаобучение","мета-обучение","meta-parameter","метапараметр","мета-параметр","metric score","метрический балл","метрическая оценка","micro-average","микросредний","микро-среднее","misclassification error","ошибка неверной классификации","ошибка классификации","true","true","false","true","false","false","false","false","false","true","false","false","true","false","false","false","false","false","false","false"
"3QGTX7BCI6GXIYTQ1C77D8BMR89Z5O","33VSRLCQVHFD1FA99WBAF9UCJT3XCK","Ranking the Quality of AI Terminology Translation from English to Russian","In this task, you will compare the quality of translations for scientific terms generated by two different methods. The input will include an English term, a context paragraph where the term is used, and its translations in Russian.","Translation, AI Terminology, Multilingual, Ranking","$0.01","Fri Dec 06 03:41:20 PST 2024","5","BatchId:5277384;OriginalHitTemplateId:928390912;","3600","3600","Fri Dec 13 03:41:20 PST 2024","","","3IUZPWIU16LZS67IOEW75DWGN29KWZ","A2YVLMI4PRDECY","Approved","Fri Dec 06 04:42:01 PST 2024","Fri Dec 06 05:41:14 PST 2024","Fri Dec 06 06:41:14 PST 2024","Fri Dec 06 06:41:35 PST 2024","","","3553","100% (32/32)","100% (32/32)","100% (32/32)","meta-learn","метаобучение","мета-обучение","meta-parameter","метапараметр","мета-параметр","metric score","метрический балл","метрическая оценка","micro-average","микросредний","микро-среднее","misclassification error","ошибка неверной классификации","ошибка классификации","true","true","false","false","false","false","false","false","true","true","false","false","true","false","false","false","false","false","false","false"
"3QGTX7BCI6GXIYTQ1C77D8BMR89Z5O","33VSRLCQVHFD1FA99WBAF9UCJT3XCK","Ranking the Quality of AI Terminology Translation from English to Russian","In this task, you will compare the quality of translations for scientific terms generated by two different methods. The input will include an English term, a context paragraph where the term is used, and its translations in Russian.","Translation, AI Terminology, Multilingual, Ranking","$0.01","Fri Dec 06 03:41:20 PST 2024","5","BatchId:5277384;OriginalHitTemplateId:928390912;","3600","3600","Fri Dec 13 03:41:20 PST 2024","","","3ZGVPD4G6BV2PK2ATAU658DUNIATZC","A2P8U65V6NL7B5","Approved","Fri Dec 06 05:43:12 PST 2024","Fri Dec 06 05:47:59 PST 2024","Fri Dec 06 06:47:59 PST 2024","Fri Dec 06 06:48:35 PST 2024","","","287","100% (49/49)","100% (49/49)","100% (49/49)","meta-learn","метаобучение","мета-обучение","meta-parameter","метапараметр","мета-параметр","metric score","метрический балл","метрическая оценка","micro-average","микросредний","микро-среднее","misclassification error","ошибка неверной классификации","ошибка классификации","true","true","false","false","false","false","false","false","false","true","false","false","true","false","false","false","false","false","true","false"
"3QGTX7BCI6GXIYTQ1C77D8BMR89Z5O","33VSRLCQVHFD1FA99WBAF9UCJT3XCK","Ranking the Quality of AI Terminology Translation from English to Russian","In this task, you will compare the quality of translations for scientific terms generated by two different methods. The input will include an English term, a context paragraph where the term is used, and its translations in Russian.","Translation, AI Terminology, Multilingual, Ranking","$0.01","Fri Dec 06 03:41:20 PST 2024","5","BatchId:5277384;OriginalHitTemplateId:928390912;","3600","3600","Fri Dec 13 03:41:20 PST 2024","","","3HWRJOOETNG3ZPYZ8NB3ATGQXUWESD","A3MDTRJTDIDNX","Approved","Fri Dec 06 05:42:49 PST 2024","Fri Dec 06 05:50:10 PST 2024","Fri Dec 06 06:50:10 PST 2024","Fri Dec 06 06:50:35 PST 2024","","","441","100% (53/53)","100% (53/53)","100% (53/53)","meta-learn","метаобучение","мета-обучение","meta-parameter","метапараметр","мета-параметр","metric score","метрический балл","метрическая оценка","micro-average","микросредний","микро-среднее","misclassification error","ошибка неверной классификации","ошибка классификации","true","true","false","false","true","false","false","false","true","false","false","false","true","false","false","false","false","false","false","false"
"3SBX2M1TLU168NOZ0B5KHNT4M9U4QV","33VSRLCQVHFD1FA99WBAF9UCJT3XCK","Ranking the Quality of AI Terminology Translation from English to Russian","In this task, you will compare the quality of translations for scientific terms generated by two different methods. The input will include an English term, a context paragraph where the term is used, and its translations in Russian.","Translation, AI Terminology, Multilingual, Ranking","$0.01","Fri Dec 06 03:41:20 PST 2024","5","BatchId:5277384;OriginalHitTemplateId:928390912;","3600","3600","Fri Dec 13 03:41:20 PST 2024","","","3OB0CAO74Z3CFL1AXUBYDI146T5HYR","A251BWQW2F81FT","Approved","Fri Dec 06 03:41:39 PST 2024","Fri Dec 06 04:17:02 PST 2024","Fri Dec 06 05:17:02 PST 2024","Fri Dec 06 05:17:35 PST 2024","","","2123","100% (31/31)","100% (31/31)","100% (31/31)","mixed integer programming","задача смешанного целочисленного программирования","смешанное целочисленное программирование","model bias","Предвзятость модели","смещение модели","model distillation","Модельная дистилляция","дистилляция модели","model inference","инференс модели","вывод модели","multi-agent","мультиагентный","многоагентный","true","true","true","false","true","false","false","false","true","false","false","false","false","false","false","false","false","false","false","false"
"3SBX2M1TLU168NOZ0B5KHNT4M9U4QV","33VSRLCQVHFD1FA99WBAF9UCJT3XCK","Ranking the Quality of AI Terminology Translation from English to Russian","In this task, you will compare the quality of translations for scientific terms generated by two different methods. The input will include an English term, a context paragraph where the term is used, and its translations in Russian.","Translation, AI Terminology, Multilingual, Ranking","$0.01","Fri Dec 06 03:41:20 PST 2024","5","BatchId:5277384;OriginalHitTemplateId:928390912;","3600","3600","Fri Dec 13 03:41:20 PST 2024","","","36V4Q8R5Z2EPYXBZXHAHS16YO6NMQ2","A2E2FFMXS9F9KR","Approved","Fri Dec 06 03:42:09 PST 2024","Fri Dec 06 04:35:03 PST 2024","Fri Dec 06 05:35:03 PST 2024","Fri Dec 06 05:35:35 PST 2024","","","3174","100% (51/51)","100% (51/51)","100% (51/51)","mixed integer programming","задача смешанного целочисленного программирования","смешанное целочисленное программирование","model bias","Предвзятость модели","смещение модели","model distillation","Модельная дистилляция","дистилляция модели","model inference","инференс модели","вывод модели","multi-agent","мультиагентный","многоагентный","true","true","true","true","true","false","false","false","false","false","false","false","false","false","false","false","false","false","false","false"
"3SBX2M1TLU168NOZ0B5KHNT4M9U4QV","33VSRLCQVHFD1FA99WBAF9UCJT3XCK","Ranking the Quality of AI Terminology Translation from English to Russian","In this task, you will compare the quality of translations for scientific terms generated by two different methods. The input will include an English term, a context paragraph where the term is used, and its translations in Russian.","Translation, AI Terminology, Multilingual, Ranking","$0.01","Fri Dec 06 03:41:20 PST 2024","5","BatchId:5277384;OriginalHitTemplateId:928390912;","3600","3600","Fri Dec 13 03:41:20 PST 2024","","","3LYA37P8I8174397TN0BIZJVD2YKBS","A3Q32FL0WWF4KZ","Approved","Fri Dec 06 04:43:07 PST 2024","Fri Dec 06 05:18:04 PST 2024","Fri Dec 06 06:18:04 PST 2024","Fri Dec 06 06:18:35 PST 2024","","","2097","100% (40/40)","100% (40/40)","100% (40/40)","mixed integer programming","задача смешанного целочисленного программирования","смешанное целочисленное программирование","model bias","Предвзятость модели","смещение модели","model distillation","Модельная дистилляция","дистилляция модели","model inference","инференс модели","вывод модели","multi-agent","мультиагентный","многоагентный","true","true","false","true","true","false","false","true","false","false","false","false","false","false","false","false","false","false","false","false"
"3SBX2M1TLU168NOZ0B5KHNT4M9U4QV","33VSRLCQVHFD1FA99WBAF9UCJT3XCK","Ranking the Quality of AI Terminology Translation from English to Russian","In this task, you will compare the quality of translations for scientific terms generated by two different methods. The input will include an English term, a context paragraph where the term is used, and its translations in Russian.","Translation, AI Terminology, Multilingual, Ranking","$0.01","Fri Dec 06 03:41:20 PST 2024","5","BatchId:5277384;OriginalHitTemplateId:928390912;","3600","3600","Fri Dec 13 03:41:20 PST 2024","","","3YJ6NA41JTUEXD4ZU7I0C4O7FG6PJA","A35H5DUMZH86PC","Approved","Fri Dec 06 04:42:42 PST 2024","Fri Dec 06 05:22:34 PST 2024","Fri Dec 06 06:22:34 PST 2024","Fri Dec 06 06:22:35 PST 2024","","","2392","100% (40/40)","100% (40/40)","100% (40/40)","mixed integer programming","задача смешанного целочисленного программирования","смешанное целочисленное программирование","model bias","Предвзятость модели","смещение модели","model distillation","Модельная дистилляция","дистилляция модели","model inference","инференс модели","вывод модели","multi-agent","мультиагентный","многоагентный","true","true","false","true","true","false","false","false","false","false","false","false","true","false","false","false","false","false","false","false"
"3SBX2M1TLU168NOZ0B5KHNT4M9U4QV","33VSRLCQVHFD1FA99WBAF9UCJT3XCK","Ranking the Quality of AI Terminology Translation from English to Russian","In this task, you will compare the quality of translations for scientific terms generated by two different methods. The input will include an English term, a context paragraph where the term is used, and its translations in Russian.","Translation, AI Terminology, Multilingual, Ranking","$0.01","Fri Dec 06 03:41:20 PST 2024","5","BatchId:5277384;OriginalHitTemplateId:928390912;","3600","3600","Fri Dec 13 03:41:20 PST 2024","","","36TFCYNS4MONFGB0SYPWU4UV4NAXH0","A2O4PW85X1GQA1","Approved","Fri Dec 06 04:42:00 PST 2024","Fri Dec 06 05:39:16 PST 2024","Fri Dec 06 06:39:16 PST 2024","Fri Dec 06 06:39:35 PST 2024","","","3436","100% (15/15)","100% (15/15)","100% (15/15)","mixed integer programming","задача смешанного целочисленного программирования","смешанное целочисленное программирование","model bias","Предвзятость модели","смещение модели","model distillation","Модельная дистилляция","дистилляция модели","model inference","инференс модели","вывод модели","multi-agent","мультиагентный","многоагентный","true","true","false","true","true","false","false","false","false","false","false","false","true","false","false","false","false","false","false","false"
"3BAKUKE4AYQPSP6GQ8BIOFW66BM1RG","33VSRLCQVHFD1FA99WBAF9UCJT3XCK","Ranking the Quality of AI Terminology Translation from English to Russian","In this task, you will compare the quality of translations for scientific terms generated by two different methods. The input will include an English term, a context paragraph where the term is used, and its translations in Russian.","Translation, AI Terminology, Multilingual, Ranking","$0.01","Fri Dec 06 03:41:20 PST 2024","5","BatchId:5277384;OriginalHitTemplateId:928390912;","3600","3600","Fri Dec 13 03:41:20 PST 2024","","","3BF51CHDTDOFIQ5PPM0PLQ7KUGQH0Q","A1PG4NZUVQMZUI","Approved","Fri Dec 06 03:42:03 PST 2024","Fri Dec 06 04:01:51 PST 2024","Fri Dec 06 05:01:51 PST 2024","Fri Dec 06 05:02:35 PST 2024","","","1188","100% (13/13)","100% (13/13)","100% (13/13)","multi-modal learning","мультимодальное обучение","многомодальное обучение","multi-scale","многомасштабный","многоуровневый","n-step returns","n-шаговые возвраты","n-шаговые вознаграждения","negative sample","отрицательный пример","отрицательный образец","neighborhood function","функция окрестности","функция соседства","true","false","false","true","true","false","true","true","false","false","false","false","false","false","false","false","false","false","false","false"
"3BAKUKE4AYQPSP6GQ8BIOFW66BM1RG","33VSRLCQVHFD1FA99WBAF9UCJT3XCK","Ranking the Quality of AI Terminology Translation from English to Russian","In this task, you will compare the quality of translations for scientific terms generated by two different methods. The input will include an English term, a context paragraph where the term is used, and its translations in Russian.","Translation, AI Terminology, Multilingual, Ranking","$0.01","Fri Dec 06 03:41:20 PST 2024","5","BatchId:5277384;OriginalHitTemplateId:928390912;","3600","3600","Fri Dec 13 03:41:20 PST 2024","","","3JV9LGBJWBSMLB2X71KIQRR1DJTOGO","A13QHI6P2C910K","Approved","Fri Dec 06 03:41:56 PST 2024","Fri Dec 06 04:38:21 PST 2024","Fri Dec 06 05:38:21 PST 2024","Fri Dec 06 05:38:35 PST 2024","","","3385","100% (39/39)","100% (39/39)","100% (39/39)","multi-modal learning","мультимодальное обучение","многомодальное обучение","multi-scale","многомасштабный","многоуровневый","n-step returns","n-шаговые возвраты","n-шаговые вознаграждения","negative sample","отрицательный пример","отрицательный образец","neighborhood function","функция окрестности","функция соседства","false","true","true","false","true","true","false","false","true","false","false","false","false","false","false","false","false","false","false","false"
"3BAKUKE4AYQPSP6GQ8BIOFW66BM1RG","33VSRLCQVHFD1FA99WBAF9UCJT3XCK","Ranking the Quality of AI Terminology Translation from English to Russian","In this task, you will compare the quality of translations for scientific terms generated by two different methods. The input will include an English term, a context paragraph where the term is used, and its translations in Russian.","Translation, AI Terminology, Multilingual, Ranking","$0.01","Fri Dec 06 03:41:20 PST 2024","5","BatchId:5277384;OriginalHitTemplateId:928390912;","3600","3600","Fri Dec 13 03:41:20 PST 2024","","","3Z4XG4ZF4Q5UM5A7PUVQHR1W14KX8L","A186ORPGIU3WNL","Approved","Fri Dec 06 04:41:59 PST 2024","Fri Dec 06 05:14:49 PST 2024","Fri Dec 06 06:14:49 PST 2024","Fri Dec 06 06:15:35 PST 2024","","","1970","100% (53/53)","100% (52/52)","100% (52/52)","multi-modal learning","мультимодальное обучение","многомодальное обучение","multi-scale","многомасштабный","многоуровневый","n-step returns","n-шаговые возвраты","n-шаговые вознаграждения","negative sample","отрицательный пример","отрицательный образец","neighborhood function","функция окрестности","функция соседства","true","true","false","true","true","false","false","true","false","false","false","false","false","false","false","false","false","false","false","false"
"3BAKUKE4AYQPSP6GQ8BIOFW66BM1RG","33VSRLCQVHFD1FA99WBAF9UCJT3XCK","Ranking the Quality of AI Terminology Translation from English to Russian","In this task, you will compare the quality of translations for scientific terms generated by two different methods. The input will include an English term, a context paragraph where the term is used, and its translations in Russian.","Translation, AI Terminology, Multilingual, Ranking","$0.01","Fri Dec 06 03:41:20 PST 2024","5","BatchId:5277384;OriginalHitTemplateId:928390912;","3600","3600","Fri Dec 13 03:41:20 PST 2024","","","3PH3VY7DJ3BUH164OFZHSSKTRBLZWZ","A35H5DUMZH86PC","Approved","Fri Dec 06 04:42:00 PST 2024","Fri Dec 06 05:18:38 PST 2024","Fri Dec 06 06:18:38 PST 2024","Fri Dec 06 06:19:35 PST 2024","","","2198","100% (40/40)","100% (40/40)","100% (40/40)","multi-modal learning","мультимодальное обучение","многомодальное обучение","multi-scale","многомасштабный","многоуровневый","n-step returns","n-шаговые возвраты","n-шаговые вознаграждения","negative sample","отрицательный пример","отрицательный образец","neighborhood function","функция окрестности","функция соседства","true","true","false","true","true","false","false","true","false","false","false","false","false","false","false","false","false","false","false","false"
"3BAKUKE4AYQPSP6GQ8BIOFW66BM1RG","33VSRLCQVHFD1FA99WBAF9UCJT3XCK","Ranking the Quality of AI Terminology Translation from English to Russian","In this task, you will compare the quality of translations for scientific terms generated by two different methods. The input will include an English term, a context paragraph where the term is used, and its translations in Russian.","Translation, AI Terminology, Multilingual, Ranking","$0.01","Fri Dec 06 03:41:20 PST 2024","5","BatchId:5277384;OriginalHitTemplateId:928390912;","3600","3600","Fri Dec 13 03:41:20 PST 2024","","","3XUHV3NRV2CEDXRQMS612L3BBO15HZ","A38SYZRVLTMOFG","Approved","Fri Dec 06 05:42:18 PST 2024","Fri Dec 06 06:01:46 PST 2024","Fri Dec 06 07:01:46 PST 2024","Fri Dec 06 07:02:35 PST 2024","","","1168","100% (49/49)","100% (49/49)","100% (49/49)","multi-modal learning","мультимодальное обучение","многомодальное обучение","multi-scale","многомасштабный","многоуровневый","n-step returns","n-шаговые возвраты","n-шаговые вознаграждения","negative sample","отрицательный пример","отрицательный образец","neighborhood function","функция окрестности","функция соседства","true","true","false","true","true","false","false","true","false","false","false","false","false","false","false","false","false","false","false","false"
"3TX9T2ZCCQFRVH8AXDUG38OZB5DWZ2","33VSRLCQVHFD1FA99WBAF9UCJT3XCK","Ranking the Quality of AI Terminology Translation from English to Russian","In this task, you will compare the quality of translations for scientific terms generated by two different methods. The input will include an English term, a context paragraph where the term is used, and its translations in Russian.","Translation, AI Terminology, Multilingual, Ranking","$0.01","Fri Dec 06 03:41:20 PST 2024","5","BatchId:5277384;OriginalHitTemplateId:928390912;","3600","3600","Fri Dec 13 03:41:20 PST 2024","","","3S3AMIZX3CJI02V3F6AJP6UNBDVDC7","A9M8N3BOH6013","Approved","Fri Dec 06 03:42:52 PST 2024","Fri Dec 06 03:52:56 PST 2024","Fri Dec 06 04:52:56 PST 2024","Fri Dec 06 04:53:35 PST 2024","","","604","100% (44/44)","100% (44/44)","100% (44/44)","node representation","представление узлов","представление узла","non-convex problem","невыпуклая задача","неконвексная задача","normal","нормали","нормаль","object domain","домен объектов","область объектов","open-ended text generation","генерация текста с открытым завершением","генерация текста с открытым концом","false","true","true","true","false","true","false","false","false","true","false","false","false","false","false","false","false","false","false","false"
"3TX9T2ZCCQFRVH8AXDUG38OZB5DWZ2","33VSRLCQVHFD1FA99WBAF9UCJT3XCK","Ranking the Quality of AI Terminology Translation from English to Russian","In this task, you will compare the quality of translations for scientific terms generated by two different methods. The input will include an English term, a context paragraph where the term is used, and its translations in Russian.","Translation, AI Terminology, Multilingual, Ranking","$0.01","Fri Dec 06 03:41:20 PST 2024","5","BatchId:5277384;OriginalHitTemplateId:928390912;","3600","3600","Fri Dec 13 03:41:20 PST 2024","","","3L2IS5HSFSWN883GQR9MFHSNWH3NU8","A2MZEUP2ECO1AI","Approved","Fri Dec 06 03:41:49 PST 2024","Fri Dec 06 04:06:10 PST 2024","Fri Dec 06 05:06:10 PST 2024","Fri Dec 06 05:06:35 PST 2024","","","1461","100% (34/34)","100% (34/34)","100% (34/34)","node representation","представление узлов","представление узла","non-convex problem","невыпуклая задача","неконвексная задача","normal","нормали","нормаль","object domain","домен объектов","область объектов","open-ended text generation","генерация текста с открытым завершением","генерация текста с открытым концом","false","true","false","true","false","true","false","true","false","true","false","false","false","false","false","false","false","false","false","false"
"3TX9T2ZCCQFRVH8AXDUG38OZB5DWZ2","33VSRLCQVHFD1FA99WBAF9UCJT3XCK","Ranking the Quality of AI Terminology Translation from English to Russian","In this task, you will compare the quality of translations for scientific terms generated by two different methods. The input will include an English term, a context paragraph where the term is used, and its translations in Russian.","Translation, AI Terminology, Multilingual, Ranking","$0.01","Fri Dec 06 03:41:20 PST 2024","5","BatchId:5277384;OriginalHitTemplateId:928390912;","3600","3600","Fri Dec 13 03:41:20 PST 2024","","","3UXUOQ9OKWBEQEXV4FB6JJU3PZ6A78","A1L8EGJ85A7DZR","Approved","Fri Dec 06 03:41:44 PST 2024","Fri Dec 06 04:41:00 PST 2024","Fri Dec 06 05:41:00 PST 2024","Fri Dec 06 05:41:35 PST 2024","","","3556","100% (27/27)","100% (27/27)","100% (27/27)","node representation","представление узлов","представление узла","non-convex problem","невыпуклая задача","неконвексная задача","normal","нормали","нормаль","object domain","домен объектов","область объектов","open-ended text generation","генерация текста с открытым завершением","генерация текста с открытым концом","false","true","false","true","false","true","false","false","false","true","false","false","true","false","false","false","false","false","false","false"
"3TX9T2ZCCQFRVH8AXDUG38OZB5DWZ2","33VSRLCQVHFD1FA99WBAF9UCJT3XCK","Ranking the Quality of AI Terminology Translation from English to Russian","In this task, you will compare the quality of translations for scientific terms generated by two different methods. The input will include an English term, a context paragraph where the term is used, and its translations in Russian.","Translation, AI Terminology, Multilingual, Ranking","$0.01","Fri Dec 06 03:41:20 PST 2024","5","BatchId:5277384;OriginalHitTemplateId:928390912;","3600","3600","Fri Dec 13 03:41:20 PST 2024","","","3RRCEFRB74QMQ1K48VDVBIUZGF1B4K","A186ORPGIU3WNL","Approved","Fri Dec 06 03:41:56 PST 2024","Fri Dec 06 04:41:35 PST 2024","Fri Dec 06 05:41:35 PST 2024","Fri Dec 06 05:42:35 PST 2024","","","3579","100% (53/53)","100% (52/52)","100% (52/52)","node representation","представление узлов","представление узла","non-convex problem","невыпуклая задача","неконвексная задача","normal","нормали","нормаль","object domain","домен объектов","область объектов","open-ended text generation","генерация текста с открытым завершением","генерация текста с открытым концом","true","true","false","true","true","false","false","false","false","false","false","false","true","false","false","false","false","false","false","false"
"3TX9T2ZCCQFRVH8AXDUG38OZB5DWZ2","33VSRLCQVHFD1FA99WBAF9UCJT3XCK","Ranking the Quality of AI Terminology Translation from English to Russian","In this task, you will compare the quality of translations for scientific terms generated by two different methods. The input will include an English term, a context paragraph where the term is used, and its translations in Russian.","Translation, AI Terminology, Multilingual, Ranking","$0.01","Fri Dec 06 03:41:20 PST 2024","5","BatchId:5277384;OriginalHitTemplateId:928390912;","3600","3600","Fri Dec 13 03:41:20 PST 2024","","","3E1QT0TDF7NXWALCQ8VPEHEHDRH8IX","A13QHI6P2C910K","Approved","Fri Dec 06 04:41:57 PST 2024","Fri Dec 06 05:34:56 PST 2024","Fri Dec 06 06:34:56 PST 2024","Fri Dec 06 06:35:35 PST 2024","","","3179","100% (39/39)","100% (39/39)","100% (39/39)","node representation","представление узлов","представление узла","non-convex problem","невыпуклая задача","неконвексная задача","normal","нормали","нормаль","object domain","домен объектов","область объектов","open-ended text generation","генерация текста с открытым завершением","генерация текста с открытым концом","false","true","false","true","false","true","false","false","false","true","false","false","true","false","false","false","false","false","false","false"
"31MBOZ6PB55YCUL11L36JZ6Y4GOCLR","33VSRLCQVHFD1FA99WBAF9UCJT3XCK","Ranking the Quality of AI Terminology Translation from English to Russian","In this task, you will compare the quality of translations for scientific terms generated by two different methods. The input will include an English term, a context paragraph where the term is used, and its translations in Russian.","Translation, AI Terminology, Multilingual, Ranking","$0.01","Fri Dec 06 03:41:20 PST 2024","5","BatchId:5277384;OriginalHitTemplateId:928390912;","3600","3600","Fri Dec 13 03:41:20 PST 2024","","","3TYCR1GOTUXE67U5K1SFJH3DT4ILZT","A1MW1UNSOFPB4F","Approved","Fri Dec 06 03:41:58 PST 2024","Fri Dec 06 03:46:07 PST 2024","Fri Dec 06 04:46:07 PST 2024","Fri Dec 06 04:46:35 PST 2024","","","249","100% (19/19)","100% (19/19)","100% (19/19)","optimization objective","целевая функция оптимизации","цель оптимизации","parsing model","модель синтаксического анализа","модель разбора","perceptual loss","перцептивная потеря","перцептивные потери","permutation test","пермутационный тест","тест на перестановки","pipeline","трубопровод","конвейер","false","false","false","false","false","true","false","true","false","true","false","true","false","true","false","false","false","false","false","false"
"31MBOZ6PB55YCUL11L36JZ6Y4GOCLR","33VSRLCQVHFD1FA99WBAF9UCJT3XCK","Ranking the Quality of AI Terminology Translation from English to Russian","In this task, you will compare the quality of translations for scientific terms generated by two different methods. The input will include an English term, a context paragraph where the term is used, and its translations in Russian.","Translation, AI Terminology, Multilingual, Ranking","$0.01","Fri Dec 06 03:41:20 PST 2024","5","BatchId:5277384;OriginalHitTemplateId:928390912;","3600","3600","Fri Dec 13 03:41:20 PST 2024","","","31Z0PCVWU2TJ5AW4AF2NEOKVDORT7C","A11B7MUC7UTFKN","Approved","Fri Dec 06 03:41:54 PST 2024","Fri Dec 06 04:21:36 PST 2024","Fri Dec 06 05:21:36 PST 2024","Fri Dec 06 05:22:35 PST 2024","","","2382","100% (36/36)","100% (36/36)","100% (36/36)","optimization objective","целевая функция оптимизации","цель оптимизации","parsing model","модель синтаксического анализа","модель разбора","perceptual loss","перцептивная потеря","перцептивные потери","permutation test","пермутационный тест","тест на перестановки","pipeline","трубопровод","конвейер","false","true","false","false","true","true","false","false","true","false","false","false","true","false","false","false","false","false","false","false"
"31MBOZ6PB55YCUL11L36JZ6Y4GOCLR","33VSRLCQVHFD1FA99WBAF9UCJT3XCK","Ranking the Quality of AI Terminology Translation from English to Russian","In this task, you will compare the quality of translations for scientific terms generated by two different methods. The input will include an English term, a context paragraph where the term is used, and its translations in Russian.","Translation, AI Terminology, Multilingual, Ranking","$0.01","Fri Dec 06 03:41:20 PST 2024","5","BatchId:5277384;OriginalHitTemplateId:928390912;","3600","3600","Fri Dec 13 03:41:20 PST 2024","","","3V5Q80FXIF57KS14POF10KZP89T32Q","A3HSZ9YLOBCCPR","Approved","Fri Dec 06 03:42:51 PST 2024","Fri Dec 06 04:25:22 PST 2024","Fri Dec 06 05:25:22 PST 2024","Fri Dec 06 05:25:35 PST 2024","","","2551","100% (39/39)","100% (39/39)","100% (39/39)","optimization objective","целевая функция оптимизации","цель оптимизации","parsing model","модель синтаксического анализа","модель разбора","perceptual loss","перцептивная потеря","перцептивные потери","permutation test","пермутационный тест","тест на перестановки","pipeline","трубопровод","конвейер","false","true","false","true","false","true","false","false","false","true","false","false","true","false","false","false","false","false","false","false"
"31MBOZ6PB55YCUL11L36JZ6Y4GOCLR","33VSRLCQVHFD1FA99WBAF9UCJT3XCK","Ranking the Quality of AI Terminology Translation from English to Russian","In this task, you will compare the quality of translations for scientific terms generated by two different methods. The input will include an English term, a context paragraph where the term is used, and its translations in Russian.","Translation, AI Terminology, Multilingual, Ranking","$0.01","Fri Dec 06 03:41:20 PST 2024","5","BatchId:5277384;OriginalHitTemplateId:928390912;","3600","3600","Fri Dec 13 03:41:20 PST 2024","","","3TYCR1GOTUXE67U5K1SFJH3DT4HZL6","ASE8ADTSWOHDB","Approved","Fri Dec 06 03:41:32 PST 2024","Fri Dec 06 04:33:20 PST 2024","Fri Dec 06 05:33:20 PST 2024","Fri Dec 06 05:33:35 PST 2024","","","3108","100% (5/5)","100% (4/4)","100% (4/4)","optimization objective","целевая функция оптимизации","цель оптимизации","parsing model","модель синтаксического анализа","модель разбора","perceptual loss","перцептивная потеря","перцептивные потери","permutation test","пермутационный тест","тест на перестановки","pipeline","трубопровод","конвейер","false","false","true","true","false","false","false","false","false","true","true","false","false","false","false","false","true","false","false","false"
"31MBOZ6PB55YCUL11L36JZ6Y4GOCLR","33VSRLCQVHFD1FA99WBAF9UCJT3XCK","Ranking the Quality of AI Terminology Translation from English to Russian","In this task, you will compare the quality of translations for scientific terms generated by two different methods. The input will include an English term, a context paragraph where the term is used, and its translations in Russian.","Translation, AI Terminology, Multilingual, Ranking","$0.01","Fri Dec 06 03:41:20 PST 2024","5","BatchId:5277384;OriginalHitTemplateId:928390912;","3600","3600","Fri Dec 13 03:41:20 PST 2024","","","3FUI0JHJPFCW5AXNTOT6JU4HENS330","A11JXYZDAUX0UP","Approved","Fri Dec 06 04:41:59 PST 2024","Fri Dec 06 05:40:38 PST 2024","Fri Dec 06 06:40:38 PST 2024","Fri Dec 06 06:41:35 PST 2024","","","3519","100% (1186/1186)","100% (1186/1186)","100% (1184/1184)","optimization objective","целевая функция оптимизации","цель оптимизации","parsing model","модель синтаксического анализа","модель разбора","perceptual loss","перцептивная потеря","перцептивные потери","permutation test","пермутационный тест","тест на перестановки","pipeline","трубопровод","конвейер","false","true","true","true","false","true","false","false","false","true","false","false","false","false","false","false","false","false","false","false"
"36BTXXLZ3CM6KO3ZDQUKMD39IVW4RW","33VSRLCQVHFD1FA99WBAF9UCJT3XCK","Ranking the Quality of AI Terminology Translation from English to Russian","In this task, you will compare the quality of translations for scientific terms generated by two different methods. The input will include an English term, a context paragraph where the term is used, and its translations in Russian.","Translation, AI Terminology, Multilingual, Ranking","$0.01","Fri Dec 06 03:41:20 PST 2024","5","BatchId:5277384;OriginalHitTemplateId:928390912;","3600","3600","Fri Dec 13 03:41:20 PST 2024","","","3X66WABAJEWXZM9BO30Q2OTQISYG3M","A9M8N3BOH6013","Approved","Fri Dec 06 03:42:40 PST 2024","Fri Dec 06 03:51:48 PST 2024","Fri Dec 06 04:51:48 PST 2024","Fri Dec 06 04:52:35 PST 2024","","","548","100% (44/44)","100% (44/44)","100% (44/44)","point match","сопоставление точек","соответствие точек","policy class","класс стратегий","класс политик","pooling layer","слой объединения","слой подвыборки","precision matrix","прецизионная матрица","матрица точности","precision-recall curve","кривая точность-полнота","кривая точности и полноты","true","false","false","true","true","false","true","false","false","false","false","false","true","false","false","false","false","false","false","false"
"36BTXXLZ3CM6KO3ZDQUKMD39IVW4RW","33VSRLCQVHFD1FA99WBAF9UCJT3XCK","Ranking the Quality of AI Terminology Translation from English to Russian","In this task, you will compare the quality of translations for scientific terms generated by two different methods. The input will include an English term, a context paragraph where the term is used, and its translations in Russian.","Translation, AI Terminology, Multilingual, Ranking","$0.01","Fri Dec 06 03:41:20 PST 2024","5","BatchId:5277384;OriginalHitTemplateId:928390912;","3600","3600","Fri Dec 13 03:41:20 PST 2024","","","3PDJHANYKNUAW1R4RBG6URHB7JCH6R","A2MZEUP2ECO1AI","Approved","Fri Dec 06 03:42:05 PST 2024","Fri Dec 06 04:07:18 PST 2024","Fri Dec 06 05:07:18 PST 2024","Fri Dec 06 05:07:35 PST 2024","","","1513","100% (34/34)","100% (34/34)","100% (34/34)","point match","сопоставление точек","соответствие точек","policy class","класс стратегий","класс политик","pooling layer","слой объединения","слой подвыборки","precision matrix","прецизионная матрица","матрица точности","precision-recall curve","кривая точность-полнота","кривая точности и полноты","true","true","false","true","true","false","false","false","false","false","false","false","true","false","false","false","false","false","false","false"
"36BTXXLZ3CM6KO3ZDQUKMD39IVW4RW","33VSRLCQVHFD1FA99WBAF9UCJT3XCK","Ranking the Quality of AI Terminology Translation from English to Russian","In this task, you will compare the quality of translations for scientific terms generated by two different methods. The input will include an English term, a context paragraph where the term is used, and its translations in Russian.","Translation, AI Terminology, Multilingual, Ranking","$0.01","Fri Dec 06 03:41:20 PST 2024","5","BatchId:5277384;OriginalHitTemplateId:928390912;","3600","3600","Fri Dec 13 03:41:20 PST 2024","","","3RWE2M8QWZO7SMR0SKV2QA4GGSZ0NI","A11B7MUC7UTFKN","Approved","Fri Dec 06 03:41:44 PST 2024","Fri Dec 06 04:19:41 PST 2024","Fri Dec 06 05:19:41 PST 2024","Fri Dec 06 05:20:35 PST 2024","","","2277","100% (36/36)","100% (36/36)","100% (36/36)","point match","сопоставление точек","соответствие точек","policy class","класс стратегий","класс политик","pooling layer","слой объединения","слой подвыборки","precision matrix","прецизионная матрица","матрица точности","precision-recall curve","кривая точность-полнота","кривая точности и полноты","true","true","false","false","true","false","false","false","true","false","false","false","true","false","false","false","false","false","false","false"
"36BTXXLZ3CM6KO3ZDQUKMD39IVW4RW","33VSRLCQVHFD1FA99WBAF9UCJT3XCK","Ranking the Quality of AI Terminology Translation from English to Russian","In this task, you will compare the quality of translations for scientific terms generated by two different methods. The input will include an English term, a context paragraph where the term is used, and its translations in Russian.","Translation, AI Terminology, Multilingual, Ranking","$0.01","Fri Dec 06 03:41:20 PST 2024","5","BatchId:5277384;OriginalHitTemplateId:928390912;","3600","3600","Fri Dec 13 03:41:20 PST 2024","","","3P1L2B7ADJ3273GYISHY3JW990FOLU","A2D6SB3TU1NYQ7","Approved","Fri Dec 06 03:41:58 PST 2024","Fri Dec 06 04:24:11 PST 2024","Fri Dec 06 05:24:11 PST 2024","Fri Dec 06 05:24:35 PST 2024","","","2533","100% (45/45)","100% (45/45)","100% (45/45)","point match","сопоставление точек","соответствие точек","policy class","класс стратегий","класс политик","pooling layer","слой объединения","слой подвыборки","precision matrix","прецизионная матрица","матрица точности","precision-recall curve","кривая точность-полнота","кривая точности и полноты","true","true","false","true","true","false","false","true","false","false","false","false","false","false","false","false","false","false","false","false"
"36BTXXLZ3CM6KO3ZDQUKMD39IVW4RW","33VSRLCQVHFD1FA99WBAF9UCJT3XCK","Ranking the Quality of AI Terminology Translation from English to Russian","In this task, you will compare the quality of translations for scientific terms generated by two different methods. The input will include an English term, a context paragraph where the term is used, and its translations in Russian.","Translation, AI Terminology, Multilingual, Ranking","$0.01","Fri Dec 06 03:41:20 PST 2024","5","BatchId:5277384;OriginalHitTemplateId:928390912;","3600","3600","Fri Dec 13 03:41:20 PST 2024","","","3X87C8JFVOPSWSO4HE634A54GV5SQK","AG9MLSV2QCVD4","Approved","Fri Dec 06 03:41:48 PST 2024","Fri Dec 06 04:27:51 PST 2024","Fri Dec 06 05:27:51 PST 2024","Fri Dec 06 05:28:35 PST 2024","","","2763","100% (24/24)","100% (24/24)","100% (24/24)","point match","сопоставление точек","соответствие точек","policy class","класс стратегий","класс политик","pooling layer","слой объединения","слой подвыборки","precision matrix","прецизионная матрица","матрица точности","precision-recall curve","кривая точность-полнота","кривая точности и полноты","true","false","false","true","true","false","true","true","false","false","false","false","false","false","false","false","false","false","false","false"
"3KI0JD2ZVIWAHSNYN0PTEUWNDA876L","33VSRLCQVHFD1FA99WBAF9UCJT3XCK","Ranking the Quality of AI Terminology Translation from English to Russian","In this task, you will compare the quality of translations for scientific terms generated by two different methods. The input will include an English term, a context paragraph where the term is used, and its translations in Russian.","Translation, AI Terminology, Multilingual, Ranking","$0.01","Fri Dec 06 03:41:20 PST 2024","5","BatchId:5277384;OriginalHitTemplateId:928390912;","3600","3600","Fri Dec 13 03:41:20 PST 2024","","","3VFJCI1K4HDPIOUDZT1MKMW6O6DRG0","A27705JMG5A29P","Approved","Fri Dec 06 03:42:09 PST 2024","Fri Dec 06 03:44:44 PST 2024","Fri Dec 06 04:44:44 PST 2024","Fri Dec 06 04:45:35 PST 2024","","","155","100% (6/6)","100% (6/6)","100% (6/6)","predicate-argument relation","предикатно-аргументное отношение","отношение предикат-аргумент","prediction head","головка предсказания","голова предсказания","predictive model","прогностическая модель","предсказательная модель","primal variable","Примальная переменная","первичная переменная","proposal distribution","предлагаемое распределение","распределение предложений","true","false","false","false","true","false","true","false","true","false","false","false","true","false","false","false","false","false","false","false"
"3KI0JD2ZVIWAHSNYN0PTEUWNDA876L","33VSRLCQVHFD1FA99WBAF9UCJT3XCK","Ranking the Quality of AI Terminology Translation from English to Russian","In this task, you will compare the quality of translations for scientific terms generated by two different methods. The input will include an English term, a context paragraph where the term is used, and its translations in Russian.","Translation, AI Terminology, Multilingual, Ranking","$0.01","Fri Dec 06 03:41:20 PST 2024","5","BatchId:5277384;OriginalHitTemplateId:928390912;","3600","3600","Fri Dec 13 03:41:20 PST 2024","","","33C7UALJV3CMW4PEI1AJMIXVWP718Z","A1MW1UNSOFPB4F","Approved","Fri Dec 06 03:42:52 PST 2024","Fri Dec 06 03:48:19 PST 2024","Fri Dec 06 04:48:19 PST 2024","Fri Dec 06 04:48:35 PST 2024","","","327","100% (19/19)","100% (19/19)","100% (19/19)","predicate-argument relation","предикатно-аргументное отношение","отношение предикат-аргумент","prediction head","головка предсказания","голова предсказания","predictive model","прогностическая модель","предсказательная модель","primal variable","Примальная переменная","первичная переменная","proposal distribution","предлагаемое распределение","распределение предложений","false","false","false","false","true","false","true","false","true","false","true","false","true","false","false","false","false","false","false","false"
"3KI0JD2ZVIWAHSNYN0PTEUWNDA876L","33VSRLCQVHFD1FA99WBAF9UCJT3XCK","Ranking the Quality of AI Terminology Translation from English to Russian","In this task, you will compare the quality of translations for scientific terms generated by two different methods. The input will include an English term, a context paragraph where the term is used, and its translations in Russian.","Translation, AI Terminology, Multilingual, Ranking","$0.01","Fri Dec 06 03:41:20 PST 2024","5","BatchId:5277384;OriginalHitTemplateId:928390912;","3600","3600","Fri Dec 13 03:41:20 PST 2024","","","3KJYX6QCMRPR2X1VGJRZIWDP147JVP","A251BWQW2F81FT","Approved","Fri Dec 06 03:42:10 PST 2024","Fri Dec 06 04:18:24 PST 2024","Fri Dec 06 05:18:24 PST 2024","Fri Dec 06 05:18:35 PST 2024","","","2174","100% (31/31)","100% (31/31)","100% (31/31)","predicate-argument relation","предикатно-аргументное отношение","отношение предикат-аргумент","prediction head","головка предсказания","голова предсказания","predictive model","прогностическая модель","предсказательная модель","primal variable","Примальная переменная","первичная переменная","proposal distribution","предлагаемое распределение","распределение предложений","true","false","true","false","false","false","true","false","false","true","false","false","false","true","false","false","false","false","false","false"
"3KI0JD2ZVIWAHSNYN0PTEUWNDA876L","33VSRLCQVHFD1FA99WBAF9UCJT3XCK","Ranking the Quality of AI Terminology Translation from English to Russian","In this task, you will compare the quality of translations for scientific terms generated by two different methods. The input will include an English term, a context paragraph where the term is used, and its translations in Russian.","Translation, AI Terminology, Multilingual, Ranking","$0.01","Fri Dec 06 03:41:20 PST 2024","5","BatchId:5277384;OriginalHitTemplateId:928390912;","3600","3600","Fri Dec 13 03:41:20 PST 2024","","","3DEL4X4ELOZ91B1P2YTKG4PYUKWXYA","A2GJB7TBZM91Z4","Approved","Fri Dec 06 04:44:58 PST 2024","Fri Dec 06 05:01:33 PST 2024","Fri Dec 06 06:01:33 PST 2024","Fri Dec 06 06:01:35 PST 2024","","","995","100% (23/23)","100% (23/23)","100% (23/23)","predicate-argument relation","предикатно-аргументное отношение","отношение предикат-аргумент","prediction head","головка предсказания","голова предсказания","predictive model","прогностическая модель","предсказательная модель","primal variable","Примальная переменная","первичная переменная","proposal distribution","предлагаемое распределение","распределение предложений","true","false","true","false","false","false","true","false","true","true","false","false","false","false","false","false","false","false","false","false"
"3KI0JD2ZVIWAHSNYN0PTEUWNDA876L","33VSRLCQVHFD1FA99WBAF9UCJT3XCK","Ranking the Quality of AI Terminology Translation from English to Russian","In this task, you will compare the quality of translations for scientific terms generated by two different methods. The input will include an English term, a context paragraph where the term is used, and its translations in Russian.","Translation, AI Terminology, Multilingual, Ranking","$0.01","Fri Dec 06 03:41:20 PST 2024","5","BatchId:5277384;OriginalHitTemplateId:928390912;","3600","3600","Fri Dec 13 03:41:20 PST 2024","","","35GMH2SV3WVO1X6616UUQO6P04KOEF","A1OJVQNHQUWKUQ","Approved","Fri Dec 06 05:42:50 PST 2024","Fri Dec 06 05:43:36 PST 2024","Fri Dec 06 06:43:36 PST 2024","Fri Dec 06 06:44:35 PST 2024","","","46","100% (1/1)","100% (1/1)","100% (1/1)","predicate-argument relation","предикатно-аргументное отношение","отношение предикат-аргумент","prediction head","головка предсказания","голова предсказания","predictive model","прогностическая модель","предсказательная модель","primal variable","Примальная переменная","первичная переменная","proposal distribution","предлагаемое распределение","распределение предложений","false","false","false","false","false","true","false","true","false","true","false","true","false","true","false","false","false","false","false","false"
"3IZVJEBJ7RYT12T46VHC5EPMN3KZ64","33VSRLCQVHFD1FA99WBAF9UCJT3XCK","Ranking the Quality of AI Terminology Translation from English to Russian","In this task, you will compare the quality of translations for scientific terms generated by two different methods. The input will include an English term, a context paragraph where the term is used, and its translations in Russian.","Translation, AI Terminology, Multilingual, Ranking","$0.01","Fri Dec 06 03:41:20 PST 2024","5","BatchId:5277384;OriginalHitTemplateId:928390912;","3600","3600","Fri Dec 13 03:41:20 PST 2024","","","3KIBXJ1WDN8RNXYGXS5XOJJUK0AKON","AWPXR7XE6B8KD","Approved","Fri Dec 06 03:41:40 PST 2024","Fri Dec 06 04:12:29 PST 2024","Fri Dec 06 05:12:29 PST 2024","Fri Dec 06 05:12:35 PST 2024","","","1849","100% (17/17)","100% (17/17)","100% (17/17)","pruning algorithm","алгоритм отсечения","алгоритм обрезки","random crop","случайная обрезка","случайное обрезание","recommendation model","рекомендательная модель","модель рекомендаций","regression task","регрессионная задача","задача регрессии","relative positional embedding","относительное позиционное вложение","относительное позиционное встраивание","true","true","true","true","false","false","false","false","false","true","false","false","false","false","false","false","false","false","false","false"
"3IZVJEBJ7RYT12T46VHC5EPMN3KZ64","33VSRLCQVHFD1FA99WBAF9UCJT3XCK","Ranking the Quality of AI Terminology Translation from English to Russian","In this task, you will compare the quality of translations for scientific terms generated by two different methods. The input will include an English term, a context paragraph where the term is used, and its translations in Russian.","Translation, AI Terminology, Multilingual, Ranking","$0.01","Fri Dec 06 03:41:20 PST 2024","5","BatchId:5277384;OriginalHitTemplateId:928390912;","3600","3600","Fri Dec 13 03:41:20 PST 2024","","","3ZAK8W07IMSKNCB9PL7O45WAOPYU0C","A3Q32FL0WWF4KZ","Approved","Fri Dec 06 04:42:38 PST 2024","Fri Dec 06 05:17:49 PST 2024","Fri Dec 06 06:17:49 PST 2024","Fri Dec 06 06:18:35 PST 2024","","","2111","100% (40/40)","100% (40/40)","100% (40/40)","pruning algorithm","алгоритм отсечения","алгоритм обрезки","random crop","случайная обрезка","случайное обрезание","recommendation model","рекомендательная модель","модель рекомендаций","regression task","регрессионная задача","задача регрессии","relative positional embedding","относительное позиционное вложение","относительное позиционное встраивание","true","false","true","true","false","false","true","false","false","false","false","false","false","false","true","false","false","false","false","false"
"3IZVJEBJ7RYT12T46VHC5EPMN3KZ64","33VSRLCQVHFD1FA99WBAF9UCJT3XCK","Ranking the Quality of AI Terminology Translation from English to Russian","In this task, you will compare the quality of translations for scientific terms generated by two different methods. The input will include an English term, a context paragraph where the term is used, and its translations in Russian.","Translation, AI Terminology, Multilingual, Ranking","$0.01","Fri Dec 06 03:41:20 PST 2024","5","BatchId:5277384;OriginalHitTemplateId:928390912;","3600","3600","Fri Dec 13 03:41:20 PST 2024","","","3YMU66OBI5MCTUGA3OPS6IU01YMHG2","A19I2ZK220NTAE","Approved","Fri Dec 06 04:43:07 PST 2024","Fri Dec 06 05:29:34 PST 2024","Fri Dec 06 06:29:34 PST 2024","Fri Dec 06 06:29:35 PST 2024","","","2787","100% (32/32)","100% (32/32)","100% (32/32)","pruning algorithm","алгоритм отсечения","алгоритм обрезки","random crop","случайная обрезка","случайное обрезание","recommendation model","рекомендательная модель","модель рекомендаций","regression task","регрессионная задача","задача регрессии","relative positional embedding","относительное позиционное вложение","относительное позиционное встраивание","true","false","true","true","false","false","true","false","false","false","false","false","false","false","true","false","false","false","false","false"
"3IZVJEBJ7RYT12T46VHC5EPMN3KZ64","33VSRLCQVHFD1FA99WBAF9UCJT3XCK","Ranking the Quality of AI Terminology Translation from English to Russian","In this task, you will compare the quality of translations for scientific terms generated by two different methods. The input will include an English term, a context paragraph where the term is used, and its translations in Russian.","Translation, AI Terminology, Multilingual, Ranking","$0.01","Fri Dec 06 03:41:20 PST 2024","5","BatchId:5277384;OriginalHitTemplateId:928390912;","3600","3600","Fri Dec 13 03:41:20 PST 2024","","","3GFK2QRXXRVWANMFHRS13ODYQDKW5Y","A13QHI6P2C910K","Approved","Fri Dec 06 04:42:35 PST 2024","Fri Dec 06 05:37:18 PST 2024","Fri Dec 06 06:37:18 PST 2024","Fri Dec 06 06:37:35 PST 2024","","","3283","100% (39/39)","100% (39/39)","100% (39/39)","pruning algorithm","алгоритм отсечения","алгоритм обрезки","random crop","случайная обрезка","случайное обрезание","recommendation model","рекомендательная модель","модель рекомендаций","regression task","регрессионная задача","задача регрессии","relative positional embedding","относительное позиционное вложение","относительное позиционное встраивание","true","false","true","true","false","false","true","false","false","false","false","false","false","false","true","false","false","false","false","false"
"3IZVJEBJ7RYT12T46VHC5EPMN3KZ64","33VSRLCQVHFD1FA99WBAF9UCJT3XCK","Ranking the Quality of AI Terminology Translation from English to Russian","In this task, you will compare the quality of translations for scientific terms generated by two different methods. The input will include an English term, a context paragraph where the term is used, and its translations in Russian.","Translation, AI Terminology, Multilingual, Ranking","$0.01","Fri Dec 06 03:41:20 PST 2024","5","BatchId:5277384;OriginalHitTemplateId:928390912;","3600","3600","Fri Dec 13 03:41:20 PST 2024","","","3DQQ64TANYZ03X4Y161F1UIFHDMWPL","AWGV35294HOYB","Approved","Fri Dec 06 04:44:04 PST 2024","Fri Dec 06 05:43:36 PST 2024","Fri Dec 06 06:43:36 PST 2024","Fri Dec 06 06:44:35 PST 2024","","","3572","100% (43/43)","100% (43/43)","100% (43/43)","pruning algorithm","алгоритм отсечения","алгоритм обрезки","random crop","случайная обрезка","случайное обрезание","recommendation model","рекомендательная модель","модель рекомендаций","regression task","регрессионная задача","задача регрессии","relative positional embedding","относительное позиционное вложение","относительное позиционное встраивание","true","false","true","true","false","false","true","false","false","false","false","false","false","false","true","false","false","false","false","false"
"367O8HRHLXMIL33CSFUPCN854XF4SK","33VSRLCQVHFD1FA99WBAF9UCJT3XCK","Ranking the Quality of AI Terminology Translation from English to Russian","In this task, you will compare the quality of translations for scientific terms generated by two different methods. The input will include an English term, a context paragraph where the term is used, and its translations in Russian.","Translation, AI Terminology, Multilingual, Ranking","$0.01","Fri Dec 06 03:41:20 PST 2024","5","BatchId:5277384;OriginalHitTemplateId:928390912;","3600","3600","Fri Dec 13 03:41:20 PST 2024","","","3NS0A6KXCMMYKFG49AVZ6PY5XNWGZI","A1MW1UNSOFPB4F","Approved","Fri Dec 06 03:42:02 PST 2024","Fri Dec 06 03:46:28 PST 2024","Fri Dec 06 04:46:28 PST 2024","Fri Dec 06 04:46:35 PST 2024","","","266","100% (19/19)","100% (19/19)","100% (19/19)","satisfiability problem","проблема удовлетворимости","задача удовлетворимости","scene recognition","распознавание сцен","распознавание сцены","semantic equivalence","семантическая эквивалентность","семантическое эквивалентность","semantic feature","семантическая характеристика","семантическая особенность","sentiment classification","классификация тональности","классификация настроений","true","false","false","true","true","false","true","false","false","false","false","false","true","false","false","false","false","false","false","false"
"367O8HRHLXMIL33CSFUPCN854XF4SK","33VSRLCQVHFD1FA99WBAF9UCJT3XCK","Ranking the Quality of AI Terminology Translation from English to Russian","In this task, you will compare the quality of translations for scientific terms generated by two different methods. The input will include an English term, a context paragraph where the term is used, and its translations in Russian.","Translation, AI Terminology, Multilingual, Ranking","$0.01","Fri Dec 06 03:41:20 PST 2024","5","BatchId:5277384;OriginalHitTemplateId:928390912;","3600","3600","Fri Dec 13 03:41:20 PST 2024","","","3C2NJ6JBKSVEOWUE77ZG9YXVDRR2NE","A3AHE81HVRXFCD","Approved","Fri Dec 06 04:44:14 PST 2024","Fri Dec 06 04:48:15 PST 2024","Fri Dec 06 05:48:15 PST 2024","Fri Dec 06 05:48:35 PST 2024","","","241","100% (22/22)","100% (22/22)","100% (22/22)","satisfiability problem","проблема удовлетворимости","задача удовлетворимости","scene recognition","распознавание сцен","распознавание сцены","semantic equivalence","семантическая эквивалентность","семантическое эквивалентность","semantic feature","семантическая характеристика","семантическая особенность","sentiment classification","классификация тональности","классификация настроений","false","true","false","true","true","false","false","true","false","false","true","false","false","false","false","false","false","false","false","false"
"367O8HRHLXMIL33CSFUPCN854XF4SK","33VSRLCQVHFD1FA99WBAF9UCJT3XCK","Ranking the Quality of AI Terminology Translation from English to Russian","In this task, you will compare the quality of translations for scientific terms generated by two different methods. The input will include an English term, a context paragraph where the term is used, and its translations in Russian.","Translation, AI Terminology, Multilingual, Ranking","$0.01","Fri Dec 06 03:41:20 PST 2024","5","BatchId:5277384;OriginalHitTemplateId:928390912;","3600","3600","Fri Dec 13 03:41:20 PST 2024","","","3JMSRU9HQ08JRHF32IG8LG0XWXJEV9","AS0K8SAHI5SQD","Approved","Fri Dec 06 04:44:14 PST 2024","Fri Dec 06 05:03:29 PST 2024","Fri Dec 06 06:03:29 PST 2024","Fri Dec 06 06:03:35 PST 2024","","","1155","100% (13/13)","100% (13/13)","100% (13/13)","satisfiability problem","проблема удовлетворимости","задача удовлетворимости","scene recognition","распознавание сцен","распознавание сцены","semantic equivalence","семантическая эквивалентность","семантическое эквивалентность","semantic feature","семантическая характеристика","семантическая особенность","sentiment classification","классификация тональности","классификация настроений","true","true","false","true","false","false","false","true","false","true","false","false","false","false","false","false","false","false","false","false"
"367O8HRHLXMIL33CSFUPCN854XF4SK","33VSRLCQVHFD1FA99WBAF9UCJT3XCK","Ranking the Quality of AI Terminology Translation from English to Russian","In this task, you will compare the quality of translations for scientific terms generated by two different methods. The input will include an English term, a context paragraph where the term is used, and its translations in Russian.","Translation, AI Terminology, Multilingual, Ranking","$0.01","Fri Dec 06 03:41:20 PST 2024","5","BatchId:5277384;OriginalHitTemplateId:928390912;","3600","3600","Fri Dec 13 03:41:20 PST 2024","","","3ATTHHXXWS2NBBMKYG7HUGVA40PXIT","A186ORPGIU3WNL","Approved","Fri Dec 06 04:42:05 PST 2024","Fri Dec 06 05:15:57 PST 2024","Fri Dec 06 06:15:57 PST 2024","Fri Dec 06 06:16:35 PST 2024","","","2032","100% (53/53)","100% (52/52)","100% (52/52)","satisfiability problem","проблема удовлетворимости","задача удовлетворимости","scene recognition","распознавание сцен","распознавание сцены","semantic equivalence","семантическая эквивалентность","семантическое эквивалентность","semantic feature","семантическая характеристика","семантическая особенность","sentiment classification","классификация тональности","классификация настроений","true","true","false","true","true","false","false","true","false","false","false","false","false","false","false","false","false","false","false","false"
"367O8HRHLXMIL33CSFUPCN854XF4SK","33VSRLCQVHFD1FA99WBAF9UCJT3XCK","Ranking the Quality of AI Terminology Translation from English to Russian","In this task, you will compare the quality of translations for scientific terms generated by two different methods. The input will include an English term, a context paragraph where the term is used, and its translations in Russian.","Translation, AI Terminology, Multilingual, Ranking","$0.01","Fri Dec 06 03:41:20 PST 2024","5","BatchId:5277384;OriginalHitTemplateId:928390912;","3600","3600","Fri Dec 13 03:41:20 PST 2024","","","3907X2AHFIJERH6RNMC8DN2QD7ZP26","A13QHI6P2C910K","Approved","Fri Dec 06 05:43:00 PST 2024","Fri Dec 06 05:46:23 PST 2024","Fri Dec 06 06:46:23 PST 2024","Fri Dec 06 06:46:35 PST 2024","","","203","100% (39/39)","100% (39/39)","100% (39/39)","satisfiability problem","проблема удовлетворимости","задача удовлетворимости","scene recognition","распознавание сцен","распознавание сцены","semantic equivalence","семантическая эквивалентность","семантическое эквивалентность","semantic feature","семантическая характеристика","семантическая особенность","sentiment classification","классификация тональности","классификация настроений","true","true","false","true","true","false","false","true","false","false","false","false","false","false","false","false","false","false","false","false"
"322ZSN9Z6XYJ03GRHFZFMS4R6GT4T9","33VSRLCQVHFD1FA99WBAF9UCJT3XCK","Ranking the Quality of AI Terminology Translation from English to Russian","In this task, you will compare the quality of translations for scientific terms generated by two different methods. The input will include an English term, a context paragraph where the term is used, and its translations in Russian.","Translation, AI Terminology, Multilingual, Ranking","$0.01","Fri Dec 06 03:41:21 PST 2024","5","BatchId:5277384;OriginalHitTemplateId:928390912;","3600","3600","Fri Dec 13 03:41:21 PST 2024","","","36V4Q8R5Z2EPYXBZXHAHS16YO6NQM6","A1MW1UNSOFPB4F","Approved","Fri Dec 06 03:41:52 PST 2024","Fri Dec 06 03:42:13 PST 2024","Fri Dec 06 04:42:13 PST 2024","Fri Dec 06 04:42:35 PST 2024","","","21","100% (19/19)","100% (19/19)","100% (19/19)","source token","токен источника","исходный токен","sparsification","разреживание","разрежение","state transition probability","вероятность перехода состояний","вероятность перехода состояния","steerable filter","направляемый фильтр","управляемый фильтр","stochastic gradient method","метод стохастического градиента","стохастический градиентный метод","false","false","false","false","false","true","false","true","false","true","false","true","false","true","false","false","false","false","false","false"
"322ZSN9Z6XYJ03GRHFZFMS4R6GT4T9","33VSRLCQVHFD1FA99WBAF9UCJT3XCK","Ranking the Quality of AI Terminology Translation from English to Russian","In this task, you will compare the quality of translations for scientific terms generated by two different methods. The input will include an English term, a context paragraph where the term is used, and its translations in Russian.","Translation, AI Terminology, Multilingual, Ranking","$0.01","Fri Dec 06 03:41:21 PST 2024","5","BatchId:5277384;OriginalHitTemplateId:928390912;","3600","3600","Fri Dec 13 03:41:21 PST 2024","","","33F859I56ORG2D8ZN2XE5733LKNHBC","A27705JMG5A29P","Approved","Fri Dec 06 03:42:07 PST 2024","Fri Dec 06 03:43:08 PST 2024","Fri Dec 06 04:43:08 PST 2024","Fri Dec 06 04:43:35 PST 2024","","","61","100% (6/6)","100% (6/6)","100% (6/6)","source token","токен источника","исходный токен","sparsification","разреживание","разрежение","state transition probability","вероятность перехода состояний","вероятность перехода состояния","steerable filter","направляемый фильтр","управляемый фильтр","stochastic gradient method","метод стохастического градиента","стохастический градиентный метод","true","false","false","false","false","false","false","true","false","false","false","false","false","false","true","false","false","false","false","false"
"322ZSN9Z6XYJ03GRHFZFMS4R6GT4T9","33VSRLCQVHFD1FA99WBAF9UCJT3XCK","Ranking the Quality of AI Terminology Translation from English to Russian","In this task, you will compare the quality of translations for scientific terms generated by two different methods. The input will include an English term, a context paragraph where the term is used, and its translations in Russian.","Translation, AI Terminology, Multilingual, Ranking","$0.01","Fri Dec 06 03:41:21 PST 2024","5","BatchId:5277384;OriginalHitTemplateId:928390912;","3600","3600","Fri Dec 13 03:41:21 PST 2024","","","34QN5IT0TH5MPF4WMI6J8DELRX0802","A2P8U65V6NL7B5","Approved","Fri Dec 06 03:41:38 PST 2024","Fri Dec 06 03:52:24 PST 2024","Fri Dec 06 04:52:24 PST 2024","Fri Dec 06 04:52:35 PST 2024","","","646","100% (49/49)","100% (49/49)","100% (49/49)","source token","токен источника","исходный токен","sparsification","разреживание","разрежение","state transition probability","вероятность перехода состояний","вероятность перехода состояния","steerable filter","направляемый фильтр","управляемый фильтр","stochastic gradient method","метод стохастического градиента","стохастический градиентный метод","false","true","false","true","true","true","false","true","false","false","false","false","false","false","false","false","false","false","false","false"
"322ZSN9Z6XYJ03GRHFZFMS4R6GT4T9","33VSRLCQVHFD1FA99WBAF9UCJT3XCK","Ranking the Quality of AI Terminology Translation from English to Russian","In this task, you will compare the quality of translations for scientific terms generated by two different methods. The input will include an English term, a context paragraph where the term is used, and its translations in Russian.","Translation, AI Terminology, Multilingual, Ranking","$0.01","Fri Dec 06 03:41:21 PST 2024","5","BatchId:5277384;OriginalHitTemplateId:928390912;","3600","3600","Fri Dec 13 03:41:21 PST 2024","","","35BLDD71IOBH2C6ZY5UL6Q1FK2JZVP","A19I2ZK220NTAE","Approved","Fri Dec 06 04:41:59 PST 2024","Fri Dec 06 05:05:15 PST 2024","Fri Dec 06 06:05:15 PST 2024","Fri Dec 06 06:05:35 PST 2024","","","1396","100% (32/32)","100% (32/32)","100% (32/32)","source token","токен источника","исходный токен","sparsification","разреживание","разрежение","state transition probability","вероятность перехода состояний","вероятность перехода состояния","steerable filter","направляемый фильтр","управляемый фильтр","stochastic gradient method","метод стохастического градиента","стохастический градиентный метод","true","false","false","true","true","false","true","true","false","false","false","false","false","false","false","false","false","false","false","false"
"322ZSN9Z6XYJ03GRHFZFMS4R6GT4T9","33VSRLCQVHFD1FA99WBAF9UCJT3XCK","Ranking the Quality of AI Terminology Translation from English to Russian","In this task, you will compare the quality of translations for scientific terms generated by two different methods. The input will include an English term, a context paragraph where the term is used, and its translations in Russian.","Translation, AI Terminology, Multilingual, Ranking","$0.01","Fri Dec 06 03:41:21 PST 2024","5","BatchId:5277384;OriginalHitTemplateId:928390912;","3600","3600","Fri Dec 13 03:41:21 PST 2024","","","3RSDURM96S00VBA87T3SSF4REDDYES","A3HSZ9YLOBCCPR","Approved","Fri Dec 06 05:42:39 PST 2024","Fri Dec 06 06:18:00 PST 2024","Fri Dec 06 07:18:00 PST 2024","Fri Dec 06 07:18:35 PST 2024","","","2121","100% (39/39)","100% (39/39)","100% (39/39)","source token","токен источника","исходный токен","sparsification","разреживание","разрежение","state transition probability","вероятность перехода состояний","вероятность перехода состояния","steerable filter","направляемый фильтр","управляемый фильтр","stochastic gradient method","метод стохастического градиента","стохастический градиентный метод","true","false","false","true","true","false","true","true","false","false","false","false","false","false","false","false","false","false","false","false"
"3B6F54KMSJQ1T46T5XBNEP12SD51S4","33VSRLCQVHFD1FA99WBAF9UCJT3XCK","Ranking the Quality of AI Terminology Translation from English to Russian","In this task, you will compare the quality of translations for scientific terms generated by two different methods. The input will include an English term, a context paragraph where the term is used, and its translations in Russian.","Translation, AI Terminology, Multilingual, Ranking","$0.01","Fri Dec 06 03:41:21 PST 2024","5","BatchId:5277384;OriginalHitTemplateId:928390912;","3600","3600","Fri Dec 13 03:41:21 PST 2024","","","3U5JL4WY52NT34N5DR5D0FLRZIPX4F","A3MDTRJTDIDNX","Approved","Fri Dec 06 03:42:07 PST 2024","Fri Dec 06 03:54:44 PST 2024","Fri Dec 06 04:54:44 PST 2024","Fri Dec 06 04:55:35 PST 2024","","","757","100% (53/53)","100% (53/53)","100% (53/53)","symmetric matrix","симметричная матрица","симметрическая матрица","temporal derivative","темпоральная производная","временная производная","temporal variable","темпоральная переменная","временная переменная","term frequency","Частота термина","частотность термина","time-series datum","элемент временного ряда","данные временного ряда","true","false","false","true","true","false","false","false","false","false","false","true","true","false","false","false","false","false","false","false"
"3B6F54KMSJQ1T46T5XBNEP12SD51S4","33VSRLCQVHFD1FA99WBAF9UCJT3XCK","Ranking the Quality of AI Terminology Translation from English to Russian","In this task, you will compare the quality of translations for scientific terms generated by two different methods. The input will include an English term, a context paragraph where the term is used, and its translations in Russian.","Translation, AI Terminology, Multilingual, Ranking","$0.01","Fri Dec 06 03:41:21 PST 2024","5","BatchId:5277384;OriginalHitTemplateId:928390912;","3600","3600","Fri Dec 13 03:41:21 PST 2024","","","35L9RVQFC6WVYCH5NTE9AXVRA5UUH6","AWPXR7XE6B8KD","Approved","Fri Dec 06 03:42:17 PST 2024","Fri Dec 06 04:14:15 PST 2024","Fri Dec 06 05:14:15 PST 2024","Fri Dec 06 05:14:35 PST 2024","","","1918","100% (17/17)","100% (17/17)","100% (17/17)","symmetric matrix","симметричная матрица","симметрическая матрица","temporal derivative","темпоральная производная","временная производная","temporal variable","темпоральная переменная","временная переменная","term frequency","Частота термина","частотность термина","time-series datum","элемент временного ряда","данные временного ряда","true","false","false","true","true","false","false","false","false","false","false","true","true","false","false","false","false","false","false","false"
"3B6F54KMSJQ1T46T5XBNEP12SD51S4","33VSRLCQVHFD1FA99WBAF9UCJT3XCK","Ranking the Quality of AI Terminology Translation from English to Russian","In this task, you will compare the quality of translations for scientific terms generated by two different methods. The input will include an English term, a context paragraph where the term is used, and its translations in Russian.","Translation, AI Terminology, Multilingual, Ranking","$0.01","Fri Dec 06 03:41:21 PST 2024","5","BatchId:5277384;OriginalHitTemplateId:928390912;","3600","3600","Fri Dec 13 03:41:21 PST 2024","","","3WQ3B2KGEQU5Y2NLLDUTDKNW4VS1BY","A3IG9HHR3NL9R0","Approved","Fri Dec 06 04:41:54 PST 2024","Fri Dec 06 04:56:29 PST 2024","Fri Dec 06 05:56:29 PST 2024","Fri Dec 06 05:56:35 PST 2024","","","875","100% (50/50)","100% (50/50)","100% (50/50)","symmetric matrix","симметричная матрица","симметрическая матрица","temporal derivative","темпоральная производная","временная производная","temporal variable","темпоральная переменная","временная переменная","term frequency","Частота термина","частотность термина","time-series datum","элемент временного ряда","данные временного ряда","true","false","false","true","false","false","false","false","false","true","false","true","true","false","false","false","false","false","false","false"
"3B6F54KMSJQ1T46T5XBNEP12SD51S4","33VSRLCQVHFD1FA99WBAF9UCJT3XCK","Ranking the Quality of AI Terminology Translation from English to Russian","In this task, you will compare the quality of translations for scientific terms generated by two different methods. The input will include an English term, a context paragraph where the term is used, and its translations in Russian.","Translation, AI Terminology, Multilingual, Ranking","$0.01","Fri Dec 06 03:41:21 PST 2024","5","BatchId:5277384;OriginalHitTemplateId:928390912;","3600","3600","Fri Dec 13 03:41:21 PST 2024","","","39GAF6DQW9EK7GLRQULTEWH37OE1VC","A1L8EGJ85A7DZR","Approved","Fri Dec 06 04:43:31 PST 2024","Fri Dec 06 05:10:02 PST 2024","Fri Dec 06 06:10:02 PST 2024","Fri Dec 06 06:10:35 PST 2024","","","1591","100% (27/27)","100% (27/27)","100% (27/27)","symmetric matrix","симметричная матрица","симметрическая матрица","temporal derivative","темпоральная производная","временная производная","temporal variable","темпоральная переменная","временная переменная","term frequency","Частота термина","частотность термина","time-series datum","элемент временного ряда","данные временного ряда","true","false","false","true","true","false","false","false","false","false","false","true","true","false","false","false","false","false","false","false"
"3B6F54KMSJQ1T46T5XBNEP12SD51S4","33VSRLCQVHFD1FA99WBAF9UCJT3XCK","Ranking the Quality of AI Terminology Translation from English to Russian","In this task, you will compare the quality of translations for scientific terms generated by two different methods. The input will include an English term, a context paragraph where the term is used, and its translations in Russian.","Translation, AI Terminology, Multilingual, Ranking","$0.01","Fri Dec 06 03:41:21 PST 2024","5","BatchId:5277384;OriginalHitTemplateId:928390912;","3600","3600","Fri Dec 13 03:41:21 PST 2024","","","34X6J5FLPBCZXP5EUKXPC9EHKCSJQV","A2P8U65V6NL7B5","Approved","Fri Dec 06 04:42:43 PST 2024","Fri Dec 06 05:35:12 PST 2024","Fri Dec 06 06:35:12 PST 2024","Fri Dec 06 06:35:35 PST 2024","","","3149","100% (49/49)","100% (49/49)","100% (49/49)","symmetric matrix","симметричная матрица","симметрическая матрица","temporal derivative","темпоральная производная","временная производная","temporal variable","темпоральная переменная","временная переменная","term frequency","Частота термина","частотность термина","time-series datum","элемент временного ряда","данные временного ряда","true","false","false","true","false","false","false","false","false","true","false","true","true","false","false","false","false","false","false","false"
"34YWR3PJ3PO9IW7A3ODAZSZK200X04","33VSRLCQVHFD1FA99WBAF9UCJT3XCK","Ranking the Quality of AI Terminology Translation from English to Russian","In this task, you will compare the quality of translations for scientific terms generated by two different methods. The input will include an English term, a context paragraph where the term is used, and its translations in Russian.","Translation, AI Terminology, Multilingual, Ranking","$0.01","Fri Dec 06 03:41:21 PST 2024","5","BatchId:5277384;OriginalHitTemplateId:928390912;","3600","3600","Fri Dec 13 03:41:21 PST 2024","","","3LPW2N6LKBGJIJXAMRD0L0S15W3U5P","A27705JMG5A29P","Approved","Fri Dec 06 03:42:13 PST 2024","Fri Dec 06 03:45:20 PST 2024","Fri Dec 06 04:45:20 PST 2024","Fri Dec 06 04:45:35 PST 2024","","","187","100% (6/6)","100% (6/6)","100% (6/6)","topic assignment","присвоение тем","назначение темы","trainable parameter","обучаемый параметр","настраиваемый параметр","training error","ошибка на обучающей выборке","ошибка обучения","training example","пример обучения","обучающий пример","training token","обучающий токен","токен обучения","false","false","true","false","false","false","true","false","false","false","false","false","false","false","true","false","false","false","false","false"
"34YWR3PJ3PO9IW7A3ODAZSZK200X04","33VSRLCQVHFD1FA99WBAF9UCJT3XCK","Ranking the Quality of AI Terminology Translation from English to Russian","In this task, you will compare the quality of translations for scientific terms generated by two different methods. The input will include an English term, a context paragraph where the term is used, and its translations in Russian.","Translation, AI Terminology, Multilingual, Ranking","$0.01","Fri Dec 06 03:41:21 PST 2024","5","BatchId:5277384;OriginalHitTemplateId:928390912;","3600","3600","Fri Dec 13 03:41:21 PST 2024","","","3PEIJLRY6B75C66PNXBWV74IJBOXW1","A1MW1UNSOFPB4F","Approved","Fri Dec 06 03:42:17 PST 2024","Fri Dec 06 03:47:54 PST 2024","Fri Dec 06 04:47:54 PST 2024","Fri Dec 06 04:48:35 PST 2024","","","337","100% (19/19)","100% (19/19)","100% (19/19)","topic assignment","присвоение тем","назначение темы","trainable parameter","обучаемый параметр","настраиваемый параметр","training error","ошибка на обучающей выборке","ошибка обучения","training example","пример обучения","обучающий пример","training token","обучающий токен","токен обучения","true","false","false","true","false","false","true","true","false","true","false","false","false","false","false","false","false","false","false","false"
"34YWR3PJ3PO9IW7A3ODAZSZK200X04","33VSRLCQVHFD1FA99WBAF9UCJT3XCK","Ranking the Quality of AI Terminology Translation from English to Russian","In this task, you will compare the quality of translations for scientific terms generated by two different methods. The input will include an English term, a context paragraph where the term is used, and its translations in Russian.","Translation, AI Terminology, Multilingual, Ranking","$0.01","Fri Dec 06 03:41:21 PST 2024","5","BatchId:5277384;OriginalHitTemplateId:928390912;","3600","3600","Fri Dec 13 03:41:21 PST 2024","","","3MH9DQ757EQHYGMU3NWRPXJQV5HUG7","AWGV35294HOYB","Approved","Fri Dec 06 03:42:16 PST 2024","Fri Dec 06 04:41:22 PST 2024","Fri Dec 06 05:41:22 PST 2024","Fri Dec 06 05:41:35 PST 2024","","","3546","100% (43/43)","100% (43/43)","100% (43/43)","topic assignment","присвоение тем","назначение темы","trainable parameter","обучаемый параметр","настраиваемый параметр","training error","ошибка на обучающей выборке","ошибка обучения","training example","пример обучения","обучающий пример","training token","обучающий токен","токен обучения","true","true","true","true","true","false","false","false","false","false","false","false","false","false","false","false","false","false","false","false"
"34YWR3PJ3PO9IW7A3ODAZSZK200X04","33VSRLCQVHFD1FA99WBAF9UCJT3XCK","Ranking the Quality of AI Terminology Translation from English to Russian","In this task, you will compare the quality of translations for scientific terms generated by two different methods. The input will include an English term, a context paragraph where the term is used, and its translations in Russian.","Translation, AI Terminology, Multilingual, Ranking","$0.01","Fri Dec 06 03:41:21 PST 2024","5","BatchId:5277384;OriginalHitTemplateId:928390912;","3600","3600","Fri Dec 13 03:41:21 PST 2024","","","3ZAZR5XV0JWL330Z7OZGGYDQZWACZC","A39PWDRYNY2WM0","Approved","Fri Dec 06 04:41:56 PST 2024","Fri Dec 06 05:08:01 PST 2024","Fri Dec 06 06:08:01 PST 2024","Fri Dec 06 06:08:35 PST 2024","","","1565","100% (55/55)","100% (55/55)","100% (55/55)","topic assignment","присвоение тем","назначение темы","trainable parameter","обучаемый параметр","настраиваемый параметр","training error","ошибка на обучающей выборке","ошибка обучения","training example","пример обучения","обучающий пример","training token","обучающий токен","токен обучения","true","true","true","true","true","false","false","false","false","false","false","false","false","false","false","false","false","false","false","false"
"34YWR3PJ3PO9IW7A3ODAZSZK200X04","33VSRLCQVHFD1FA99WBAF9UCJT3XCK","Ranking the Quality of AI Terminology Translation from English to Russian","In this task, you will compare the quality of translations for scientific terms generated by two different methods. The input will include an English term, a context paragraph where the term is used, and its translations in Russian.","Translation, AI Terminology, Multilingual, Ranking","$0.01","Fri Dec 06 03:41:21 PST 2024","5","BatchId:5277384;OriginalHitTemplateId:928390912;","3600","3600","Fri Dec 13 03:41:21 PST 2024","","","3OLF68YTNRFR57C1MY9I7B7KNOWAFL","AQWQPE8JO0M04","Approved","Fri Dec 06 05:43:33 PST 2024","Fri Dec 06 05:46:41 PST 2024","Fri Dec 06 06:46:41 PST 2024","Fri Dec 06 06:47:35 PST 2024","","","188","100% (4/4)","100% (4/4)","100% (4/4)","topic assignment","присвоение тем","назначение темы","trainable parameter","обучаемый параметр","настраиваемый параметр","training error","ошибка на обучающей выборке","ошибка обучения","training example","пример обучения","обучающий пример","training token","обучающий токен","токен обучения","true","false","false","false","false","false","false","true","false","false","false","false","false","false","true","false","false","false","false","false"
"3KWGG5KP70GIIC3M1X4LJCLN4LECMT","33VSRLCQVHFD1FA99WBAF9UCJT3XCK","Ranking the Quality of AI Terminology Translation from English to Russian","In this task, you will compare the quality of translations for scientific terms generated by two different methods. The input will include an English term, a context paragraph where the term is used, and its translations in Russian.","Translation, AI Terminology, Multilingual, Ranking","$0.01","Fri Dec 06 03:41:21 PST 2024","5","BatchId:5277384;OriginalHitTemplateId:928390912;","3600","3600","Fri Dec 13 03:41:21 PST 2024","","","3Q5ZZ9ZEV6TLKMQXJOCVP8AC85C85O","AWPXR7XE6B8KD","Approved","Fri Dec 06 03:42:51 PST 2024","Fri Dec 06 04:15:19 PST 2024","Fri Dec 06 05:15:19 PST 2024","Fri Dec 06 05:15:35 PST 2024","","","1948","100% (17/17)","100% (17/17)","100% (17/17)","tree-based model","модель на основе деревьев","модель на основе дерева","treebank annotation","аннотация синтаксического дерева","аннотация дерева","uncertainty","неопределённость","неопределенность","unsupervised method","метод без учителя","неконтролируемый метод","user-item matrix","матрица пользователь-элемент","матрица пользователь-объект","true","false","true","false","false","false","true","false","false","true","false","false","false","true","false","false","false","false","false","false"
"3KWGG5KP70GIIC3M1X4LJCLN4LECMT","33VSRLCQVHFD1FA99WBAF9UCJT3XCK","Ranking the Quality of AI Terminology Translation from English to Russian","In this task, you will compare the quality of translations for scientific terms generated by two different methods. The input will include an English term, a context paragraph where the term is used, and its translations in Russian.","Translation, AI Terminology, Multilingual, Ranking","$0.01","Fri Dec 06 03:41:21 PST 2024","5","BatchId:5277384;OriginalHitTemplateId:928390912;","3600","3600","Fri Dec 13 03:41:21 PST 2024","","","3VNL7UK1XXXWK3BASY0Z2GXCBCAFT2","A11B7MUC7UTFKN","Approved","Fri Dec 06 03:41:45 PST 2024","Fri Dec 06 04:20:10 PST 2024","Fri Dec 06 05:20:10 PST 2024","Fri Dec 06 05:20:35 PST 2024","","","2305","100% (36/36)","100% (36/36)","100% (36/36)","tree-based model","модель на основе деревьев","модель на основе дерева","treebank annotation","аннотация синтаксического дерева","аннотация дерева","uncertainty","неопределённость","неопределенность","unsupervised method","метод без учителя","неконтролируемый метод","user-item matrix","матрица пользователь-элемент","матрица пользователь-объект","false","true","true","false","true","true","false","false","false","false","false","false","false","true","false","false","false","false","false","false"
"3KWGG5KP70GIIC3M1X4LJCLN4LECMT","33VSRLCQVHFD1FA99WBAF9UCJT3XCK","Ranking the Quality of AI Terminology Translation from English to Russian","In this task, you will compare the quality of translations for scientific terms generated by two different methods. The input will include an English term, a context paragraph where the term is used, and its translations in Russian.","Translation, AI Terminology, Multilingual, Ranking","$0.01","Fri Dec 06 03:41:21 PST 2024","5","BatchId:5277384;OriginalHitTemplateId:928390912;","3600","3600","Fri Dec 13 03:41:21 PST 2024","","","3L6L49WXWIBK1L3V7LMI8WU76KM45L","A1XD6THGBT1T9T","Approved","Fri Dec 06 04:42:42 PST 2024","Fri Dec 06 04:49:46 PST 2024","Fri Dec 06 05:49:46 PST 2024","Fri Dec 06 05:50:35 PST 2024","","","424","100% (43/43)","100% (43/43)","100% (42/42)","tree-based model","модель на основе деревьев","модель на основе дерева","treebank annotation","аннотация синтаксического дерева","аннотация дерева","uncertainty","неопределённость","неопределенность","unsupervised method","метод без учителя","неконтролируемый метод","user-item matrix","матрица пользователь-элемент","матрица пользователь-объект","false","false","true","false","true","true","true","false","true","false","false","false","false","false","false","false","false","false","false","false"
"3KWGG5KP70GIIC3M1X4LJCLN4LECMT","33VSRLCQVHFD1FA99WBAF9UCJT3XCK","Ranking the Quality of AI Terminology Translation from English to Russian","In this task, you will compare the quality of translations for scientific terms generated by two different methods. The input will include an English term, a context paragraph where the term is used, and its translations in Russian.","Translation, AI Terminology, Multilingual, Ranking","$0.01","Fri Dec 06 03:41:21 PST 2024","5","BatchId:5277384;OriginalHitTemplateId:928390912;","3600","3600","Fri Dec 13 03:41:21 PST 2024","","","3QXNC7EIP09M3KN6RACX899WB4P901","A19I2ZK220NTAE","Approved","Fri Dec 06 04:42:40 PST 2024","Fri Dec 06 05:28:44 PST 2024","Fri Dec 06 06:28:44 PST 2024","Fri Dec 06 06:29:35 PST 2024","","","2764","100% (32/32)","100% (32/32)","100% (32/32)","tree-based model","модель на основе деревьев","модель на основе дерева","treebank annotation","аннотация синтаксического дерева","аннотация дерева","uncertainty","неопределённость","неопределенность","unsupervised method","метод без учителя","неконтролируемый метод","user-item matrix","матрица пользователь-элемент","матрица пользователь-объект","false","false","true","false","true","true","true","false","false","false","false","false","false","true","false","false","false","false","false","false"
"3KWGG5KP70GIIC3M1X4LJCLN4LECMT","33VSRLCQVHFD1FA99WBAF9UCJT3XCK","Ranking the Quality of AI Terminology Translation from English to Russian","In this task, you will compare the quality of translations for scientific terms generated by two different methods. The input will include an English term, a context paragraph where the term is used, and its translations in Russian.","Translation, AI Terminology, Multilingual, Ranking","$0.01","Fri Dec 06 03:41:21 PST 2024","5","BatchId:5277384;OriginalHitTemplateId:928390912;","3600","3600","Fri Dec 13 03:41:21 PST 2024","","","35H6S234SSEYG879Q9FX5UEL2C165J","AWGV35294HOYB","Approved","Fri Dec 06 05:43:44 PST 2024","Fri Dec 06 05:49:54 PST 2024","Fri Dec 06 06:49:54 PST 2024","Fri Dec 06 06:50:35 PST 2024","","","370","100% (43/43)","100% (43/43)","100% (43/43)","tree-based model","модель на основе деревьев","модель на основе дерева","treebank annotation","аннотация синтаксического дерева","аннотация дерева","uncertainty","неопределённость","неопределенность","unsupervised method","метод без учителя","неконтролируемый метод","user-item matrix","матрица пользователь-элемент","матрица пользователь-объект","false","false","true","false","true","true","true","false","false","false","false","false","false","true","false","false","false","false","false","false"
"311HQEI8S9UC5279P5M4BSPIIE4Z73","33VSRLCQVHFD1FA99WBAF9UCJT3XCK","Ranking the Quality of AI Terminology Translation from English to Russian","In this task, you will compare the quality of translations for scientific terms generated by two different methods. The input will include an English term, a context paragraph where the term is used, and its translations in Russian.","Translation, AI Terminology, Multilingual, Ranking","$0.01","Fri Dec 06 03:41:21 PST 2024","5","BatchId:5277384;OriginalHitTemplateId:928390912;","3600","3600","Fri Dec 13 03:41:21 PST 2024","","","3WJEQKOXAQG0FSITFZUXI93QMD71A3","A3DXRQLMYGDOFF","Approved","Fri Dec 06 03:42:16 PST 2024","Fri Dec 06 03:44:19 PST 2024","Fri Dec 06 04:44:19 PST 2024","Fri Dec 06 04:44:35 PST 2024","","","123","100% (5/5)","100% (5/5)","100% (5/5)","value network","ценностная сеть","сеть ценности","value-based reinforcement learning","обучение с подкреплением на основе ценности","обучение с подкреплением на основе ценностей","vanishing gradient","проблема исчезающего градиента","исчезающий градиент","volume rendering","объемный рендеринг","объемная визуализация","weight parameter","весовой параметр","параметр веса","true","false","true","true","true","false","false","false","false","false","false","true","false","false","false","false","false","false","false","false"
"311HQEI8S9UC5279P5M4BSPIIE4Z73","33VSRLCQVHFD1FA99WBAF9UCJT3XCK","Ranking the Quality of AI Terminology Translation from English to Russian","In this task, you will compare the quality of translations for scientific terms generated by two different methods. The input will include an English term, a context paragraph where the term is used, and its translations in Russian.","Translation, AI Terminology, Multilingual, Ranking","$0.01","Fri Dec 06 03:41:21 PST 2024","5","BatchId:5277384;OriginalHitTemplateId:928390912;","3600","3600","Fri Dec 13 03:41:21 PST 2024","","","38BQUHLA9EEMDLYJI4ID3WBY955OMW","A35H5DUMZH86PC","Approved","Fri Dec 06 03:41:58 PST 2024","Fri Dec 06 04:35:48 PST 2024","Fri Dec 06 05:35:48 PST 2024","Fri Dec 06 05:36:35 PST 2024","","","3230","100% (40/40)","100% (40/40)","100% (40/40)","value network","ценностная сеть","сеть ценности","value-based reinforcement learning","обучение с подкреплением на основе ценности","обучение с подкреплением на основе ценностей","vanishing gradient","проблема исчезающего градиента","исчезающий градиент","volume rendering","объемный рендеринг","объемная визуализация","weight parameter","весовой параметр","параметр веса","false","false","true","true","true","true","true","false","false","false","false","false","false","false","false","false","false","false","false","false"
"311HQEI8S9UC5279P5M4BSPIIE4Z73","33VSRLCQVHFD1FA99WBAF9UCJT3XCK","Ranking the Quality of AI Terminology Translation from English to Russian","In this task, you will compare the quality of translations for scientific terms generated by two different methods. The input will include an English term, a context paragraph where the term is used, and its translations in Russian.","Translation, AI Terminology, Multilingual, Ranking","$0.01","Fri Dec 06 03:41:21 PST 2024","5","BatchId:5277384;OriginalHitTemplateId:928390912;","3600","3600","Fri Dec 13 03:41:21 PST 2024","","","3DZQRBDBS3T0PRI2J3U7R2CT63S3ST","A13QHI6P2C910K","Approved","Fri Dec 06 03:42:14 PST 2024","Fri Dec 06 04:40:52 PST 2024","Fri Dec 06 05:40:52 PST 2024","Fri Dec 06 05:41:35 PST 2024","","","3518","100% (39/39)","100% (39/39)","100% (39/39)","value network","ценностная сеть","сеть ценности","value-based reinforcement learning","обучение с подкреплением на основе ценности","обучение с подкреплением на основе ценностей","vanishing gradient","проблема исчезающего градиента","исчезающий градиент","volume rendering","объемный рендеринг","объемная визуализация","weight parameter","весовой параметр","параметр веса","false","true","true","false","true","true","false","false","true","false","false","false","false","false","false","false","false","false","false","false"
"311HQEI8S9UC5279P5M4BSPIIE4Z73","33VSRLCQVHFD1FA99WBAF9UCJT3XCK","Ranking the Quality of AI Terminology Translation from English to Russian","In this task, you will compare the quality of translations for scientific terms generated by two different methods. The input will include an English term, a context paragraph where the term is used, and its translations in Russian.","Translation, AI Terminology, Multilingual, Ranking","$0.01","Fri Dec 06 03:41:21 PST 2024","5","BatchId:5277384;OriginalHitTemplateId:928390912;","3600","3600","Fri Dec 13 03:41:21 PST 2024","","","34Z02EIMIAR5NZWKPGHEZ9A85BS0TS","A2D6SB3TU1NYQ7","Approved","Fri Dec 06 04:42:36 PST 2024","Fri Dec 06 05:04:43 PST 2024","Fri Dec 06 06:04:43 PST 2024","Fri Dec 06 06:05:35 PST 2024","","","1327","100% (45/45)","100% (45/45)","100% (45/45)","value network","ценностная сеть","сеть ценности","value-based reinforcement learning","обучение с подкреплением на основе ценности","обучение с подкреплением на основе ценностей","vanishing gradient","проблема исчезающего градиента","исчезающий градиент","volume rendering","объемный рендеринг","объемная визуализация","weight parameter","весовой параметр","параметр веса","false","true","true","true","true","true","false","false","false","false","false","false","false","false","false","false","false","false","false","false"
"311HQEI8S9UC5279P5M4BSPIIE4Z73","33VSRLCQVHFD1FA99WBAF9UCJT3XCK","Ranking the Quality of AI Terminology Translation from English to Russian","In this task, you will compare the quality of translations for scientific terms generated by two different methods. The input will include an English term, a context paragraph where the term is used, and its translations in Russian.","Translation, AI Terminology, Multilingual, Ranking","$0.01","Fri Dec 06 03:41:21 PST 2024","5","BatchId:5277384;OriginalHitTemplateId:928390912;","3600","3600","Fri Dec 13 03:41:21 PST 2024","","","33CUSNVVN5Q4749ZHMJY1SK3AZ188M","A9M8N3BOH6013","Approved","Fri Dec 06 06:44:09 PST 2024","Fri Dec 06 06:46:45 PST 2024","Fri Dec 06 07:46:45 PST 2024","Fri Dec 06 07:47:35 PST 2024","","","156","100% (44/44)","100% (44/44)","100% (44/44)","value network","ценностная сеть","сеть ценности","value-based reinforcement learning","обучение с подкреплением на основе ценности","обучение с подкреплением на основе ценностей","vanishing gradient","проблема исчезающего градиента","исчезающий градиент","volume rendering","объемный рендеринг","объемная визуализация","weight parameter","весовой параметр","параметр веса","false","false","false","false","false","true","true","true","true","true","false","false","false","false","false","false","false","false","false","false"
"371QPA24DJ2284J8UXGDOUXOUWJ1TT","33VSRLCQVHFD1FA99WBAF9UCJT3XCK","Ranking the Quality of AI Terminology Translation from English to Russian","In this task, you will compare the quality of translations for scientific terms generated by two different methods. The input will include an English term, a context paragraph where the term is used, and its translations in Russian.","Translation, AI Terminology, Multilingual, Ranking","$0.01","Fri Dec 06 03:41:21 PST 2024","5","BatchId:5277384;OriginalHitTemplateId:928390912;","3600","3600","Fri Dec 13 03:41:21 PST 2024","","","3U4J9857OWPJ9O2NATB2EUE97HSB75","A1MW1UNSOFPB4F","Approved","Fri Dec 06 03:43:13 PST 2024","Fri Dec 06 03:48:29 PST 2024","Fri Dec 06 04:48:29 PST 2024","Fri Dec 06 04:48:35 PST 2024","","","316","100% (19/19)","100% (19/19)","100% (19/19)","weight vector","весовой вектор","вектор весов","worst case","наихудший случай","худший случай","2D-3D correspondence","соответствие 2D-3D","2D-3D соответствие","3D mesh","3D модель","3D сетка","Hedge algorithm","алгоритм Хеджа","алгоритм Hedge","false","false","false","false","true","true","false","false","true","false","false","true","true","false","false","false","false","false","false","false"
"371QPA24DJ2284J8UXGDOUXOUWJ1TT","33VSRLCQVHFD1FA99WBAF9UCJT3XCK","Ranking the Quality of AI Terminology Translation from English to Russian","In this task, you will compare the quality of translations for scientific terms generated by two different methods. The input will include an English term, a context paragraph where the term is used, and its translations in Russian.","Translation, AI Terminology, Multilingual, Ranking","$0.01","Fri Dec 06 03:41:21 PST 2024","5","BatchId:5277384;OriginalHitTemplateId:928390912;","3600","3600","Fri Dec 13 03:41:21 PST 2024","","","3FTF2T8WL9WFBAORKH5IF4I0C8XW9H","A3MDTRJTDIDNX","Approved","Fri Dec 06 03:41:57 PST 2024","Fri Dec 06 03:53:59 PST 2024","Fri Dec 06 04:53:59 PST 2024","Fri Dec 06 04:54:35 PST 2024","","","722","100% (53/53)","100% (53/53)","100% (53/53)","weight vector","весовой вектор","вектор весов","worst case","наихудший случай","худший случай","2D-3D correspondence","соответствие 2D-3D","2D-3D соответствие","3D mesh","3D модель","3D сетка","Hedge algorithm","алгоритм Хеджа","алгоритм Hedge","true","true","true","false","true","false","false","false","false","false","false","false","false","true","false","false","false","false","false","false"
"371QPA24DJ2284J8UXGDOUXOUWJ1TT","33VSRLCQVHFD1FA99WBAF9UCJT3XCK","Ranking the Quality of AI Terminology Translation from English to Russian","In this task, you will compare the quality of translations for scientific terms generated by two different methods. The input will include an English term, a context paragraph where the term is used, and its translations in Russian.","Translation, AI Terminology, Multilingual, Ranking","$0.01","Fri Dec 06 03:41:21 PST 2024","5","BatchId:5277384;OriginalHitTemplateId:928390912;","3600","3600","Fri Dec 13 03:41:21 PST 2024","","","3UWN2HHPUGJ7TVBC1MEM0GAZBKINSS","A2E2FFMXS9F9KR","Approved","Fri Dec 06 03:41:49 PST 2024","Fri Dec 06 04:33:37 PST 2024","Fri Dec 06 05:33:37 PST 2024","Fri Dec 06 05:34:35 PST 2024","","","3108","100% (51/51)","100% (51/51)","100% (51/51)","weight vector","весовой вектор","вектор весов","worst case","наихудший случай","худший случай","2D-3D correspondence","соответствие 2D-3D","2D-3D соответствие","3D mesh","3D модель","3D сетка","Hedge algorithm","алгоритм Хеджа","алгоритм Hedge","false","true","true","false","true","false","false","false","false","false","true","false","false","true","false","false","false","false","false","false"
"371QPA24DJ2284J8UXGDOUXOUWJ1TT","33VSRLCQVHFD1FA99WBAF9UCJT3XCK","Ranking the Quality of AI Terminology Translation from English to Russian","In this task, you will compare the quality of translations for scientific terms generated by two different methods. The input will include an English term, a context paragraph where the term is used, and its translations in Russian.","Translation, AI Terminology, Multilingual, Ranking","$0.01","Fri Dec 06 03:41:21 PST 2024","5","BatchId:5277384;OriginalHitTemplateId:928390912;","3600","3600","Fri Dec 13 03:41:21 PST 2024","","","3J88R45B2YCFSX9OBBX13DWMQEKXP5","A3HSZ9YLOBCCPR","Approved","Fri Dec 06 04:42:03 PST 2024","Fri Dec 06 05:25:14 PST 2024","Fri Dec 06 06:25:14 PST 2024","Fri Dec 06 06:25:35 PST 2024","","","2591","100% (39/39)","100% (39/39)","100% (39/39)","weight vector","весовой вектор","вектор весов","worst case","наихудший случай","худший случай","2D-3D correspondence","соответствие 2D-3D","2D-3D соответствие","3D mesh","3D модель","3D сетка","Hedge algorithm","алгоритм Хеджа","алгоритм Hedge","true","true","true","false","true","false","false","false","false","false","false","false","false","true","false","false","false","false","false","false"
"371QPA24DJ2284J8UXGDOUXOUWJ1TT","33VSRLCQVHFD1FA99WBAF9UCJT3XCK","Ranking the Quality of AI Terminology Translation from English to Russian","In this task, you will compare the quality of translations for scientific terms generated by two different methods. The input will include an English term, a context paragraph where the term is used, and its translations in Russian.","Translation, AI Terminology, Multilingual, Ranking","$0.01","Fri Dec 06 03:41:21 PST 2024","5","BatchId:5277384;OriginalHitTemplateId:928390912;","3600","3600","Fri Dec 13 03:41:21 PST 2024","","","3CFJTT4SXB4TWWGTG33J0HIM28HI7S","AC4I7XU10MQXK","Approved","Fri Dec 06 04:42:17 PST 2024","Fri Dec 06 05:26:26 PST 2024","Fri Dec 06 06:26:26 PST 2024","Fri Dec 06 06:26:35 PST 2024","","","2649","100% (58/58)","100% (58/58)","100% (58/58)","weight vector","весовой вектор","вектор весов","worst case","наихудший случай","худший случай","2D-3D correspondence","соответствие 2D-3D","2D-3D соответствие","3D mesh","3D модель","3D сетка","Hedge algorithm","алгоритм Хеджа","алгоритм Hedge","false","true","true","false","true","false","false","false","false","false","true","false","false","true","false","false","false","false","false","false"
"33KGGVH25BV9PLSSZ7HADXIU7S6X17","33VSRLCQVHFD1FA99WBAF9UCJT3XCK","Ranking the Quality of AI Terminology Translation from English to Russian","In this task, you will compare the quality of translations for scientific terms generated by two different methods. The input will include an English term, a context paragraph where the term is used, and its translations in Russian.","Translation, AI Terminology, Multilingual, Ranking","$0.01","Fri Dec 06 03:41:21 PST 2024","5","BatchId:5277384;OriginalHitTemplateId:928390912;","3600","3600","Fri Dec 13 03:41:21 PST 2024","","","30X31N5D6L409CHNSI9HEAQZCDJASV","AWPXR7XE6B8KD","Approved","Fri Dec 06 03:41:51 PST 2024","Fri Dec 06 04:12:59 PST 2024","Fri Dec 06 05:12:59 PST 2024","Fri Dec 06 05:13:35 PST 2024","","","1868","100% (17/17)","100% (17/17)","100% (17/17)","Iverson bracket","Скобки Айверсона","скобка Айверсона","Lexical Functional Grammar","Лексическая функциональная грамматика","Лексико-функциональная грамматика","Libratus","Либратус","Libratus","Markov logic network","Марковская логическая сеть","Сеть логики Маркова","answer span","интервал ответа","диапазон ответа","false","true","true","false","false","true","false","false","true","false","false","false","false","false","true","false","false","false","false","false"
"33KGGVH25BV9PLSSZ7HADXIU7S6X17","33VSRLCQVHFD1FA99WBAF9UCJT3XCK","Ranking the Quality of AI Terminology Translation from English to Russian","In this task, you will compare the quality of translations for scientific terms generated by two different methods. The input will include an English term, a context paragraph where the term is used, and its translations in Russian.","Translation, AI Terminology, Multilingual, Ranking","$0.01","Fri Dec 06 03:41:21 PST 2024","5","BatchId:5277384;OriginalHitTemplateId:928390912;","3600","3600","Fri Dec 13 03:41:21 PST 2024","","","3SUWZRL0MGRYCR021A809OKYF436EL","A39PWDRYNY2WM0","Approved","Fri Dec 06 04:08:31 PST 2024","Fri Dec 06 04:14:24 PST 2024","Fri Dec 06 05:14:24 PST 2024","Fri Dec 06 05:14:35 PST 2024","","","353","100% (55/55)","100% (55/55)","100% (55/55)","Iverson bracket","Скобки Айверсона","скобка Айверсона","Lexical Functional Grammar","Лексическая функциональная грамматика","Лексико-функциональная грамматика","Libratus","Либратус","Libratus","Markov logic network","Марковская логическая сеть","Сеть логики Маркова","answer span","интервал ответа","диапазон ответа","true","true","false","true","true","false","false","true","false","false","false","false","false","false","false","false","false","false","false","false"
"33KGGVH25BV9PLSSZ7HADXIU7S6X17","33VSRLCQVHFD1FA99WBAF9UCJT3XCK","Ranking the Quality of AI Terminology Translation from English to Russian","In this task, you will compare the quality of translations for scientific terms generated by two different methods. The input will include an English term, a context paragraph where the term is used, and its translations in Russian.","Translation, AI Terminology, Multilingual, Ranking","$0.01","Fri Dec 06 03:41:21 PST 2024","5","BatchId:5277384;OriginalHitTemplateId:928390912;","3600","3600","Fri Dec 13 03:41:21 PST 2024","","","3LKC68YZ3SHIIXSXM6O0CUDP77JWOV","A11B7MUC7UTFKN","Approved","Fri Dec 06 03:42:03 PST 2024","Fri Dec 06 04:22:07 PST 2024","Fri Dec 06 05:22:07 PST 2024","Fri Dec 06 05:22:35 PST 2024","","","2404","100% (36/36)","100% (36/36)","100% (36/36)","Iverson bracket","Скобки Айверсона","скобка Айверсона","Lexical Functional Grammar","Лексическая функциональная грамматика","Лексико-функциональная грамматика","Libratus","Либратус","Libratus","Markov logic network","Марковская логическая сеть","Сеть логики Маркова","answer span","интервал ответа","диапазон ответа","false","true","true","false","true","true","false","false","true","false","false","false","false","false","false","false","false","false","false","false"
"33KGGVH25BV9PLSSZ7HADXIU7S6X17","33VSRLCQVHFD1FA99WBAF9UCJT3XCK","Ranking the Quality of AI Terminology Translation from English to Russian","In this task, you will compare the quality of translations for scientific terms generated by two different methods. The input will include an English term, a context paragraph where the term is used, and its translations in Russian.","Translation, AI Terminology, Multilingual, Ranking","$0.01","Fri Dec 06 03:41:21 PST 2024","5","BatchId:5277384;OriginalHitTemplateId:928390912;","3600","3600","Fri Dec 13 03:41:21 PST 2024","","","354GIDR5ZTK47QZTRET4FY838ZO007","A1L8EGJ85A7DZR","Approved","Fri Dec 06 04:42:03 PST 2024","Fri Dec 06 05:09:00 PST 2024","Fri Dec 06 06:09:00 PST 2024","Fri Dec 06 06:09:35 PST 2024","","","1617","100% (27/27)","100% (27/27)","100% (27/27)","Iverson bracket","Скобки Айверсона","скобка Айверсона","Lexical Functional Grammar","Лексическая функциональная грамматика","Лексико-функциональная грамматика","Libratus","Либратус","Libratus","Markov logic network","Марковская логическая сеть","Сеть логики Маркова","answer span","интервал ответа","диапазон ответа","true","false","false","false","true","false","true","true","true","false","false","false","false","false","false","false","false","false","false","false"
"33KGGVH25BV9PLSSZ7HADXIU7S6X17","33VSRLCQVHFD1FA99WBAF9UCJT3XCK","Ranking the Quality of AI Terminology Translation from English to Russian","In this task, you will compare the quality of translations for scientific terms generated by two different methods. The input will include an English term, a context paragraph where the term is used, and its translations in Russian.","Translation, AI Terminology, Multilingual, Ranking","$0.01","Fri Dec 06 03:41:21 PST 2024","5","BatchId:5277384;OriginalHitTemplateId:928390912;","3600","3600","Fri Dec 13 03:41:21 PST 2024","","","3IGI0VL64PYSV3JJU5XDGB0YEWLON4","A186ORPGIU3WNL","Approved","Fri Dec 06 04:42:39 PST 2024","Fri Dec 06 05:17:27 PST 2024","Fri Dec 06 06:17:27 PST 2024","Fri Dec 06 06:17:35 PST 2024","","","2088","100% (53/53)","100% (52/52)","100% (52/52)","Iverson bracket","Скобки Айверсона","скобка Айверсона","Lexical Functional Grammar","Лексическая функциональная грамматика","Лексико-функциональная грамматика","Libratus","Либратус","Libratus","Markov logic network","Марковская логическая сеть","Сеть логики Маркова","answer span","интервал ответа","диапазон ответа","true","true","true","true","false","false","false","false","false","true","false","false","false","false","false","false","false","false","false","false"
"3W3RSPVVH95UYO21NCO6D5S4BGUULI","33VSRLCQVHFD1FA99WBAF9UCJT3XCK","Ranking the Quality of AI Terminology Translation from English to Russian","In this task, you will compare the quality of translations for scientific terms generated by two different methods. The input will include an English term, a context paragraph where the term is used, and its translations in Russian.","Translation, AI Terminology, Multilingual, Ranking","$0.01","Fri Dec 06 03:41:21 PST 2024","5","BatchId:5277384;OriginalHitTemplateId:928390912;","3600","3600","Fri Dec 13 03:41:21 PST 2024","","","3WMINLGALTHK2VSRVWJHZ5MHQAXCA3","A3HSZ9YLOBCCPR","Approved","Fri Dec 06 03:41:37 PST 2024","Fri Dec 06 04:22:14 PST 2024","Fri Dec 06 05:22:14 PST 2024","Fri Dec 06 05:22:35 PST 2024","","","2437","100% (39/39)","100% (39/39)","100% (39/39)","autodiff","автоматическое дифференцирование","автодифференцирование","backbone network","магистральная сеть","основная сеть","big-O notation","нотация «большое О»","нотация большого O","constraint set","набор ограничений","множество ограничений","convolution layer","свёрточный слой","сверточный слой","true","false","true","true","true","false","false","false","false","false","false","true","false","false","false","false","false","false","false","false"
"3W3RSPVVH95UYO21NCO6D5S4BGUULI","33VSRLCQVHFD1FA99WBAF9UCJT3XCK","Ranking the Quality of AI Terminology Translation from English to Russian","In this task, you will compare the quality of translations for scientific terms generated by two different methods. The input will include an English term, a context paragraph where the term is used, and its translations in Russian.","Translation, AI Terminology, Multilingual, Ranking","$0.01","Fri Dec 06 03:41:21 PST 2024","5","BatchId:5277384;OriginalHitTemplateId:928390912;","3600","3600","Fri Dec 13 03:41:21 PST 2024","","","3IX2EGZR7TXZ9QKE7ZMPHZOMGYUJRW","A30IGMGSC7G2HM","Approved","Fri Dec 06 04:42:34 PST 2024","Fri Dec 06 04:54:22 PST 2024","Fri Dec 06 05:54:22 PST 2024","Fri Dec 06 05:54:35 PST 2024","","","708","100% (24/24)","100% (24/24)","100% (24/24)","autodiff","автоматическое дифференцирование","автодифференцирование","backbone network","магистральная сеть","основная сеть","big-O notation","нотация «большое О»","нотация большого O","constraint set","набор ограничений","множество ограничений","convolution layer","свёрточный слой","сверточный слой","true","false","true","true","true","false","false","false","false","false","false","true","false","false","false","false","false","false","false","false"
"3W3RSPVVH95UYO21NCO6D5S4BGUULI","33VSRLCQVHFD1FA99WBAF9UCJT3XCK","Ranking the Quality of AI Terminology Translation from English to Russian","In this task, you will compare the quality of translations for scientific terms generated by two different methods. The input will include an English term, a context paragraph where the term is used, and its translations in Russian.","Translation, AI Terminology, Multilingual, Ranking","$0.01","Fri Dec 06 03:41:21 PST 2024","5","BatchId:5277384;OriginalHitTemplateId:928390912;","3600","3600","Fri Dec 13 03:41:21 PST 2024","","","3NQL1CS159MHXMWU2JS2SJSDE9MVY3","A3MDTRJTDIDNX","Approved","Fri Dec 06 04:42:43 PST 2024","Fri Dec 06 05:23:39 PST 2024","Fri Dec 06 06:23:39 PST 2024","Fri Dec 06 06:24:35 PST 2024","","","2456","100% (53/53)","100% (53/53)","100% (53/53)","autodiff","автоматическое дифференцирование","автодифференцирование","backbone network","магистральная сеть","основная сеть","big-O notation","нотация «большое О»","нотация большого O","constraint set","набор ограничений","множество ограничений","convolution layer","свёрточный слой","сверточный слой","true","false","true","true","true","false","false","false","false","false","false","true","false","false","false","false","false","false","false","false"
"3W3RSPVVH95UYO21NCO6D5S4BGUULI","33VSRLCQVHFD1FA99WBAF9UCJT3XCK","Ranking the Quality of AI Terminology Translation from English to Russian","In this task, you will compare the quality of translations for scientific terms generated by two different methods. The input will include an English term, a context paragraph where the term is used, and its translations in Russian.","Translation, AI Terminology, Multilingual, Ranking","$0.01","Fri Dec 06 03:41:21 PST 2024","5","BatchId:5277384;OriginalHitTemplateId:928390912;","3600","3600","Fri Dec 13 03:41:21 PST 2024","","","3M81GAB8AIXTF6726SK8ELV4C8QBQB","A2O4PW85X1GQA1","Approved","Fri Dec 06 04:42:54 PST 2024","Fri Dec 06 05:41:34 PST 2024","Fri Dec 06 06:41:34 PST 2024","Fri Dec 06 06:41:35 PST 2024","","","3520","100% (15/15)","100% (15/15)","100% (15/15)","autodiff","автоматическое дифференцирование","автодифференцирование","backbone network","магистральная сеть","основная сеть","big-O notation","нотация «большое О»","нотация большого O","constraint set","набор ограничений","множество ограничений","convolution layer","свёрточный слой","сверточный слой","true","false","true","true","true","false","false","false","false","false","false","true","false","false","false","false","false","false","false","false"
"3W3RSPVVH95UYO21NCO6D5S4BGUULI","33VSRLCQVHFD1FA99WBAF9UCJT3XCK","Ranking the Quality of AI Terminology Translation from English to Russian","In this task, you will compare the quality of translations for scientific terms generated by two different methods. The input will include an English term, a context paragraph where the term is used, and its translations in Russian.","Translation, AI Terminology, Multilingual, Ranking","$0.01","Fri Dec 06 03:41:21 PST 2024","5","BatchId:5277384;OriginalHitTemplateId:928390912;","3600","3600","Fri Dec 13 03:41:21 PST 2024","","","3SB4CE2TJD985T3MMSF4DI7RRSKXAP","A2GJB7TBZM91Z4","Approved","Fri Dec 06 05:42:17 PST 2024","Fri Dec 06 05:55:26 PST 2024","Fri Dec 06 06:55:26 PST 2024","Fri Dec 06 06:55:35 PST 2024","","","789","100% (23/23)","100% (23/23)","100% (23/23)","autodiff","автоматическое дифференцирование","автодифференцирование","backbone network","магистральная сеть","основная сеть","big-O notation","нотация «большое О»","нотация большого O","constraint set","набор ограничений","множество ограничений","convolution layer","свёрточный слой","сверточный слой","true","false","true","true","true","false","false","false","false","false","false","true","false","false","false","false","false","false","false","false"
"3FDWKV9VD4GE46KMNOPLDI7TBLKUMK","33VSRLCQVHFD1FA99WBAF9UCJT3XCK","Ranking the Quality of AI Terminology Translation from English to Russian","In this task, you will compare the quality of translations for scientific terms generated by two different methods. The input will include an English term, a context paragraph where the term is used, and its translations in Russian.","Translation, AI Terminology, Multilingual, Ranking","$0.01","Fri Dec 06 03:41:21 PST 2024","5","BatchId:5277384;OriginalHitTemplateId:928390912;","3600","3600","Fri Dec 13 03:41:21 PST 2024","","","3WYP994K1P5WIWHT1BKUGRCEXFQY68","A262LU000U93SA","Approved","Fri Dec 06 03:43:12 PST 2024","Fri Dec 06 03:44:13 PST 2024","Fri Dec 06 04:44:13 PST 2024","Fri Dec 06 04:44:35 PST 2024","","","61","100% (3/3)","100% (3/3)","100% (3/3)","covariate shift","ковариатный сдвиг","смещение ковариат","cross entropy","перекрестная энтропия","кросс-энтропия","cycle inequality","неравенство цикла","циклическая неравенство","dialogue generation","генерация диалогов","генерация диалога","document-level","на уровне документа","уровень документа","false","true","true","false","true","false","false","false","false","false","false","false","false","false","false","false","false","false","false","false"
"3FDWKV9VD4GE46KMNOPLDI7TBLKUMK","33VSRLCQVHFD1FA99WBAF9UCJT3XCK","Ranking the Quality of AI Terminology Translation from English to Russian","In this task, you will compare the quality of translations for scientific terms generated by two different methods. The input will include an English term, a context paragraph where the term is used, and its translations in Russian.","Translation, AI Terminology, Multilingual, Ranking","$0.01","Fri Dec 06 03:41:21 PST 2024","5","BatchId:5277384;OriginalHitTemplateId:928390912;","3600","3600","Fri Dec 13 03:41:21 PST 2024","","","3BC8WZX3VLAG7E3RF4VYJQADQFORRW","A1KYZPQ0T7WECC","Approved","Fri Dec 06 03:42:13 PST 2024","Fri Dec 06 04:04:26 PST 2024","Fri Dec 06 05:04:26 PST 2024","Fri Dec 06 05:04:35 PST 2024","","","1333","100% (15/15)","100% (15/15)","100% (14/14)","covariate shift","ковариатный сдвиг","смещение ковариат","cross entropy","перекрестная энтропия","кросс-энтропия","cycle inequality","неравенство цикла","циклическая неравенство","dialogue generation","генерация диалогов","генерация диалога","document-level","на уровне документа","уровень документа","true","true","false","false","false","false","false","true","true","true","false","false","false","false","false","false","false","false","false","false"
"3FDWKV9VD4GE46KMNOPLDI7TBLKUMK","33VSRLCQVHFD1FA99WBAF9UCJT3XCK","Ranking the Quality of AI Terminology Translation from English to Russian","In this task, you will compare the quality of translations for scientific terms generated by two different methods. The input will include an English term, a context paragraph where the term is used, and its translations in Russian.","Translation, AI Terminology, Multilingual, Ranking","$0.01","Fri Dec 06 03:41:21 PST 2024","5","BatchId:5277384;OriginalHitTemplateId:928390912;","3600","3600","Fri Dec 13 03:41:21 PST 2024","","","3R5F3LQFVKYMCSX2XT87BY77O9NOZD","A1XD6THGBT1T9T","Approved","Fri Dec 06 04:42:18 PST 2024","Fri Dec 06 04:49:29 PST 2024","Fri Dec 06 05:49:29 PST 2024","Fri Dec 06 05:49:35 PST 2024","","","431","100% (43/43)","100% (43/43)","100% (42/42)","covariate shift","ковариатный сдвиг","смещение ковариат","cross entropy","перекрестная энтропия","кросс-энтропия","cycle inequality","неравенство цикла","циклическая неравенство","dialogue generation","генерация диалогов","генерация диалога","document-level","на уровне документа","уровень документа","true","true","false","false","true","false","false","true","true","false","false","false","false","false","false","false","false","false","false","false"
"3FDWKV9VD4GE46KMNOPLDI7TBLKUMK","33VSRLCQVHFD1FA99WBAF9UCJT3XCK","Ranking the Quality of AI Terminology Translation from English to Russian","In this task, you will compare the quality of translations for scientific terms generated by two different methods. The input will include an English term, a context paragraph where the term is used, and its translations in Russian.","Translation, AI Terminology, Multilingual, Ranking","$0.01","Fri Dec 06 03:41:21 PST 2024","5","BatchId:5277384;OriginalHitTemplateId:928390912;","3600","3600","Fri Dec 13 03:41:21 PST 2024","","","3WLEIWSYH6VME08349434E0ZREA2HV","A2GJB7TBZM91Z4","Approved","Fri Dec 06 04:42:00 PST 2024","Fri Dec 06 05:00:20 PST 2024","Fri Dec 06 06:00:20 PST 2024","Fri Dec 06 06:00:35 PST 2024","","","1100","100% (23/23)","100% (23/23)","100% (23/23)","covariate shift","ковариатный сдвиг","смещение ковариат","cross entropy","перекрестная энтропия","кросс-энтропия","cycle inequality","неравенство цикла","циклическая неравенство","dialogue generation","генерация диалогов","генерация диалога","document-level","на уровне документа","уровень документа","true","true","false","true","false","false","false","true","false","true","false","false","false","false","false","false","false","false","false","false"
"3FDWKV9VD4GE46KMNOPLDI7TBLKUMK","33VSRLCQVHFD1FA99WBAF9UCJT3XCK","Ranking the Quality of AI Terminology Translation from English to Russian","In this task, you will compare the quality of translations for scientific terms generated by two different methods. The input will include an English term, a context paragraph where the term is used, and its translations in Russian.","Translation, AI Terminology, Multilingual, Ranking","$0.01","Fri Dec 06 03:41:21 PST 2024","5","BatchId:5277384;OriginalHitTemplateId:928390912;","3600","3600","Fri Dec 13 03:41:21 PST 2024","","","3K2755HG5AHP3EFD680KXCFQ8SBFDC","A35H5DUMZH86PC","Approved","Fri Dec 06 05:08:06 PST 2024","Fri Dec 06 05:26:39 PST 2024","Fri Dec 06 06:26:39 PST 2024","Fri Dec 06 06:27:35 PST 2024","","","1113","100% (40/40)","100% (40/40)","100% (40/40)","covariate shift","ковариатный сдвиг","смещение ковариат","cross entropy","перекрестная энтропия","кросс-энтропия","cycle inequality","неравенство цикла","циклическая неравенство","dialogue generation","генерация диалогов","генерация диалога","document-level","на уровне документа","уровень документа","false","true","false","true","false","true","false","true","false","true","false","false","false","false","false","false","false","false","false","false"
"3FO95NVK6TEPM95A3RQ2KGJFWBYRSP","33VSRLCQVHFD1FA99WBAF9UCJT3XCK","Ranking the Quality of AI Terminology Translation from English to Russian","In this task, you will compare the quality of translations for scientific terms generated by two different methods. The input will include an English term, a context paragraph where the term is used, and its translations in Russian.","Translation, AI Terminology, Multilingual, Ranking","$0.01","Fri Dec 06 03:41:21 PST 2024","5","BatchId:5277384;OriginalHitTemplateId:928390912;","3600","3600","Fri Dec 13 03:41:21 PST 2024","","","33CID5710M7DLENCZUX6FGYYE9JL3W","A1L8EGJ85A7DZR","Approved","Fri Dec 06 03:41:43 PST 2024","Fri Dec 06 04:40:43 PST 2024","Fri Dec 06 05:40:43 PST 2024","Fri Dec 06 05:41:35 PST 2024","","","3540","100% (27/27)","100% (27/27)","100% (27/27)","encoder model","модель энкодера","модель кодировщика","image-text pre-training","предварительное обучение на основе изображений и текста","предварительное обучение на изображениях и текстах","indicator vector","индикаторный вектор","вектор индикаторов","inference algorithm","алгоритм инференции","алгоритм вывода","information theoretic","теоретико-информационный","информационно-теоретический","true","false","false","false","true","false","true","true","true","false","false","false","false","false","false","false","false","false","false","false"
"3FO95NVK6TEPM95A3RQ2KGJFWBYRSP","33VSRLCQVHFD1FA99WBAF9UCJT3XCK","Ranking the Quality of AI Terminology Translation from English to Russian","In this task, you will compare the quality of translations for scientific terms generated by two different methods. The input will include an English term, a context paragraph where the term is used, and its translations in Russian.","Translation, AI Terminology, Multilingual, Ranking","$0.01","Fri Dec 06 03:41:21 PST 2024","5","BatchId:5277384;OriginalHitTemplateId:928390912;","3600","3600","Fri Dec 13 03:41:21 PST 2024","","","3Q5ZZ9ZEV6TLKMQXJOCVP8AC86I58T","A19I2ZK220NTAE","Approved","Fri Dec 06 04:42:55 PST 2024","Fri Dec 06 05:29:01 PST 2024","Fri Dec 06 06:29:01 PST 2024","Fri Dec 06 06:29:35 PST 2024","","","2766","100% (32/32)","100% (32/32)","100% (32/32)","encoder model","модель энкодера","модель кодировщика","image-text pre-training","предварительное обучение на основе изображений и текста","предварительное обучение на изображениях и текстах","indicator vector","индикаторный вектор","вектор индикаторов","inference algorithm","алгоритм инференции","алгоритм вывода","information theoretic","теоретико-информационный","информационно-теоретический","true","false","true","false","true","false","true","false","true","false","false","false","false","false","false","false","false","false","false","false"
"3FO95NVK6TEPM95A3RQ2KGJFWBYRSP","33VSRLCQVHFD1FA99WBAF9UCJT3XCK","Ranking the Quality of AI Terminology Translation from English to Russian","In this task, you will compare the quality of translations for scientific terms generated by two different methods. The input will include an English term, a context paragraph where the term is used, and its translations in Russian.","Translation, AI Terminology, Multilingual, Ranking","$0.01","Fri Dec 06 03:41:21 PST 2024","5","BatchId:5277384;OriginalHitTemplateId:928390912;","3600","3600","Fri Dec 13 03:41:21 PST 2024","","","3SB5N7Y3OLI1IUAE5GI70QVJFGD0GA","A2P8U65V6NL7B5","Approved","Fri Dec 06 04:41:54 PST 2024","Fri Dec 06 05:33:36 PST 2024","Fri Dec 06 06:33:36 PST 2024","Fri Dec 06 06:34:35 PST 2024","","","3102","100% (49/49)","100% (49/49)","100% (49/49)","encoder model","модель энкодера","модель кодировщика","image-text pre-training","предварительное обучение на основе изображений и текста","предварительное обучение на изображениях и текстах","indicator vector","индикаторный вектор","вектор индикаторов","inference algorithm","алгоритм инференции","алгоритм вывода","information theoretic","теоретико-информационный","информационно-теоретический","true","false","true","false","true","false","true","false","true","false","false","false","false","false","false","false","false","false","false","false"
"3FO95NVK6TEPM95A3RQ2KGJFWBYRSP","33VSRLCQVHFD1FA99WBAF9UCJT3XCK","Ranking the Quality of AI Terminology Translation from English to Russian","In this task, you will compare the quality of translations for scientific terms generated by two different methods. The input will include an English term, a context paragraph where the term is used, and its translations in Russian.","Translation, AI Terminology, Multilingual, Ranking","$0.01","Fri Dec 06 03:41:21 PST 2024","5","BatchId:5277384;OriginalHitTemplateId:928390912;","3600","3600","Fri Dec 13 03:41:21 PST 2024","","","374TNBHA8T9PSE0DGKYSMWT5XIGQYF","A2E2FFMXS9F9KR","Approved","Fri Dec 06 05:43:44 PST 2024","Fri Dec 06 05:45:40 PST 2024","Fri Dec 06 06:45:40 PST 2024","Fri Dec 06 06:46:35 PST 2024","","","116","100% (51/51)","100% (51/51)","100% (51/51)","encoder model","модель энкодера","модель кодировщика","image-text pre-training","предварительное обучение на основе изображений и текста","предварительное обучение на изображениях и текстах","indicator vector","индикаторный вектор","вектор индикаторов","inference algorithm","алгоритм инференции","алгоритм вывода","information theoretic","теоретико-информационный","информационно-теоретический","true","true","false","true","true","false","false","true","false","false","false","false","false","false","false","false","false","false","false","false"
"3FO95NVK6TEPM95A3RQ2KGJFWBYRSP","33VSRLCQVHFD1FA99WBAF9UCJT3XCK","Ranking the Quality of AI Terminology Translation from English to Russian","In this task, you will compare the quality of translations for scientific terms generated by two different methods. The input will include an English term, a context paragraph where the term is used, and its translations in Russian.","Translation, AI Terminology, Multilingual, Ranking","$0.01","Fri Dec 06 03:41:21 PST 2024","5","BatchId:5277384;OriginalHitTemplateId:928390912;","3600","3600","Fri Dec 13 03:41:21 PST 2024","","","3TXD01ZLDMV1M0TA8MUQG8MN51EU4S","A1PG4NZUVQMZUI","Approved","Fri Dec 06 05:43:11 PST 2024","Fri Dec 06 05:51:56 PST 2024","Fri Dec 06 06:51:56 PST 2024","Fri Dec 06 06:52:35 PST 2024","","","525","100% (13/13)","100% (13/13)","100% (13/13)","encoder model","модель энкодера","модель кодировщика","image-text pre-training","предварительное обучение на основе изображений и текста","предварительное обучение на изображениях и текстах","indicator vector","индикаторный вектор","вектор индикаторов","inference algorithm","алгоритм инференции","алгоритм вывода","information theoretic","теоретико-информационный","информационно-теоретический","true","false","true","false","false","false","true","false","true","false","false","false","false","false","true","false","false","false","false","false"
"33NOQL7TA5DG5GCSZAEAPSLDTYAZ8Q","33VSRLCQVHFD1FA99WBAF9UCJT3XCK","Ranking the Quality of AI Terminology Translation from English to Russian","In this task, you will compare the quality of translations for scientific terms generated by two different methods. The input will include an English term, a context paragraph where the term is used, and its translations in Russian.","Translation, AI Terminology, Multilingual, Ranking","$0.01","Fri Dec 06 03:41:21 PST 2024","5","BatchId:5277384;OriginalHitTemplateId:928390912;","3600","3600","Fri Dec 13 03:41:21 PST 2024","","","3PPTZCWAL8YPX4AIC60B03273A4ZQV","A30IGMGSC7G2HM","Approved","Fri Dec 06 04:41:55 PST 2024","Fri Dec 06 04:50:52 PST 2024","Fri Dec 06 05:50:52 PST 2024","Fri Dec 06 05:51:35 PST 2024","","","537","100% (24/24)","100% (24/24)","100% (24/24)","infoset","информационное множество","информационный набор","interaction matrix","матрица взаимодействий","матрица взаимодействия","lambda calculus","лямбда-исчисление","λ-исчисление","multi-modal learning","мультимодальное обучение","многомодальное обучение","multivariate time series","многомерные временные ряды","многомерный временной ряд","true","false","true","true","false","false","true","false","false","true","false","false","false","false","false","false","false","false","false","false"
"33NOQL7TA5DG5GCSZAEAPSLDTYAZ8Q","33VSRLCQVHFD1FA99WBAF9UCJT3XCK","Ranking the Quality of AI Terminology Translation from English to Russian","In this task, you will compare the quality of translations for scientific terms generated by two different methods. The input will include an English term, a context paragraph where the term is used, and its translations in Russian.","Translation, AI Terminology, Multilingual, Ranking","$0.01","Fri Dec 06 03:41:21 PST 2024","5","BatchId:5277384;OriginalHitTemplateId:928390912;","3600","3600","Fri Dec 13 03:41:21 PST 2024","","","3UJ1CZ6IZZ333656XMI06ZADKZJ5SL","A186ORPGIU3WNL","Approved","Fri Dec 06 04:43:21 PST 2024","Fri Dec 06 05:18:32 PST 2024","Fri Dec 06 06:18:32 PST 2024","Fri Dec 06 06:18:35 PST 2024","","","2111","100% (53/53)","100% (52/52)","100% (52/52)","infoset","информационное множество","информационный набор","interaction matrix","матрица взаимодействий","матрица взаимодействия","lambda calculus","лямбда-исчисление","λ-исчисление","multi-modal learning","мультимодальное обучение","многомодальное обучение","multivariate time series","многомерные временные ряды","многомерный временной ряд","true","false","true","true","false","false","true","false","false","true","false","false","false","false","false","false","false","false","false","false"
"33NOQL7TA5DG5GCSZAEAPSLDTYAZ8Q","33VSRLCQVHFD1FA99WBAF9UCJT3XCK","Ranking the Quality of AI Terminology Translation from English to Russian","In this task, you will compare the quality of translations for scientific terms generated by two different methods. The input will include an English term, a context paragraph where the term is used, and its translations in Russian.","Translation, AI Terminology, Multilingual, Ranking","$0.01","Fri Dec 06 03:41:21 PST 2024","5","BatchId:5277384;OriginalHitTemplateId:928390912;","3600","3600","Fri Dec 13 03:41:21 PST 2024","","","3300DTYQTKVRM9JMGJMYFT1PF53QEQ","A2P8U65V6NL7B5","Approved","Fri Dec 06 04:43:31 PST 2024","Fri Dec 06 05:36:07 PST 2024","Fri Dec 06 06:36:07 PST 2024","Fri Dec 06 06:36:35 PST 2024","","","3156","100% (49/49)","100% (49/49)","100% (49/49)","infoset","информационное множество","информационный набор","interaction matrix","матрица взаимодействий","матрица взаимодействия","lambda calculus","лямбда-исчисление","λ-исчисление","multi-modal learning","мультимодальное обучение","многомодальное обучение","multivariate time series","многомерные временные ряды","многомерный временной ряд","true","false","true","true","false","false","true","false","false","true","false","false","false","false","false","false","false","false","false","false"
"33NOQL7TA5DG5GCSZAEAPSLDTYAZ8Q","33VSRLCQVHFD1FA99WBAF9UCJT3XCK","Ranking the Quality of AI Terminology Translation from English to Russian","In this task, you will compare the quality of translations for scientific terms generated by two different methods. The input will include an English term, a context paragraph where the term is used, and its translations in Russian.","Translation, AI Terminology, Multilingual, Ranking","$0.01","Fri Dec 06 03:41:21 PST 2024","5","BatchId:5277384;OriginalHitTemplateId:928390912;","3600","3600","Fri Dec 13 03:41:21 PST 2024","","","3UNH76FOCAJY7Z2LORRB5N90NF4MY5","A13QHI6P2C910K","Approved","Fri Dec 06 04:42:55 PST 2024","Fri Dec 06 05:38:07 PST 2024","Fri Dec 06 06:38:07 PST 2024","Fri Dec 06 06:38:35 PST 2024","","","3312","100% (39/39)","100% (39/39)","100% (39/39)","infoset","информационное множество","информационный набор","interaction matrix","матрица взаимодействий","матрица взаимодействия","lambda calculus","лямбда-исчисление","λ-исчисление","multi-modal learning","мультимодальное обучение","многомодальное обучение","multivariate time series","многомерные временные ряды","многомерный временной ряд","true","true","true","true","false","false","false","false","false","true","false","false","false","false","false","false","false","false","false","false"
"33NOQL7TA5DG5GCSZAEAPSLDTYAZ8Q","33VSRLCQVHFD1FA99WBAF9UCJT3XCK","Ranking the Quality of AI Terminology Translation from English to Russian","In this task, you will compare the quality of translations for scientific terms generated by two different methods. The input will include an English term, a context paragraph where the term is used, and its translations in Russian.","Translation, AI Terminology, Multilingual, Ranking","$0.01","Fri Dec 06 03:41:21 PST 2024","5","BatchId:5277384;OriginalHitTemplateId:928390912;","3600","3600","Fri Dec 13 03:41:21 PST 2024","","","34V1S5K3GAFHHV9LTZSEHAJNO7B69Z","A2O4PW85X1GQA1","Approved","Fri Dec 06 04:42:39 PST 2024","Fri Dec 06 05:41:17 PST 2024","Fri Dec 06 06:41:17 PST 2024","Fri Dec 06 06:41:35 PST 2024","","","3518","100% (15/15)","100% (15/15)","100% (15/15)","infoset","информационное множество","информационный набор","interaction matrix","матрица взаимодействий","матрица взаимодействия","lambda calculus","лямбда-исчисление","λ-исчисление","multi-modal learning","мультимодальное обучение","многомодальное обучение","multivariate time series","многомерные временные ряды","многомерный временной ряд","false","true","true","true","false","true","false","false","false","true","false","false","false","false","false","false","false","false","false","false"
"3PUOXASB6OHGJLV242KOPOGOD4SZ9F","33VSRLCQVHFD1FA99WBAF9UCJT3XCK","Ranking the Quality of AI Terminology Translation from English to Russian","In this task, you will compare the quality of translations for scientific terms generated by two different methods. The input will include an English term, a context paragraph where the term is used, and its translations in Russian.","Translation, AI Terminology, Multilingual, Ranking","$0.01","Fri Dec 06 03:41:21 PST 2024","5","BatchId:5277384;OriginalHitTemplateId:928390912;","3600","3600","Fri Dec 13 03:41:21 PST 2024","","","3TESA3PJ3JOYDID75O30BSMTE5QMMF","A2YVLMI4PRDECY","Approved","Fri Dec 06 03:42:08 PST 2024","Fri Dec 06 04:40:04 PST 2024","Fri Dec 06 05:40:04 PST 2024","Fri Dec 06 05:40:35 PST 2024","","","3476","100% (32/32)","100% (32/32)","100% (32/32)","orthographic camera model","ортографическая модель камеры","ортографическая камера","perceptual loss","перцептивная ошибка","перцептивные потери","pre-training task","задача предобучения","задача предварительного обучения","probabilistic inference","вероятностное выведение","вероятностное вывод","prototype embedding","встраивание прототипов","встраивание прототипа","false","false","true","false","true","true","false","false","true","false","false","true","false","false","false","false","false","false","false","false"
"3PUOXASB6OHGJLV242KOPOGOD4SZ9F","33VSRLCQVHFD1FA99WBAF9UCJT3XCK","Ranking the Quality of AI Terminology Translation from English to Russian","In this task, you will compare the quality of translations for scientific terms generated by two different methods. The input will include an English term, a context paragraph where the term is used, and its translations in Russian.","Translation, AI Terminology, Multilingual, Ranking","$0.01","Fri Dec 06 03:41:21 PST 2024","5","BatchId:5277384;OriginalHitTemplateId:928390912;","3600","3600","Fri Dec 13 03:41:21 PST 2024","","","39L1G8WVW850V7J86KFNV1PKG3F319","AS0K8SAHI5SQD","Approved","Fri Dec 06 03:43:23 PST 2024","Fri Dec 06 04:42:47 PST 2024","Fri Dec 06 05:42:47 PST 2024","Fri Dec 06 05:43:35 PST 2024","","","3564","100% (13/13)","100% (13/13)","100% (13/13)","orthographic camera model","ортографическая модель камеры","ортографическая камера","perceptual loss","перцептивная ошибка","перцептивные потери","pre-training task","задача предобучения","задача предварительного обучения","probabilistic inference","вероятностное выведение","вероятностное вывод","prototype embedding","встраивание прототипов","встраивание прототипа","true","false","true","false","false","false","false","false","true","true","false","true","false","false","false","false","false","false","false","false"
"3PUOXASB6OHGJLV242KOPOGOD4SZ9F","33VSRLCQVHFD1FA99WBAF9UCJT3XCK","Ranking the Quality of AI Terminology Translation from English to Russian","In this task, you will compare the quality of translations for scientific terms generated by two different methods. The input will include an English term, a context paragraph where the term is used, and its translations in Russian.","Translation, AI Terminology, Multilingual, Ranking","$0.01","Fri Dec 06 03:41:21 PST 2024","5","BatchId:5277384;OriginalHitTemplateId:928390912;","3600","3600","Fri Dec 13 03:41:21 PST 2024","","","3LOZAJ85YVRJ0Q8I9DMP70OTF4TX2J","A2D6SB3TU1NYQ7","Approved","Fri Dec 06 04:42:21 PST 2024","Fri Dec 06 05:04:26 PST 2024","Fri Dec 06 06:04:26 PST 2024","Fri Dec 06 06:04:35 PST 2024","","","1325","100% (45/45)","100% (45/45)","100% (45/45)","orthographic camera model","ортографическая модель камеры","ортографическая камера","perceptual loss","перцептивная ошибка","перцептивные потери","pre-training task","задача предобучения","задача предварительного обучения","probabilistic inference","вероятностное выведение","вероятностное вывод","prototype embedding","встраивание прототипов","встраивание прототипа","true","false","true","false","true","false","false","false","true","false","false","true","false","false","false","false","false","false","false","false"
"3PUOXASB6OHGJLV242KOPOGOD4SZ9F","33VSRLCQVHFD1FA99WBAF9UCJT3XCK","Ranking the Quality of AI Terminology Translation from English to Russian","In this task, you will compare the quality of translations for scientific terms generated by two different methods. The input will include an English term, a context paragraph where the term is used, and its translations in Russian.","Translation, AI Terminology, Multilingual, Ranking","$0.01","Fri Dec 06 03:41:21 PST 2024","5","BatchId:5277384;OriginalHitTemplateId:928390912;","3600","3600","Fri Dec 13 03:41:21 PST 2024","","","3I3WADAZ98IO5EDDQ51RMU0CNAF5ON","A11B7MUC7UTFKN","Approved","Fri Dec 06 04:41:54 PST 2024","Fri Dec 06 05:09:09 PST 2024","Fri Dec 06 06:09:09 PST 2024","Fri Dec 06 06:09:35 PST 2024","","","1635","100% (36/36)","100% (36/36)","100% (36/36)","orthographic camera model","ортографическая модель камеры","ортографическая камера","perceptual loss","перцептивная ошибка","перцептивные потери","pre-training task","задача предобучения","задача предварительного обучения","probabilistic inference","вероятностное выведение","вероятностное вывод","prototype embedding","встраивание прототипов","встраивание прототипа","false","false","true","false","false","true","false","false","true","true","false","true","false","false","false","false","false","false","false","false"
"3PUOXASB6OHGJLV242KOPOGOD4SZ9F","33VSRLCQVHFD1FA99WBAF9UCJT3XCK","Ranking the Quality of AI Terminology Translation from English to Russian","In this task, you will compare the quality of translations for scientific terms generated by two different methods. The input will include an English term, a context paragraph where the term is used, and its translations in Russian.","Translation, AI Terminology, Multilingual, Ranking","$0.01","Fri Dec 06 03:41:21 PST 2024","5","BatchId:5277384;OriginalHitTemplateId:928390912;","3600","3600","Fri Dec 13 03:41:21 PST 2024","","","3TPWUS5F8RFH98VUW1F9HUJ8IU6WC6","A1XD6THGBT1T9T","Approved","Fri Dec 06 05:43:12 PST 2024","Fri Dec 06 05:57:34 PST 2024","Fri Dec 06 06:57:34 PST 2024","Fri Dec 06 06:57:35 PST 2024","","","862","100% (43/43)","100% (43/43)","100% (42/42)","orthographic camera model","ортографическая модель камеры","ортографическая камера","perceptual loss","перцептивная ошибка","перцептивные потери","pre-training task","задача предобучения","задача предварительного обучения","probabilistic inference","вероятностное выведение","вероятностное вывод","prototype embedding","встраивание прототипов","встраивание прототипа","true","false","true","false","false","false","false","false","true","true","false","true","false","false","false","false","false","false","false","false"
"3P458N04RIVGE6AOIBHOIGSZZYKX2O","33VSRLCQVHFD1FA99WBAF9UCJT3XCK","Ranking the Quality of AI Terminology Translation from English to Russian","In this task, you will compare the quality of translations for scientific terms generated by two different methods. The input will include an English term, a context paragraph where the term is used, and its translations in Russian.","Translation, AI Terminology, Multilingual, Ranking","$0.01","Fri Dec 06 03:41:21 PST 2024","5","BatchId:5277384;OriginalHitTemplateId:928390912;","3600","3600","Fri Dec 13 03:41:21 PST 2024","","","35DR22AR5VY8L841DD0UQATLLITX3U","A1MW1UNSOFPB4F","Approved","Fri Dec 06 03:42:07 PST 2024","Fri Dec 06 03:46:49 PST 2024","Fri Dec 06 04:46:49 PST 2024","Fri Dec 06 04:47:35 PST 2024","","","282","100% (19/19)","100% (19/19)","100% (19/19)","recommendation system","рекомендательная система","система рекомендаций","softmax activation","активация softmax","активация софтмакс","softmax activation function","Функция активации softmax","функция активации софтмакс","super-resolution","сверхразрешение","суперразрешение","temporal variable","темпоральная переменная","временная переменная","false","false","false","false","false","false","true","false","false","true","true","false","true","true","false","false","false","false","false","false"
"3P458N04RIVGE6AOIBHOIGSZZYKX2O","33VSRLCQVHFD1FA99WBAF9UCJT3XCK","Ranking the Quality of AI Terminology Translation from English to Russian","In this task, you will compare the quality of translations for scientific terms generated by two different methods. The input will include an English term, a context paragraph where the term is used, and its translations in Russian.","Translation, AI Terminology, Multilingual, Ranking","$0.01","Fri Dec 06 03:41:21 PST 2024","5","BatchId:5277384;OriginalHitTemplateId:928390912;","3600","3600","Fri Dec 13 03:41:21 PST 2024","","","39K0FND3AZTXBH4I8LDV21RTKO1MAV","A13QHI6P2C910K","Approved","Fri Dec 06 03:42:02 PST 2024","Fri Dec 06 04:39:00 PST 2024","Fri Dec 06 05:39:00 PST 2024","Fri Dec 06 05:39:35 PST 2024","","","3418","100% (39/39)","100% (39/39)","100% (39/39)","recommendation system","рекомендательная система","система рекомендаций","softmax activation","активация softmax","активация софтмакс","softmax activation function","Функция активации softmax","функция активации софтмакс","super-resolution","сверхразрешение","суперразрешение","temporal variable","темпоральная переменная","временная переменная","true","false","true","true","false","false","true","false","false","false","false","false","false","false","true","false","false","false","false","false"
"3P458N04RIVGE6AOIBHOIGSZZYKX2O","33VSRLCQVHFD1FA99WBAF9UCJT3XCK","Ranking the Quality of AI Terminology Translation from English to Russian","In this task, you will compare the quality of translations for scientific terms generated by two different methods. The input will include an English term, a context paragraph where the term is used, and its translations in Russian.","Translation, AI Terminology, Multilingual, Ranking","$0.01","Fri Dec 06 03:41:21 PST 2024","5","BatchId:5277384;OriginalHitTemplateId:928390912;","3600","3600","Fri Dec 13 03:41:21 PST 2024","","","3QAVNHZ3E4ID5ZMX89CG2OC4KKIALQ","AWPXR7XE6B8KD","Approved","Fri Dec 06 04:43:32 PST 2024","Fri Dec 06 05:01:18 PST 2024","Fri Dec 06 06:01:18 PST 2024","Fri Dec 06 06:01:35 PST 2024","","","1066","100% (17/17)","100% (17/17)","100% (17/17)","recommendation system","рекомендательная система","система рекомендаций","softmax activation","активация softmax","активация софтмакс","softmax activation function","Функция активации softmax","функция активации софтмакс","super-resolution","сверхразрешение","суперразрешение","temporal variable","темпоральная переменная","временная переменная","true","true","true","true","false","false","false","false","false","true","false","false","false","false","false","false","false","false","false","false"
"3P458N04RIVGE6AOIBHOIGSZZYKX2O","33VSRLCQVHFD1FA99WBAF9UCJT3XCK","Ranking the Quality of AI Terminology Translation from English to Russian","In this task, you will compare the quality of translations for scientific terms generated by two different methods. The input will include an English term, a context paragraph where the term is used, and its translations in Russian.","Translation, AI Terminology, Multilingual, Ranking","$0.01","Fri Dec 06 03:41:21 PST 2024","5","BatchId:5277384;OriginalHitTemplateId:928390912;","3600","3600","Fri Dec 13 03:41:21 PST 2024","","","3WT783CTPTVPL5XJ1AJDUG6N8SIBCX","A39PWDRYNY2WM0","Approved","Fri Dec 06 04:42:20 PST 2024","Fri Dec 06 05:09:44 PST 2024","Fri Dec 06 06:09:44 PST 2024","Fri Dec 06 06:10:35 PST 2024","","","1644","100% (55/55)","100% (55/55)","100% (55/55)","recommendation system","рекомендательная система","система рекомендаций","softmax activation","активация softmax","активация софтмакс","softmax activation function","Функция активации softmax","функция активации софтмакс","super-resolution","сверхразрешение","суперразрешение","temporal variable","темпоральная переменная","временная переменная","true","true","true","true","false","false","false","false","false","false","false","false","false","false","true","false","false","false","false","false"
"3P458N04RIVGE6AOIBHOIGSZZYKX2O","33VSRLCQVHFD1FA99WBAF9UCJT3XCK","Ranking the Quality of AI Terminology Translation from English to Russian","In this task, you will compare the quality of translations for scientific terms generated by two different methods. The input will include an English term, a context paragraph where the term is used, and its translations in Russian.","Translation, AI Terminology, Multilingual, Ranking","$0.01","Fri Dec 06 03:41:21 PST 2024","5","BatchId:5277384;OriginalHitTemplateId:928390912;","3600","3600","Fri Dec 13 03:41:21 PST 2024","","","3P59JYT763YCJ9ZY43LSIX3N285T2W","A35H5DUMZH86PC","Approved","Fri Dec 06 04:42:17 PST 2024","Fri Dec 06 05:21:25 PST 2024","Fri Dec 06 06:21:25 PST 2024","Fri Dec 06 06:21:35 PST 2024","","","2348","100% (40/40)","100% (40/40)","100% (40/40)","recommendation system","рекомендательная система","система рекомендаций","softmax activation","активация softmax","активация софтмакс","softmax activation function","Функция активации softmax","функция активации софтмакс","super-resolution","сверхразрешение","суперразрешение","temporal variable","темпоральная переменная","временная переменная","true","true","true","true","false","false","false","false","false","true","false","false","false","false","false","false","false","false","false","false"
"3U18MJKL2B0O0UOMDYJLWRAN9BOCNT","33VSRLCQVHFD1FA99WBAF9UCJT3XCK","Ranking the Quality of AI Terminology Translation from English to Russian","In this task, you will compare the quality of translations for scientific terms generated by two different methods. The input will include an English term, a context paragraph where the term is used, and its translations in Russian.","Translation, AI Terminology, Multilingual, Ranking","$0.01","Fri Dec 06 03:41:21 PST 2024","5","BatchId:5277384;OriginalHitTemplateId:928390912;","3600","3600","Fri Dec 13 03:41:21 PST 2024","","","37UQDCYH6F9YI20TFA22F68GA977V6","A2E2FFMXS9F9KR","Approved","Fri Dec 06 04:42:01 PST 2024","Fri Dec 06 04:49:05 PST 2024","Fri Dec 06 05:49:05 PST 2024","Fri Dec 06 05:49:35 PST 2024","","","424","100% (51/51)","100% (51/51)","100% (51/51)","test accuracy","точность на тестовых данных","точность тестирования","test domain","тестовый домен","тестовая область","unigram distribution","распределение униграмм","униграммное распределение","-","-","-","-","-","-","false","false","true","false","false","true","false","false","false","false","false","true","false","false","false","false","false","false","true","true"
"3U18MJKL2B0O0UOMDYJLWRAN9BOCNT","33VSRLCQVHFD1FA99WBAF9UCJT3XCK","Ranking the Quality of AI Terminology Translation from English to Russian","In this task, you will compare the quality of translations for scientific terms generated by two different methods. The input will include an English term, a context paragraph where the term is used, and its translations in Russian.","Translation, AI Terminology, Multilingual, Ranking","$0.01","Fri Dec 06 03:41:21 PST 2024","5","BatchId:5277384;OriginalHitTemplateId:928390912;","3600","3600","Fri Dec 13 03:41:21 PST 2024","","","3PJUZCGDJOU4L9S9MEPC1OFEU1U98F","A9M8N3BOH6013","Approved","Fri Dec 06 04:41:58 PST 2024","Fri Dec 06 05:03:27 PST 2024","Fri Dec 06 06:03:27 PST 2024","Fri Dec 06 06:03:35 PST 2024","","","1289","100% (44/44)","100% (44/44)","100% (44/44)","test accuracy","точность на тестовых данных","точность тестирования","test domain","тестовый домен","тестовая область","unigram distribution","распределение униграмм","униграммное распределение","-","-","-","-","-","-","false","true","true","false","false","true","false","false","false","false","false","false","false","false","false","false","false","false","true","true"
"3U18MJKL2B0O0UOMDYJLWRAN9BOCNT","33VSRLCQVHFD1FA99WBAF9UCJT3XCK","Ranking the Quality of AI Terminology Translation from English to Russian","In this task, you will compare the quality of translations for scientific terms generated by two different methods. The input will include an English term, a context paragraph where the term is used, and its translations in Russian.","Translation, AI Terminology, Multilingual, Ranking","$0.01","Fri Dec 06 03:41:21 PST 2024","5","BatchId:5277384;OriginalHitTemplateId:928390912;","3600","3600","Fri Dec 13 03:41:21 PST 2024","","","3LPW2N6LKBGJIJXAMRD0L0S15X9U5X","A11B7MUC7UTFKN","Approved","Fri Dec 06 04:42:39 PST 2024","Fri Dec 06 05:11:30 PST 2024","Fri Dec 06 06:11:30 PST 2024","Fri Dec 06 06:11:35 PST 2024","","","1731","100% (36/36)","100% (36/36)","100% (36/36)","test accuracy","точность на тестовых данных","точность тестирования","test domain","тестовый домен","тестовая область","unigram distribution","распределение униграмм","униграммное распределение","-","-","-","-","-","-","true","false","true","false","false","false","false","false","false","false","false","true","false","false","false","false","false","false","true","true"
"3U18MJKL2B0O0UOMDYJLWRAN9BOCNT","33VSRLCQVHFD1FA99WBAF9UCJT3XCK","Ranking the Quality of AI Terminology Translation from English to Russian","In this task, you will compare the quality of translations for scientific terms generated by two different methods. The input will include an English term, a context paragraph where the term is used, and its translations in Russian.","Translation, AI Terminology, Multilingual, Ranking","$0.01","Fri Dec 06 03:41:21 PST 2024","5","BatchId:5277384;OriginalHitTemplateId:928390912;","3600","3600","Fri Dec 13 03:41:21 PST 2024","","","3IJXV6UZ1FX3EF08PH1P5Y9M3KBIRR","A186ORPGIU3WNL","Approved","Fri Dec 06 04:42:33 PST 2024","Fri Dec 06 05:17:02 PST 2024","Fri Dec 06 06:17:02 PST 2024","Fri Dec 06 06:17:35 PST 2024","","","2069","100% (53/53)","100% (52/52)","100% (52/52)","test accuracy","точность на тестовых данных","точность тестирования","test domain","тестовый домен","тестовая область","unigram distribution","распределение униграмм","униграммное распределение","-","-","-","-","-","-","true","true","true","false","false","false","false","false","false","false","false","false","false","false","false","false","false","false","true","true"
"3U18MJKL2B0O0UOMDYJLWRAN9BOCNT","33VSRLCQVHFD1FA99WBAF9UCJT3XCK","Ranking the Quality of AI Terminology Translation from English to Russian","In this task, you will compare the quality of translations for scientific terms generated by two different methods. The input will include an English term, a context paragraph where the term is used, and its translations in Russian.","Translation, AI Terminology, Multilingual, Ranking","$0.01","Fri Dec 06 03:41:21 PST 2024","5","BatchId:5277384;OriginalHitTemplateId:928390912;","3600","3600","Fri Dec 13 03:41:21 PST 2024","","","3TK8OJTYMJZNO84TBWWJFSZ1A3DPVV","A38SYZRVLTMOFG","Approved","Fri Dec 06 04:42:19 PST 2024","Fri Dec 06 05:22:03 PST 2024","Fri Dec 06 06:22:03 PST 2024","Fri Dec 06 06:22:35 PST 2024","","","2384","100% (49/49)","100% (49/49)","100% (49/49)","test accuracy","точность на тестовых данных","точность тестирования","test domain","тестовый домен","тестовая область","unigram distribution","распределение униграмм","униграммное распределение","-","-","-","-","-","-","true","true","true","true","true","false","false","false","false","false","false","false","false","false","false","false","false","false","false","false"